Title,Rating,Reviews,Phone,WhatsApp,Instagram,Facebook,Industry,Address,Website,Image,Amenities,Pitch,Latitude,Longitude,Google Maps Link,Source Query,City
Greenfalls Leisure Farm and Resort,4.1,(15),09099038332,https://wa.me/09099038332,,https://www.facebook.com/itswaterfallfuningreenfalls,Resort hotel,"X4C2+34J, Sitio Cabangahan Rd, Tago, Surigao del Sur",,https://lh3.googleusercontent.com/gps-cs-s/APNQkAHIdU6DkjC0NCJnxgC6-1ZVGHUrQe-yeMwFGHB6ZBaI-5VZDUv-uI2NaoweLwkK-5yvOJwm4Fsvt55K7Q3gdI-26Wpkj0oud2g56nC28XIjt87zTu2uUUkLp0Jyo1-U94SQdZjs=w2048-h1536-k-no,,"An island stay near the Britania Islands of Surigao del Sur, Greenfalls Leisure Farm and Resort pitches itself to travelers wanting a relaxed base. It currently sits at 4.1 across 15 reviews. Best for: travelers wanting comfort and a relaxed island stay.",8.9702038,126.1002565,https://www.google.com/maps/place/Greenfalls+Leisure+Farm+and+Resort/data=!4m7!3m6!1s0x33023cba00128f49:0xebf9453e39036d72!8m2!3d8.9702038!4d126.1002565!16s%2Fg%2F1261qtxl4!19sChIJSY8SALo8AjMRcm0DOT5F-es?authuser=0&hl=en&rclk=1,"hotels in Britania Islands, Siargao & Surigao, Philippines",Britania Islands
Elena Hostel & Hostel Cafe,4.0,(10),,,,,,"Magsaysay St, Socorro, Surigao del Norte",,https://lh3.googleusercontent.com/gps-cs-s/APNQkAFau2qFQ3my1-8XymYC0YEs5BxPnEb7CeKGc8gQljTMyjvYIciyI8AeDiCFBSHJiutvPsgGxrRRkiibcWAqUT4m0sJ-4tqsIYhCyXsWDhIK2DzETXUD4uNRZZiZFOm83G6dcaf2=w2048-h1536-k-no,,"A low-key local spot around Bucas Grande, the lagoon-and-cave island near Siargao, Elena Hostel & Hostel Cafe keeps a modest online footprint. It currently sits at 4.0 across 10 reviews. Honest read: only a handful of reviews so far, but early feedback leans positive. Best for: travelers exploring this corner of Siargao.",9.6209677,125.9661155,https://www.google.com/maps/place/Elena+Hostel+%26+Hostel+Cafe/data=!4m11!3m10!1s0x3303e3277bd87a45:0x631380d628979ccf!5m3!1s2026-10-31!4m1!1i2!8m2!3d9.6209677!4d125.9661155!16s%2Fg%2F11h7cl37cy!19sChIJRXrYeyfjAzMRz5yXKNaAE2M?authuser=0&hl=en&rclk=1,"hostels in Bucas Grande, Siargao & Surigao, Philippines",Bucas Grande
Sohoton Bay Resort,4.1,(36),09989512768,https://wa.me/09989512768,,https://www.facebook.com/SohotonBayResort,,"Puting Bato Beach, Sohoton Bay,, Socorro, 8416 Lalawigan ng Surigao del Norte",,https://lh3.googleusercontent.com/gps-cs-s/APNQkAErWa9O0Scb91xIqgcPMb1N-1uGGC5Uw_GpqgB6Ui8BWPi6eykjTr3JXOG6a7OZfELcS-Sv6f6bNceaa50drSNl2v_0054P6-ku3A6Z-QnUglW96iErtCvXVZuBL3apFPRj2a959A=w2048-h1536-k-no,"Wi-Fi, Pool, Fitness center, Airport shuttle, Pet-friendly, Restaurant, Beach access, Kid-friendly","A low-key local spot around Bucas Grande, the lagoon-and-cave island near Siargao, Sohoton Bay Resort keeps a modest online footprint. It currently sits at 4.1 across 36 reviews. Honest read: a solid-not-spectacular 4.1 rating, dependable rather than dazzling. Amenities include wi-fi, pool, fitness center, airport shuttle. Best for: travelers exploring this corner of Siargao.",9.6160515,125.8980363,https://www.google.com/maps/place/Sohoton+Bay+Resort/data=!4m11!3m10!1s0x330158bbcd0b33af:0x867054cb7619afaf!5m3!1s2026-10-31!4m1!1i2!8m2!3d9.6160515!4d125.8980363!16s%2Fg%2F11c1plbs4j!19sChIJrzMLzbtYATMRr68ZdstUcIY?authuser=0&hl=en&rclk=1,"hostels in Bucas Grande, Siargao & Surigao, Philippines",Bucas Grande
Enchanted Cove Resort,4.9,(31),09173672821,https://wa.me/09173672821,https://www.instagram.com/enchantedcovesiargao/,https://www.facebook.com/enchantedcoveresort,,"Bay-ang, Dona Helene, Socorro, 8416 Surigao del Norte",https://enchantedcoveresort.com/?utm_source=gmb&utm_medium=organic&utm_campaign=gmb_organic&utm_id=gmb_organic,https://lh3.googleusercontent.com/gps-cs-s/APNQkAHFKOzIr1qK84rITL151P_DtyuM43dNr0US4ZNNkXnOxMORaw8Q_RCHdZViOIQsjr4ObvpJ4XNl-ONm4_Ba5i_4I4EhrqP3hlV2RnOQtN4Bg3aZwp8oNY4VH9A5NuziZFiS7q77uiv-OAE=w2048-h1536-k-no,"Free Wi-Fi, Free breakfast, Pool, Indoor pool, Fitness center, Pet-friendly, Restaurant, Bar, Laundry service, Laundry, Kid-friendly","A low-key local spot around Bucas Grande, the lagoon-and-cave island near Siargao, Enchanted Cove Resort keeps a modest online footprint. It currently sits at 4.9 across 31 reviews. Amenities include free wi-fi, free breakfast, pool, indoor pool. Best for: travelers exploring this corner of Siargao.",9.5820745,125.9286481,https://www.google.com/maps/place/Enchanted+Cove+Resort/data=!4m11!3m10!1s0x3303e1e834eaa733:0x9a33c19393cb96bd!5m3!1s2026-10-31!4m1!1i2!8m2!3d9.5820745!4d125.9286481!16s%2Fg%2F11ggs_k4y0!19sChIJM6fqNOjhAzMRvZbLk5PBM5o?authuser=0&hl=en&rclk=1,"hotels in Bucas Grande, Siargao & Surigao, Philippines",Bucas Grande
Mpire Resort,4.4,(70),,,,https://www.facebook.com/MpireResortSiargao/,,"Dapa, Surigao del Norte",http://www.mpireresort.com/,https://lh3.googleusercontent.com/gps-cs-s/APNQkAEn1M37JJ0AGSikK9JXfOJaMP_yS3VfE0NqmzpvolWGRRM9D6pTQPB4nwPSwehca09UkN2n_JkLRukRsAypJFZZJom5jWUeqCvbyOdIbvmkwzxg173Sov7YJEQglnrTz9aDLFi4=w2048-h1536-k-no,"Free Wi-Fi, Free breakfast, Air-conditioned, Pool, Fitness center, Parking, Airport shuttle, Pet-friendly, Smoke-free, Restaurant, Bar, Room service, Beach access, Kid-friendly, Business center, Accessible","A low-key local spot around Bucas Grande, the lagoon-and-cave island near Siargao, Mpire Resort keeps a modest online footprint. It currently sits at 4.4 across 70 reviews. Amenities include free wi-fi, free breakfast, air-conditioned, pool. Best for: travelers exploring this corner of Siargao.",9.6964461,126.0732313,https://www.google.com/maps/place/Mpire+Resort/data=!4m11!3m10!1s0x3303fbbd518db837:0xd72278dd97991e8c!5m3!1s2026-10-31!4m1!1i2!8m2!3d9.6964461!4d126.0732313!16s%2Fg%2F11fjv50qzs!19sChIJN7iNUb37AzMRjB6Zl914Itc?authuser=0&hl=en&rclk=1,"hotels in Bucas Grande, Siargao & Surigao, Philippines",Bucas Grande
Club Tara Resort,3.6,(219),09175225500,https://wa.me/09175225500,,https://www.facebook.com/clubtararesort,,"HWQ7+959, Dona Helen, Socorro, Surigao del Norte",https://petrastraveltips.com/club-tara-island-resort-surigao1-philippines,https://lh3.googleusercontent.com/gps-cs-s/APNQkAFvtgaJmiIEIK3dagsjNlIoEspEL5iJb7JBHA-wXBwNnW9c0y0hC60NtYXO1fZbvDEy1To6wOhjHNdSY5tGF1IhmJ2yFKGctLRhi-Te3TVegIGdS2hNZt6I9fWkgqqwqPwoTlrddmP_UyIw=w2048-h1536-k-no,"Wi-Fi, Breakfast, Air-conditioned, Pool, Outdoor pool, Hot tub, Fitness center, Free parking, Airport shuttle, Pet-friendly, Restaurant, Bar, Room service, Beach access, Kid-friendly","An established spot around Bucas Grande, the lagoon-and-cave island near Siargao, Club Tara Resort has clearly built a following with a sizeable review count. It currently sits at 3.6 across 219 reviews. Honest read: reviews are mixed (around 3.6), so set expectations accordingly. Amenities include wi-fi, breakfast, air-conditioned, pool. Best for: travelers exploring this corner of Siargao.",9.5884241,125.9129947,https://www.google.com/maps/place/Club+Tara+Resort/data=!4m11!3m10!1s0x33015f59218b9877:0xfba1bdecfa52a750!5m3!1s2026-10-31!4m1!1i2!8m2!3d9.5884241!4d125.9129947!16s%2Fg%2F1hc5jl6dt!19sChIJd5iLIVlfATMRUKdS-uy9ofs?authuser=0&hl=en&rclk=1,"hotels in Bucas Grande, Siargao & Surigao, Philippines",Bucas Grande
Hidden Island Resort,4.2,(36),09120447079,https://wa.me/09120447079,https://www.instagram.com/hiddenislandresort,https://www.facebook.com/HiddenIslandResort,,"Doña Helene, Socorro, Surigao del Norte",https://www.facebook.com/HiddenIslandResort,https://lh3.googleusercontent.com/gps-cs-s/APNQkAETwrtORTv1Ep9XgoP-92EIhl5WXvA1aed_OKUtxmhO1DK0A_4ZORCirg0xI0ymHBXCFAA2AvQD47JcBHN7l2S1RcHj7I2Y-dIe4bZ_4G8-m8_PbgsmZqk2L8KJiAlqYG8qPPXH=w2048-h1536-k-no,Kid-friendly,"A low-key local spot around Bucas Grande, the lagoon-and-cave island near Siargao, Hidden Island Resort keeps a modest online footprint. It currently sits at 4.2 across 36 reviews. Amenities include kid-friendly. Best for: travelers exploring this corner of Siargao.",9.5730019,125.9348586,https://www.google.com/maps/place/Hidden+Island+Resort/data=!4m11!3m10!1s0x3303e1c707fd9e81:0x86c5d97dd036cd20!5m3!1s2026-10-31!4m1!1i2!8m2!3d9.5730019!4d125.9348586!16s%2Fg%2F1w0j1qv0!19sChIJgZ79B8fhAzMRIM020H3ZxYY?authuser=0&hl=en&rclk=1,"hotels in Bucas Grande, Siargao & Surigao, Philippines",Bucas Grande
Serenity Oceanside Guest House,4.7,(30),09692336310,https://wa.me/09692336310,,https://www.facebook.com/serenityoceanside,,"Albino Taruc, Socorro, Surigao del Norte",,https://lh3.googleusercontent.com/gps-cs-s/APNQkAHln4qgmewRelk6tE5UIJ5VMj0oC2mcL6ElGmIiqAvlM_uE_Bc-r4NWfpG2m1y0n3r8n4e7JQn7mFJRy6tnQXfTFzw38_WwKxwbpvHdrsF8zNUCxIin4uW2dAgcWUP7M_j3CRQ=w2048-h1536-k-no,Kid-friendly,"A low-key local spot around Bucas Grande, the lagoon-and-cave island near Siargao, Serenity Oceanside Guest House keeps a modest online footprint. It currently sits at 4.7 across 30 reviews. Amenities include kid-friendly. Best for: travelers exploring this corner of Siargao.",9.6105357,125.9655764,https://www.google.com/maps/place/Serenity+Oceanside+Guest+House/data=!4m11!3m10!1s0x3303e3c9bc82d61d:0xcd1337a0deee3033!5m3!1s2026-10-31!4m1!1i2!8m2!3d9.6105357!4d125.9655764!16s%2Fg%2F11c6v_3zzp!19sChIJHdaCvMnjAzMRMzDu3qA3E80?authuser=0&hl=en&rclk=1,"hotels in Bucas Grande, Siargao & Surigao, Philippines",Bucas Grande
Isla Bucas Grande Resort,5.0,(2),09050665344,https://wa.me/09050665344,,https://www.facebook.com/sohotonbucasgrandeisland,Resort hotel,"Sohoton Socorro Surigao City, 8400 Surigao del Norte",,https://lh3.googleusercontent.com/gps-cs-s/APNQkAG6HBPWZMpZmvLyYihgiZd6xxkKIHIvBo3a-tGTyUULsJitoE472S3dQoIVlYioLjoeNMqpKL59m9EtxJO3gggx2Ov8Vm3UkebJ97JbjYU7rEy3E4rcn_Rb7Hxmuznn9ZYH0Jw0kQ=w2048-h1536-k-no,,"An island stay around Bucas Grande, the lagoon-and-cave island near Siargao, Isla Bucas Grande Resort pitches itself to travelers wanting a relaxed base. It currently sits at 5.0 across 2 reviews. Honest read: only a handful of reviews so far, but early feedback leans positive. Best for: travelers wanting comfort and a relaxed island stay.",9.579786,125.931244,https://www.google.com/maps/place/Isla+Bucas+Grande+Resort/data=!4m7!3m6!1s0x3303e1c21f3026eb:0xe7d77ef2b8a24d5c!8m2!3d9.579786!4d125.931244!16s%2Fg%2F11c6qs68cm!19sChIJ6yYwH8LhAzMRXE2iuPJ-1-c?authuser=0&hl=en&rclk=1,"guesthouses in Bucas Grande, Siargao & Surigao, Philippines",Bucas Grande
GREEN BEACH RESORT - Bucas Grande Island,5.0,(9),09631464111,https://wa.me/09631464111,https://www.instagram.com/greenbeachresort_,https://www.facebook.com/Travelistahan,Resort hotel,"Bucas Grande Island, La Fortuna, Socorro, 8416 Surigao del Norte",,https://lh3.googleusercontent.com/gps-cs-s/APNQkAGCJjDBdUwc-jrwCicz2xCivqwKnpWUfx3voqeOrh1vB_gnzY1yjOaMT0cDg9LMgG5RWQlgNX4ePEMT9VSJAClR1ifXX0pFDxS8riHBkm3VjBpjrtFEy51J9cun-2jYG__1NjTDnw=w2048-h1536-k-no,Breakfast,"An island stay around Bucas Grande, the lagoon-and-cave island near Siargao, GREEN BEACH RESORT - Bucas Grande Island pitches itself to travelers wanting a relaxed base. It currently sits at 5.0 across 9 reviews. Honest read: only a handful of reviews so far, but early feedback leans positive. Amenities include breakfast. Best for: travelers wanting comfort and a relaxed island stay.",9.5827903,125.9168514,https://www.google.com/maps/place/GREEN+BEACH+RESORT+-+Bucas+Grande+Island/data=!4m7!3m6!1s0x3303e11302b5ece1:0xecc23a7baf5582eb!8m2!3d9.5827903!4d125.9168514!16s%2Fg%2F11vj9z0t0q!19sChIJ4ey1AhPhAzMR64JVr3s6wuw?authuser=0&hl=en&rclk=1,"guesthouses in Bucas Grande, Siargao & Surigao, Philippines",Bucas Grande
Bucas Grande Balanghai Hotel,4.3,(7),09078931233,https://wa.me/09078931233,,https://www.facebook.com/Bucas-Grande-Balanghai-Hotel-Socorro-Surigao-del-Norte-429158713807169,Hotel,"JX88+WC3, Socorro - Estrella - Pamosaingan Rd, Socorro, Surigao del Norte",,https://lh3.googleusercontent.com/gps-cs-s/APNQkAFGIwGr1RArzR0Xk9QRvlbvojlSbJ0xABf96bp2OSCOAkBf5b5HBmNdVAmtj-kGR4dLt0rA3smC9WurKc0_bSHRmDMy8owYX8-YnUTIetd9wgakAqaC7AaRFbacj6s6CuCwYwHLfA=w2048-h1536-k-no,,"An island stay around Bucas Grande, the lagoon-and-cave island near Siargao, Bucas Grande Balanghai Hotel pitches itself to travelers wanting a relaxed base. It currently sits at 4.3 across 7 reviews. Honest read: only a handful of reviews so far, but early feedback leans positive. Best for: travelers wanting comfort and a relaxed island stay.",9.6172562,125.9660364,https://www.google.com/maps/place/Bucas+Grande+Balanghai+Hotel/data=!4m7!3m6!1s0x3303e3b6eefc58db:0x7637427facfd8f88!8m2!3d9.6172562!4d125.9660364!16s%2Fg%2F11b6q88vgf!19sChIJ21j87rbjAzMRiI_9rH9CN3Y?authuser=0&hl=en&rclk=1,"guesthouses in Bucas Grande, Siargao & Surigao, Philippines",Bucas Grande
Sohoton Island Paradise Resort,4.3,(6),09173076324,https://wa.me/09173076324,,https://www.facebook.com/SohotonIPResort?mibextid=LQQJ4d,Hotel,"Socorro, Surigao del Norte",https://www.facebook.com/SohotonIPResort?mibextid=LQQJ4d,https://lh3.googleusercontent.com/gps-cs-s/APNQkAERE87ADe2o1N7mRU2qRKgGd5tl07IvRm1vL50ikmq9y8rTRKjtRhfY3XoGwxdIhwA0RlAX0M8QKRA-ESVye_kcIOf0aqTaRWWSuNeQbgPTu-OUuTnLb3l0li9gARoeZYIeYHJ-=w2048-h1536-k-no,,"An island stay around Bucas Grande, the lagoon-and-cave island near Siargao, Sohoton Island Paradise Resort pitches itself to travelers wanting a relaxed base. It currently sits at 4.3 across 6 reviews. Honest read: only a handful of reviews so far, but early feedback leans positive. Best for: travelers wanting comfort and a relaxed island stay.",9.6226998,125.8978272,https://www.google.com/maps/place/Sohoton+Island+Paradise+Resort/data=!4m7!3m6!1s0x33015895f3d6e563:0xd91f1de7a342769d!8m2!3d9.6226998!4d125.8978272!16s%2Fg%2F11ddx0gg0d!19sChIJY-XW85VYATMRnXZCo-cdH9k?authuser=0&hl=en&rclk=1,"guesthouses in Bucas Grande, Siargao & Surigao, Philippines",Bucas Grande
Anthony's Seaside Guesthouse,4.3,(6),09504238937,https://wa.me/09504238937,,https://www.facebook.com/ttb33758,Hotel,"JX78+V2X, Socorro - Estrella - Pamosaingan Rd, Albino Taruc, Socorro, Surigao del Norte",,https://lh3.googleusercontent.com/gps-cs-s/APNQkAF_Fkzp-Gv7mxbHVqUxoBEUaS0uEMQ8xC80lav7Xob_VV9H11n7CPRgn6ch3TPWUkH3hYBZ53J-ieXW9DvTeBp0jTS9HZDu96GKpl76pOniCjPLnsUJFx62FPmzLYlEb5CNyaS71Q=w2048-h1536-k-no,"Breakfast, Beachfront","An island stay around Bucas Grande, the lagoon-and-cave island near Siargao, Anthony's Seaside Guesthouse pitches itself to travelers wanting a relaxed base. It currently sits at 4.3 across 6 reviews. Honest read: only a handful of reviews so far, but early feedback leans positive. Amenities include breakfast, beachfront. Best for: travelers wanting comfort and a relaxed island stay.",9.6147345,125.9651211,https://www.google.com/maps/place/Anthony%27s+Seaside+Guesthouse/data=!4m7!3m6!1s0x3303e3b61a451997:0x7e2b909b4ba5a939!8m2!3d9.6147345!4d125.9651211!16s%2Fg%2F11b6q96lfm!19sChIJlxlFGrbjAzMROamlS5uQK34?authuser=0&hl=en&rclk=1,"guesthouses in Bucas Grande, Siargao & Surigao, Philippines",Bucas Grande
Sohoton Cove,4.4,(244),09458259355,https://wa.me/09458259355,https://www.instagram.com/siargaohotels/,https://www.facebook.com/SiargaoHotels.ph/,Tourist attraction,"Sohoton Cove, Socorro, 8416 Surigao del Norte",https://siargaohotels.ph/tours/,https://lh3.googleusercontent.com/gps-cs-s/APNQkAFH-1LfOekbVuC-gTFoLtHXZQ2K5y0T8Mrvz9PF5eqV-ksr_UXRcWCXbfxgw9L1qeAWoLUKALgjqOkw3DXjZTCd8CI4nmfhJr9WbUHgd5uvDZsyrhXgzRHeaTErJFK8KtNScybTJQ=w2048-h1536-k-no,"Wheelchair accessible, Wheelchair accessible entrance, Accessible","A protected national park on Bucas Grande Island reached only by boat at the right tide, threading through a low cave mouth into a hidden world of lagoons, caves and a stingless jellyfish sanctuary. Highlights include cliff jumping at Magkukuob Cave and kayaking through quiet emerald inlets. A full-day adventure from Siargao or Socorro. Best for: adventurous travelers wanting caves, lagoons and a once-in-a-trip jellyfish swim.",9.5995772,125.9165265,https://www.google.com/maps/place/Sohoton+Cove/data=!4m7!3m6!1s0x3303e1fb7f4a485b:0x5b425b9f99abd0ec!8m2!3d9.5995772!4d125.9165265!16s%2Fg%2F11b6_cy60_!19sChIJW0hKf_vhAzMR7NCrmZ9bQls?authuser=0&hl=en&rclk=1,"guesthouses in Bucas Grande, Siargao & Surigao, Philippines",Bucas Grande
Leeter Island,5.0,(3),,,,https://www.facebook.com/LGU.Dapa,Hotel,"P3H7+QV9, Dapa, Surigao del Norte",,https://lh3.googleusercontent.com/gps-cs-s/APNQkAHqkqQRwgFPeSSqnjcA-_CuJ5gACgQ40LHSadRA9JRka8Q8WsZm38D66ocDRnqx9VHEhWeq4ItocwJcubsO1bvDValFC_7ms47fvYaO0SDw-6zfqcC8gvTV6-gatyTedv05nKwImg=w2048-h1536-k-no,,"An island stay around Bucas Grande, the lagoon-and-cave island near Siargao, Leeter Island pitches itself to travelers wanting a relaxed base. It currently sits at 5.0 across 3 reviews. Honest read: only a handful of reviews so far, but early feedback leans positive. Best for: travelers wanting comfort and a relaxed island stay.",9.7294212,126.064739,https://www.google.com/maps/place/Leeter+Island/data=!4m7!3m6!1s0x3303fba9bdd829ab:0x96a1118deb53967c!8m2!3d9.7294212!4d126.064739!16s%2Fg%2F11fct7v7jn!19sChIJqynYvan7AzMRfJZT640RoZY?authuser=0&hl=en&rclk=1,"guesthouses in Bucas Grande, Siargao & Surigao, Philippines",Bucas Grande
Dagatan Sifai Resort,4.2,(14),,,,https://www.facebook.com/dagatansifairesort?mibextid=LQQJ4d,Resort hotel,"HWXH+G3W, Socorro, Surigao del Norte",https://www.facebook.com/dagatansifairesort?mibextid=LQQJ4d,https://lh3.googleusercontent.com/gps-cs-s/APNQkAH0yx8fnGDRNbf--OlNLQuKD24Xfwww97KmW_6_fFgjTSQ31E0qphKsRnRx-kLWjg2Ruszq-4DdKMzM8t-L2eaX02Qw-nSYeTujKLBqk-0-MZXTqD96EdbYn18C0pp59dPke2rscOI4nLmm=w2048-h1536-k-no,"Breakfast, Beachfront","An island stay around Bucas Grande, the lagoon-and-cave island near Siargao, Dagatan Sifai Resort pitches itself to travelers wanting a relaxed base. It currently sits at 4.2 across 14 reviews. Amenities include breakfast, beachfront. Best for: travelers wanting comfort and a relaxed island stay.",9.5988612,125.9276968,https://www.google.com/maps/place/Dagatan+Sifai+Resort/data=!4m7!3m6!1s0x3303e1f7c090b20b:0xce11c76040998adb!8m2!3d9.5988612!4d125.9276968!16s%2Fg%2F11by_dq511!19sChIJC7KQwPfhAzMR24qZQGDHEc4?authuser=0&hl=en&rclk=1,"guesthouses in Bucas Grande, Siargao & Surigao, Philippines",Bucas Grande
Tiktikan Lagoon Cottages,4.3,(66),,,,https://www.facebook.com/lagoontiktikan?mibextid=LQQJ4d,Public beach,"JW56+RQQ, Socorro, Surigao del Norte",https://www.facebook.com/lagoontiktikan?mibextid=LQQJ4d,https://lh3.googleusercontent.com/gps-cs-s/APNQkAHxh1vDpq2pbXB1oAbu8WdCE5jgnOFG2KKTzJ8A3xz1DdOxmKiFRTakDcKvHUVe8A3-rt0UTbUK-cBqvjOOJm6D_cd43v89BxPHqfdGPL2Chus_Cqe3hsMJAHU0pyznMyOheg=w2048-h1536-k-no,"Breakfast, Wheelchair accessible, Wheelchair accessible entrance, Accessible","A spot worth a look around Bucas Grande, the lagoon-and-cave island near Siargao, Tiktikan Lagoon Cottages draws travelers exploring the area. It currently sits at 4.3 across 66 reviews. Amenities include breakfast, wheelchair accessible, wheelchair accessible entrance, accessible. Best for: day-trippers and nature lovers.",9.6095852,125.91198,https://www.google.com/maps/place/Tiktikan+Lagoon+Cottages/data=!4m7!3m6!1s0x330158a8f0f82687:0xf77cf3f0abe36a0a!8m2!3d9.6095852!4d125.91198!16s%2Fg%2F11bzt66462!19sChIJhyb48KhYATMRCmrjq_DzfPc?authuser=0&hl=en&rclk=1,"guesthouses in Bucas Grande, Siargao & Surigao, Philippines",Bucas Grande
Bucas Grande Tour Company,4.0,(12),09176777010,https://wa.me/09176777010,,https://www.facebook.com/SohotonTourCompany,Tourist attraction,"Burgos Street, Taruc, Socorro, 8400 Surigao del Norte",,https://lh3.googleusercontent.com/gps-cs-s/APNQkAGQEszhjrOJhOAGJBHA-tY9s_0WPHNFrWVhpp_kcFfl2ePGORU70qhn-OuopbQKRw4SOMiJFMq54SmfACrTo05gH3eg8XJV1PsKsZNkBRtSEeCoH4LV6URyP47LtL_kIUvj6kJ3=w2048-h1536-k-no,,"A spot worth a look around Bucas Grande, the lagoon-and-cave island near Siargao, Bucas Grande Tour Company draws travelers exploring the area. It currently sits at 4.0 across 12 reviews. As with most island operators here, booking ahead in peak season is wise. Best for: travelers booking island hops and day trips.",9.617024,125.965518,https://www.google.com/maps/place/Bucas+Grande+Tour+Company/data=!4m7!3m6!1s0x3303e3b68d3ca119:0xe4d4e4ad06b3a10c!8m2!3d9.617024!4d125.965518!16s%2Fg%2F11c6cr7plr!19sChIJGaE8jbbjAzMRDKGzBq3k1OQ?authuser=0&hl=en&rclk=1,"guesthouses in Bucas Grande, Siargao & Surigao, Philippines",Bucas Grande
Island Vacations Country Inn,4.3,(4),09199897331,https://wa.me/09199897331,,https://www.facebook.com/1628672860721588,Hotel,"JX88+W84, Socorro - Estrella - Pamosaingan Rd, Socorro, Surigao del Norte",,https://lh3.googleusercontent.com/gps-cs-s/APNQkAHF36zfPe8eTHWcTB1OjwJy7mCvygUI-GRJXfwbQyb895NPPfA11Y-vnyNY5edChpXOaNk7XJLk-uecGlKGyRKnIn_1B7NDLn7oMqxNje6O_HgpngEFmscgFhGgiXtClXrhVNY=w2048-h1536-k-no,Breakfast,"An island stay around Bucas Grande, the lagoon-and-cave island near Siargao, Island Vacations Country Inn pitches itself to travelers wanting a relaxed base. It currently sits at 4.3 across 4 reviews. Honest read: only a handful of reviews so far, but early feedback leans positive. Amenities include breakfast. Best for: travelers wanting comfort and a relaxed island stay.",9.6172695,125.9658415,https://www.google.com/maps/place/Island+Vacations+Country+Inn/data=!4m7!3m6!1s0x3303e3b6ec5b6b3f:0x37c1c49ec975dc75!8m2!3d9.6172695!4d125.9658415!16s%2Fg%2F11b6q9wlpx!19sChIJP2tb7LbjAzMRddx1yZ7EwTc?authuser=0&hl=en&rclk=1,"guesthouses in Bucas Grande, Siargao & Surigao, Philippines",Bucas Grande
Happy-Place Resort,4.7,(6),,,,https://www.facebook.com/TheHappyPlaceResort/,Tourist attraction,"HWGP+WM6 Barangay Doña Helena, Socorro, Surigao del Norte",https://www.facebook.com/TheHappyPlaceResort/,https://lh3.googleusercontent.com/gps-cs-s/APNQkAEY5sw18H7R0nlZEHiFH8lKWwqL-SHZ6E_kzzqvx3y_mUwrbp9msfQWNY0Sle04-lL2D-2OLiRgPiT9XdBl_VCQ-dODOWGX9I43YPZXseShsEdCqdRBEhMZMXYyTf7y2FxCHNMLcQ=w2048-h1536-k-no,,"A spot worth a look around Bucas Grande, the lagoon-and-cave island near Siargao, Happy-Place Resort draws travelers exploring the area. It currently sits at 4.7 across 6 reviews. Honest read: only a handful of reviews so far, but early feedback leans positive. Best for: travelers booking island hops and day trips.",9.5772945,125.9366397,https://www.google.com/maps/place/Happy-Place+Resort/data=!4m7!3m6!1s0x3303e18bab53c7a5:0xfb0e08d0858bdff2!8m2!3d9.5772945!4d125.9366397!16s%2Fg%2F11rv5yvvt5!19sChIJpcdTq4vhAzMR8t-LhdAIDvs?authuser=0&hl=en&rclk=1,"guesthouses in Bucas Grande, Siargao & Surigao, Philippines",Bucas Grande
Villa Harkrisha Resort,3.8,(24),09283214736,https://wa.me/09283214736,https://www.instagram.com/villaharkrisharesort,https://www.facebook.com/VillaHarkrisha,Resort hotel,"JX78+X42, Albino Taruc, Socorro, Surigao del Norte",,https://lh3.googleusercontent.com/gps-cs-s/APNQkAHTART46pj-iYmi_hFsPe1D80UszE77APsJlPXywH1pO6uWLUKG46coF0tm3SwWwkTEWlqlj5x8Y_VRMop4wd9D-c0ZiHUc05xbyDzxU7dyAGovatQsapuFgzvjb0unKnuHPxKl=w2048-h1536-k-no,,"An island stay around Bucas Grande, the lagoon-and-cave island near Siargao, Villa Harkrisha Resort pitches itself to travelers wanting a relaxed base. It currently sits at 3.8 across 24 reviews. Honest read: a solid-not-spectacular 3.8 rating, dependable rather than dazzling. Best for: travelers wanting comfort and a relaxed island stay.",9.6148998,125.9652514,https://www.google.com/maps/place/Villa+Harkrisha+Resort/data=!4m7!3m6!1s0x3303e3b610d20981:0xdb9ca1301c2d4df9!8m2!3d9.6148998!4d125.9652514!16s%2Fg%2F11byz4_k4l!19sChIJgQnSELbjAzMR-U0tHDChnNs?authuser=0&hl=en&rclk=1,"guesthouses in Bucas Grande, Siargao & Surigao, Philippines",Bucas Grande
Czarelle Native Garden Inn,4.3,(3),09073353395,https://wa.me/09073353395,,https://www.facebook.com/SocorroTourismOffice,Hotel,"Socorro, Surigao del Norte",,https://lh3.googleusercontent.com/gps-cs-s/APNQkAGkb0Yo1vgIGvAyPFxCGO1bDGqCI_igVu1syaXLJ1oqRK3OPQ0FZwHOp4dcw1MZmi2eOoOvu9JGGUm2pzKLyNR-RbRjHcUs0KZcmdkg72trTUPQE8QauNeoHj4EbCEKYkn8gdjF=w2048-h1536-k-no,"Breakfast, Garden","An island stay around Bucas Grande, the lagoon-and-cave island near Siargao, Czarelle Native Garden Inn pitches itself to travelers wanting a relaxed base. It currently sits at 4.3 across 3 reviews. Honest read: only a handful of reviews so far, but early feedback leans positive. Amenities include breakfast, garden. Best for: travelers wanting comfort and a relaxed island stay.",9.6176113,125.9369952,https://www.google.com/maps/place/Czarelle+Native+Garden+Inn/data=!4m7!3m6!1s0x3303e3c9fb8cf0ef:0xc44260cf8626f558!8m2!3d9.6176113!4d125.9369952!16s%2Fg%2F11ggm76hzg!19sChIJ7_CM-8njAzMRWPUmhs9gQsQ?authuser=0&hl=en&rclk=1,"guesthouses in Bucas Grande, Siargao & Surigao, Philippines",Bucas Grande
Camp and Swim at Paraiso De Jubang,4.7,(6),,,,https://www.facebook.com/LGU.Dapa,Campground,"cambas-ac, new dapa port road, Dapa, Surigao del Norte",,https://lh3.googleusercontent.com/gps-cs-s/APNQkAExXqhm7xkD-EJq5R9kvDoEDL2LOhPTb7NzHavlSzG-hNg-u0cOULLrLPDOInU-vYAmqZIlr8X3r5q_EMIAB4Rb7TeusABJRnjFMJoZ7W9EjZf1uAnuTQmvO4DbScg04MYdybBf=w2048-h1536-k-no,Restaurant,"A local campground around Bucas Grande, the lagoon-and-cave island near Siargao, Camp and Swim at Paraiso De Jubang serves travelers passing through. It currently sits at 4.7 across 6 reviews. Honest read: only a handful of reviews so far, but early feedback leans positive. Amenities include restaurant. Best for: travelers exploring this corner of Siargao.",9.7523801,126.0197872,https://www.google.com/maps/place/Camp+and+Swim+at+Paraiso+De+Jubang/data=!4m7!3m6!1s0x3303f98c33f1234f:0x2ca141b0cded8ad3!8m2!3d9.7523801!4d126.0197872!16s%2Fg%2F11lz1fhwvh!19sChIJTyPxM4z5AzMR04rtzbBBoSw?authuser=0&hl=en&rclk=1,"guesthouses in Bucas Grande, Siargao & Surigao, Philippines",Bucas Grande
Magkukuob Cave,4.4,(19),,,,https://www.facebook.com/worldzexplore,Nature preserve,"HWQF+8H9, Socorro, Surigao del Norte",,https://lh3.googleusercontent.com/gps-cs-s/APNQkAGTToJ-9J0nvAxVrcFzaKoQMu1rnZbCsKsi7yESPIyQcpEGI42chIkjl_-CZ0KXJ26GucuU_ts-ebDTnKcZzvkx1yZFz6CpyDPKAkINJqJbbgP-3XR0PduBBiNhQ2ORXVcRvaWV8Q=w2048-h1536-k-no,"Wheelchair accessible, Wheelchair accessible entrance, Accessible","A local nature preserve around Bucas Grande, the lagoon-and-cave island near Siargao, Magkukuob Cave serves travelers passing through. It currently sits at 4.4 across 19 reviews. Amenities include wheelchair accessible, wheelchair accessible entrance, accessible. Best for: day-trippers and nature lovers.",9.5882763,125.9239763,https://www.google.com/maps/place/Magkukuob+Cave/data=!4m7!3m6!1s0x3303e1dbf7e33fc7:0x82264d830669c278!8m2!3d9.5882763!4d125.9239763!16s%2Fg%2F11h3g3qgzq!19sChIJxz_j99vhAzMReMJpBoNNJoI?authuser=0&hl=en&rclk=1,"guesthouses in Bucas Grande, Siargao & Surigao, Philippines",Bucas Grande
Puyangi Beach Paradise,5.0,(3),09153531684,https://wa.me/09153531684,,https://www.facebook.com/puyangibeachparadise,Resort hotel,"Puyangi Beach, Albino Taruc, Socorro, 8416 Surigao del Norte",,https://lh3.googleusercontent.com/gps-cs-s/APNQkAGZhPy6iqg7-IWa59vyr_OwK1QOrxSjo9Tdua_499hvMOoDkVp_0R59lV5PGpbxMSnUGV5rGuqLuPwtPfiQQ_JjZhfThoj9qhcU53w_onPKkCK39WylWttZ3McX1t_V1XMB-dCh9lsXiOk=w2048-h1536-k-no,,"An island stay around Bucas Grande, the lagoon-and-cave island near Siargao, Puyangi Beach Paradise pitches itself to travelers wanting a relaxed base. It currently sits at 5.0 across 3 reviews. Honest read: only a handful of reviews so far, but early feedback leans positive. Best for: travelers wanting comfort and a relaxed island stay.",9.6017736,125.9668828,https://www.google.com/maps/place/Puyangi+Beach+Paradise/data=!4m7!3m6!1s0x3303e3ee42113563:0x6a0eecf9efd30440!8m2!3d9.6017736!4d125.9668828!16s%2Fg%2F11txy12kvj!19sChIJYzURQu7jAzMRQATT7_nsDmo?authuser=0&hl=en&rclk=1,"guesthouses in Bucas Grande, Siargao & Surigao, Philippines",Bucas Grande
Sohoton Nakiauit Resort,4.2,(14),09358782443,https://wa.me/09358782443,https://www.instagram.com/sohotonnakiauit,https://www.facebook.com/sohotonnakiauitbeachresort?mibextid=LQQJ4d,Public beach,"JW72+P5H, San Roque, Socorro, Surigao del Norte",https://www.facebook.com/sohotonnakiauitbeachresort?mibextid=LQQJ4d,https://lh3.googleusercontent.com/gps-cs-s/APNQkAG1TPvE7bZXbKS93OlvS82SDO5L6eBiGZbY38rehLFKennlCv2hFQ8dj90vuETxkp_tpPHHPhLZRwfdRxIuI1PcNOTfVxfDKnKFSNoRjXHKyKWTlqHA2bOWb3pTYRchFN0P4jjxDTZofYof=w2048-h1536-k-no,,"A spot worth a look around Bucas Grande, the lagoon-and-cave island near Siargao, Sohoton Nakiauit Resort draws travelers exploring the area. It currently sits at 4.2 across 14 reviews. Worth pairing with nearby stops on an island land or boat tour. Best for: day-trippers and nature lovers.",9.6143233,125.900499,https://www.google.com/maps/place/Sohoton+Nakiauit+Resort/data=!4m7!3m6!1s0x330158af66a6e683:0x3ea85d40d753a54a!8m2!3d9.6143233!4d125.900499!16s%2Fg%2F11g7npbsb3!19sChIJg-amZq9YATMRSqVT10BdqD4?authuser=0&hl=en&rclk=1,"guesthouses in Bucas Grande, Siargao & Surigao, Philippines",Bucas Grande
Jellyfish Sanctuary,4.6,(70),09154023335,https://wa.me/09154023335,,https://www.facebook.com/ILoveSurigao.ph,Tourist attraction,"HWV8+F9Q Tojoman Lagoon, Socorro, Surigao del Norte",http://www.fb.com/ilovesurigao.ph,https://lh3.googleusercontent.com/gps-cs-s/APNQkAHudezYbagFQdlCOLSWK0QUmaE_nj428BKGyaM2nMVRotGwEOgwbeR79wKntZpy26NInDeRoka3y1P6zmMUndBKb2O7bl1g6M7bKJMirLOetAFrrRPY1r2b4sIYrGK9BEfwk7Y=w2048-h1536-k-no,"Wheelchair accessible, Wheelchair accessible entrance, Accessible","A serene lagoon inside Sohoton Cove on Bucas Grande where, in season, you can swim among harmless stingless jellyfish drifting through calm emerald water, one of the Philippines' most surreal nature encounters. Access is by guided boat tied to tides and conservation rules; look-don't-grab is the etiquette. Best for: nature lovers chasing a genuinely rare, gentle wildlife moment.",9.5937048,125.9159838,https://www.google.com/maps/place/Jellyfish+Sanctuary/data=!4m7!3m6!1s0x3303e1fd70157031:0x3e8afdb3f340ad8a!8m2!3d9.5937048!4d125.9159838!16s%2Fg%2F11c57yj65j!19sChIJMXAVcP3hAzMRiq1A87P9ij4?authuser=0&hl=en&rclk=1,"guesthouses in Bucas Grande, Siargao & Surigao, Philippines",Bucas Grande
Crystal and Bolitas Cave,4.4,(34),,,,https://www.facebook.com/swayproject,Tourist attraction,"JW75+VRP, Socorro, Surigao del Norte",,https://lh3.googleusercontent.com/gps-cs-s/APNQkAHR6711YhrPwL9nesTgkD-LmPgXS4Dn8M-9aR-3fI7ip9si9qxvJ_Wcx8iGtNtY6DL50TIq56_qg5CQ9i8_dcJ4MQNMB46koko4eWGmPudxQX__LFqIM68lpwdYR-NLE4RW9ab2bVNI4jRC=w2048-h1536-k-no,,"A spot worth a look around Bucas Grande, the lagoon-and-cave island near Siargao, Crystal and Bolitas Cave draws travelers exploring the area. It currently sits at 4.4 across 34 reviews. As with most island operators here, booking ahead in peak season is wise. Best for: travelers booking island hops and day trips.",9.614718,125.9095759,https://www.google.com/maps/place/Crystal+and+Bolitas+Cave/data=!4m7!3m6!1s0x33015f57b8c2c6db:0x29547dd74c80104e!8m2!3d9.614718!4d125.9095759!16s%2Fg%2F11fy4swyg7!19sChIJ28bCuFdfATMRThCATNd9VCk?authuser=0&hl=en&rclk=1,"guesthouses in Bucas Grande, Siargao & Surigao, Philippines",Bucas Grande
Sohoton Cove Tourist Information Center,4.7,(121),,,,https://www.facebook.com/SohotonCoveSocorro,Tourist information center,"HWW6+659 Suhoton Bay, Socorro, Surigao del Norte",,https://lh3.googleusercontent.com/gps-cs-s/APNQkAGM0D0v5xd2Zfq3UTL_l5J1DGQ1gsPZREMsAL7nbX5wilBxAsdIvWKTXp3VaLvISPJCXRlOIp9-797Y0xu6e-bOvt6q1Ws-AIhbCLdlztto3Q2_G7-OqlxdYPvcj24ic5bHZv1RuuxZhxHD=w2048-h1536-k-no,"Wheelchair accessible, Wheelchair accessible entrance, Accessible","The official entry and registration point for Sohoton Cove National Park on Bucas Grande, where boats, guides, fees and tide timing are arranged before threading the famous low cave into the lagoons, caves and jellyfish sanctuary beyond. Stopping here keeps your visit legit and properly guided. Best for: travelers organizing a Sohoton Cove day trip who want everything sorted at the source.",9.595542,125.910487,https://www.google.com/maps/place/Sohoton+Cove+Tourist+Information+Center/data=!4m7!3m6!1s0x33015fc9df8121e7:0xe722c0df270b30f5!8m2!3d9.595542!4d125.910487!16s%2Fg%2F11fd6bmh29!19sChIJ5yGB38lfATMR9TALJ9_AIuc?authuser=0&hl=en&rclk=1,"guesthouses in Bucas Grande, Siargao & Surigao, Philippines",Bucas Grande
Tami Private Cove,5.0,(6),09985671353,https://wa.me/09985671353,,https://www.facebook.com/siargaoprivatecove,Self-catering accommodation,"HWJ9+PQH, Socorro - Estrella - Pamosaingan Rd, Socorro, Surigao del Norte",,https://lh3.googleusercontent.com/gps-cs-s/APNQkAGq84ZwqbWA8LZvcpRbIjirIHLmPd0QSQSc83NMIOkVKIqNxuloa3Ee8hfkL62jpStVFIMjwR-ujyAmANuzetxPZTH91uBZsDJnShzUqRCeP8s-i7ARjUt81XdkMjW0wyvVazBU8g=w2048-h1536-k-no,Breakfast,"A local self-catering accommodation around Bucas Grande, the lagoon-and-cave island near Siargao, Tami Private Cove serves travelers passing through. It currently sits at 5.0 across 6 reviews. Honest read: only a handful of reviews so far, but early feedback leans positive. Amenities include breakfast. Best for: travelers exploring this corner of Siargao.",9.5818085,125.9194779,https://www.google.com/maps/place/Tami+Private+Cove/data=!4m7!3m6!1s0x3303e1de19009c1d:0xd96bc4ddf3f53434!8m2!3d9.5818085!4d125.9194779!16s%2Fg%2F11c4fsmnmg!19sChIJHZwAGd7hAzMRNDT1893Ea9k?authuser=0&hl=en&rclk=1,"guesthouses in Bucas Grande, Siargao & Surigao, Philippines",Bucas Grande
Oyay's Seafood Grill & Restaurant,5.0,(1),,,,https://www.facebook.com/profile.php,Restaurant,"Sunrise Boulevard, Dapa, 8417 Surigao del Norte",,https://lh3.googleusercontent.com/gps-cs-s/APNQkAEXaOP5bGJ7X6X-MI4ih1dv4drvLNPRNMKkx_3nPbGf7hDJdKORyZMbtfy8LuzpuMlEQ8hR9kSpl7AUDtYLsIpXSIR6UO8JwDdCoNeLTj-gMO1HVJAkQCy6YTt8SEoKQyWO3c_8bBOY6mQ=w2048-h1536-k-no,Restaurant,"A casual eatery around Bucas Grande, the lagoon-and-cave island near Siargao, Oyay's Seafood Grill & Restaurant serves up everyday island dining. It currently sits at 5.0 across 1 review. Honest read: only a handful of reviews so far, but early feedback leans positive. Amenities include restaurant. Best for: a casual island meal.",9.7539107,126.0518584,https://www.google.com/maps/place/Oyay%27s+Seafood+Grill+%26+Restaurant/data=!4m7!3m6!1s0x3303f9e124e82def:0x3da039c7324b88e0!8m2!3d9.7539107!4d126.0518584!16s%2Fg%2F11yy_t3rwk!19sChIJ7y3oJOH5AzMR4IhLMsc5oD0?authuser=0&hl=en&rclk=1,"restaurants in Bucas Grande, Siargao & Surigao, Philippines",Bucas Grande
Babes Grill & BBQ,4.2,(27),09106047434,https://wa.me/09106047434,https://www.instagram.com/babesbarandgrill,https://www.facebook.com/p,Restaurant,"Q332+JMV, Dapa, Surigao del Norte",,https://lh3.googleusercontent.com/gps-cs-s/APNQkAG8-sryvaFq0gQ_f5jilXh0CAEnOdXj5LsC9z_8CyDntpuwPi-WctgrU1qIBqONz5eI9RYjg5DMymuxCY1Bo8a_PYaTAYTftLy5dgEhYePMJghGwqw6NidtDpqFIlCa0CRqg22mxQ=w2048-h1536-k-no,"Restaurant, Bar","A casual eatery around Bucas Grande, the lagoon-and-cave island near Siargao, Babes Grill & BBQ serves up everyday island dining. It currently sits at 4.2 across 27 reviews. Amenities include restaurant, bar. Set in Siargao's easygoing dining scene, it leans casual and local rather than polished. Best for: a casual island meal.",9.7541217,126.0516595,https://www.google.com/maps/place/Babes+Grill+%26+BBQ/data=!4m7!3m6!1s0x3303f950b7203935:0x3cdf7b016efc0c93!8m2!3d9.7541217!4d126.0516595!16s%2Fg%2F11rdmrtffm!19sChIJNTkgt1D5AzMRkwz8bgF73zw?authuser=0&hl=en&rclk=1,"restaurants in Bucas Grande, Siargao & Surigao, Philippines",Bucas Grande
"Gusla Restaurant, Bar, and Cafe",3.8,(22),,,,https://www.facebook.com/pages,Restaurant,"Q332+MJG, Dapa, Surigao del Norte",,https://lh3.googleusercontent.com/gps-cs-s/APNQkAFzQkpVS2jLUWkuD6xSZNaBU4c2lMuWcE0C9Oe8eacjSJHP7y7U8En3h498Z503Vx1Gwq_9z_rC3nLkLi9OX2ympF7GnnP2_W0Zscq24Qk5tDRHhWRyNUx7mfpuBJV3FE4nN8nV=w2048-h1536-k-no,"Restaurant, Bar","A casual eatery around Bucas Grande, the lagoon-and-cave island near Siargao, Gusla Restaurant, Bar, and Cafe serves up everyday island dining. It currently sits at 3.8 across 22 reviews. Honest read: a solid-not-spectacular 3.8 rating, dependable rather than dazzling. Amenities include restaurant, bar. Best for: a casual island meal.",9.7543388,126.0513863,"https://www.google.com/maps/place/Gusla+Restaurant,+Bar,+and+Cafe/data=!4m7!3m6!1s0x3303f9d3710bd5df:0x16458530742f84ac!8m2!3d9.7543388!4d126.0513863!16s%2Fg%2F11l243m4gw!19sChIJ39ULcdP5AzMRrIQvdDCFRRY?authuser=0&hl=en&rclk=1","restaurants in Bucas Grande, Siargao & Surigao, Philippines",Bucas Grande
Tagpuan,4.2,(27),,,,https://www.facebook.com/profile.php,Restaurant,"Q332+MJG, Dapa, Surigao del Norte",,https://lh3.googleusercontent.com/gps-cs-s/APNQkAFNvRsm6uLBknPVFpqho5hXnz9-yzAMIBLyMRlHs6uv-OJvlno7iHT9Kf9ZS7k2XJZCP4VIrZdl2tFB3x6OI4eq2rYX6IVcqjFgId31ev7wrrOnuwAoIHSu69IToGS9f-pygI3C=w2048-h1536-k-no,"Restaurant, Bar, Wheelchair accessible, Wheelchair accessible entrance, Accessible","A casual eatery around Bucas Grande, the lagoon-and-cave island near Siargao, Tagpuan serves up everyday island dining. It currently sits at 4.2 across 27 reviews. Amenities include restaurant, bar, wheelchair accessible, wheelchair accessible entrance. Best for: a casual island meal.",9.7541839,126.051566,https://www.google.com/maps/place/Tagpuan/data=!4m7!3m6!1s0x3303f9c0a9cf228d:0x819cb03fa3250000!8m2!3d9.7541839!4d126.051566!16s%2Fg%2F11nxbh8d77!19sChIJjSLPqcD5AzMRAAAloz-wnIE?authuser=0&hl=en&rclk=1,"restaurants in Bucas Grande, Siargao & Surigao, Philippines",Bucas Grande
Soling's Eatery,5.0,(1),09635562484,https://wa.me/09635562484,,https://www.facebook.com/people,Restaurant,"JX98+C5W, Socorro, Surigao del Norte",,https://lh3.googleusercontent.com/gps-cs-s/APNQkAGJs9ZYU2vIQvLk1W01-YBRP4ZTQtcQoIeV31yUT_SyKVtR-9X_Vms7vXa05x9jM993VY4oAKwFVFkQLuScUtBps9tPZvkuPnY6vHYVzMtHlggnHNOll_wZV20vkytq4TPvFj0=w2048-h1536-k-no,Restaurant,"A casual eatery around Bucas Grande, the lagoon-and-cave island near Siargao, Soling's Eatery serves up everyday island dining. It currently sits at 5.0 across 1 review. Honest read: only a handful of reviews so far, but early feedback leans positive. Amenities include restaurant. Best for: a casual island meal.",9.6186216,125.9654476,https://www.google.com/maps/place/Soling%27s+Eatery/data=!4m7!3m6!1s0x3303e3d28a67901f:0xa931489bdd9b5e8a!8m2!3d9.6186216!4d125.9654476!16s%2Fg%2F11rb5jcmp6!19sChIJH5BnitLjAzMRil6b3ZtIMak?authuser=0&hl=en&rclk=1,"restaurants in Bucas Grande, Siargao & Surigao, Philippines",Bucas Grande
Mad House,4.8,(4),,,,https://www.facebook.com/madhousepizzadelivery,Pizza restaurant,"Albino Taruc, Socorro, Surigao del Norte",,https://lh3.googleusercontent.com/gps-cs-s/APNQkAFTTAa7LV4ewdqHLb7YFhKOYroHZ4aOMgHWJ3-mqubkLgUnqwNFfPRq273CQRqTZcViCiui7a9ZI2U1xEGiyMxjGVMwJsaLXLD3cqbcCE53IYtAimJEJs44L8CBAmIgIn-sKLRthoJphxQY=w2048-h1536-k-no,Restaurant,"A casual eatery around Bucas Grande, the lagoon-and-cave island near Siargao, Mad House serves up everyday island dining. It currently sits at 4.8 across 4 reviews. Honest read: only a handful of reviews so far, but early feedback leans positive. Amenities include restaurant. Best for: a casual island meal.",9.6145283,125.9649057,https://www.google.com/maps/place/Mad+House/data=!4m7!3m6!1s0x3303e3afe4fd5b25:0xd4383e65446d141!8m2!3d9.6145283!4d125.9649057!16s%2Fg%2F11q40bl7fq!19sChIJJVv95K_jAzMRQdFGVOaDQw0?authuser=0&hl=en&rclk=1,"restaurants in Bucas Grande, Siargao & Surigao, Philippines",Bucas Grande
Jayra's Pensionne House and Restaurants,3.7,(11),09484055430,https://wa.me/09484055430,https://www.instagram.com/jayrasbbq,https://www.facebook.com/jayra.socorro.7,Inn,"JX98+473, Brgy, Socorro, Surigao del Norte",,https://lh3.googleusercontent.com/gps-cs-s/APNQkAEqxtpooVeEJptfexgfY0d_5_B7uCwPep947aeCHyOi7SGxrsWzaoUmNBMJV02N6LcRy0tNefiZQhtyCIS7bZE6SHedXN2l7sbiqEKuokWw3mXdf4wJAqluK8fy3iBfWBlbzQdC=w2048-h1536-k-no,Garden,"A local inn around Bucas Grande, the lagoon-and-cave island near Siargao, Jayra's Pensionne House and Restaurants serves travelers passing through. It currently sits at 3.7 across 11 reviews. Honest read: reviews are mixed (around 3.7), so set expectations accordingly. Amenities include garden. Best for: travelers exploring this corner of Siargao.",9.6177551,125.9656591,https://www.google.com/maps/place/Jayra%27s+Pensionne+House+and+Restaurants/data=!4m7!3m6!1s0x3303e3b6ea9e7d4b:0x4e44331c43b5eed0!8m2!3d9.6177551!4d125.9656591!16s%2Fg%2F11g87387gx!19sChIJS32e6rbjAzMR0O61QxwzRE4?authuser=0&hl=en&rclk=1,"restaurants in Bucas Grande, Siargao & Surigao, Philippines",Bucas Grande
Timo-Timo Siargao,5.0,(2),09995960362,https://wa.me/09995960362,,https://www.facebook.com/timotimosiargao,Restaurant,"Kiosk 5, Sunrise Boulevard, Dapa, 8417 Surigao del Norte",,https://lh3.googleusercontent.com/gps-cs-s/APNQkAH_0-I4Pq3KUu84JexHFHSUVhYfpx87Qq6yXmXbyL-kAjFjwEsztT3wJCou8cSk72PxRR9aryHJQ02vYO-KDtGrjpZWnp6Q-ZFMc43bdrrRspCvCMesKq3MYjZ3Z3qG2NY9ekM4=w2048-h1536-k-no,"Restaurant, Wheelchair accessible, Wheelchair accessible entrance, Accessible","A casual eatery around Bucas Grande, the lagoon-and-cave island near Siargao, Timo-Timo Siargao serves up everyday island dining. It currently sits at 5.0 across 2 reviews. Honest read: only a handful of reviews so far, but early feedback leans positive. Amenities include restaurant, wheelchair accessible, wheelchair accessible entrance, accessible. Best for: a casual island meal.",9.7543905,126.0512851,https://www.google.com/maps/place/Timo-Timo+Siargao/data=!4m7!3m6!1s0x3303f9365f1d39c5:0x5978e601c539cda!8m2!3d9.7543905!4d126.0512851!16s%2Fg%2F11t862vmcy!19sChIJxTkdXzb5AzMR2pxTHGCOlwU?authuser=0&hl=en&rclk=1,"restaurants in Bucas Grande, Siargao & Surigao, Philippines",Bucas Grande
Simu-simu,5.0,(1),,,,https://www.facebook.com/100092010844014,Asian restaurant,"JX98+76H, Socorro, Surigao del Norte",,https://lh3.googleusercontent.com/gps-cs-s/APNQkAH9o3CJdDsdiOrSvPy_kZXI8bNEXCOX2PhG-STECvbTPNzg0O0lZ4usHXnnEO6c5BlpxPC8RLK-xLRLsVsyHhZf7qmlqjkxv1wFNHlLKH6jhAmCJPwM7WFhSwont8t0uHzj274=w2048-h1536-k-no,Restaurant,"A casual eatery around Bucas Grande, the lagoon-and-cave island near Siargao, Simu-simu serves up everyday island dining. It currently sits at 5.0 across 1 review. Honest read: only a handful of reviews so far, but early feedback leans positive. Amenities include restaurant. Best for: a casual island meal.",9.6181762,125.9655996,https://www.google.com/maps/place/Simu-simu/data=!4m7!3m6!1s0x3303e305ddbf21b3:0xc78e07f46defeb7!8m2!3d9.6181762!4d125.9655996!16s%2Fg%2F11s7nt_7x9!19sChIJsyG_3QXjAzMRt_7eRn_geAw?authuser=0&hl=en&rclk=1,"restaurants in Bucas Grande, Siargao & Surigao, Philippines",Bucas Grande
AC Grill & Resto Bar,5.0,(2),,,,https://www.facebook.com/100064207025828,Restaurant,"Kiosk, 5 Sunrise Boulevard, Dapa, 8417 Surigao del Norte",,https://lh3.googleusercontent.com/gps-cs-s/APNQkAEWG8lPkQyVzVNx5ESijlm5__frghPMO5QDVAjGIiPDzRMNBlDNFOMwRGf2pgHweIYgB1dnTj6CbMdB0CD2YDBcoe2eT6S_s7sDZ4oMbPRi-o-4BY0H88auxeYKz9qXHRf62gLjXQ=w2048-h1536-k-no,"Restaurant, Bar","A casual eatery around Bucas Grande, the lagoon-and-cave island near Siargao, AC Grill & Resto Bar serves up everyday island dining. It currently sits at 5.0 across 2 reviews. Honest read: only a handful of reviews so far, but early feedback leans positive. Amenities include restaurant, bar. Best for: a casual island meal.",9.7544287,126.0512046,https://www.google.com/maps/place/AC+Grill+%26+Resto+Bar/data=!4m7!3m6!1s0x3303f90075bf0999:0x744b11daea28f82d!8m2!3d9.7544287!4d126.0512046!16s%2Fg%2F11y6j2vtnz!19sChIJmQm_dQD5AzMRLfgo6toRS3Q?authuser=0&hl=en&rclk=1,"restaurants in Bucas Grande, Siargao & Surigao, Philippines",Bucas Grande
NAVARRO BBQ Hauz,5.0,(1),,,,https://www.facebook.com/Navarrossmkokehouse,Grill,"Q332+W9W, Dapa, Surigao del Norte",,https://lh3.googleusercontent.com/gps-cs-s/APNQkAHtFd9EMoz5WHIFNLdxM4SU22jXutTsNFZgnz3Cl13BprA8qHSJK1E17nYIFWW24R6fBN0R-bjN3O6gOGK5B4MGRUhwwD4nLNClkgPffbMiUOTqXZnZMx-1rJuJROHY32j4cmq_=w2048-h1536-k-no,Restaurant,"A casual eatery around Bucas Grande, the lagoon-and-cave island near Siargao, NAVARRO BBQ Hauz serves up everyday island dining. It currently sits at 5.0 across 1 review. Honest read: only a handful of reviews so far, but early feedback leans positive. Amenities include restaurant. Best for: travelers exploring this corner of Siargao.",9.75487,126.0509423,https://www.google.com/maps/place/NAVARRO+BBQ+Hauz/data=!4m7!3m6!1s0x3303f977fd09aed9:0x602c546cde9cd97!8m2!3d9.75487!4d126.0509423!16s%2Fg%2F11gtyp1ssz!19sChIJ2a4J_Xf5AzMRl83pzUbFAgY?authuser=0&hl=en&rclk=1,"restaurants in Bucas Grande, Siargao & Surigao, Philippines",Bucas Grande
Liwanne's Barbecue And Eatery,4.0,(1),,,,https://www.facebook.com/people,Barbecue restaurant,"Brgy. Taruc, Socorro, Surigao del Norte",,https://lh3.googleusercontent.com/gps-cs-s/APNQkAH9o3CJdDsdiOrSvPy_kZXI8bNEXCOX2PhG-STECvbTPNzg0O0lZ4usHXnnEO6c5BlpxPC8RLK-xLRLsVsyHhZf7qmlqjkxv1wFNHlLKH6jhAmCJPwM7WFhSwont8t0uHzj274=w2048-h1536-k-no,Restaurant,"A casual eatery around Bucas Grande, the lagoon-and-cave island near Siargao, Liwanne's Barbecue And Eatery serves up everyday island dining. It currently sits at 4.0 across 1 review. Honest read: only a handful of reviews so far, but early feedback leans positive. Amenities include restaurant. Best for: a casual island meal.",9.6171875,125.9656875,https://www.google.com/maps/place/Liwanne%27s+Barbecue+And+Eatery/data=!4m7!3m6!1s0x3303e3f126a33281:0xa221f3df9272fe61!8m2!3d9.6171875!4d125.9656875!16s%2Fg%2F11f66tlk90!19sChIJgTKjJvHjAzMRYf5ykt_zIaI?authuser=0&hl=en&rclk=1,"restaurants in Bucas Grande, Siargao & Surigao, Philippines",Bucas Grande
Dapa Barbecue Park,4.7,(3),,,,https://www.facebook.com/61565441297575,Barbecue restaurant,"Brgy. 13, Dapa, Surigao del Norte",,https://lh3.googleusercontent.com/gps-cs-s/APNQkAGVEAtr3HbhtUovjTryhdyfmTUh4f-SaKWfCzhqxMVPTHWV_fjj_ve_VCBaOR_Q3Sw_vFYWcaRcWF2KMyq9euNBb1YeVY6nuEcJjO0iN5cu7NiYMjV7NJ8hBxP3WuzsBoHWjkLs=w2048-h1536-k-no,"Restaurant, Bar","A casual eatery around Bucas Grande, the lagoon-and-cave island near Siargao, Dapa Barbecue Park serves up everyday island dining. It currently sits at 4.7 across 3 reviews. Honest read: only a handful of reviews so far, but early feedback leans positive. Amenities include restaurant, bar. Best for: a casual island meal.",9.754582,126.0511942,https://www.google.com/maps/place/Dapa+Barbecue+Park/data=!4m7!3m6!1s0x3303f9db18319945:0x85ae6ad24395ff9d!8m2!3d9.754582!4d126.0511942!16s%2Fg%2F11ny56rzll!19sChIJRZkxGNv5AzMRnf-VQ9JqroU?authuser=0&hl=en&rclk=1,"restaurants in Bucas Grande, Siargao & Surigao, Philippines",Bucas Grande
Pizzaleria de Drew,4.7,(6),,,https://www.instagram.com/pizzaleriadedrew,https://www.facebook.com/pizzaluriadedrew,Cafe,"JX96+P4Q Virgin del, Socorro, 8416 Surigao del Norte",,https://lh3.googleusercontent.com/gps-cs-s/APNQkAG-euTDJNvX7OiXS2IglczFeJsPSIGjLb1bKEtP9Ag3bsF3W9ZWKJqeApHyB_HcarrARzBkV9nBhD_9LQ8VY6X95t7fdybSwvJrDBGPE3XKRzhHR3L5nDW84x9ymFccWZ6umyABiix7HmWY=w2048-h1536-k-no,Garden,"A neighborhood cafe around Bucas Grande, the lagoon-and-cave island near Siargao, Pizzaleria de Drew is an easy spot for coffee and a bite. It currently sits at 4.7 across 6 reviews. Honest read: only a handful of reviews so far, but early feedback leans positive. Amenities include garden. Best for: a relaxed coffee, brunch or work session.",9.6193301,125.9603646,https://www.google.com/maps/place/Pizzaleria+de+Drew/data=!4m7!3m6!1s0x3303e3afd08edb5b:0xb0a7651d21640abd!8m2!3d9.6193301!4d125.9603646!16s%2Fg%2F11j4j1qdl8!19sChIJW9uO0K_jAzMRvQpkIR1lp7A?authuser=0&hl=en&rclk=1,"restaurants in Bucas Grande, Siargao & Surigao, Philippines",Bucas Grande
Bucas Grande Island,4.7,(44),09103977171,https://wa.me/09103977171,,https://www.facebook.com/bucasgrandeislandph,Tourist attraction,"Bucas Grande Island, Socorro, 8416 Surigao del Norte",https://www.facebook.com/bucasgrandeislandph/,https://lh3.googleusercontent.com/gps-cs-s/APNQkAGdEYmxlemeq3jRTquzWgen1ERKdpSZaoM2hDO6iF9CSYQWZHwwmiZe3f4vJZ2igQsB4R8XYpSzvFq6mDcMyvS-WUZtTlwCvPxcpHISHtFYNY-cvWA5S4ENl0oQ9PKepWsp8Ho=w2048-h1536-k-no,"Wheelchair accessible, Wheelchair accessible entrance, Accessible","A spot worth a look around Bucas Grande, the lagoon-and-cave island near Siargao, Bucas Grande Island draws travelers exploring the area. It currently sits at 4.7 across 44 reviews. Amenities include wheelchair accessible, wheelchair accessible entrance, accessible. Best for: travelers booking island hops and day trips.",9.5961815,125.9155547,https://www.google.com/maps/place/Bucas+Grande+Island/data=!4m7!3m6!1s0x3303e1fdfa01a2d1:0x375afdc37286a3b9!8m2!3d9.5961815!4d125.9155547!16s%2Fg%2F11btwrb2mr!19sChIJ0aIB-v3hAzMRuaOGcsP9Wjc?authuser=0&hl=en&rclk=1,"things to do in Bucas Grande, Siargao & Surigao, Philippines",Bucas Grande
Hidden Lagoon,4.0,(2),,,,https://www.facebook.com/HiddenIslandResort,Tourist attraction,"JW57+H3G, San Roque, Socorro, Surigao del Norte",,https://lh3.googleusercontent.com/gps-cs-s/APNQkAG3cB2J8T_6Io7_MLyrX4UHlT-9DQifeTrj_r-s67_tbRQBTPj4eHg_rY7omCgQQf-7GDKaaQhjlNnfYyGyQPycs9L42BJbVT0v11FbBSodIEPyTeKA-lHOpTCOLj3Q=w2048-h1536-k-no,,"A spot worth a look around Bucas Grande, the lagoon-and-cave island near Siargao, Hidden Lagoon draws travelers exploring the area. It currently sits at 4.0 across 2 reviews. Honest read: only a handful of reviews so far, but early feedback leans positive. Best for: travelers booking island hops and day trips.",9.6089355,125.9127154,https://www.google.com/maps/place/Hidden+Lagoon/data=!4m7!3m6!1s0x3301590064486d3d:0x5a8fabc6efa2323a!8m2!3d9.6089355!4d125.9127154!16s%2Fg%2F11vx4dt5kr!19sChIJPW1IZABZATMROjKi78arj1o?authuser=0&hl=en&rclk=1,"things to do in Bucas Grande, Siargao & Surigao, Philippines",Bucas Grande
Bucas Grande Island,5.0,(6),,,,https://www.facebook.com/profile.php,Island,"Socorro, Surigao del Norte",,https://lh3.googleusercontent.com/gps-cs-s/APNQkAGLPJJ9TVFwwn8cfzpfm7gWvHObdgLgBaU6U6LGBQPbP96nqAccaVm71Kn1NSkxy5wi9atdq5JhwYPVXxRYfD5u82-MiNz4BFKxWRd-5L1ZiL4cm6dnFsKOdy3K7QSUfPuRl_g-=w2048-h1536-k-no,,"A spot worth a look around Bucas Grande, the lagoon-and-cave island near Siargao, Bucas Grande Island draws travelers exploring the area. It currently sits at 5.0 across 6 reviews. Honest read: only a handful of reviews so far, but early feedback leans positive. Best for: day-trippers and nature lovers.",9.6736111,125.9486111,https://www.google.com/maps/place/Bucas+Grande+Island/data=!4m7!3m6!1s0x3303fd2d681ccb8d:0xdd8804390713ef6!8m2!3d9.6736111!4d125.9486111!16s%2Fg%2F11b62pq4qm!19sChIJjcscaC39AzMR9j5xkEOA2A0?authuser=0&hl=en&rclk=1,"things to do in Bucas Grande, Siargao & Surigao, Philippines",Bucas Grande
Dapa Boulevard Park,4.4,(42),,,,https://www.facebook.com/municipalityofdapa,Park,"Q332+W95, Dapa, Surigao del Norte",,https://lh3.googleusercontent.com/gps-cs-s/APNQkAEpDg9eqdBuFwRsIdSGayQchiYGa3AoYfqFKDrFA0F80PMlIiBNNB8Dslfv2dLR4Fgv8DRaWAnqttXFTexwuT5zyWE-KovdZcb0j9-EkpC49JV2OBEjUSPXJHgmyz5dITF-Z_wIzQ=w2048-h1536-k-no,"Wheelchair accessible, Wheelchair accessible entrance, Accessible","A spot worth a look around Bucas Grande, the lagoon-and-cave island near Siargao, Dapa Boulevard Park draws travelers exploring the area. It currently sits at 4.4 across 42 reviews. Amenities include wheelchair accessible, wheelchair accessible entrance, accessible. Best for: day-trippers and nature lovers.",9.7547519,126.050986,https://www.google.com/maps/place/Dapa+Boulevard+Park/data=!4m7!3m6!1s0x3303f9a1f46e2bf3:0x8edb545c013f653f!8m2!3d9.7547519!4d126.050986!16s%2Fg%2F11c4y62tsl!19sChIJ8ytu9KH5AzMRP2U_AVxU244?authuser=0&hl=en&rclk=1,"bars in Bucas Grande, Siargao & Surigao, Philippines",Bucas Grande
BGFC - Graphics and Multimedia Club,5.0,(1),,,,https://www.facebook.com/BGFCGMCOfficial,Photographer,"JX87+935, Timcang St, Socorro, Surigao del Norte",,https://streetviewpixels-pa.googleapis.com/?cb_client,,"A local photographer around Bucas Grande, the lagoon-and-cave island near Siargao, BGFC - Graphics and Multimedia Club serves travelers passing through. It currently sits at 5.0 across 1 review. Honest read: only a handful of reviews so far, but early feedback leans positive. Best for: travelers exploring this corner of Siargao.",9.6156978,125.9628241,https://www.google.com/maps/place/BGFC+-+Graphics+and+Multimedia+Club/data=!4m7!3m6!1s0x3303e3000a0233d9:0xf4b54c56b433351e!8m2!3d9.6156978!4d125.9628241!16s%2Fg%2F11mygdkx5j!19sChIJ2TMCCgDjAzMRHjUztFZMtfQ?authuser=0&hl=en&rclk=1,"nightlife in Bucas Grande, Siargao & Surigao, Philippines",Bucas Grande
Cinnamon Island,4.5,(20),,,,https://www.facebook.com/wowCinnamon,Cottage,"HWW3+HRQ, Socorro, Surigao del Norte",https://www.facebook.com/wowCinnamon?mibextid=LQQJ4d,https://lh3.googleusercontent.com/gps-cs-s/APNQkAEZn33SnYUqI9FBFLDHtw0ddNVUnR9iJhK3D7byIPcl4WNKdlhcc2NoY5lF1_wnN73w7Y2sv9r_srjrPfvUbav-jkAERhlFxN9w1ckGAPSNON5_Hd1qrtZaT1x3hoK1zLBTJh-uMw=w2048-h1536-k-no,Breakfast,"A local cottage around Bucas Grande, the lagoon-and-cave island near Siargao, Cinnamon Island serves travelers passing through. It currently sits at 4.5 across 20 reviews. Amenities include breakfast. Best for: travelers exploring this corner of Siargao.",9.5964737,125.9046106,https://www.google.com/maps/place/Cinnamon+Island/data=!4m7!3m6!1s0x33015f51ccb043ad:0x3f1045b407edff59!8m2!3d9.5964737!4d125.9046106!16s%2Fg%2F11byyfx1fs!19sChIJrUOwzFFfATMRWf_tB7RFED8?authuser=0&hl=en&rclk=1,"nightlife in Bucas Grande, Siargao & Surigao, Philippines",Bucas Grande
Bucas Grande,4.6,(44),,,,https://www.facebook.com/bucasgrandeislandph,Island,,,https://lh3.googleusercontent.com/gps-cs-s/APNQkAH9qQbM30-zjCh6skqLLX1yxVyoDFppgP-RwEAh9Y_V5IOdN-ZiHx9HRjqC7qepQMJ6LnBMRMo8On7NK-mrCYMpsxrDPhsKmSpi56Fmb6KIVz_SgOput1OQ9mT0ZbX2j493RL6GCQ=w2048-h1536-k-no,,"A spot worth a look around Bucas Grande, the lagoon-and-cave island near Siargao, Bucas Grande draws travelers exploring the area. It currently sits at 4.6 across 44 reviews. Worth pairing with nearby stops on an island land or boat tour. Best for: day-trippers and nature lovers.",9.6176113,125.9369952,https://www.google.com/maps/place/Bucas+Grande/data=!4m7!3m6!1s0x3303e2c71c7c8561:0xb80cbee655791730!8m2!3d9.6176113!4d125.9369952!16s%2Fm%2F02rv06x!19sChIJYYV8HMfiAzMRMBd5Vea-DLg?authuser=0&hl=en&rclk=1,"nightlife in Bucas Grande, Siargao & Surigao, Philippines",Bucas Grande
Green Cove,5.0,(1),,,,https://www.facebook.com/greencoveresort,Bed & breakfast,"HWHG+VJ, Socorro, Surigao del Norte",,https://lh3.googleusercontent.com/gps-cs-s/APNQkAGCJjDBdUwc-jrwCicz2xCivqwKnpWUfx3voqeOrh1vB_gnzY1yjOaMT0cDg9LMgG5RWQlgNX4ePEMT9VSJAClR1ifXX0pFDxS8riHBkm3VjBpjrtFEy51J9cun-2jYG__1NjTDnw=w2048-h1536-k-no,,"A local bed & breakfast around Bucas Grande, the lagoon-and-cave island near Siargao, Green Cove serves travelers passing through. It currently sits at 5.0 across 1 review. Honest read: only a handful of reviews so far, but early feedback leans positive. Best for: travelers exploring this corner of Siargao.",9.5796916,125.9266197,https://www.google.com/maps/place/Green+Cove/data=!4m7!3m6!1s0x3303e1f027d3cdd1:0xbc42f905311eeabd!8m2!3d9.5796916!4d125.9266197!16s%2Fg%2F11t992gg4t!19sChIJ0c3TJ_DhAzMRveoeMQX5Qrw?authuser=0&hl=en&rclk=1,"nightlife in Bucas Grande, Siargao & Surigao, Philippines",Bucas Grande
Port of Dapa,4.0,(59),,,,https://www.facebook.com/DapaPort,Port authority,"Q342+379, Dapa, Surigao del Norte",,https://lh3.googleusercontent.com/gps-cs-s/APNQkAGF9KAw1xGQRga-s7dxZOoT5LnWnGuiMVtjrdCRyBJjAaiW_USyZ78vZPbxZhArPuJ9dJvEnTK2snR7cR-7X_XgtrycR1x2e9eaEFBuPYMyUtWoW8l3bX02KfdRVGO2X9Nwntcu=w2048-h1536-k-no,"Wheelchair accessible, Wheelchair accessible entrance, Accessible","A local port authority around Bucas Grande, the lagoon-and-cave island near Siargao, Port of Dapa serves travelers passing through. It currently sits at 4.0 across 59 reviews. Honest read: a solid-not-spectacular 4.0 rating, dependable rather than dazzling. Amenities include wheelchair accessible, wheelchair accessible entrance, accessible. Best for: travelers exploring this corner of Siargao.",9.7551656,126.0507255,https://www.google.com/maps/place/Port+of+Dapa/data=!4m7!3m6!1s0x3303f9afd2217741:0x1b2d62a1825a0525!8m2!3d9.7551656!4d126.0507255!16s%2Fg%2F11t5jqpl20!19sChIJQXch0q_5AzMRJQVagqFiLRs?authuser=0&hl=en&rclk=1,"nightlife in Bucas Grande, Siargao & Surigao, Philippines",Bucas Grande
Romantic Beach Villas,4.4,(569),09772957065,https://wa.me/09772957065,,https://www.facebook.com/tr?id=4157617557804237&ev=PageView&noscript=1,,"Gen. Luna St, General Luna, 8407 Surigao del Norte",http://www.islandsiargao.com/,https://lh3.googleusercontent.com/gps-cs-s/APNQkAF1skNdhk0zesaYxgLihWeuiqIAbcv9wB6rtq3QgftySC9_oKNnfms_wGUlpRPntn8ab5tNEL7VfIaeKsk3rtqfL8MRaLnIsJteYSsHWQBaHy8cVZ73gCOIBQKqqf1JigIaZzF1tw=w2048-h1536-k-no,"Free Wi-Fi, Breakfast, Air-conditioned, Pool, Outdoor pool, Hot tub, Fitness center, Parking, Airport shuttle, Pet-friendly, Restaurant, Bar, Room service, Laundry service, Laundry, Beach access, Kid-friendly, Garden","An established spot near the Cloud 9 surf area in General Luna, Romantic Beach Villas has clearly built a following with a sizeable review count. It currently sits at 4.4 across 569 reviews. Amenities include free wi-fi, breakfast, air-conditioned, pool. Best for: travelers exploring this corner of Siargao.",9.789588,126.163065,https://www.google.com/maps/place/Romantic+Beach+Villas/data=!4m11!3m10!1s0x3303f61b0407cf01:0x99f637987cec856f!5m3!1s2026-10-31!4m1!1i2!8m2!3d9.789588!4d126.163065!16s%2Fg%2F119wv2ky6!19sChIJAc8HBBv2AzMRb4XsfJg39pk?authuser=0&hl=en&rclk=1,"hostels in Cloud 9, Siargao & Surigao, Philippines",Cloud 9
Payag Suites,3.7,(94),09853240737,https://wa.me/09853240737,,https://www.facebook.com/payagsuitessiargao,,"Jacking Horse Cloud 9, Barangay Catangnan General Luna, Siargao Island General Luna, Siargao Island, 8419",https://elistravelexperience.com/payag-suites-general-luna-siargao-island-philippines,https://lh3.googleusercontent.com/gps-cs-s/APNQkAFgzm5T0rjCZ5xepsVBIWB_fBCdjogApy0TEWyslKcpUQF89bhLFhwieOY5mKbVruVnU3Xfn3l_GQ3-hLuhxoWtWft_rMGS_UvD7k4KCovuC67Cf6bU4e7uVelMTtimDieHut2x=w2048-h1536-k-no,"Free Wi-Fi, Breakfast, Air-conditioned, Pool, Fitness center, Parking, Airport shuttle, Pet-friendly, Beach access, Accessible","A low-key local spot near the Cloud 9 surf area in General Luna, Payag Suites keeps a modest online footprint. It currently sits at 3.7 across 94 reviews. Honest read: reviews are mixed (around 3.7), so set expectations accordingly. Amenities include free wi-fi, breakfast, air-conditioned, pool. Best for: travelers exploring this corner of Siargao.",9.812735,126.161314,https://www.google.com/maps/place/Payag+Suites/data=!4m11!3m10!1s0x330409ec609cc199:0x5988c6978a702725!5m3!1s2026-10-31!4m1!1i2!8m2!3d9.812735!4d126.161314!16s%2Fg%2F11lrg3psgl!19sChIJmcGcYOwJBDMRJSdwipfGiFk?authuser=0&hl=en&rclk=1,"hostels in Cloud 9, Siargao & Surigao, Philippines",Cloud 9
Dormitelsph Cloud 9,4.2,(83),09623026689,https://wa.me/09623026689,,https://www.facebook.com/dormitelsphilippines,,"Siargao Island, Cloud 9 Dr, General Luna, Surigao del Norte",https://www.facebook.com/dormitelsphilippines/,https://lh3.googleusercontent.com/gps-cs-s/APNQkAFnF1sSlVnb_-RzjCYTGHW0EcEbO39AofbWwUBfE9OQhKSBXPSH1D-3fGN6ioROymnIqhZnIkRMZ097ayi-Fr5nnK2DDPhgPjeQFiMWEtfQXm5imm4sbCZRlWuB_hdFVrVwQJLD=w2048-h1536-k-no,"Free Wi-Fi, Pool, Fitness center, Free parking, Beach access","A low-key local spot near the Cloud 9 surf area in General Luna, Dormitelsph Cloud 9 keeps a modest online footprint. It currently sits at 4.2 across 83 reviews. Amenities include free wi-fi, pool, fitness center, free parking. Best for: travelers exploring this corner of Siargao.",9.8115392,126.1629698,https://www.google.com/maps/place/Dormitelsph+Cloud+9/data=!4m11!3m10!1s0x3304082a170824bf:0x6fa8061ee5547eda!5m3!1s2026-10-31!4m1!1i2!8m2!3d9.8115392!4d126.1629698!16s%2Fg%2F11btv69cb9!19sChIJvyQIFyoIBDMR2n5U5R4GqG8?authuser=0&hl=en&rclk=1,"hostels in Cloud 9, Siargao & Surigao, Philippines",Cloud 9
Nine Clouds Homestyle Accomodation And Restaurants,3.5,(80),09682050258,https://wa.me/09682050258,,https://www.facebook.com/NineCloudsKangaroo,,"Catangnan, General Luna, 8419 Surigao del Norte",http://www.ninecloudskangaroo.com/,https://lh3.googleusercontent.com/gps-cs-s/APNQkAEw8boQyiCRmjn8qAbJqEb6s4HUAYv3TF7k05PmGKwIc6zfI0ZUOIc9Io_ud5qT1xv7cE-GvE8KO_ENlJN8JptnRfzakxsmon8nFLaGOLgTeSbJgmbk34643I_15PcV5v8aUk1T8YlIlgZn=w2048-h1536-k-no,"Free Wi-Fi, Air-conditioned, Pool, Fitness center, Free parking, Restaurant, Beach access, Kid-friendly","A low-key local spot near the Cloud 9 surf area in General Luna, Nine Clouds Homestyle Accomodation And Restaurants keeps a modest online footprint. It currently sits at 3.5 across 80 reviews. Honest read: reviews are mixed (around 3.5), so set expectations accordingly. Amenities include free wi-fi, air-conditioned, pool, fitness center. Best for: travelers exploring this corner of Siargao.",9.8103825,126.1588864,https://www.google.com/maps/place/Nine+Clouds+Homestyle+Accomodation+And+Restaurants/data=!4m11!3m10!1s0x330409e95c8a66ef:0x57af6d7601151796!5m3!1s2026-10-31!4m1!1i2!8m2!3d9.8103825!4d126.1588864!16s%2Fg%2F11ddzhq8ps!19sChIJ72aKXOkJBDMRlhcVAXZtr1c?authuser=0&hl=en&rclk=1,"hostels in Cloud 9, Siargao & Surigao, Philippines",Cloud 9
Aloha Hostel Siargao,3.9,(47),09491103077,https://wa.me/09491103077,https://www.instagram.com/aloha.siargao,https://www.facebook.com/alohasiargao,,"Purok V Tourism Rd, Siargao Island, General Luna, 8419 Surigao del Norte",https://www.facebook.com/alohasiargao,https://lh3.googleusercontent.com/gps-cs-s/APNQkAHYPpt6y67qJcmPVb3u4PXLPUUZ4qoFcjKpajcUxQGlwDpUqjH_Xr6lQSMB3ijw8Ps5SZ0ap9WDDDKNJJpGRSTAlWqx4k0rh1wNs1LZcwBcZAuyacT3DibvqZVGJgihPykbSsA=w2048-h1536-k-no,"Free Wi-Fi, Air-conditioned, Pool, Fitness center, Free parking, Airport shuttle, Pet-friendly, Restaurant, Beach access, Kid-friendly, Garden","A low-key local spot near the Cloud 9 surf area in General Luna, Aloha Hostel Siargao keeps a modest online footprint. It currently sits at 3.9 across 47 reviews. Honest read: a solid-not-spectacular 3.9 rating, dependable rather than dazzling. Amenities include free wi-fi, air-conditioned, pool, fitness center. Best for: travelers exploring this corner of Siargao.",9.7910667,126.1616063,https://www.google.com/maps/place/Aloha+Hostel+Siargao/data=!4m11!3m10!1s0x3303f61b946c6ced:0x3f7c5d0067c54b57!5m3!1s2026-10-31!4m1!1i2!8m2!3d9.7910667!4d126.1616063!16s%2Fg%2F11g9q6637d!19sChIJ7WxslBv2AzMRV0vFZwBdfD8?authuser=0&hl=en&rclk=1,"hostels in Cloud 9, Siargao & Surigao, Philippines",Cloud 9
Dhelta Hostel Siargao,5.0,(2),09764059202,https://wa.me/09764059202,,https://www.facebook.com/profile.php,,"Poblacion 4, General Luna, 8419 Surigao del Norte",,https://lh3.googleusercontent.com/gps-cs-s/APNQkAEmmmFJHt4bq985kzns_MB9zDfHNfZcP4oLZnAwOn7Ym4S6YqblM7SF5CbFy_9GsXLf-B2CZOKWQNDAx-Uc0v2fJEymLT5pS7OAvprI0hMoWnxLBVmxfvzMAc21jEDxFp2Ur0c=w2048-h1536-k-no,,"A low-key local spot near the Cloud 9 surf area in General Luna, Dhelta Hostel Siargao keeps a modest online footprint. It currently sits at 5.0 across 2 reviews. Honest read: only a handful of reviews so far, but early feedback leans positive. Best for: travelers exploring this corner of Siargao.",9.784278,126.1541531,https://www.google.com/maps/place/Dhelta+Hostel+Siargao/data=!4m11!3m10!1s0x3303f74119b80c29:0xbc57f374d7ebd5da!5m3!1s2026-10-31!4m1!1i2!8m2!3d9.784278!4d126.1541531!16s%2Fg%2F11kpf83878!19sChIJKQy4GUH3AzMR2tXr13TzV7w?authuser=0&hl=en&rclk=1,"hostels in Cloud 9, Siargao & Surigao, Philippines",Cloud 9
Hang Loose Siargao,3.7,(122),09156142079,https://wa.me/09156142079,,https://www.facebook.com/hangloosesiargao,,"Q5Q6+J63 Purok V, General Luna, Surigao del Norte",,https://lh3.googleusercontent.com/gps-cs-s/APNQkAE3SQPepBlDePRgYPb5_5OsXmgtzT9SGtFj0vYMi0IBBBbgYTgBTgfI-Y4DpL4kc0qQzI7mtngB7yPHluraMwnijgl4bcyG-XSMo_VDoFufg5FvPPiknYXj_-GXViwX3sSkP1E=w2048-h1536-k-no,"Free Wi-Fi, Pool, Fitness center, Airport shuttle, Garden","An established spot near the Cloud 9 surf area in General Luna, Hang Loose Siargao has clearly built a following with a sizeable review count. It currently sits at 3.7 across 122 reviews. Honest read: reviews are mixed (around 3.7), so set expectations accordingly. Amenities include free wi-fi, pool, fitness center, airport shuttle. Best for: travelers exploring this corner of Siargao.",9.7890174,126.1605486,https://www.google.com/maps/place/Hang+Loose+Siargao/data=!4m11!3m10!1s0x3303f7281b8e3fad:0xf60fda40df7ea4bd!5m3!1s2026-10-31!4m1!1i2!8m2!3d9.7890174!4d126.1605486!16s%2Fg%2F11j7hz8zj_!19sChIJrT-OGyj3AzMRvaR-30DaD_Y?authuser=0&hl=en&rclk=1,"hostels in Cloud 9, Siargao & Surigao, Philippines",Cloud 9
Soffta Surf Ranch,4.6,(124),09690770975,https://wa.me/09690770975,,http://facebook.com/sofftasurfranch,,"Tourism Rd, Purok 5, Siargao Island, General Luna, 8419 Surigao del Norte",https://hotels.cloudbeds.com/reservation/LJjJOV,https://lh3.googleusercontent.com/gps-cs-s/APNQkAGGLTNOsO7tGfgbAE7qdrHJp8INb5CnNQ4icl9v2eRxoZc5OW3m20BiQcolfyb9RHE7_zrzRgkQxQTNFyfa99muAK6rsTTJ6OcOkqKOMdpu6hqaHxCQnkk3tcUSpNgr4m-EzKea=w2048-h1536-k-no,"Free Wi-Fi, Air-conditioned, Pool, Fitness center, Free parking, Airport shuttle, Pet-friendly, Restaurant, Garden","An established spot near the Cloud 9 surf area in General Luna, Soffta Surf Ranch has clearly built a following with a sizeable review count. It currently sits at 4.6 across 124 reviews. Amenities include free wi-fi, air-conditioned, pool, fitness center. Best for: travelers exploring this corner of Siargao.",9.7898448,126.1612944,https://www.google.com/maps/place/Soffta+Surf+Ranch/data=!4m11!3m10!1s0x3303f61bb434a931:0x2f7b809ca5594b89!5m3!1s2026-10-31!4m1!1i2!8m2!3d9.7898448!4d126.1612944!16s%2Fg%2F11csqpw_r4!19sChIJMak0tBv2AzMRiUtZpZyAey8?authuser=0&hl=en&rclk=1,"hostels in Cloud 9, Siargao & Surigao, Philippines",Cloud 9
Bearby's Homestay Siargao,4.9,(18),09287399501,https://wa.me/09287399501,,https://www.facebook.com/Bearbys-Siargao-Homestay-102513477893698,,"Brgy, Catangnan, General Luna, 8419 Surigao del Norte",,https://lh3.googleusercontent.com/gps-cs-s/APNQkAHsD1zaZ1G8H9PkodyvmlQT3UjG-rGNxU41hA9CyJabfDOoy6CDath-ytywfka7DE9NlWR6pEHpmZzgvEh_vQ7SKINeg5RNzupHxvJvywgkvg7zbn0MgchrSYJ0GRNR4b2D4uEFKkY2TpI=w2048-h1536-k-no,Free Wi-Fi,"A low-key local spot near the Cloud 9 surf area in General Luna, Bearby's Homestay Siargao keeps a modest online footprint. It currently sits at 4.9 across 18 reviews. Amenities include free wi-fi. Best for: travelers exploring this corner of Siargao.",9.8100432,126.1596492,https://www.google.com/maps/place/Bearby%27s+Homestay+Siargao/data=!4m11!3m10!1s0x330409b09ce0c7fd:0xe82e1ba9e8b33ea6!5m3!1s2026-10-31!4m1!1i2!8m2!3d9.8100432!4d126.1596492!16s%2Fg%2F11gmb9qdx2!19sChIJ_cfgnLAJBDMRpj6z6KkbLug?authuser=0&hl=en&rclk=1,"hostels in Cloud 9, Siargao & Surigao, Philippines",Cloud 9
Happiness Hostel Siargao,4.6,(360),09660264679,https://wa.me/09660264679,https://www.instagram.com/happinessphboracay/,https://www.facebook.com/profile.php?id=61553831526678,,"Tourism Rd, Catangnan, General Luna, 8419 Surigao del Norte",http://www.happinessphilippines.com/,https://lh3.googleusercontent.com/gps-cs-s/APNQkAFBExv-Hfqk8EUFMl8Nhh_Y8hY54kJ665y-vJcDzaXp6KwXKC84W2rVu3snxOsoMlQzFWVo6NJ-A9QTETb3r93MCzjEXdRsVmtSrahlsGnL6eUf2T3cX71rTuWmaEgmOFP5Cg1QsiLAlFOP=w2048-h1536-k-no,"Free Wi-Fi, Free parking","A well-regarded spot near the Cloud 9 surf area in General Luna, Happiness Hostel Siargao carries a strong 4.6 rating from 360 reviews. Consistently positive feedback marks it as a dependable local pick. Amenities include free wi-fi, free parking. Best for: travelers exploring this corner of Siargao.",9.8018061,126.1595954,https://www.google.com/maps/place/Happiness+Hostel+Siargao/data=!4m11!3m10!1s0x3303f777245f7d27:0x63e64b32ed7878bc!5m3!1s2026-10-31!4m1!1i2!8m2!3d9.8018061!4d126.1595954!16s%2Fg%2F11k9nxz53d!19sChIJJ31fJHf3AzMRvHh47TJL5mM?authuser=0&hl=en&rclk=1,"hostels in Cloud 9, Siargao & Surigao, Philippines",Cloud 9
Kamurayaw Siargao Homestay,4.1,(20),09989982631,https://wa.me/09989982631,,https://www.facebook.com/kamurayawIAO,,"R535+4FQ, General Luna, 8419 Surigao del Norte",,https://lh3.googleusercontent.com/gps-cs-s/APNQkAGxvUTksWeAaJtORmkGpttknUctfnKcGPBtnEucQi8gBt235ZaAcoczrcA-yNAMfHJt7VpMGKERt7WtZB33ViFvHwaQWWD6iWNgwT1tyGdF0sRV1M3uoyyZ0k96-7CnHmQii9k=w2048-h1536-k-no,"Free Wi-Fi, Air-conditioned, Pool, Fitness center, Free parking, Airport shuttle, Smoke-free, Restaurant, Laundry service, Laundry","A low-key local spot near the Cloud 9 surf area in General Luna, Kamurayaw Siargao Homestay keeps a modest online footprint. It currently sits at 4.1 across 20 reviews. Honest read: a solid-not-spectacular 4.1 rating, dependable rather than dazzling. Amenities include free wi-fi, air-conditioned, pool, fitness center. Best for: travelers exploring this corner of Siargao.",9.8028994,126.1584316,https://www.google.com/maps/place/Kamurayaw+Siargao+Homestay/data=!4m11!3m10!1s0x330409e2e7b8a233:0x1f5807784637b3c6!5m3!1s2026-10-31!4m1!1i2!8m2!3d9.8028994!4d126.1584316!16s%2Fg%2F11sjcygk2d!19sChIJM6K45-IJBDMRxrM3RngHWB8?authuser=0&hl=en&rclk=1,"hostels in Cloud 9, Siargao & Surigao, Philippines",Cloud 9
おはよう Siargao,4.6,(42),09622046265,https://wa.me/09622046265,,https://www.facebook.com/siargaotravellers,,"Poblacion V (Purok V), General Luna, 8419 Surigao del Norte",,https://lh3.googleusercontent.com/gps-cs-s/APNQkAEBPnUXfNNKivEqsI7sVMcMsP84FpZ-iOKM6B_2V8GL4WDhiJ8NBBDSoWOMCksWRdBfXjZTxEtytmpCQbEtULgQxhT3yN5WIkG0JZCUqH284I6HMk6K2uCFsPU2lmEWcRdfJhatn0Jx52pC=w2048-h1536-k-no,,"A low-key local spot near the Cloud 9 surf area in General Luna, おはよう Siargao keeps a modest online footprint. It currently sits at 4.6 across 42 reviews. It sits among the many small, locally-run spots that give Siargao its laid-back character. Best for: travelers exploring this corner of Siargao.",9.7930019,126.1577923,https://www.google.com/maps/place/%E3%81%8A%E3%81%AF%E3%82%88%E3%81%86+Siargao/data=!4m11!3m10!1s0x3303f79151678daf:0x2a815f1d1e319343!5m3!1s2026-10-31!4m1!1i2!8m2!3d9.7930019!4d126.1577923!16s%2Fg%2F11vc92ng53!19sChIJr41nUZH3AzMRQ5MxHh1fgSo?authuser=0&hl=en&rclk=1,"hostels in Cloud 9, Siargao & Surigao, Philippines",Cloud 9
Sharegao Guesthouse,4.9,(163),09205768832,https://wa.me/09205768832,,https://www.facebook.com/sharegao,,"Catangnan, General Luna, Surigao del Norte",,https://lh3.googleusercontent.com/gps-cs-s/APNQkAF5nNJohJQnxVeCEVNw02UrVaS-0mZMIDkZaj28dXmZFlVB2h8324Fc51c2hYGMtlb4o_HkKT3knwJsUK3LJpbuTDV7oTQG3rkxid6dXi1i5lyCDjQ0gQ1AafYWZOEDQhQ9ACrS=w2048-h1536-k-no,"Free Wi-Fi, Air-conditioned, Pool, Fitness center, Free parking, Restaurant, Kid-friendly","A well-regarded spot near the Cloud 9 surf area in General Luna, Sharegao Guesthouse carries a strong 4.9 rating from 163 reviews. Consistently positive feedback marks it as a dependable local pick. Amenities include free wi-fi, air-conditioned, pool, fitness center. Best for: travelers exploring this corner of Siargao.",9.8096545,126.1622559,https://www.google.com/maps/place/Sharegao+Guesthouse/data=!4m11!3m10!1s0x330409eda5baf78b:0xd6a417ba09dc7bb6!5m3!1s2026-10-31!4m1!1i2!8m2!3d9.8096545!4d126.1622559!16s%2Fg%2F11f66td8rh!19sChIJi_e6pe0JBDMRtnvcCboXpNY?authuser=0&hl=en&rclk=1,"hostels in Cloud 9, Siargao & Surigao, Philippines",Cloud 9
Slomo • Siargao,5.0,(8),,,https://www.instagram.com/surfitgym_siargao,https://www.facebook.com/slomo.siargao,,"Purok III, General Luna, 8419 Surigao del Norte",,https://lh3.googleusercontent.com/gps-cs-s/APNQkAGMm4CBiPSzkZYeUDG0YSUE6ppG3cl3iAqU0jUiAM2LdRbQaHolEfLTkFzqm0Q4rcLMP9FJ9tR4weusZru3M4PVMu7BYJBCRL8dcikG27NBhVB26Wwu1kwm-RqjEcbtGdWav8RCCbJMl8Q=w2048-h1536-k-no,,"A low-key local spot near the Cloud 9 surf area in General Luna, Slomo • Siargao keeps a modest online footprint. It currently sits at 5.0 across 8 reviews. Honest read: only a handful of reviews so far, but early feedback leans positive. Best for: travelers exploring this corner of Siargao.",9.7864415,126.161964,https://www.google.com/maps/place/Slomo+%E2%80%A2+Siargao/data=!4m11!3m10!1s0x3303f70d94478ae9:0x89e7964e65fc4f52!5m3!1s2026-10-31!4m1!1i2!8m2!3d9.7864415!4d126.161964!16s%2Fg%2F11vszc_f22!19sChIJ6YpHlA33AzMRUk_8ZU6W54k?authuser=0&hl=en&rclk=1,"hostels in Cloud 9, Siargao & Surigao, Philippines",Cloud 9
1308 Siargao GL,5.0,(1),09053210241,https://wa.me/09053210241,,https://www.facebook.com/GLSIARGAOTRAVELANDTOURS,,"Purok 5, General Luna, 8419 Surigao del Norte",,https://lh3.googleusercontent.com/gps-cs-s/APNQkAEviC_ncBpe5i4Y2HczBGngC9pZi32Y4z-wp4c9zzoYfipKbRLQHH5Tvxc3iltp3BuHvENMwFoygZ-jhGJIE4Oy6LCizvj15NyUZIuIZP6ZvKBFqOUzVdL9Nu3pKIknMB10jORf=w2048-h1536-k-no,,"A low-key local spot near the Cloud 9 surf area in General Luna, 1308 Siargao GL keeps a modest online footprint. It currently sits at 5.0 across 1 review. Honest read: only a handful of reviews so far, but early feedback leans positive. Best for: travelers exploring this corner of Siargao.",9.7890923,126.1607175,https://www.google.com/maps/place/1308+Siargao+GL/data=!4m11!3m10!1s0x3303f71d6f1a84bb:0x42004f916ed7554d!5m3!1s2026-10-31!4m1!1i2!8m2!3d9.7890923!4d126.1607175!16s%2Fg%2F11wc851lqb!19sChIJu4Qabx33AzMRTVXXbpFPAEI?authuser=0&hl=en&rclk=1,"hostels in Cloud 9, Siargao & Surigao, Philippines",Cloud 9
Kāpena Siargao,4.8,(16),09167603003,https://wa.me/09167603003,,https://www.facebook.com/profile.php,,"Poblacion 3 Dapa - General Luna Rd, General Luna, 8419 Surigao del Norte",,https://lh3.googleusercontent.com/gps-cs-s/APNQkAG_knxk1Eh41CfqYwZJ-ag1-U1NBywMeJOIFx0t4XlYVgSaV4Vv9V_omeOFc9W5W6Ck7AD-wK1M-w_SLLKpuQCs0YfCrkXGvBeloqdGdN9hhPfzZdniLyOx1X7HpnKTkYfFQ_Dr8ZRvT0Wf=w2048-h1536-k-no,,"A low-key local spot near the Cloud 9 surf area in General Luna, Kāpena Siargao keeps a modest online footprint. It currently sits at 4.8 across 16 reviews. It sits among the many small, locally-run spots that give Siargao its laid-back character. Best for: travelers exploring this corner of Siargao.",9.7856784,126.1614384,https://www.google.com/maps/place/K%C4%81pena+Siargao/data=!4m11!3m10!1s0x3303f76df6e9663f:0xa7f40750035ca0b!5m3!1s2026-10-31!4m1!1i2!8m2!3d9.7856784!4d126.1614384!16s%2Fg%2F11ltpwxy9j!19sChIJP2bp9m33AzMRC8o1AHVAfwo?authuser=0&hl=en&rclk=1,"hostels in Cloud 9, Siargao & Surigao, Philippines",Cloud 9
Foxtail Guest House Siargao,4.0,(43),09351604182,https://wa.me/09351604182,https://www.instagram.com/foxtail_guesthouse_siargao,https://www.facebook.com/foxtailguesthousesiargao,,"tourism road poblacion 5 general luna suigao del norte Siargao, 8419 Surigao del Norte",,https://lh3.googleusercontent.com/gps-cs-s/APNQkAFVKIm2iyxuOUjRJ2XbCPbK7mwtBbQ2EJhoS4NyxvHJ9DjXrwQwTC-V7_rY6gFWTAeDAfI53_qlrhZRE0CwtK2UKjKlZmNxPC2fqsYjsza340iFmD3_EJ41xV-pUG2JibZlhO_Z=w2048-h1536-k-no,"Free Wi-Fi, Breakfast, Air-conditioned, Pool, Outdoor pool, Fitness center, Free parking, Airport shuttle, Pet-friendly, Smoke-free, Laundry service, Laundry, Garden, Accessible","A low-key local spot near the Cloud 9 surf area in General Luna, Foxtail Guest House Siargao keeps a modest online footprint. It currently sits at 4.0 across 43 reviews. Honest read: a solid-not-spectacular 4.0 rating, dependable rather than dazzling. Amenities include free wi-fi, breakfast, air-conditioned, pool. Best for: travelers exploring this corner of Siargao.",9.79145,126.1610743,https://www.google.com/maps/place/Foxtail+Guest+House+Siargao/data=!4m11!3m10!1s0x3303f7eba3a85b1d:0x52455ff0bb2b004c!5m3!1s2026-10-31!4m1!1i2!8m2!3d9.79145!4d126.1610743!16s%2Fg%2F11r40y6htm!19sChIJHVuoo-v3AzMRTAAru_BfRVI?authuser=0&hl=en&rclk=1,"hostels in Cloud 9, Siargao & Surigao, Philippines",Cloud 9
Siesta Siargao,4.9,(40),09271779100,https://wa.me/09271779100,,,,"Siargao Island, Adies Building, Corner Lot, Poblacion 1, General Luna, 8419 Surigao del Norte",https://hotels.cloudbeds.com/reservation/8luPxC,https://lh3.googleusercontent.com/gps-cs-s/APNQkAGtZFgLAiYqdRXSbN7I6CoJFENGBIcGSWFX_VgGqJsXNmm-e3b-D7i0onP_cqxegGa2pmhdikRymCAi1LxFV2YcVnyBm3IFJWhFtiVr6rTDPQFWr2vTwx8wZKDqFOBDRbwdwlA=w2048-h1536-k-no,"Free Wi-Fi, Free parking","A low-key local spot near the Cloud 9 surf area in General Luna, Siesta Siargao keeps a modest online footprint. It currently sits at 4.9 across 40 reviews. Amenities include free wi-fi, free parking. Best for: travelers exploring this corner of Siargao.",9.7823192,126.1557363,https://www.google.com/maps/place/Siesta+Siargao/data=!4m11!3m10!1s0x3303f7696064a1e1:0xb9f9b6c8078f6dc6!5m3!1s2026-10-31!4m1!1i2!8m2!3d9.7823192!4d126.1557363!16s%2Fg%2F11v59vpn3p!19sChIJ4aFkYGn3AzMRxm2PB8i2-bk?authuser=0&hl=en&rclk=1,"hostels in Cloud 9, Siargao & Surigao, Philippines",Cloud 9
Higala Hostel,4.3,(42),09178225010,https://wa.me/09178225010,,https://www.facebook.com/higalasiargao,,"CATANGNAN GENERAL LUNA SIARGAO ISLAND, 8419 Surigao del Norte",,https://lh3.googleusercontent.com/gps-cs-s/APNQkAHPqtJeK5hkNcKomWM7SLmdVbRmK4-FJY7tZ1qd6L-RNET3JVnPt7tJw4-0tBs1e79N0Uz54cYHMpQYAkp1LvD9GRqmYEyPp6I2KIpA-aiVz0onCL_6t4YuJekoM4eAfj6w2GNuzQ=w2048-h1536-k-no,"Free Wi-Fi, Air-conditioned, Pool, Fitness center, Airport shuttle, Pet-friendly, Restaurant, Kitchen","A low-key local spot near the Cloud 9 surf area in General Luna, Higala Hostel keeps a modest online footprint. It currently sits at 4.3 across 42 reviews. Amenities include free wi-fi, air-conditioned, pool, fitness center. Best for: travelers exploring this corner of Siargao.",9.8090807,126.160547,https://www.google.com/maps/place/Higala+Hostel/data=!4m11!3m10!1s0x3304094e8798e725:0x4da242dba3624bc9!5m3!1s2026-10-31!4m1!1i2!8m2!3d9.8090807!4d126.160547!16s%2Fg%2F11fd_n9hcx!19sChIJJeeYh04JBDMRyUtio9tCok0?authuser=0&hl=en&rclk=1,"hostels in Cloud 9, Siargao & Surigao, Philippines",Cloud 9
Yellow Banana Siargao,4.4,(77),09458640286,https://wa.me/09458640286,https://www.instagram.com/yellowbanana_siargao,,,"Purok 5, General Luna, 8417 Surigao del Norte",https://www.instagram.com/yellowbanana_siargao?igsh=cHNrOW5wY3NmcnZ0,https://lh3.googleusercontent.com/gps-cs-s/APNQkAHcS-K6R3IbwrcSfkGarZGZPiT9EzkrgE-Zex4CAmR4Vy4DU3RKWHL1uYA-fXouU-0DURhtWZp_AiDcGDXxm8gfdnAWDBYniLDiloJEEhdjAMxy3bc08hrppD728zVVQiuyqpURbQ=w2048-h1536-k-no,Free Wi-Fi,"A low-key local spot near the Cloud 9 surf area in General Luna, Yellow Banana Siargao keeps a modest online footprint. It currently sits at 4.4 across 77 reviews. Amenities include free wi-fi. It sits among the many small, locally-run spots that give Siargao its laid-back character. Best for: travelers exploring this corner of Siargao.",9.7904514,126.158069,https://www.google.com/maps/place/Yellow+Banana+Siargao/data=!4m11!3m10!1s0x3303f700600e3a8f:0x78ca5daa15d34547!5m3!1s2026-10-31!4m1!1i2!8m2!3d9.7904514!4d126.158069!16s%2Fg%2F11lmlnvwz3!19sChIJjzoOYAD3AzMRR0XTFapdyng?authuser=0&hl=en&rclk=1,"hostels in Cloud 9, Siargao & Surigao, Philippines",Cloud 9
Casavia Siargao Hostel,4.2,(71),09175770112,https://wa.me/09175770112,https://www.instagram.com/casavia_siargao,https://www.facebook.com/61555921312680,,"Brgy, Tuazon Point, Catangnan, Siargao, 8419 Surigao del Norte",,https://lh3.googleusercontent.com/gps-cs-s/APNQkAG7jbGeASoT_sg71qf0kMY-tBxsVwHFcv6BYRyz6-SLLfIJOz7jQ58_WHqLvNxzKJ7xkgjfv9P3u-vb_CkkrTYkg_HI4JeycncjOeyTfIuS_BOVKEq-Xi_m8Ae9j1d0MC2fKcxS=w2048-h1536-k-no,Free Wi-Fi,"A low-key local spot near the Cloud 9 surf area in General Luna, Casavia Siargao Hostel keeps a modest online footprint. It currently sits at 4.2 across 71 reviews. Amenities include free wi-fi. It sits among the many small, locally-run spots that give Siargao its laid-back character. Best for: travelers exploring this corner of Siargao.",9.8106134,126.1670523,https://www.google.com/maps/place/Casavia+Siargao+Hostel/data=!4m11!3m10!1s0x3304090158aa4dd5:0x3ceca11b08dbb978!5m3!1s2026-10-31!4m1!1i2!8m2!3d9.8106134!4d126.1670523!16s%2Fg%2F11v_8hmb_7!19sChIJ1U2qWAEJBDMReLnbCBuh7Dw?authuser=0&hl=en&rclk=1,"hostels in Cloud 9, Siargao & Surigao, Philippines",Cloud 9
Big 9 Hostel and Bar,3.5,(59),09398923734,https://wa.me/09398923734,,,,"Q5P6+7CC, General Luna, Surigao del Norte",,https://lh3.googleusercontent.com/gps-cs-s/APNQkAFrDFJTsCKdlnB1efUc6COUDd9d0WejtwyGa3rpNgH_1Dtn9sEx_X-E8AI3gOFaAVyCoLT-_yBUo2adc16sNjBuLkldeBzIaUMwC7XZdOPeV2TkpthGq1kTdUlohQW4io0mWIt_jQ=w2048-h1536-k-no,"Airport shuttle, Bar, Kid-friendly","A low-key local spot near the Cloud 9 surf area in General Luna, Big 9 Hostel and Bar keeps a modest online footprint. It currently sits at 3.5 across 59 reviews. Honest read: reviews are mixed (around 3.5), so set expectations accordingly. Amenities include airport shuttle, bar, kid-friendly. Best for: travelers exploring this corner of Siargao.",9.7856856,126.1610303,https://www.google.com/maps/place/Big+9+Hostel+and+Bar/data=!4m11!3m10!1s0x3303f610c3fe2e01:0x22ee528d7f72a860!5m3!1s2026-10-31!4m1!1i2!8m2!3d9.7856856!4d126.1610303!16s%2Fg%2F11c835xn3_!19sChIJAS7-wxD2AzMRYKhyf41S7iI?authuser=0&hl=en&rclk=1,"hostels in Cloud 9, Siargao & Surigao, Philippines",Cloud 9
Goodlife Siargao Hostel,4.3,(9),09460595280,https://wa.me/09460595280,,https://www.facebook.com/GoodlifeSiargao,,"Purok 5 Tourism Rd General Luna Siargao, Tourism Rd, General Luna, 8419 Surigao del Norte",,https://lh3.googleusercontent.com/gps-cs-s/APNQkAFXIYUxWqnjJ0B2EOzs3D6Lsr6cMtiPBRPnP0gyQQlW1axu3vULaYThWL39wNFVH1lmPa1QcGe9x7Uf_kkPkIXZGqyUpxi_vZ7SzzIInB-nHx0wI0YALrJTtGSBoLrWIOJqdkLa0g=w2048-h1536-k-no,"Free Wi-Fi, Parking, Garden","A low-key local spot near the Cloud 9 surf area in General Luna, Goodlife Siargao Hostel keeps a modest online footprint. It currently sits at 4.3 across 9 reviews. Honest read: only a handful of reviews so far, but early feedback leans positive. Amenities include free wi-fi, parking, garden. Best for: travelers exploring this corner of Siargao.",9.7903282,126.1617579,https://www.google.com/maps/place/Goodlife+Siargao+Hostel/data=!4m11!3m10!1s0x3303f7c08cd20461:0x1cb84ebed0e2cac8!5m3!1s2026-10-31!4m1!1i2!8m2!3d9.7903282!4d126.1617579!16s%2Fg%2F11rzsw4fd1!19sChIJYQTSjMD3AzMRyMri0L5OuBw?authuser=0&hl=en&rclk=1,"hostels in Cloud 9, Siargao & Surigao, Philippines",Cloud 9
Siargao Surfers Lodge,4.2,(12),09488111900,https://wa.me/09488111900,,https://www.facebook.com/siargaosurferslodge,,"Q5P6+7CC, Tourism Rd, General Luna, Surigao del Norte",,https://lh3.googleusercontent.com/gps-cs-s/APNQkAFOw2uONdeLLltjQ6Ao8GFdv8gkyWufj6AX5BV-Og2h1VyacrjJvzN3goPT7QCewKzcWmIIwzZn4KLwTmXWlmOrgiVnSzba1kmscmr02gevAoC_QQfSJqIDDz-w4jTULpuPVLi_=w2048-h1536-k-no,Bar,"A low-key local spot near the Cloud 9 surf area in General Luna, Siargao Surfers Lodge keeps a modest online footprint. It currently sits at 4.2 across 12 reviews. Amenities include bar. It sits among the many small, locally-run spots that give Siargao its laid-back character. Best for: travelers exploring this corner of Siargao.",9.7856858,126.1610302,https://www.google.com/maps/place/Siargao+Surfers+Lodge/data=!4m11!3m10!1s0x3303f610c14d4f63:0x571e8b1fccaac3fb!5m3!1s2026-10-31!4m1!1i2!8m2!3d9.7856858!4d126.1610302!16s%2Fg%2F11bx551xy8!19sChIJY09NwRD2AzMR-8OqzB-LHlc?authuser=0&hl=en&rclk=1,"hostels in Cloud 9, Siargao & Surigao, Philippines",Cloud 9
The Blue Door - Siargao,4.7,(7),09457490419,https://wa.me/09457490419,,https://www.facebook.com/people,,"Purok 5 Tourism Rd, Surigao, 8419 Surigao del Norte",,https://lh3.googleusercontent.com/gps-cs-s/APNQkAEtB0UrhlT5Y2NfwJH2wPDCeuRnAPdPhr3AG37XJF7JaF3FHucftYh9YodhxmOGfOsFEIQNo1is9IHpWQvrLe8nzpcsh5x8PZKLeJZ2dAk4BrQw5X8hHDHdNtpcBePA1ITv1wEp=w2048-h1536-k-no,Garden,"A low-key local spot near the Cloud 9 surf area in General Luna, The Blue Door - Siargao keeps a modest online footprint. It currently sits at 4.7 across 7 reviews. Honest read: only a handful of reviews so far, but early feedback leans positive. Amenities include garden. Best for: travelers exploring this corner of Siargao.",9.7888254,126.1619295,https://www.google.com/maps/place/The+Blue+Door+-+Siargao/data=!4m11!3m10!1s0x3303f775e42541e3:0xf50119e67b113eb4!5m3!1s2026-10-31!4m1!1i2!8m2!3d9.7888254!4d126.1619295!16s%2Fg%2F11l387zxsv!19sChIJ40El5HX3AzMRtD4Re-YZAfU?authuser=0&hl=en&rclk=1,"hostels in Cloud 9, Siargao & Surigao, Philippines",Cloud 9
Siargao Happynest,4.5,(4),09056107934,https://wa.me/09056107934,,https://www.facebook.com/Siargao-Happynest-509231739579694,,"Q5W5+WV9, Pangpang, Santa Ines, General Luna, Surigao del Norte",https://www.facebook.com/Siargao-Happynest-509231739579694/,https://lh3.googleusercontent.com/gps-cs-s/APNQkAELG7KlQYnQ4ywQzVjk8ReGo22w6m5x04KGo08PMsBIZxaNHM0C2J32y5OfD3Wwo-Jmc6jjWIBf43pZdFGh3BTyMpiE4kcdB3dIc5LId8NG7HNS40kEVYPKxYguDuqYz32p_9mZ=w2048-h1536-k-no,Free Wi-Fi,"A low-key local spot near the Cloud 9 surf area in General Luna, Siargao Happynest keeps a modest online footprint. It currently sits at 4.5 across 4 reviews. Honest read: only a handful of reviews so far, but early feedback leans positive. Amenities include free wi-fi. Best for: travelers exploring this corner of Siargao.",9.7972995,126.1597382,https://www.google.com/maps/place/Siargao+Happynest/data=!4m11!3m10!1s0x33040929692546b9:0xe20e5c5f46b28929!5m3!1s2026-10-31!4m1!1i2!8m2!3d9.7972995!4d126.1597382!16s%2Fg%2F11gyyspxmt!19sChIJuUYlaSkJBDMRKYmyRl9cDuI?authuser=0&hl=en&rclk=1,"hostels in Cloud 9, Siargao & Surigao, Philippines",Cloud 9
Hygge Siargao,4.5,(23),,,https://www.instagram.com/hygge_siargao,https://www.facebook.com/profile.php,,"General Luna, Surigao del Norte",,https://lh3.googleusercontent.com/gps-cs-s/APNQkAGrAHudy-QU7X3UVF-2v7mA6FUQh3PQO_xLh8Xs4RpzZBlub7NrUWnUIsYhIENPhdvjZcPTQRV55O8kx1WUFIXy7p4Gfp_oodL7wZhsPTlQXUZ0YfsLRvyV0ptIUR1B-XGBOaI=w2048-h1536-k-no,"Free Wi-Fi, Air-conditioned, Pool, Indoor pool, Fitness center, Restaurant","A low-key local spot near the Cloud 9 surf area in General Luna, Hygge Siargao keeps a modest online footprint. It currently sits at 4.5 across 23 reviews. Amenities include free wi-fi, air-conditioned, pool, indoor pool. Best for: travelers exploring this corner of Siargao.",9.8080544,126.1596153,https://www.google.com/maps/place/Hygge+Siargao/data=!4m11!3m10!1s0x330409b0f9fab557:0x85057cde22fc6120!5m3!1s2026-10-31!4m1!1i2!8m2!3d9.8080544!4d126.1596153!16s%2Fg%2F11gl0tm5t5!19sChIJV7X6-bAJBDMRIGH8It58BYU?authuser=0&hl=en&rclk=1,"hostels in Cloud 9, Siargao & Surigao, Philippines",Cloud 9
isla. Siargao Stays,4.5,(8),09639165865,https://wa.me/09639165865,,https://www.facebook.com/islastayssiargao,,"Poblacion V, General Luna, 8419 Surigao del Norte",https://www.booking.com/hotel/ph/isla-general-luna.html?aid=336690&ucfs=1&arphpl=1&checkin=2024-12-01&checkout=2024-12-03&dest_id=5375&dest_type=region&group_adults=2&req_adults=2&no_rooms=1&group_children=0&req_children=0&hpos=27&hapos=57&sr_order=popularity&srpvid=4f245f53dc9a0653&srepoch=1726839219&all_sr_blocks=1255199001_398042308_2_0_0&highlighted_blocks=1255199001_398042308_2_0_0&matching_block_id=1255199001_398042308_2_0_0&sr_pri_blocks=1255199001_398042308_2_0_0__383040,https://lh3.googleusercontent.com/gps-cs-s/APNQkAG7rNiozQoxyv0IGNxJqqZXA2jjKAKnF1iopW6orjxii8le6vH-gPto6KDuoZ6y7d1-OKotJZymcf-XVNGF8qgJouoHWTEn6TMUy7ES063PwhBrtrvXG4mesf9SE1fqUpKZOL_h=w2048-h1536-k-no,"Free Wi-Fi, Air-conditioned, Free parking","A low-key local spot near the Cloud 9 surf area in General Luna, isla. Siargao Stays keeps a modest online footprint. It currently sits at 4.5 across 8 reviews. Honest read: only a handful of reviews so far, but early feedback leans positive. Amenities include free wi-fi, air-conditioned, free parking. Best for: travelers exploring this corner of Siargao.",9.7948232,126.1515952,https://www.google.com/maps/place/isla.+Siargao+Stays/data=!4m11!3m10!1s0x3303f77c232fdacf:0x5d8976d6c085dcac!5m3!1s2026-10-31!4m1!1i2!8m2!3d9.7948232!4d126.1515952!16s%2Fg%2F11w9b6q7f4!19sChIJz9ovI3z3AzMRrNyFwNZ2iV0?authuser=0&hl=en&rclk=1,"hostels in Cloud 9, Siargao & Surigao, Philippines",Cloud 9
Dawn Patrol Siargao,4.7,(38),09165586287,https://wa.me/09165586287,,https://www.facebook.com/people,,"Siargao Island, Catangnan, General Luna, 8419 Surigao del Norte",,https://lh3.googleusercontent.com/gps-cs-s/APNQkAFeioo5mlDy0B9VdJJcaLGYFyWziVterHifxcw-slOn6z-Ocni947dEF2hNCd8vWIQzI6DcPqmxG3MKkjzwLIiUtCd8pVDtdmrddCbUUvXKF4xuXwLmoREUy2t3OsIpCX9QalHj=w2048-h1536-k-no,"Free Wi-Fi, Free parking","A low-key local spot near the Cloud 9 surf area in General Luna, Dawn Patrol Siargao keeps a modest online footprint. It currently sits at 4.7 across 38 reviews. Amenities include free wi-fi, free parking. Best for: travelers exploring this corner of Siargao.",9.8022499,126.1590405,https://www.google.com/maps/place/Dawn+Patrol+Siargao/data=!4m11!3m10!1s0x330409b79d2915e1:0xc5b43919bb660675!5m3!1s2026-10-31!4m1!1i2!8m2!3d9.8022499!4d126.1590405!16s%2Fg%2F11svhyn_qj!19sChIJ4RUpnbcJBDMRdQZmuxk5tMU?authuser=0&hl=en&rclk=1,"hostels in Cloud 9, Siargao & Surigao, Philippines",Cloud 9
Isla Stays via Cohoots,4.9,(15),09761599407,https://wa.me/09761599407,,https://www.facebook.com/islastayssiargao,,"Purok 3, General Luna, 8419 Surigao del Norte",,https://lh3.googleusercontent.com/gps-cs-s/APNQkAEqQazequL4gsMgBhU6vw97hCvJZCIH5UZZ6DE96LrgcLna1NjmnoV0PKS3TSor6Lgg4UFIBRCPPamb6WSnJruA-3OEdqISHTt0Duw6ojC_R_0DCACGO9Mu1vw8Hx8z3qA-8YGZLcz2g9-Z=w2048-h1536-k-no,,"A low-key local spot near the Cloud 9 surf area in General Luna, Isla Stays via Cohoots keeps a modest online footprint. It currently sits at 4.9 across 15 reviews. It sits among the many small, locally-run spots that give Siargao its laid-back character. Best for: travelers exploring this corner of Siargao.",9.7843017,126.1572556,https://www.google.com/maps/place/Isla+Stays+via+Cohoots/data=!4m11!3m10!1s0x3303f7638a997caf:0xcce191ce5f559cbb!5m3!1s2026-10-31!4m1!1i2!8m2!3d9.7843017!4d126.1572556!16s%2Fg%2F11v17qbllg!19sChIJr3yZimP3AzMRu5xVX86R4cw?authuser=0&hl=en&rclk=1,"hostels in Cloud 9, Siargao & Surigao, Philippines",Cloud 9
Yellow House Siargao Homestay,4.5,(2),09389102905,https://wa.me/09389102905,,https://www.facebook.com/siargaohouseforrent,,"Q5R6+PHR, General Luna, Surigao del Norte",,https://lh3.googleusercontent.com/gps-cs-s/APNQkAHB2hOSdldPRqin0b2cwhYxFrnSlj8acps_x7K5s1FF1ax7OR-CStln8f1EjCmtg9dxMDETNy5NIGtJnpiWhkKTSzEEosBDOMVlIvJiRKeGbs6qzy5-aUJjxcEJNWmaITncBkasTg=w2048-h1536-k-no,,"A low-key local spot near the Cloud 9 surf area in General Luna, Yellow House Siargao Homestay keeps a modest online footprint. It currently sits at 4.5 across 2 reviews. Honest read: only a handful of reviews so far, but early feedback leans positive. Best for: travelers exploring this corner of Siargao.",9.7918608,126.1613883,https://www.google.com/maps/place/Yellow+House+Siargao+Homestay/data=!4m11!3m10!1s0x3303f7c7481218ff:0x6b16af613b0e0300!5m3!1s2026-10-31!4m1!1i2!8m2!3d9.7918608!4d126.1613883!16s%2Fg%2F11h6fmb_gn!19sChIJ_xgSSMf3AzMRAAMOO2GvFms?authuser=0&hl=en&rclk=1,"hostels in Cloud 9, Siargao & Surigao, Philippines",Cloud 9
Siargao Bunkbeds,5.0,(1),09300935862,https://wa.me/09300935862,,https://www.facebook.com/AffordableBunkbeds,,"Tourism Rd, General Luna, 8419 Surigao del Norte",,https://lh3.googleusercontent.com/gps-cs-s/APNQkAG3jcnQMy9AjIhoCtddXv4JXgn8byTgkwKEmquoURIZWBqdt0Z6ePSk_uLpuWzicNizXzL17wIjZ9WJKOOOM2L1q29chgnioEVAa1Mm04f3mO3HAszfANdLUwYBB0wjikU5nsX3mQ=w2048-h1536-k-no,,"A low-key local spot near the Cloud 9 surf area in General Luna, Siargao Bunkbeds keeps a modest online footprint. It currently sits at 5.0 across 1 review. Honest read: only a handful of reviews so far, but early feedback leans positive. Best for: travelers exploring this corner of Siargao.",9.7926744,126.1613058,https://www.google.com/maps/place/Siargao+Bunkbeds/data=!4m11!3m10!1s0x3303f73727af2481:0x41d80201a38d5089!5m3!1s2026-10-31!4m1!1i2!8m2!3d9.7926744!4d126.1613058!16s%2Fg%2F11fn0197hb!19sChIJgSSvJzf3AzMRiVCNowEC2EE?authuser=0&hl=en&rclk=1,"hostels in Cloud 9, Siargao & Surigao, Philippines",Cloud 9
Kasadjah Siargao Native House,4.6,(7),09173262754,https://wa.me/09173262754,,https://www.facebook.com/100054309140620,,"Q5Q5+MQ9 Siargao Island, General Luna, Surigao del Norte",http://www.booking.com/Share-koCzy1,https://lh3.googleusercontent.com/gps-cs-s/APNQkAG6VP_FIdV5C6Q1yqhIKWVNJtPPYUGXTDgG5J7-Ey0wQpaDNed5vyvTNnqKelVUr7rHWBW7oqaogVSvIrai_FyBcWOPXZZfYiwxL4rGZYP4hmXMt9gIO372Tdnjwq2npnjwfj4Y=w2048-h1536-k-no,Free Wi-Fi,"A low-key local spot near the Cloud 9 surf area in General Luna, Kasadjah Siargao Native House keeps a modest online footprint. It currently sits at 4.6 across 7 reviews. Honest read: only a handful of reviews so far, but early feedback leans positive. Amenities include free wi-fi. Best for: travelers exploring this corner of Siargao.",9.7891623,126.1594894,https://www.google.com/maps/place/Kasadjah+Siargao+Native+House/data=!4m11!3m10!1s0x3303f71f6f135bd9:0x7ffb6dbff1cd62be!5m3!1s2026-10-31!4m1!1i2!8m2!3d9.7891623!4d126.1594894!16s%2Fg%2F11fm2mbcfk!19sChIJ2VsTbx_3AzMRvmLN8b9t-38?authuser=0&hl=en&rclk=1,"hostels in Cloud 9, Siargao & Surigao, Philippines",Cloud 9
Buyod Homestay,4.5,(8),09613006723,https://wa.me/09613006723,https://www.instagram.com/buyodsiargao,https://www.facebook.com/journeyinnsiargao,,"Sta Ines, General Luna, 8419 Surigao del Norte",https://www.instagram.com/buyodsiargao?igsh=aDFzbHM0YWF3YWJm&utm_source=qr,https://lh3.googleusercontent.com/gps-cs-s/APNQkAGqJwaYHRSdHGJbx0s_51ZFO68p-RSg4gWP67VtBaOrE5Aden_TaztOzaiCPgpemfI1gLcANcysiwDV2A3P-XdEK3R_h0tHiM0GX7FlmzxI5QL0FPC97HRzDfIviTLEXezZJrht=w2048-h1536-k-no,Spa,"A low-key local spot near the Cloud 9 surf area in General Luna, Buyod Homestay keeps a modest online footprint. It currently sits at 4.5 across 8 reviews. Honest read: only a handful of reviews so far, but early feedback leans positive. Amenities include spa. Best for: travelers exploring this corner of Siargao.",9.7975957,126.1562748,https://www.google.com/maps/place/Buyod+Homestay/data=!4m11!3m10!1s0x33040975b5eb3a0d:0xa153ff80cd7b5bd7!5m3!1s2026-10-31!4m1!1i2!8m2!3d9.7975957!4d126.1562748!16s%2Fg%2F11vlq7753v!19sChIJDTrrtXUJBDMR11t7zYD_U6E?authuser=0&hl=en&rclk=1,"hostels in Cloud 9, Siargao & Surigao, Philippines",Cloud 9
JJ Siargao Homestay,4.5,(2),09477785468,https://wa.me/09477785468,,https://www.facebook.com/profile.php,,"Purok 5, General Luna, 8419 Surigao del Norte",,https://lh3.googleusercontent.com/gps-cs-s/APNQkAFZf5rVGHsRxynAANjh_SE4UVWoDRmdG3sSnCYNSK30fdB4g5tFj7zAg2TBnyaxzADjPL4PWBFsjmog9Tq-hZMJ6d93c4b7QR5JMNzddwDKFopb4fKJbBdjF04SlYPjYrM2iRgOvXy3QB1d=w2048-h1536-k-no,"Air-conditioned, Free parking, Airport shuttle, Smoke-free, Business center","A low-key local spot near the Cloud 9 surf area in General Luna, JJ Siargao Homestay keeps a modest online footprint. It currently sits at 4.5 across 2 reviews. Honest read: only a handful of reviews so far, but early feedback leans positive. Amenities include air-conditioned, free parking, airport shuttle, smoke-free. Best for: travelers exploring this corner of Siargao.",9.7857216,126.1579896,https://www.google.com/maps/place/JJ+Siargao+Homestay/data=!4m11!3m10!1s0x3303f7b1eb8d9d57:0xd88993f5c79ab9a8!5m3!1s2026-10-31!4m1!1i2!8m2!3d9.7857216!4d126.1579896!16s%2Fg%2F11sbxkp0zh!19sChIJV52N67H3AzMRqLmax_WTidg?authuser=0&hl=en&rclk=1,"hostels in Cloud 9, Siargao & Surigao, Philippines",Cloud 9
Ameeza Houze Homestay - Siargao,4.4,(26),09605961145,https://wa.me/09605961145,,https://www.facebook.com/kulaysiargaohomestay/,,"M. Forcadilla St, General Luna, Surigao del Norte",https://ameezahouse1.wixsite.com/siargao,https://lh3.googleusercontent.com/gps-cs-s/APNQkAEx3MapEmKWMykRyLgUgv1Skrp8TlFUc1USGP-pQiOof8eWtQRGG_BL92DfuEuuSBkhOg94s1TG2ZP6-lXUy031Pf8-WCxLZ24SQqxFznL1eJ4ML3tRtWl-TsJHYQ8Yx4UTBV8=w2048-h1536-k-no,"Free Wi-Fi, Free breakfast, Air-conditioned, Pool, Fitness center, Free parking, Airport shuttle, Pet-friendly, Restaurant, Kid-friendly","A low-key local spot near the Cloud 9 surf area in General Luna, Ameeza Houze Homestay - Siargao keeps a modest online footprint. It currently sits at 4.4 across 26 reviews. Amenities include free wi-fi, free breakfast, air-conditioned, pool. Best for: travelers exploring this corner of Siargao.",9.782743,126.1532313,https://www.google.com/maps/place/Ameeza+Houze+Homestay+-+Siargao/data=!4m11!3m10!1s0x3303f7b5ee3805ef:0x66691ba78db6a7f2!5m3!1s2026-10-31!4m1!1i2!8m2!3d9.782743!4d126.1532313!16s%2Fg%2F11g2yy7_v_!19sChIJ7wU47rX3AzMR8qe2jacbaWY?authuser=0&hl=en&rclk=1,"hostels in Cloud 9, Siargao & Surigao, Philippines",Cloud 9
The Hangout,4.2,(6),09950117805,https://wa.me/09950117805,https://www.instagram.com/thehangoutsiargao,https://www.facebook.com/TheHangoutSiargao,,"Q5Q5+8WQ, General Luna, Surigao del Norte",,https://lh3.googleusercontent.com/gps-cs-s/APNQkAFfKJk70RbvCbcNSntqpWw3qeER77dym4Wn55YhnkhxiWxT2VVo4oW2WgBWPBumdeVKgSrPf_dx6_Oiq87o8U5v_z5PY5_ODlkweG9IqokAouUgJScxnMW8plnuS1urvfAuPO0=w2048-h1536-k-no,Kid-friendly,"A low-key local spot near the Cloud 9 surf area in General Luna, The Hangout keeps a modest online footprint. It currently sits at 4.2 across 6 reviews. Honest read: only a handful of reviews so far, but early feedback leans positive. Amenities include kid-friendly. Best for: travelers exploring this corner of Siargao.",9.7883369,126.1598616,https://www.google.com/maps/place/The+Hangout/data=!4m11!3m10!1s0x3303f619f5a46473:0xdfcc63fcf68e5062!5m3!1s2026-10-31!4m1!1i2!8m2!3d9.7883369!4d126.1598616!16s%2Fg%2F11fjtb97vk!19sChIJc2Sk9Rn2AzMRYlCO9vxjzN8?authuser=0&hl=en&rclk=1,"hostels in Cloud 9, Siargao & Surigao, Philippines",Cloud 9
RGJA's Homestay,4.9,(8),09709645079,https://wa.me/09709645079,,https://www.facebook.com/100084107933476,,"Q5M4+964, General Luna, Surigao del Norte",,https://lh3.googleusercontent.com/gps-cs-s/APNQkAFi10XvZ4LSY0e32yGA0DA2Hm-YvjuTxXgdmivTEcu71JHNt4hCvRe1QUrs-KEQAW5NbCOUIzd-QJsbxCIhJv6CbhZWDMs10__XXblo-IzyYDsvSPEnth-d87G8c2m_JxOcdXAr=w2048-h1536-k-no,"Free Wi-Fi, Breakfast, Free parking","A low-key local spot near the Cloud 9 surf area in General Luna, RGJA's Homestay keeps a modest online footprint. It currently sits at 4.9 across 8 reviews. Honest read: only a handful of reviews so far, but early feedback leans positive. Amenities include free wi-fi, breakfast, free parking. Best for: travelers exploring this corner of Siargao.",9.7833942,126.1555827,https://www.google.com/maps/place/RGJA%27s+Homestay/data=!4m11!3m10!1s0x3303f6160bdf5121:0x695290bbf1d77968!5m3!1s2026-10-31!4m1!1i2!8m2!3d9.7833942!4d126.1555827!16s%2Fg%2F11hdb7t5bs!19sChIJIVHfCxb2AzMRaHnX8buQUmk?authuser=0&hl=en&rclk=1,"hostels in Cloud 9, Siargao & Surigao, Philippines",Cloud 9
Hamogaway Homestay Siargao,4.2,(5),09850274326,https://wa.me/09850274326,,https://www.facebook.com/profile.php,,"Poblacion 3, General Luna, Siargao Surigao del Norte",,https://lh3.googleusercontent.com/gps-cs-s/APNQkAHt0bKa1VOHB2okZJecZOTQA7Ht_dwiaz71EkHLLlf8rQUPBqlc65uKY_WNUNd2T4f1DQx121NQ_Md8YY447NRxQM1UreqnRzNlj8d-eCmcEP10WFsqiWv4_qyvVWP_JZrkryI=w2048-h1536-k-no,,"A low-key local spot near the Cloud 9 surf area in General Luna, Hamogaway Homestay Siargao keeps a modest online footprint. It currently sits at 4.2 across 5 reviews. Honest read: only a handful of reviews so far, but early feedback leans positive. Best for: travelers exploring this corner of Siargao.",9.7856126,126.1604614,https://www.google.com/maps/place/Hamogaway+Homestay+Siargao/data=!4m11!3m10!1s0x3303f73ad3687491:0x9dc56e803e125d4d!5m3!1s2026-10-31!4m1!1i2!8m2!3d9.7856126!4d126.1604614!16s%2Fg%2F11whgj9vmj!19sChIJkXRo0zr3AzMRTV0SPoBuxZ0?authuser=0&hl=en&rclk=1,"hostels in Cloud 9, Siargao & Surigao, Philippines",Cloud 9
Aela's Home,4.5,(4),09491013278,https://wa.me/09491013278,,https://www.facebook.com/people,,"Poblacion 5, General Luna, 8419 Surigao del Norte",,https://streetviewpixels-pa.googleapis.com/v1/thumbnail?panoid=bgm17PJglpqenyRA4tsImw&cb_client=search.gws-prod.gps&w=80&h=92&yaw=338.0271&pitch=0&thumbfov=100,,"A low-key local spot near the Cloud 9 surf area in General Luna, Aela's Home keeps a modest online footprint. It currently sits at 4.5 across 4 reviews. Honest read: only a handful of reviews so far, but early feedback leans positive. Best for: travelers exploring this corner of Siargao.",9.7867893,126.1561339,https://www.google.com/maps/place/Aela%27s+Home/data=!4m11!3m10!1s0x3303f74df961dbad:0xb99c0f893cc99313!5m3!1s2026-10-31!4m1!1i2!8m2!3d9.7867893!4d126.1561339!16s%2Fg%2F11j0phzg7l!19sChIJrdth-U33AzMRE5PJPIkPnLk?authuser=0&hl=en&rclk=1,"hostels in Cloud 9, Siargao & Surigao, Philippines",Cloud 9
Pamana Homestay(Hostel),5.0,(1),09605882047,https://wa.me/09605882047,,,,"Q5J4+V5P, General Luna, Surigao del Norte",,https://lh3.googleusercontent.com/gps-cs-s/APNQkAGtZFgLAiYqdRXSbN7I6CoJFENGBIcGSWFX_VgGqJsXNmm-e3b-D7i0onP_cqxegGa2pmhdikRymCAi1LxFV2YcVnyBm3IFJWhFtiVr6rTDPQFWr2vTwx8wZKDqFOBDRbwdwlA=w2048-h1536-k-no,"Free Wi-Fi, Free parking","A low-key local spot near the Cloud 9 surf area in General Luna, Pamana Homestay(Hostel) keeps a modest online footprint. It currently sits at 5.0 across 1 review. Honest read: only a handful of reviews so far, but early feedback leans positive. Amenities include free wi-fi, free parking. Best for: travelers exploring this corner of Siargao.",9.7819675,126.1558949,https://www.google.com/maps/place/Pamana+Homestay%28Hostel%29/data=!4m11!3m10!1s0x3303f7001e007a55:0xa294bd7653a5e514!5m3!1s2026-10-31!4m1!1i2!8m2!3d9.7819675!4d126.1558949!16s%2Fg%2F11vtbjzf2d!19sChIJVXoAHgD3AzMRFOWlU3a9lKI?authuser=0&hl=en&rclk=1,"hostels in Cloud 9, Siargao & Surigao, Philippines",Cloud 9
The Courtyard Siargao,4.9,(12),09054296322,https://wa.me/09054296322,https://www.instagram.com/thecourtyardsiargao,,,"Q5M3+5X, Siargao, 8417 Surigao del Norte",,https://lh3.googleusercontent.com/gps-cs-s/APNQkAEegrLcC8KzIL8CijPGXHcDhHLIZWjsAW6YtIeagJRcB-oR-Ko_K7p_5s_alp6-v9xvd86oUAiRYpXqFnlrWEa_P003dICcAIEios9x2DxJ_8O0PcsXCa75LRRZCC-x1EnrRTwF=w2048-h1536-k-no,"Free Wi-Fi, Free parking","A low-key local spot near the Cloud 9 surf area in General Luna, The Courtyard Siargao keeps a modest online footprint. It currently sits at 4.9 across 12 reviews. Amenities include free wi-fi, free parking. Best for: travelers exploring this corner of Siargao.",9.7827975,126.1551118,https://www.google.com/maps/place/The+Courtyard+Siargao/data=!4m11!3m10!1s0x3303f72122afb057:0x750fcf0acfc93166!5m3!1s2026-10-31!4m1!1i2!8m2!3d9.7827975!4d126.1551118!16s%2Fg%2F11h0v4jr93!19sChIJV7CvIiH3AzMRZjHJzwrPD3U?authuser=0&hl=en&rclk=1,"hostels in Cloud 9, Siargao & Surigao, Philippines",Cloud 9
Bubble Siargao,4.6,(53),09666083361,https://wa.me/09666083361,https://instagram.com/bubble.siargao,https://facebook.com/bubble.siargao,,"Tawin-tawin, General Luna, 8419 Surigao del Norte",http://bubblesiargao.staydirectly.com/,https://lh3.googleusercontent.com/gps-cs-s/APNQkAFuQ6ziWzNti5hE5eSxfIF8_JXLloBDQvcwHfqL4sDHwc0MUPgkNOdsVnGYZWX8bsZ3Yuf-9Idzf4fLywXqlxfwtOWts6axIyO1l5ogR2EJ5ruzAd5Oa0LbUWFTiO7UQSkHFK7I=w2048-h1536-k-no,"Free Wi-Fi, Breakfast, Air-conditioned, Pool, Fitness center, Free parking, Airport shuttle, Pet-friendly, Business center, Accessible","A low-key local spot near the Cloud 9 surf area in General Luna, Bubble Siargao keeps a modest online footprint. It currently sits at 4.6 across 53 reviews. Amenities include free wi-fi, breakfast, air-conditioned, pool. Best for: travelers exploring this corner of Siargao.",9.7979974,126.1430903,https://www.google.com/maps/place/Bubble+Siargao/data=!4m11!3m10!1s0x3303f72389480e59:0xc85e2b0e120e4288!5m3!1s2026-10-31!4m1!1i2!8m2!3d9.7979974!4d126.1430903!16s%2Fg%2F11kj9jlhpt!19sChIJWQ5IiSP3AzMRiEIOEg4rXsg?authuser=0&hl=en&rclk=1,"hotels in Cloud 9, Siargao & Surigao, Philippines",Cloud 9
Marahuyo Siargao,4.8,(63),09395233329,https://wa.me/09395233329,https://www.instagram.com/marahuyo.siargao/?igshid=OGQ5ZDc2ODk2ZA,https://www.facebook.com/marahuyosiargao?mibextid=ZbWKwL,,"Tuason Point, Siargao, General Luna, 8419 Surigao del Norte",https://www.marahuyosiargao.com/en/,https://lh3.googleusercontent.com/gps-cs-s/APNQkAHFmbsoIwFtKsgyanrL6oVhjXTagiJ2FsQfC0j44QKCx50xhN_NQ0hUMKCqZ0_gSE3rhweNZxAgS6DS8qh4X2VvZQROCTT67pXL0Onl3TzGxg7_j2dmlpnUVKj-j_SdFVHaOrm-=w2048-h1536-k-no,"Free Wi-Fi, Air-conditioned, Pool, Fitness center, Free parking, Airport shuttle, Restaurant, Laundry service, Laundry, Beach access","A low-key local spot near the Cloud 9 surf area in General Luna, Marahuyo Siargao keeps a modest online footprint. It currently sits at 4.8 across 63 reviews. Amenities include free wi-fi, air-conditioned, pool, fitness center. Best for: travelers exploring this corner of Siargao.",9.8067027,126.1674976,https://www.google.com/maps/place/Marahuyo+Siargao/data=!4m11!3m10!1s0x330409fc42dd927f:0xedd44331e0a6e40!5m3!1s2026-10-31!4m1!1i2!8m2!3d9.8067027!4d126.1674976!16s%2Fg%2F11hzcrl_n3!19sChIJf5LdQvwJBDMRQG4KHjNE3Q4?authuser=0&hl=en&rclk=1,"hotels in Cloud 9, Siargao & Surigao, Philippines",Cloud 9
Siargao Bleu Resort & Spa,4.1,(448),09178188800,https://wa.me/09178188800,https://instagram.com/siargaobleu?igshid=OGQ5ZDc2ODk2ZA,https://www.facebook.com/siargaobleu?mibextid=2JQ9oc,,"Tourism Rd, General Luna, Surigao del Norte",http://www.siargaobleu.com/,https://lh3.googleusercontent.com/gps-cs-s/APNQkAH1cpy1u-F0KPNiA62p7hI3cP_sKhP1A4tp-fU_YXtIGhx13Yi4JMcrYGhtDixapPFtIRV-Pt3xiy-8B0zrW5vKx5sVXYge0qmXpYME8VflUL4DD2xMeQpeAIFw2RWKw0xaOLTXfbxIThy3=w2048-h1536-k-no,"Free Wi-Fi, Free breakfast, Air-conditioned, Pool, Outdoor pool, Hot tub, Spa, Fitness center, Free parking, Airport shuttle, Pet-friendly, Restaurant, Bar, Room service, Laundry service, Laundry, Beach access, Kid-friendly","An established spot near the Cloud 9 surf area in General Luna, Siargao Bleu Resort & Spa has clearly built a following with a sizeable review count. It currently sits at 4.1 across 448 reviews. Honest read: a solid-not-spectacular 4.1 rating, dependable rather than dazzling. Amenities include free wi-fi, free breakfast, air-conditioned, pool. Best for: travelers exploring this corner of Siargao.",9.8064923,126.1650175,https://www.google.com/maps/place/Siargao+Bleu+Resort+%26+Spa/data=!4m11!3m10!1s0x330409efe73aae91:0xaae56f6f13d9096d!5m3!1s2026-10-31!4m1!1i2!8m2!3d9.8064923!4d126.1650175!16s%2Fg%2F11bw77s618!19sChIJka465-8JBDMRbQnZE29v5ao?authuser=0&hl=en&rclk=1,"hotels in Cloud 9, Siargao & Surigao, Philippines",Cloud 9
The Ohm Siargao Resort,4.9,(181),09666676669,https://wa.me/09666676669,http://instagram.com/theohmsiargao,http://www.facebook.com/theohmsiargao,,"Barangay St Ines, Catangnan, General Luna, 8419 Surigao del Norte",http://theohmsiargao.com/,https://lh3.googleusercontent.com/gps-cs-s/APNQkAFnZDBd-ZIty6_JW0VfaG9cRAWoKQztPHBotbKMQrsYcskGaET9qNuu4vo3z_GdhLaR3XJy70g3zFSwwbWuevSm9cfaBWdxgMkeNvhRMnN-DIpqrawn5jQ4qOlc272GeI6CCvysbA=w2048-h1536-k-no,"Free Wi-Fi, Breakfast, Air-conditioned, Pool, Outdoor pool, Fitness center, Free parking, Airport shuttle, Pet-friendly, Smoke-free, Restaurant, Bar, Room service","A well-regarded spot near the Cloud 9 surf area in General Luna, The Ohm Siargao Resort carries a strong 4.9 rating from 181 reviews. Consistently positive feedback marks it as a dependable local pick. Amenities include free wi-fi, breakfast, air-conditioned, pool. Best for: travelers exploring this corner of Siargao.",9.802082,126.1561974,https://www.google.com/maps/place/The+Ohm+Siargao+Resort/data=!4m11!3m10!1s0x33040928225ac0a3:0xa86cd7f97cbebabb!5m3!1s2026-10-31!4m1!1i2!8m2!3d9.802082!4d126.1561974!16s%2Fg%2F11tjzpz3r6!19sChIJo8BaIigJBDMRu7q-fPnXbKg?authuser=0&hl=en&rclk=1,"hotels in Cloud 9, Siargao & Surigao, Philippines",Cloud 9
Siargao Sunflower Suites,4.4,(147),09562696991,https://wa.me/09562696991,,https://www.facebook.com/sunflowerhousesiargao,,"General Luna, Surigao del Norte",,https://lh3.googleusercontent.com/gps-cs-s/APNQkAFzXflwxkvFINmABGVctLB60sBbfOd1asTHPG4a0FH9lFSZWENBEg5vX0oz_uyPDK3B1IFkaBwbut4zqKVBBS04QS3u6mVpcz6tmJdntaKAKKbF0595S7iL-I7wT8DoWEi3FJmeHA=w2048-h1536-k-no,"Free Wi-Fi, Air-conditioned, Pool, Fitness center, Free parking, Laundry service, Laundry, Kid-friendly, Garden","An established spot near the Cloud 9 surf area in General Luna, Siargao Sunflower Suites has clearly built a following with a sizeable review count. It currently sits at 4.4 across 147 reviews. Amenities include free wi-fi, air-conditioned, pool, fitness center. Best for: travelers exploring this corner of Siargao.",9.7931924,126.1571823,https://www.google.com/maps/place/Siargao+Sunflower+Suites/data=!4m11!3m10!1s0x3303f61f2748811d:0x87bab9d08c326db4!5m3!1s2026-10-31!4m1!1i2!8m2!3d9.7931924!4d126.1571823!16s%2Fg%2F11f4wtx_hx!19sChIJHYFIJx_2AzMRtG0yjNC5uoc?authuser=0&hl=en&rclk=1,"hotels in Cloud 9, Siargao & Surigao, Philippines",Cloud 9
Suyog Life Siargao,4.7,(56),09171726765,https://wa.me/09171726765,https://www.instagram.com/suyoglifesiargao,http://www.facebook.com/suyoglifesiargao,,"Q5P4+MP8, Tourism Rd, General Luna, Surigao del Norte",http://www.facebook.com/suyoglifesiargao,https://lh3.googleusercontent.com/gps-cs-s/APNQkAE8PDU5CB7tiMMYevltw1XUMF-EMhe7Kw0h47fHzXvmFyipd6E7Dyvu19c6aFIATtazvbsIZGKkXpUPBznPCxglwvSVtGgCscWDRYqrw3d-ehRgOBUACfUkKdocyh1F0h4aRrY=w2048-h1536-k-no,"Free Wi-Fi, Air-conditioned, Pool, Fitness center, Free parking, Airport shuttle, Restaurant, Bar","A low-key local spot near the Cloud 9 surf area in General Luna, Suyog Life Siargao keeps a modest online footprint. It currently sits at 4.7 across 56 reviews. Amenities include free wi-fi, air-conditioned, pool, fitness center. Best for: travelers exploring this corner of Siargao.",9.7866675,126.156835,https://www.google.com/maps/place/Suyog+Life+Siargao/data=!4m11!3m10!1s0x3303f77e0be411ad:0x68fe958f85e71214!5m3!1s2026-10-31!4m1!1i2!8m2!3d9.7866675!4d126.156835!16s%2Fg%2F11h_bwvpgb!19sChIJrRHkC373AzMRFBLnhY-V_mg?authuser=0&hl=en&rclk=1,"hotels in Cloud 9, Siargao & Surigao, Philippines",Cloud 9
Isla Cabana Resort,4.3,(491),09171809588,https://wa.me/09171809588,https://www.instagram.com/islacabanaresort?igsh=ajBiM2E3dnM0ODhh,https://www.facebook.com/islacabanaresortsiargaoisland,,"Q5R7+376, Brgy. Cambutuanon, Purok 5 Tourism Rd, General Luna, 8419 Surigao del Norte",http://www.islacabanaresort.com/,https://lh3.googleusercontent.com/gps-cs-s/APNQkAFK55W9D_1OidK2YohAP2JLC_nZblPJ4oro2uLv6Hh3LWqy1gNn9K-4w5CN6IieNtl2nyheDO55Ope6ZX8QYxisYJWCYrROW1YBgRDh1S5CnrOAPLJuXvGBkHd1j2fCgsfzW58D9NfGbvPH=w2048-h1536-k-no,"Free Wi-Fi, Free breakfast, Air-conditioned, Pool, Outdoor pool, Fitness center, Free parking, Airport shuttle, Pet-friendly, Smoke-free, Restaurant, Bar, Room service, Laundry service, Laundry, Beach access, Kid-friendly, Business center, Accessible","An established spot near the Cloud 9 surf area in General Luna, Isla Cabana Resort has clearly built a following with a sizeable review count. It currently sits at 4.3 across 491 reviews. Amenities include free wi-fi, free breakfast, air-conditioned, pool. Best for: travelers exploring this corner of Siargao.",9.7899365,126.1632829,https://www.google.com/maps/place/Isla+Cabana+Resort/data=!4m11!3m10!1s0x3303f61b05f49ad9:0x245b90b3ae432a7!5m3!1s2026-10-31!4m1!1i2!8m2!3d9.7899365!4d126.1632829!16s%2Fg%2F1hhjc6lly!19sChIJ2Zr0BRv2AzMRpzLkOgu5RQI?authuser=0&hl=en&rclk=1,"hotels in Cloud 9, Siargao & Surigao, Philippines",Cloud 9
Surfing Temple,4.5,(158),09684402027,https://wa.me/09684402027,,https://www.facebook.com/surfingtemple,,"Siargao Island, Catangnan 9.8091882, 126.1615678, Siargao, Surigao del Norte",,https://lh3.googleusercontent.com/gps-cs-s/APNQkAGlbZLYp5WFnYA-5-gr6s2dr2O5yuIc_MNawVaYE1Yj8WE0Rg7TY8apZGelOTrvTcQkXCDL4eKeOJY4opMwDPjbKLbemFbyP7RDqIpEO3qbQS57Kyrt8fR1aqdvMU4729vaX_LA=w2048-h1536-k-no,"Free Wi-Fi, Free breakfast, Air-conditioned, Pool, Outdoor pool, Fitness center, Free parking, Airport shuttle, Pet-friendly, Restaurant, Bar, Room service, Laundry service, Laundry, Accessible","A well-regarded spot near the Cloud 9 surf area in General Luna, Surfing Temple carries a strong 4.5 rating from 158 reviews. Consistently positive feedback marks it as a dependable local pick. Amenities include free wi-fi, free breakfast, air-conditioned, pool. Best for: travelers exploring this corner of Siargao.",9.8092019,126.1615887,https://www.google.com/maps/place/Surfing+Temple/data=!4m11!3m10!1s0x3304093cae8801b9:0x3f83e19ee9cdcecd!5m3!1s2026-10-31!4m1!1i2!8m2!3d9.8092019!4d126.1615887!16s%2Fg%2F11kkc502vl!19sChIJuQGIrjwJBDMRzc7N6Z7hgz8?authuser=0&hl=en&rclk=1,"hotels in Cloud 9, Siargao & Surigao, Philippines",Cloud 9
Siargao Zita's Garden Inn,4.6,(89),09294417137,https://wa.me/09294417137,,https://www.facebook.com/SiargaoZitasGardenHotel,,"Purok 5, Poblacion, General Luna, Surigao del Norte",,https://lh3.googleusercontent.com/gps-cs-s/APNQkAFuGMkjVPQ3iOjm_7zVN3HBmqj2wPprZgRVeKKiPJeEerG0gJw8DkCIE1yirfA-wXjP6Jocn9rYkcUb7t1KuS9a98_G7zZQSSL4PyrCF0I2oQiAfDIzt13BMK8J6HMOmCiV9TK1mQ=w2048-h1536-k-no,"Free Wi-Fi, Air-conditioned, Pool, Spa, Fitness center, Free parking, Airport shuttle, Laundry service, Laundry, Garden","A low-key local spot near the Cloud 9 surf area in General Luna, Siargao Zita's Garden Inn keeps a modest online footprint. It currently sits at 4.6 across 89 reviews. Amenities include free wi-fi, air-conditioned, pool, spa. Best for: travelers exploring this corner of Siargao.",9.7938289,126.1569976,https://www.google.com/maps/place/Siargao+Zita%27s+Garden+Inn/data=!4m11!3m10!1s0x3303f7ac3872ab11:0x86a33bbad3a0854e!5m3!1s2026-10-31!4m1!1i2!8m2!3d9.7938289!4d126.1569976!16s%2Fg%2F11j8mttzxy!19sChIJEatyOKz3AzMRToWg07o7o4Y?authuser=0&hl=en&rclk=1,"hotels in Cloud 9, Siargao & Surigao, Philippines",Cloud 9
Katig Siargao Boutique Hotel,4.7,(72),09171370565,https://wa.me/09171370565,http://www.instagram.com/katigsiargao,http://www.facebook.com/katigsiargao,,"B-2, Katig Siargao Boutique Hotel, 9286 Tourism Rd, General Luna, 8419 Surigao del Norte",http://www.katigsiargao.com/,https://lh3.googleusercontent.com/gps-cs-s/APNQkAHcKzYmHE-M6NX5jIB4hl3f4owRyY-y6rU1CesoOW_jF2XNCijFm_mm00AXCJGxCtfkTXtCZf1AbVc6d8j4yqSAQ-gADr07qGI-26NBb-2LamaSLeyko4X6G7I-nS9PvncUaVnrbrPv3vtU=w2048-h1536-k-no,"Free Wi-Fi, Parking, Garden","A low-key local spot near the Cloud 9 surf area in General Luna, Katig Siargao Boutique Hotel keeps a modest online footprint. It currently sits at 4.7 across 72 reviews. Amenities include free wi-fi, parking, garden. Best for: travelers exploring this corner of Siargao.",9.792356,126.1623829,https://www.google.com/maps/place/Katig+Siargao+Boutique+Hotel/data=!4m11!3m10!1s0x3303f7e9c2d16761:0x5c5f2d388ff1ed58!5m3!1s2026-10-31!4m1!1i2!8m2!3d9.792356!4d126.1623829!16s%2Fg%2F11vs7pyjlf!19sChIJYWfRwun3AzMRWO3xjzgtX1w?authuser=0&hl=en&rclk=1,"hotels in Cloud 9, Siargao & Surigao, Philippines",Cloud 9
Shat's Guest House,4.0,(43),09185415562,https://wa.me/09185415562,,https://www.facebook.com/shatsguesthouse,,"Q5Q6+MXC, Poblacion, General Luna, Siargao Island, General Luna, Surigao del Norte",,https://lh3.googleusercontent.com/gps-cs-s/APNQkAHXSxMrvD6ShBKHtRMUW_AAJqXfGVAy6qQUSfjAbkFZDftUJEGiwGBobClrj9uvwZ0aiurtNZNvhF2SE1bEgIxDuYnhRPvSYWyXA0K7d9FbqHS5spL66w-MQWBcgstGGU0Mt2sqzw=w2048-h1536-k-no,"Kid-friendly, Garden","A low-key local spot near the Cloud 9 surf area in General Luna, Shat's Guest House keeps a modest online footprint. It currently sits at 4.0 across 43 reviews. Honest read: a solid-not-spectacular 4.0 rating, dependable rather than dazzling. Amenities include kid-friendly, garden. Best for: travelers exploring this corner of Siargao.",9.7891753,126.162406,https://www.google.com/maps/place/Shat%27s+Guest+House/data=!4m11!3m10!1s0x3304082abb3a9f2b:0xd4921f7b01b437ec!5m3!1s2026-10-31!4m1!1i2!8m2!3d9.7891753!4d126.162406!16s%2Fg%2F11bzvvc8p2!19sChIJK586uyoIBDMR7De0AXsfktQ?authuser=0&hl=en&rclk=1,"hotels in Cloud 9, Siargao & Surigao, Philippines",Cloud 9
Wayfarer Cloud 9 Resort,3.7,(31),09184434800,https://wa.me/09184434800,,https://www.facebook.com/Cloud9SiargaoIsland,,"R566+P8J, General Luna, Surigao del Norte",,https://lh3.googleusercontent.com/gps-cs-s/APNQkAFZ7MhNSr-b8KgCgBhVbeGkwu403zB8GU-UtjE7EWVrxdqpl-2B8tM90TKxXwze3q1e1K6K708Osa8cF9SsE9e5edDpV1_VTI61FC30erRVtwjrPz6z7iclhq9A2sdYQuA-ZwZjpA=w2048-h1536-k-no,"Free Wi-Fi, Air-conditioned, Airport shuttle, Kid-friendly","A low-key local spot near the Cloud 9 surf area in General Luna, Wayfarer Cloud 9 Resort keeps a modest online footprint. It currently sits at 3.7 across 31 reviews. Honest read: reviews are mixed (around 3.7), so set expectations accordingly. Amenities include free wi-fi, air-conditioned, airport shuttle, kid-friendly. Best for: travelers exploring this corner of Siargao.",9.8118266,126.1607641,https://www.google.com/maps/place/Wayfarer+Cloud+9+Resort/data=!4m11!3m10!1s0x330409936e507c09:0xc525727210a498f9!5m3!1s2026-10-31!4m1!1i2!8m2!3d9.8118266!4d126.1607641!16s%2Fg%2F1jky3hg_2!19sChIJCXxQbpMJBDMR-ZikEHJyJcU?authuser=0&hl=en&rclk=1,"hotels in Cloud 9, Siargao & Surigao, Philippines",Cloud 9
Siargao Seasky Resort,4.0,(167),09602801082,https://wa.me/09602801082,https://www.instagram.com/seasky_siargao,https://www.facebook.com/iaosunshine,,"Siargao Island, Brgy. Catangnan across KMJ Suites or beside Last Chance, General Luna, 8419 Surigao del Norte",,https://lh3.googleusercontent.com/gps-cs-s/APNQkAFr_lCgO2-L6sU_OeCT9vqbdImGBwAjsbw9mu5wnenp5U6UIf7SIkhQLcQq_UKCGqH5F-Ayc_t4EFdPJ4LPqAg_EHNZbsvG7YEMa7WVR2yKN-b8u0cBPM-6rqNcSME5jKTRFJoO=w2048-h1536-k-no,"Free Wi-Fi, Air-conditioned, Pool, Fitness center, Free parking, Restaurant, Business center","An established spot near the Cloud 9 surf area in General Luna, Siargao Seasky Resort has clearly built a following with a sizeable review count. It currently sits at 4.0 across 167 reviews. Honest read: a solid-not-spectacular 4.0 rating, dependable rather than dazzling. Amenities include free wi-fi, air-conditioned, pool, fitness center. Best for: travelers exploring this corner of Siargao.",9.7950439,126.1596057,https://www.google.com/maps/place/Siargao+Seasky+Resort/data=!4m11!3m10!1s0x3303f75a50eece1b:0x317986ee7719ba73!5m3!1s2026-10-31!4m1!1i2!8m2!3d9.7950439!4d126.1596057!16s%2Fg%2F11jzt2z1tw!19sChIJG87uUFr3AzMRc7oZd-6GeTE?authuser=0&hl=en&rclk=1,"hotels in Cloud 9, Siargao & Surigao, Philippines",Cloud 9
Siargao Inn Beach Resort,4.2,(210),,,,https://www.facebook.com/siargaoinnresort,,"Tourism Road Siargao Island Brgy, General Luna, 8419 Surigao del Norte",,https://lh3.googleusercontent.com/gps-cs-s/APNQkAGu6M3NpBNnrNjuTIZRjevU-uvvf5pSDhuUYKarCAghHoHtoHaZ-WEf9nPpHW_1BrDKG4Sj5cJ3QuYq1mydSCjiz0jdwhFJ0kwCN6dW7e8QmQLR-BgDcTZtWf5utPS8j_OMQRS6=w2048-h1536-k-no,"Free Wi-Fi, Air-conditioned, Pool, Fitness center, Free parking, Restaurant, Bar, Laundry service, Laundry, Beach access, Kid-friendly","An established spot near the Cloud 9 surf area in General Luna, Siargao Inn Beach Resort has clearly built a following with a sizeable review count. It currently sits at 4.2 across 210 reviews. Amenities include free wi-fi, air-conditioned, pool, fitness center. Best for: travelers exploring this corner of Siargao.",9.7994272,126.1607118,https://www.google.com/maps/place/Siargao+Inn+Beach+Resort/data=!4m11!3m10!1s0x330409e3cfced941:0x804c4b5ecb937a4d!5m3!1s2026-10-31!4m1!1i2!8m2!3d9.7994272!4d126.1607118!16s%2Fg%2F1thwxztv!19sChIJQdnOz-MJBDMRTXqTy15LTIA?authuser=0&hl=en&rclk=1,"hotels in Cloud 9, Siargao & Surigao, Philippines",Cloud 9
Lux Boutique Resort and Restaurant Siargao,4.1,(16),09209689934,https://wa.me/09209689934,https://www.instagram.com/luxresortsiargao,,,"R564+4J3 Cloud 9, General Luna, Surigao del Norte",,https://lh3.googleusercontent.com/gps-cs-s/APNQkAGTW_eykGwRESHysJrE6ckuLZy-9gTkMHY4FOWrAPjm-hLByDdGc_8G5holybKcNIu2SnOikIrkcMwOkGKIDeT-r65jAi7l-ykHkBRo_dlN4u84vsE1P6SgprDqbssN4gMSSW3y=w2048-h1536-k-no,"Free Wi-Fi, Restaurant, Kid-friendly","A low-key local spot near the Cloud 9 surf area in General Luna, Lux Boutique Resort and Restaurant Siargao keeps a modest online footprint. It currently sits at 4.1 across 16 reviews. Amenities include free wi-fi, restaurant, kid-friendly. Best for: travelers exploring this corner of Siargao.",9.810257,126.156557,https://www.google.com/maps/place/Lux+Boutique+Resort+and+Restaurant+Siargao/data=!4m11!3m10!1s0x330409e997572bd3:0x8e2f0170968d3444!5m3!1s2026-10-31!4m1!1i2!8m2!3d9.810257!4d126.156557!16s%2Fg%2F11c1nt0ppd!19sChIJ0ytXl-kJBDMRRDSNlnABL44?authuser=0&hl=en&rclk=1,"hotels in Cloud 9, Siargao & Surigao, Philippines",Cloud 9
"Kawayan Villa, Siargao",4.5,(117),09395547450,https://wa.me/09395547450,https://www.instagram.com/kawayanvillasiargao/,https://www.facebook.com/Kawayansiargaovilla/,,"Kawayan villa , tourism road, Cloud 9 Dr, Cattangnan, General Luna, 8419 Surigao del Norte",https://kawayanvillasiargao.com/,https://lh3.googleusercontent.com/gps-cs-s/APNQkAH28kJKoELjgTU6bA2xK09ZFDuhCGqW2bghyIGV-lBSGVNsVSCtBwZd8xRIlLccjYpDvTIfHXMCod6LQwsLowVZIJfH5cfmbUfEVMD8mKwLCUbVVx1vdTOZjuJ4FwnqIGPhWZGI=w2048-h1536-k-no,"Free Wi-Fi, Free breakfast, Air-conditioned, Pool, Outdoor pool, Fitness center, Free parking, Airport shuttle, Pet-friendly, Restaurant, Bar, Room service, Laundry service, Laundry, Kid-friendly, Accessible","An established spot near the Cloud 9 surf area in General Luna, Kawayan Villa, Siargao has clearly built a following with a sizeable review count. It currently sits at 4.5 across 117 reviews. Amenities include free wi-fi, free breakfast, air-conditioned, pool. Best for: travelers exploring this corner of Siargao.",9.8110631,126.1638311,"https://www.google.com/maps/place/Kawayan+Villa,+Siargao/data=!4m11!3m10!1s0x330409edc3a6c273:0xb2d1924bdad9309d!5m3!1s2026-10-31!4m1!1i2!8m2!3d9.8110631!4d126.1638311!16s%2Fg%2F1xfsl884!19sChIJc8Kmw-0JBDMRnTDZ2kuS0bI?authuser=0&hl=en&rclk=1","hotels in Cloud 9, Siargao & Surigao, Philippines",Cloud 9
Banakod Siargao,3.9,(146),09171274182,https://wa.me/09171274182,https://www.instagram.com/banakodsiargao,https://www.facebook.com/112579343718486,,"Lot 2373, Tourism Rd, Catangnan, General Luna, 8419 Surigao del Norte",https://www.banakodsiargao.com/,https://lh3.googleusercontent.com/gps-cs-s/APNQkAGgLeIJaDbKbgtg3Mt6YOxLcHf_3GG9xdpIxyGwXp1QDbMuxZzsrl9kpgVrl42wqeyUziwI63R-ZxN4OltUTMaFUI5jdFHjKKXZF019eJ0JivFE_6PFC7IANNyOpqEwKWDJWzHe=w2048-h1536-k-no,"Free Wi-Fi, Air-conditioned, Pool, Fitness center, Free parking, Airport shuttle","An established spot near the Cloud 9 surf area in General Luna, Banakod Siargao has clearly built a following with a sizeable review count. It currently sits at 3.9 across 146 reviews. Honest read: a solid-not-spectacular 3.9 rating, dependable rather than dazzling. Amenities include free wi-fi, air-conditioned, pool, fitness center. Best for: travelers exploring this corner of Siargao.",9.8086728,126.1599484,https://www.google.com/maps/place/Banakod+Siargao/data=!4m11!3m10!1s0x3304096111fc86e9:0x1aa43ebe2d81cc3d!5m3!1s2026-10-31!4m1!1i2!8m2!3d9.8086728!4d126.1599484!16s%2Fg%2F11fpfywqgr!19sChIJ6Yb8EWEJBDMRPcyBLb4-pBo?authuser=0&hl=en&rclk=1,"hotels in Cloud 9, Siargao & Surigao, Philippines",Cloud 9
Kaimana Resort Siargao,4.6,(120),09171561221,https://wa.me/09171561221,https://www.instagram.com/kaimanasiargao?igsh=cW9xYWVzcmxjajEz,https://www.facebook.com/kaimanasiargao/,,"Tourism Rd, General Luna, Surigao del Norte",http://kaimanasiargao.ph/,https://lh3.googleusercontent.com/gps-cs-s/APNQkAFrpLaj2i8M3JQvorFRmKJ-f_R6ouPiloMSprhJ98gBeVoteX5l-IAyHairZZJHtr2Z8tH7JNEwsycPCCVhgsAwxsnErFJFHgXwEE6dGLLxZR3p4P6aqwtMrIKu1YrlNtJ4p-nA=w2048-h1536-k-no,"Free Wi-Fi, Free breakfast, Air-conditioned, Pool, Fitness center, Free parking, Airport shuttle, Pet-friendly, Smoke-free, Restaurant, Bar, Room service, Laundry service, Laundry, Kid-friendly, Business center, Accessible","An established spot near the Cloud 9 surf area in General Luna, Kaimana Resort Siargao has clearly built a following with a sizeable review count. It currently sits at 4.6 across 120 reviews. Amenities include free wi-fi, free breakfast, air-conditioned, pool. Best for: travelers exploring this corner of Siargao.",9.8057854,126.161247,https://www.google.com/maps/place/Kaimana+Resort+Siargao/data=!4m11!3m10!1s0x330409f87b92b3c1:0xe14c9ddfa6b8f3a5!5m3!1s2026-10-31!4m1!1i2!8m2!3d9.8057854!4d126.161247!16s%2Fg%2F11hdqhv8d6!19sChIJwbOSe_gJBDMRpfO4pt-dTOE?authuser=0&hl=en&rclk=1,"hotels in Cloud 9, Siargao & Surigao, Philippines",Cloud 9
Zahara House Siargao,4.9,(13),09693082906,https://wa.me/09693082906,,,,"General Luna, 8419 Surigao del Norte",,https://lh3.googleusercontent.com/gps-cs-s/APNQkAFU7gIyxWXPkuiiOclsuRVQowfLvdsWV3k1gWv7U0ioqsbkqzDX6lcdsIDQtFewewqCHkKFdGhRlWuWrR9_AwgS2WksTXe-XMFTRE6cDWry200boTov46GH4tORVmjPYFeALtiI=w2048-h1536-k-no,"Free Wi-Fi, Spa","A low-key local spot near the Cloud 9 surf area in General Luna, Zahara House Siargao keeps a modest online footprint. It currently sits at 4.9 across 13 reviews. Amenities include free wi-fi, spa. Best for: travelers exploring this corner of Siargao.",9.7944228,126.1571649,https://www.google.com/maps/place/Zahara+House+Siargao/data=!4m11!3m10!1s0x3303f78b267865fb:0xe0f77bde265a9d12!5m3!1s2026-10-31!4m1!1i2!8m2!3d9.7944228!4d126.1571649!16s%2Fg%2F11stbdr9ty!19sChIJ-2V4Jov3AzMREp1aJt579-A?authuser=0&hl=en&rclk=1,"hotels in Cloud 9, Siargao & Surigao, Philippines",Cloud 9
Makulay Siargao Resort,4.7,(26),09086078974,https://wa.me/09086078974,,https://www.facebook.com/makulaysiargao,,"R4WR+299, General Luna, Surigao del Norte",,https://lh3.googleusercontent.com/gps-cs-s/APNQkAFXdSfvA8NFPoVMd9bQEeBOGXitq5fGLRGvqXamadv9L2xPCbc2O79JiidkX00dLjGfuRGs4yTRO-6dDGoHSfUoPaXii81P5ByR2z8JYZBUa6GyiA6BtFmOtmqyMlM08ZKBPz7-=w2048-h1536-k-no,"Free Wi-Fi, Pool, Fitness center, Free parking, Kid-friendly","A low-key local spot near the Cloud 9 surf area in General Luna, Makulay Siargao Resort keeps a modest online footprint. It currently sits at 4.7 across 26 reviews. Amenities include free wi-fi, pool, fitness center, free parking. Best for: travelers exploring this corner of Siargao.",9.8450468,126.1409724,https://www.google.com/maps/place/Makulay+Siargao+Resort/data=!4m11!3m10!1s0x330409052759b331:0xb48e5f496d2c3aec!5m3!1s2026-10-31!4m1!1i2!8m2!3d9.8450468!4d126.1409724!16s%2Fg%2F11dymnkdq9!19sChIJMbNZJwUJBDMR7DosbUlfjrQ?authuser=0&hl=en&rclk=1,"hotels in Cloud 9, Siargao & Surigao, Philippines",Cloud 9
Kajali,4.8,(57),09338683650,https://wa.me/09338683650,http://instagram.com/kajalisiargao,https://www.facebook.com/people/Kajali-Siargao/100092740321592/,,"Q5P6+X4Q, General Luna, Surigao del Norte",https://www.kajali-resort.com/,https://lh3.googleusercontent.com/gps-cs-s/APNQkAGTz3vLK0tmLAtG5Rwv7txzYZa6lcqsDlwjGSvvBQV9DCTdtZ9lt1fN10DL_rAgo5M2Nx9613Zrc19e4HzXNoM_rEKw9ianXcrEE5dnbT1jJXZavDCVbFa21gI1_EY--HB9njpf5lXSBGs=w2048-h1536-k-no,,"A low-key local spot near the Cloud 9 surf area in General Luna, Kajali keeps a modest online footprint. It currently sits at 4.8 across 57 reviews. It sits among the many small, locally-run spots that give Siargao its laid-back character. Best for: travelers exploring this corner of Siargao.",9.7875143,126.1607805,https://www.google.com/maps/place/Kajali/data=!4m11!3m10!1s0x3303f70006a3dced:0xc6f20be94f357eed!5m3!1s2026-10-31!4m1!1i2!8m2!3d9.7875143!4d126.1607805!16s%2Fg%2F11vk71wsbm!19sChIJ7dyjBgD3AzMR7X41T-kL8sY?authuser=0&hl=en&rclk=1,"hotels in Cloud 9, Siargao & Surigao, Philippines",Cloud 9
Hotspot Resort Siargao,4.2,(21),,,,https://www.facebook.com/GeorgesAllaboutthePhilippines,,"R566+VGC, General Luna, Surigao del Norte",,https://lh3.googleusercontent.com/gps-cs-s/APNQkAGnXVMuPSTV3K9qPfSZJsdpOQ5xpj5ZiuSaK7gZyaSA4VYpiGboivk1o-GlR9EragsF2pRUSpIMBeg1A24J-erDUiqI87GwARUJA3kAglG2oS7JU4v2SUrsiywISBMk6fAd9TMW=w2048-h1536-k-no,"Free Wi-Fi, Pet-friendly, Kid-friendly","A low-key local spot near the Cloud 9 surf area in General Luna, Hotspot Resort Siargao keeps a modest online footprint. It currently sits at 4.2 across 21 reviews. Amenities include free wi-fi, pet-friendly, kid-friendly. Best for: travelers exploring this corner of Siargao.",9.8121873,126.1612734,https://www.google.com/maps/place/Hotspot+Resort+Siargao/data=!4m11!3m10!1s0x330409ec5b6ddc97:0xdcba30f1d2c93673!5m3!1s2026-10-31!4m1!1i2!8m2!3d9.8121873!4d126.1612734!16s%2Fg%2F11gfh98sb1!19sChIJl9xtW-wJBDMRczbJ0vEwutw?authuser=0&hl=en&rclk=1,"hotels in Cloud 9, Siargao & Surigao, Philippines",Cloud 9
SOLANA SIARGAO,4.5,(15),,,,https://www.facebook.com/profile.php,,"Q5W6+F32, General Luna, Surigao del Norte",,https://lh3.googleusercontent.com/gps-cs-s/APNQkAFU4tdj4Gj-oemINMKgjzAlT3_gq_sysBwic7dvtUhhDouFi_rbTz10xZs4P1BwOxBzW-tdpfOR-HlAolBBiEKvuOawzQRp-8cUQTg6QTwDbOXJi6o77lv_VhqIfW8Jb5DHjz_s1WVGp3U8=w2048-h1536-k-no,"Free Wi-Fi, Spa, Free parking","A low-key local spot near the Cloud 9 surf area in General Luna, SOLANA SIARGAO keeps a modest online footprint. It currently sits at 4.5 across 15 reviews. Amenities include free wi-fi, spa, free parking. Best for: travelers exploring this corner of Siargao.",9.7961269,126.1601462,https://www.google.com/maps/place/SOLANA+SIARGAO/data=!4m11!3m10!1s0x3303f7004b5da17f:0x5544c5a241eaccdc!5m3!1s2026-10-31!4m1!1i2!8m2!3d9.7961269!4d126.1601462!16s%2Fg%2F11vpcnvqbg!19sChIJf6FdSwD3AzMR3MzqQaLFRFU?authuser=0&hl=en&rclk=1,"hotels in Cloud 9, Siargao & Surigao, Philippines",Cloud 9
Sentro Suites | Siargao,4.4,(41),09952819658,https://wa.me/09952819658,https://www.instagram.com/sentrosuites/,https://www.facebook.com/sentrosuites,,"La Purisima Street, Purok 2, General Luna, Surigao del Norte",http://www.sentrosuitessiargao.com/,https://lh3.googleusercontent.com/gps-cs-s/APNQkAFhOHhU8UVKfX1Q-pZEx1o3NFV222-sCvAXGLteVv4Kp1aYYpUZ9d4EenXv8mXoIRLOz9ALFmYs2vXqBwaS10B7N2HosiTIYFME29_7mN4CN6Vt-Eeeh8kfUvfszTzFPZEKugrV1g=w2048-h1536-k-no,"Free Wi-Fi, Free breakfast, Air-conditioned, Pool, Fitness center, Free parking, Airport shuttle, Pet-friendly, Restaurant, Bar, Laundry service, Laundry, Kid-friendly","A low-key local spot near the Cloud 9 surf area in General Luna, Sentro Suites | Siargao keeps a modest online footprint. It currently sits at 4.4 across 41 reviews. Amenities include free wi-fi, free breakfast, air-conditioned, pool. Best for: travelers exploring this corner of Siargao.",9.7831197,126.1565068,https://www.google.com/maps/place/Sentro+Suites+%7C+Siargao/data=!4m11!3m10!1s0x3303f7d88aebd471:0x2fccb433ff9d0e98!5m3!1s2026-10-31!4m1!1i2!8m2!3d9.7831197!4d126.1565068!16s%2Fg%2F11g1_tnm5w!19sChIJcdTritj3AzMRmA6d_zO0zC8?authuser=0&hl=en&rclk=1,"hotels in Cloud 9, Siargao & Surigao, Philippines",Cloud 9
Siargao Pacific View Lodge (Homestay),3.8,(10),09203160612,https://wa.me/09203160612,,https://www.facebook.com/pages,,"Q5M4+PHW Siargao Island, General Luna, Surigao del Norte",,https://lh3.googleusercontent.com/gps-cs-s/APNQkAFzhjfvvNncsJrKWQgGw2mPhbBjnIVDvbadQjb_8YPZ3c1yquqpMIGLKFzFmXZs2LqU7g-ftPcE9_fYe0GyDgCPdEdtas8zPGgqrIhskiLN--d-8c_imB6Nru03NDhX7li4WGEd=w2048-h1536-k-no,"Free Wi-Fi, Free parking, Kid-friendly","A low-key local spot near the Cloud 9 surf area in General Luna, Siargao Pacific View Lodge (Homestay) keeps a modest online footprint. It currently sits at 3.8 across 10 reviews. Honest read: only a handful of reviews so far, but early feedback leans positive. Amenities include free wi-fi, free parking, kid-friendly. Best for: travelers exploring this corner of Siargao.",9.784354,126.15644,https://www.google.com/maps/place/Siargao+Pacific+View+Lodge+%28Homestay%29/data=!4m11!3m10!1s0x3303f61642f07e93:0xc82c7be61346f8c5!5m3!1s2026-10-31!4m1!1i2!8m2!3d9.784354!4d126.15644!16s%2Fg%2F1pzq4s20k!19sChIJk37wQhb2AzMRxfhGE-Z7LMg?authuser=0&hl=en&rclk=1,"hotels in Cloud 9, Siargao & Surigao, Philippines",Cloud 9
Kesa Cloud 9 Resort,3.7,(39),09988979468,https://wa.me/09988979468,https://www.instagram.com/kesacloud9siargao,https://www.facebook.com/kesacloud9siargao,,"R567+JG9 Siargao Island, Cloud 9 Dr, General Luna, Surigao del Norte",,https://lh3.googleusercontent.com/gps-cs-s/APNQkAGstJPfn1RBcT2sfAipefBJAJgV5iMqKljqfxXkJ7NgMwU3Sd6BLHhvdJPHizKxi3EZpz-p7K8CnyzMUtmWjFvK7CsGM6QoS43y5Onk0o7fodTOTxjxZkMcv_HLwHpuwSjWBao=w2048-h1536-k-no,"Free Wi-Fi, Air-conditioned, Pool, Fitness center, Parking, Airport shuttle, Restaurant, Beach access, Kid-friendly","A low-key local spot near the Cloud 9 surf area in General Luna, Kesa Cloud 9 Resort keeps a modest online footprint. It currently sits at 3.7 across 39 reviews. Honest read: reviews are mixed (around 3.7), so set expectations accordingly. Amenities include free wi-fi, air-conditioned, pool, fitness center. Best for: travelers exploring this corner of Siargao.",9.811546,126.1638555,https://www.google.com/maps/place/Kesa+Cloud+9+Resort/data=!4m11!3m10!1s0x330409edc0d46055:0xeabe4d75f64139d9!5m3!1s2026-10-31!4m1!1i2!8m2!3d9.811546!4d126.1638555!16s%2Fg%2F1hc5937_k!19sChIJVWDUwO0JBDMR2TlB9nVNvuo?authuser=0&hl=en&rclk=1,"resorts in Cloud 9, Siargao & Surigao, Philippines",Cloud 9
Point 303 Resort,3.7,(183),09307919647,https://wa.me/09307919647,https://www.instagram.com/point303siargao,https://www.facebook.com/Point303Cloud9Resort,,"Point 303 Resort, General Luna, 8419 Surigao del Norte",http://www.point303siargao.com/,https://lh3.googleusercontent.com/gps-cs-s/APNQkAEOI0754XDLgO5-QfKg4YArdNqrL9y5lZj1onjC9QKizGpTpEznPjuBgrK7HBTd1sBu1biLyk0z4f1vrfQqTa3bqLzyYVjsiFrN2KufnddZfayG3OGmhWRtP8rkZhbcJJTFhF0YrQ=w2048-h1536-k-no,"Free Wi-Fi, Air-conditioned, Pool, Fitness center, Airport shuttle, Restaurant, Bar, Room service, Laundry service, Laundry, Beach access, Kid-friendly","An established spot near the Cloud 9 surf area in General Luna, Point 303 Resort has clearly built a following with a sizeable review count. It currently sits at 3.7 across 183 reviews. Honest read: reviews are mixed (around 3.7), so set expectations accordingly. Amenities include free wi-fi, air-conditioned, pool, fitness center. Best for: travelers exploring this corner of Siargao.",9.8120853,126.1628145,https://www.google.com/maps/place/Point+303+Resort/data=!4m11!3m10!1s0x330409edb2bf40b7:0x7deb6033fd9c08e6!5m3!1s2026-10-31!4m1!1i2!8m2!3d9.8120853!4d126.1628145!16s%2Fg%2F1jkyb_kph!19sChIJt0C_su0JBDMR5gic_TNg630?authuser=0&hl=en&rclk=1,"resorts in Cloud 9, Siargao & Surigao, Philippines",Cloud 9
M-resort Siargao,4.6,(43),09669167514,https://wa.me/09669167514,https://www.instagram.com/housity_/,https://www.facebook.com/people/Housity/100090119934114/,,"Sitio Saging-Saging Backroad, Catangnan, Surigao del Norte",https://www.mresortsiargao.com/,https://lh3.googleusercontent.com/gps-cs-s/APNQkAGiWwytNnnPZ7yWgd-TF7H4ukQlE4STvx6fvc1wO167CqLpmPpB84LRwYJJgbH3SsGhBclqb3qq233DeV80ZaxUafhznV4LQBZbWvqg_Qj7rzESevp752lfXyjNeM8WVWGIHnqvWA=w2048-h1536-k-no,"Free Wi-Fi, Free parking","A low-key local spot near the Cloud 9 surf area in General Luna, M-resort Siargao keeps a modest online footprint. It currently sits at 4.6 across 43 reviews. Amenities include free wi-fi, free parking. Best for: travelers exploring this corner of Siargao.",9.804032,126.1595156,https://www.google.com/maps/place/M-resort+Siargao/data=!4m11!3m10!1s0x3304092e12f70261:0xf732d6b1e26c3b82!5m3!1s2026-10-31!4m1!1i2!8m2!3d9.804032!4d126.1595156!16s%2Fg%2F11vdbfqdml!19sChIJYQL3Ei4JBDMRgjts4rHWMvc?authuser=0&hl=en&rclk=1,"resorts in Cloud 9, Siargao & Surigao, Philippines",Cloud 9
Ohana Resort Siargao,4.2,(72),09762072477,https://wa.me/09762072477,,https://www.facebook.com/ohsiargao,,"Siargao Island, Purok 5, Tourism Rd, Old Road, Purok 5, General Luna, 8419 Surigao del Norte",https://hotels.cloudbeds.com/reservation/iKC58E,https://lh3.googleusercontent.com/gps-cs-s/APNQkAEEQF4DeJzAE7y-crfcXj8gSv69LIFuopvrQXxueInRW9gOIYK-nNtBr7LwAsL3fj2ssdNbanD1fCZRVebte1Qo9FCm7t07XD4nTtkr7P5sF2iAaQxezHENZondC8P5bg_kTBvu=w2048-h1536-k-no,"Free Wi-Fi, Pool, Indoor pool, Spa, Fitness center, Restaurant, Kid-friendly","A low-key local spot near the Cloud 9 surf area in General Luna, Ohana Resort Siargao keeps a modest online footprint. It currently sits at 4.2 across 72 reviews. Amenities include free wi-fi, pool, indoor pool, spa. Best for: travelers exploring this corner of Siargao.",9.7949474,126.1561258,https://www.google.com/maps/place/Ohana+Resort+Siargao/data=!4m11!3m10!1s0x3303f7120475c7b1:0xe7a761b8cd145ce9!5m3!1s2026-10-31!4m1!1i2!8m2!3d9.7949474!4d126.1561258!16s%2Fg%2F11h1094d7c!19sChIJscd1BBL3AzMR6VwUzbhhp-c?authuser=0&hl=en&rclk=1,"resorts in Cloud 9, Siargao & Surigao, Philippines",Cloud 9
Yes Surf Siargao,4.8,(318),09276721302,https://wa.me/09276721302,https://www.instagram.com/yes_surfsiargao,https://www.facebook.com/profile.php,,"Siargao Island, Tourism Road, Cloud 9 Dr, Surigao del Norte",https://www.yessurfsiargao.com/,https://lh3.googleusercontent.com/gps-cs-s/APNQkAH7U2J9B9gFVdUIo0Rzq1CgxauNayzVI-DREf4ki-Q-ZCPIf9-Nw4tIZt1s5O4AxIcEgppJvop1XzKo50jKXUf-yZ3W58ycXICRJ9SgjaR_S7HjZQG_2rQ1N8lbheHwo4li-wrO=w2048-h1536-k-no,"Free Wi-Fi, Free breakfast, Air-conditioned, Pool, Fitness center, Free parking, Airport shuttle, Pet-friendly, Restaurant, Bar, Laundry service, Laundry, Beach access","A well-regarded spot near the Cloud 9 surf area in General Luna, Yes Surf Siargao carries a strong 4.8 rating from 318 reviews. Consistently positive feedback marks it as a dependable local pick. Amenities include free wi-fi, free breakfast, air-conditioned, pool. Best for: travelers exploring this corner of Siargao.",9.8117292,126.1633108,https://www.google.com/maps/place/Yes+Surf+Siargao/data=!4m11!3m10!1s0x3304096d246b0663:0x15ad65006206ea85!5m3!1s2026-10-31!4m1!1i2!8m2!3d9.8117292!4d126.1633108!16s%2Fg%2F11w80tq8n1!19sChIJYwZrJG0JBDMRheoGYgBlrRU?authuser=0&hl=en&rclk=1,"resorts in Cloud 9, Siargao & Surigao, Philippines",Cloud 9
NYLA Boutique Resort Siargao,4.8,(23),09543908885,https://wa.me/09543908885,https://www.instagram.com/nyla_siargao,https://www.facebook.com/profile.php,,"Close to Wild Restaurant, Catangnan Rd, General Luna, Surigao del Norte",,https://lh3.googleusercontent.com/gps-cs-s/APNQkAFfOYsQruaeFhRGOnwtR9aW52DDVf6aeScU3rwQohx34tb9iOVY3FkTTrk-2KDAES4_Pdm61ATyDsg2PYkoNyapMMa-8wz1Nd9NbvYbDyrdEPallnpdhyxXATQYDmQfn4aYYd2QTBC0A_Q=w2048-h1536-k-no,,"A low-key local spot near the Cloud 9 surf area in General Luna, NYLA Boutique Resort Siargao keeps a modest online footprint. It currently sits at 4.8 across 23 reviews. It sits among the many small, locally-run spots that give Siargao its laid-back character. Best for: travelers exploring this corner of Siargao.",9.8036782,126.1591807,https://www.google.com/maps/place/NYLA+Boutique+Resort+Siargao/data=!4m11!3m10!1s0x330409d01493e6cd:0x4480f7a1f817817a!5m3!1s2026-10-31!4m1!1i2!8m2!3d9.8036782!4d126.1591807!16s%2Fg%2F11lnnz_8k_!19sChIJzeaTFNAJBDMReoEX-KH3gEQ?authuser=0&hl=en&rclk=1,"resorts in Cloud 9, Siargao & Surigao, Philippines",Cloud 9
Alon Cloud9 Resort,4.5,(60),09178312483,https://wa.me/09178312483,,https://www.facebook.com/plugins/page.php?href=https,,"Tourism Rd, General Luna, Surigao del Norte",http://www.alonsiargao.ph/,https://lh3.googleusercontent.com/gps-cs-s/APNQkAF9AjKZwuQUsJVqeqrvrtZC0zGx_t5Os9SR5djiKxftdlVlwVxNzRAjdTE1TfOI-PvOChoIfoJK7PMR-IZG78Q4_DqV8P1-Xj_-vsMtYowE0rERcBwg-MMS8hAm52hxdBcnE10bjg=w2048-h1536-k-no,"Free Wi-Fi, Parking","A low-key local spot near the Cloud 9 surf area in General Luna, Alon Cloud9 Resort keeps a modest online footprint. It currently sits at 4.5 across 60 reviews. Amenities include free wi-fi, parking. Best for: travelers exploring this corner of Siargao.",9.8126591,126.1632139,https://www.google.com/maps/place/Alon+Cloud9+Resort/data=!4m11!3m10!1s0x330409eda836c1b7:0x190211ed1771954c!5m3!1s2026-10-31!4m1!1i2!8m2!3d9.8126591!4d126.1632139!16s%2Fg%2F11f2mltcpn!19sChIJt8E2qO0JBDMRTJVxF-0RAhk?authuser=0&hl=en&rclk=1,"resorts in Cloud 9, Siargao & Surigao, Philippines",Cloud 9
Villa Maya Siargao Island Cloud 9.,4.4,(144),09456618245,https://wa.me/09456618245,https://www.instagram.com/villamayasiargao/,https://www.facebook.com/MayaVillaGolfSiargaoCloud9/,,"Brgy, General Luna, 8419 Surigao del Norte",http://siargaovilla.com/,https://lh3.googleusercontent.com/gps-cs-s/APNQkAGMDMu-hdl9rM3AF7Z5p3su7f584V28T9ReQDbR-UuhkIpFtATUmcsvG7XJOK86U6eJfNvmdpWY0geDvCBYqtiftbW7ZyPfdVZntZbGd55cBkcm3iUwcazAvBYgORG-aqG3T_IA=w2048-h1536-k-no,"Free Wi-Fi, Free breakfast, Air-conditioned, Pool, Outdoor pool, Fitness center, Free parking, Airport shuttle, Pet-friendly, Restaurant, Bar, Room service, Laundry service, Laundry, Kid-friendly","An established spot near the Cloud 9 surf area in General Luna, Villa Maya Siargao Island Cloud 9. has clearly built a following with a sizeable review count. It currently sits at 4.4 across 144 reviews. Amenities include free wi-fi, free breakfast, air-conditioned, pool. Best for: travelers exploring this corner of Siargao.",9.806191,126.1591145,https://www.google.com/maps/place/Villa+Maya+Siargao+Island+Cloud+9./data=!4m11!3m10!1s0x330409e600e89855:0xfa7727f1254c9ec9!5m3!1s2026-10-31!4m1!1i2!8m2!3d9.806191!4d126.1591145!16s%2Fg%2F1hhgt0rxq!19sChIJVZjoAOYJBDMRyZ5MJfEnd_o?authuser=0&hl=en&rclk=1,"resorts in Cloud 9, Siargao & Surigao, Philippines",Cloud 9
Siago Beach Resort,4.7,(635),09175909315,https://wa.me/09175909315,https://www.instagram.com/siagobeachresort/,https://www.facebook.com/siagobeachresort,,"Purok V, General Luna, Surigao del Norte",http://www.siagobeachresort.com/,https://lh3.googleusercontent.com/gps-cs-s/APNQkAGkLVjz6Ggbq1MMAXSopLkKJcrG96Av1xT9Dhv0H5B5J0uZxglXH3beK0ntxc2fT_B4T27Q760a5Y5t22DJAOKZYIiobA5pcp0T6zeet6lDT0Y3mxhT72c1DBQGAnULuZItZlNE=w2048-h1536-k-no,"Free Wi-Fi, Free breakfast, Air-conditioned, Pool, Outdoor pool, Fitness center, Free parking, Airport shuttle, Pet-friendly, Smoke-free, Restaurant, Bar, Room service, Beach access, Accessible","A well-regarded spot near the Cloud 9 surf area in General Luna, Siago Beach Resort carries a strong 4.7 rating from 635 reviews. Consistently positive feedback marks it as a dependable local pick. Amenities include free wi-fi, free breakfast, air-conditioned, pool. Best for: travelers exploring this corner of Siargao.",9.7885777,126.1634983,https://www.google.com/maps/place/Siago+Beach+Resort/data=!4m11!3m10!1s0x3303f7d456d34dcb:0xd05c8d778f98858f!5m3!1s2026-10-31!4m1!1i2!8m2!3d9.7885777!4d126.1634983!16s%2Fg%2F11g_qyfvz9!19sChIJy03TVtT3AzMRj4WYj3eNXNA?authuser=0&hl=en&rclk=1,"resorts in Cloud 9, Siargao & Surigao, Philippines",Cloud 9
Kalinaw Resort,4.6,(280),09685365153,https://wa.me/09685365153,https://www.instagram.com/kalinawresortsiargao/,https://www.facebook.com/profile.php?id=100063739585819,,"Tourism Rd, Catangnan, General Luna, 8419 Surigao del Norte",http://www.kalinawresort.com/,https://lh3.googleusercontent.com/gps-cs-s/APNQkAF9OFBXMnayaUASYulMaCmDqBDX_VF5RXfVwmVxzixLc4CcW2vVQDKVcqKAAozEW643X24GEF-M8TpC-mI2X6SOt0Rwd2-NNiz0sT91T7GWgmiglmnhKM_BLhBZmfSKxf_nMln6=w2048-h1536-k-no,"Free Wi-Fi, Free breakfast, Air-conditioned, Pool, Outdoor pool, Fitness center, Free parking, Airport shuttle, Pet-friendly, Smoke-free, Restaurant, Bar, Room service, Laundry service, Laundry, Beach access, Kid-friendly","A well-regarded spot near the Cloud 9 surf area in General Luna, Kalinaw Resort carries a strong 4.6 rating from 280 reviews. Consistently positive feedback marks it as a dependable local pick. Amenities include free wi-fi, free breakfast, air-conditioned, pool. Best for: travelers exploring this corner of Siargao.",9.8066021,126.163106,https://www.google.com/maps/place/Kalinaw+Resort/data=!4m11!3m10!1s0x330409ef97cd97bd:0x1d376559d6ad4077!5m3!1s2026-10-31!4m1!1i2!8m2!3d9.8066021!4d126.163106!16s%2Fg%2F1v_0g91s!19sChIJvZfNl-8JBDMRd0Ct1lllNx0?authuser=0&hl=en&rclk=1,"resorts in Cloud 9, Siargao & Surigao, Philippines",Cloud 9
Kermit Surf Resort and Restaurant Siargao,4.5,"(1,883)",09758019657,https://wa.me/09758019657,http://instagram.com/marijarathe,https://www.facebook.com/kermitsiargao/,,"Purok 5, General Luna, Siargao Island Philippines PH, General Luna, 8417",http://www.kermitsiargao.com/,https://lh3.googleusercontent.com/gps-cs-s/APNQkAF7aeJyB05IpOhFY3E_nNn6SSZJ9V0wmIo6JA-rMKuiykjQxG_dBNGtFL8kMDyuaIRlfz8vxehrcWXmBWWE8jZNRAnOTr8fgw7Uoj6ThwjU0alhiEO2ateR7RxBHlneExV7hzg=w2048-h1536-k-no,"Free Wi-Fi, Breakfast, Air-conditioned, Pool, Fitness center, Free parking, Airport shuttle, Pet-friendly, Restaurant, Bar, Room service, Kid-friendly","A low-key local spot near the Cloud 9 surf area in General Luna, Kermit Surf Resort and Restaurant Siargao keeps a modest online footprint. It currently sits at 4.5 across 1 review. Honest read: only a handful of reviews so far, but early feedback leans positive. Amenities include free wi-fi, breakfast, air-conditioned, pool. Best for: travelers exploring this corner of Siargao.",9.7879107,126.1605177,https://www.google.com/maps/place/Kermit+Surf+Resort+and+Restaurant+Siargao/data=!4m11!3m10!1s0x3303f61a697d50eb:0xd08fd29137b9c117!5m3!1s2026-10-31!4m1!1i2!8m2!3d9.7879107!4d126.1605177!16s%2Fg%2F11gzmqfrq!19sChIJ61B9aRr2AzMRF8G5N5HSj9A?authuser=0&hl=en&rclk=1,"resorts in Cloud 9, Siargao & Surigao, Philippines",Cloud 9
Gana Siargao Island Resort,4.0,(44),09269149138,https://wa.me/09269149138,,,,"R548+VG5, New Tourism Road, Catangnan General Luna, Surigao, Surigao del Norte",,https://lh3.googleusercontent.com/gps-cs-s/APNQkAFT7SgOL_lvDPrWBt3ijI2wYShvG0_wvULqpit69D_lBq3zQphkbi6Zd-Dxld6BqOovniKd5Fw-ABryD6oxk3ktHCZSCBpM9g-8ZLcmOQr0GhAzJxm9P2EqkxKsZWwI-bCntm2MBg=w2048-h1536-k-no,"Free Wi-Fi, Airport shuttle, Kid-friendly","A low-key local spot near the Cloud 9 surf area in General Luna, Gana Siargao Island Resort keeps a modest online footprint. It currently sits at 4.0 across 44 reviews. Honest read: a solid-not-spectacular 4.0 rating, dependable rather than dazzling. Amenities include free wi-fi, airport shuttle, kid-friendly. Best for: travelers exploring this corner of Siargao.",9.8071314,126.1663656,https://www.google.com/maps/place/Gana+Siargao+Island+Resort/data=!4m11!3m10!1s0x330409f030a67037:0xcd2f8bb8d021d965!5m3!1s2026-10-31!4m1!1i2!8m2!3d9.8071314!4d126.1663656!16s%2Fg%2F11h2c41pn8!19sChIJN3CmMPAJBDMRZdkh0LiLL80?authuser=0&hl=en&rclk=1,"resorts in Cloud 9, Siargao & Surigao, Philippines",Cloud 9
Kokai Resort,4.0,(91),09087046861,https://wa.me/09087046861,,,,"Purok 5 Tourism Rd, General Luna, 8419 Surigao del Norte",,https://lh3.googleusercontent.com/gps-cs-s/APNQkAGskJRz5GU2s5AmrwKzEnxwisbVjT0nkIidZvU0EWFVj0InWUB2njYjNq84al1mgAGhd_roIoIYoqXYe3ut4Pp-a9VMB1H53RWs0PjO3Ak_0Ko34yhOxmRWA1FfFoCwCrm9BnA=w2048-h1536-k-no,"Air-conditioned, Pet-friendly, Kid-friendly","A low-key local spot near the Cloud 9 surf area in General Luna, Kokai Resort keeps a modest online footprint. It currently sits at 4.0 across 91 reviews. Honest read: a solid-not-spectacular 4.0 rating, dependable rather than dazzling. Amenities include air-conditioned, pet-friendly, kid-friendly. Best for: travelers exploring this corner of Siargao.",9.7921792,126.1621236,https://www.google.com/maps/place/Kokai+Resort/data=!4m11!3m10!1s0x3303f729f774c1bf:0x228bba6288d77f0!5m3!1s2026-10-31!4m1!1i2!8m2!3d9.7921792!4d126.1621236!16s%2Fg%2F11b6j9p4ny!19sChIJv8F09yn3AzMR8HeNKKa7KAI?authuser=0&hl=en&rclk=1,"resorts in Cloud 9, Siargao & Surigao, Philippines",Cloud 9
Coracasa Siargao Bed & Breakfast,4.8,(77),09602215918,https://wa.me/09602215918,,https://www.facebook.com/tr?id=1378049779931718&ev=PageView&noscript=1,,"Barangay, Tourism Rd, Catangnan, General Luna, 8419 Surigao del Norte",https://www.coracasabedandbreakfast.com/en/,https://lh3.googleusercontent.com/gps-cs-s/APNQkAFHJ2PY_HIDDeFyCFn4B4K7X_FxINKdfWNFoc61K9P0CNyVd4s4lBO4i7ehv4I_4MuDH15aBvTOdVcWfoDKnoTCntQJGXEft31CZ_IaBhW97R3vc1wRbGBaHPU36lvEBxC3tqs=w2048-h1536-k-no,"Free Wi-Fi, Breakfast, Air-conditioned, Pool, Fitness center, Free parking, Pet-friendly, Smoke-free","A low-key local spot near the Cloud 9 surf area in General Luna, Coracasa Siargao Bed & Breakfast keeps a modest online footprint. It currently sits at 4.8 across 77 reviews. Amenities include free wi-fi, breakfast, air-conditioned, pool. Best for: travelers exploring this corner of Siargao.",9.807112,126.1659621,https://www.google.com/maps/place/Coracasa+Siargao+Bed+%26+Breakfast/data=!4m11!3m10!1s0x3304097655929a3f:0xfab2107ffa206381!5m3!1s2026-10-31!4m1!1i2!8m2!3d9.807112!4d126.1659621!16s%2Fg%2F11kpzmk8h3!19sChIJP5qSVXYJBDMRgWMg-n8Qsvo?authuser=0&hl=en&rclk=1,"bed and breakfast in Cloud 9, Siargao & Surigao, Philippines",Cloud 9
Sadhana Siargao,4.8,(14),,,,,,"R568+369, General Luna, Surigao del Norte",,https://lh3.googleusercontent.com/gps-cs-s/APNQkAGKId3i7Qwt84XHeMehLdDRxYpwnmYSYnMPlfDSjn5SxV7mDKUFHUnhEc04XzsmAiRCuPb9KiB1C4nkWpdoegG2yJQfwgSFzZqWFRl0j7TOxXU8dIc4y1cmPYmm2oZZh5gdqos_=w2048-h1536-k-no,"Free Wi-Fi, Parking","A low-key local spot near the Cloud 9 surf area in General Luna, Sadhana Siargao keeps a modest online footprint. It currently sits at 4.8 across 14 reviews. Amenities include free wi-fi, parking. Best for: travelers exploring this corner of Siargao.",9.8101565,126.1656102,https://www.google.com/maps/place/Sadhana+Siargao/data=!4m11!3m10!1s0x330409f201b06e97:0x4edbf6cb612fbbca!5m3!1s2026-10-31!4m1!1i2!8m2!3d9.8101565!4d126.1656102!16s%2Fg%2F11f3zj952p!19sChIJl26wAfIJBDMRyrsvYcv2204?authuser=0&hl=en&rclk=1,"bed and breakfast in Cloud 9, Siargao & Surigao, Philippines",Cloud 9
Bidlisiw Siargao,4.7,(60),09053013691,https://wa.me/09053013691,,https://www.facebook.com/bidlisiwsiargao,,"Barangay 3, Poblacion General Luna, Siargao Island, Surigao del Norte",,https://lh3.googleusercontent.com/gps-cs-s/APNQkAGmC3q3XGrnG9-TmEDtgtvVMiXVfhq2qOg22RhoevkS8AD9_yStxnaBuR5niwyPFVS26qepo2YwIkCbKRCZx8iGZxINoLkU0oCoJsoWWly5f5EpGsCXal4jIFnHO-w7V4jnLlQ=w2048-h1536-k-no,"Free Wi-Fi, Air-conditioned, Pool, Parking, Airport shuttle, Pet-friendly, Restaurant, Bar, Laundry service, Laundry, Beach access","A low-key local spot near the Cloud 9 surf area in General Luna, Bidlisiw Siargao keeps a modest online footprint. It currently sits at 4.7 across 60 reviews. Amenities include free wi-fi, air-conditioned, pool, parking. Best for: travelers exploring this corner of Siargao.",9.7859561,126.1606752,https://www.google.com/maps/place/Bidlisiw+Siargao/data=!4m11!3m10!1s0x3303f610c68f50f1:0x45162dfc00cb5634!5m3!1s2026-10-31!4m1!1i2!8m2!3d9.7859561!4d126.1606752!16s%2Fg%2F11cs6b7h9y!19sChIJ8VCPxhD2AzMRNFbLAPwtFkU?authuser=0&hl=en&rclk=1,"bed and breakfast in Cloud 9, Siargao & Surigao, Philippines",Cloud 9
Siargao Swell - The Island's Local Surf Shack,3.7,(13),09977161690,https://wa.me/09977161690,,https://www.facebook.com/siargaoswell,,"Q5R4+59R, Tourism Rd, General Luna, Surigao del Norte",https://www.facebook.com/siargaoswell/,https://lh3.googleusercontent.com/gps-cs-s/APNQkAH8BxRhmowlxZTT8P-CpqzvqnV8NL9GHD29-MLBSXcL6QeUF26SOiqhfdooY23i0cgJnLHX057C6nI_QJ7OBVcKYNR6-VRIEioorek827QeZDY0eMbTq8j8aZ_pjS96H5ujEXsr=w2048-h1536-k-no,"Free Wi-Fi, Breakfast","A low-key local spot near the Cloud 9 surf area in General Luna, Siargao Swell - The Island's Local Surf Shack keeps a modest online footprint. It currently sits at 3.7 across 13 reviews. Honest read: reviews are mixed (around 3.7), so set expectations accordingly. Amenities include free wi-fi, breakfast. Best for: travelers exploring this corner of Siargao.",9.7904873,126.1558784,https://www.google.com/maps/place/Siargao+Swell+-+The+Island%27s+Local+Surf+Shack/data=!4m11!3m10!1s0x330409f4b34c0ab9:0x8bb2c11937ae5d03!5m3!1s2026-10-31!4m1!1i2!8m2!3d9.7904873!4d126.1558784!16s%2Fg%2F11gjm3rzgr!19sChIJuQpMs_QJBDMRA12uNxnBsos?authuser=0&hl=en&rclk=1,"bed and breakfast in Cloud 9, Siargao & Surigao, Philippines",Cloud 9
Pukaw Bistro,4.6,(24),09156260043,https://wa.me/09156260043,,http://facebook.com/pukawsurfvillas,,"Purok 1 General Luna Siargao, 8419 Surigao del Norte",http://facebook.com/pukawsurfvillas,https://lh3.googleusercontent.com/gps-cs-s/APNQkAEWOe7eb_yQU1kirXjEfxp782nIyNygoUTdtviEx_W7YfmghLKtw_dFku6swRfAD1A-2eG1IfRUWm80O7is9itaeTREuAPf2hPFIS0xmi8hanrxFQtQ-7oxriMeMivFqgD12PQb=w2048-h1536-k-no,"Free Wi-Fi, Free breakfast, Pool, Fitness center, Free parking, Airport shuttle, Restaurant, Bar, Beach access","A low-key local spot near the Cloud 9 surf area in General Luna, Pukaw Bistro keeps a modest online footprint. It currently sits at 4.6 across 24 reviews. Amenities include free wi-fi, free breakfast, pool, fitness center. Best for: travelers exploring this corner of Siargao.",9.7819698,126.1558928,https://www.google.com/maps/place/Pukaw+Bistro/data=!4m11!3m10!1s0x3303f7dee805735f:0x95dc8a3595b2dba7!5m3!1s2026-10-31!4m1!1i2!8m2!3d9.7819698!4d126.1558928!16s%2Fg%2F11h_trqrm1!19sChIJX3MF6N73AzMRp9uylTWK3JU?authuser=0&hl=en&rclk=1,"bed and breakfast in Cloud 9, Siargao & Surigao, Philippines",Cloud 9
Marhay Villa Siargao,5.0,(1),09178028434,https://wa.me/09178028434,,https://www.facebook.com/MarhayVillaSiargao,,"Siargao Island, Purok V, General Luna, 8419 Surigao del Norte",,https://lh3.googleusercontent.com/gps-cs-s/APNQkAHseYf-V4TZEzmlr0WRA9kWtlshDyjP8hjQkiEZuawxt7NhLMVXCcwoUS9eFbcA1vJpjAk6MhGu-qRK3JvClIVY-kZqa-2WfxhwU_FUoYuwobOR6P12pqliJfgPNKCEjdxhqm9l=w2048-h1536-k-no,,"A low-key local spot near the Cloud 9 surf area in General Luna, Marhay Villa Siargao keeps a modest online footprint. It currently sits at 5.0 across 1 review. Honest read: only a handful of reviews so far, but early feedback leans positive. Best for: travelers exploring this corner of Siargao.",9.7912192,126.159888,https://www.google.com/maps/place/Marhay+Villa+Siargao/data=!4m11!3m10!1s0x3303f77859f4d0c5:0xeff7c10730b006ed!5m3!1s2026-10-31!4m1!1i2!8m2!3d9.7912192!4d126.159888!16s%2Fg%2F11kr8pgx8h!19sChIJxdD0WXj3AzMR7QawMAfB9-8?authuser=0&hl=en&rclk=1,"bed and breakfast in Cloud 9, Siargao & Surigao, Philippines",Cloud 9
Easy Does It Guesthouse Siargao,5.0,(21),09562238175,https://wa.me/09562238175,https://www.instagram.com/easydoesit.siargao,https://www.facebook.com/p,,"Tourism Road, Cloud 9 Dr, Brgy. Catangnan, General Luna, 8419 Surigao del Norte",https://www.instagram.com/easydoesit.siargao?igsh=Z2t0N2h2dzBjN2M5,https://lh3.googleusercontent.com/gps-cs-s/APNQkAFJf535sRNisyLxsQPCUXUumuTdOAKJ_ILzdTCTjwrp1n74_1fDYzQi2tz96Od32XMoMdEGMadTv0VMArN0fJht6YBBVLa69s4Yg1mq6Muaag0DGzBNawq1gpTtDk4Be31-_YhpqUlQ8zA9=w2048-h1536-k-no,"Free Wi-Fi, Air-conditioned, Pool, Fitness center, Free parking, Pet-friendly, Restaurant","A low-key local spot near the Cloud 9 surf area in General Luna, Easy Does It Guesthouse Siargao keeps a modest online footprint. It currently sits at 5.0 across 21 reviews. Amenities include free wi-fi, air-conditioned, pool, fitness center. Best for: travelers exploring this corner of Siargao.",9.8114323,126.1635376,https://www.google.com/maps/place/Easy+Does+It+Guesthouse+Siargao/data=!4m11!3m10!1s0x3304092068a48855:0x7fd2cd0a0f113593!5m3!1s2026-10-31!4m1!1i2!8m2!3d9.8114323!4d126.1635376!16s%2Fg%2F11yjh02spj!19sChIJVYikaCAJBDMRkzURDwrN0n8?authuser=0&hl=en&rclk=1,"guesthouses in Cloud 9, Siargao & Surigao, Philippines",Cloud 9
Cloud 9 Beach Club Siargao,3.9,(52),09625804420,https://wa.me/09625804420,https://www.instagram.com/cloud9beachclubsiargao,https://www.facebook.com/Cloud9SiargaoIsland,Restaurant,"Jacking Horse, Cloud 9 Beach Club, Cloud 9 Dr, General Luna, 8419 Surigao del Norte",,https://lh3.googleusercontent.com/gps-cs-s/APNQkAHaUEhOn0JftPdBLspOPKL-h9Oq315FVYtkMzFYht6nR5PbAUHidvbg1FnGwMWZir1NBS7-dlAckMnVAuKtlono2lVvM4xF2u3ZVDqfbdjN1CLvO-CHbpesgW-JSTz9O4DBni2A4jW6o__e=w2048-h1536-k-no,"Beachfront, Wheelchair accessible, Wheelchair accessible entrance, Accessible","A casual eatery near the Cloud 9 surf area in General Luna, Cloud 9 Beach Club Siargao serves up everyday island dining. It currently sits at 3.9 across 52 reviews. Honest read: a solid-not-spectacular 3.9 rating, dependable rather than dazzling. Amenities include beachfront, wheelchair accessible, wheelchair accessible entrance, accessible. Best for: a casual island meal.",9.8134096,126.1632536,https://www.google.com/maps/place/Cloud+9+Beach+Club+Siargao/data=!4m7!3m6!1s0x33040991c402f1eb:0xca8e2c71ac1932d5!8m2!3d9.8134096!4d126.1632536!16s%2Fg%2F11vy29vxsp!19sChIJ6_ECxJEJBDMR1TIZrHEsjso?authuser=0&hl=en&rclk=1,"guesthouses in Cloud 9, Siargao & Surigao, Philippines",Cloud 9
Cloud 9 Surfing Area,4.5,"(3,326)",,,,https://www.facebook.com/Cloud9SiargaoIsland,Tourist attraction,"R578+F36 Siargao Island, General Luna, Surigao del Norte",,https://lh3.googleusercontent.com/gps-cs-s/APNQkAGRVwV0rQlP-MGrBlh7zLc70eUdTeQHXkz_cTifAIeLFAbebBVyvaMYJu_UBfGVS3cN37YFLY77YbBoT4pgm_urgxjEOLFKSDXrH1ALU_zQ9qkqSrAiXQzbIK5DKFj-dq19wHmv=w2048-h1536-k-no,,"The world-famous reef break that made Siargao a surfing pilgrimage, with its iconic boardwalk reaching out over the reef for watching, photos and golden-hour crowds. The wave is a powerful right-hander best left to experienced surfers, but beginners learn on gentler nearby breaks. Early mornings bring the cleanest conditions. Best for: experienced surfers after the barrel, and everyone else for the boardwalk and sunset.",9.8136625,126.1651406,https://www.google.com/maps/place/Cloud+9+Surfing+Area/data=!4m7!3m6!1s0x330409ed5e3da33d:0xd2bbc5516a66d5cb!8m2!3d9.8136625!4d126.1651406!16s%2Fg%2F11g6xrwdmp!19sChIJPaM9Xu0JBDMRy9VmalHFu9I?authuser=0&hl=en&rclk=1,"guesthouses in Cloud 9, Siargao & Surigao, Philippines",Cloud 9
Mad Monkey Siargao,4.7,(993),09958168750,https://wa.me/09958168750,https://www.instagram.com/madmonkeyhostels/,https://www.facebook.com/MadMonkeyHostels,,"Lot 2903 Brgy, General Luna, 8419 Surigao del Norte",https://madmonkeyhostels.com/destination/siargao,https://lh3.googleusercontent.com/gps-cs-s/APNQkAGCqglG_4mY---5LfLr-BiNy6QSDviEr69FC7iDYUEaLhnwEgT1_pqhvV_KJEf7N3MUEPxjAw3-WQf6z0kknvDy5KW-EIpOHVOEEcVrp-fpNkxI744HKg_gHtB7e1qa2_cO7d9h=w2048-h1536-k-no,"Free Wi-Fi, Free breakfast, Air-conditioned, Pool, Fitness center, Airport shuttle, Pet-friendly, Restaurant, Bar, Beach access, Kid-friendly","Siargao's flagship party hostel, a 7-minute walk from the Cloud 9 boardwalk, built around a tiki bar, swimming pool and a packed nightly events calendar: beer pong tournaments, music quizzes, bingo and the famous Tri-Island party boat tour. Adults-only, air-conditioned dorms, free welcome drink and a travel desk that runs daily surf lessons and island hops. It's social by design, not a quiet retreat. Best for: solo backpackers and young travelers who want instant friends and a guaranteed good time.",9.8102035,126.1589229,https://www.google.com/maps/place/Mad+Monkey+Siargao/data=!4m11!3m10!1s0x3304092dd794a263:0xaa6e6d2770ac5a41!5m3!1s2026-10-31!4m1!1i2!8m2!3d9.8102035!4d126.1589229!16s%2Fg%2F11h0x1lqr9!19sChIJY6KU1y0JBDMRQVqscCdtbqo?authuser=0&hl=en&rclk=1,"guesthouses in Cloud 9, Siargao & Surigao, Philippines",Cloud 9
Rucksack Inn Siargao - Biggest Hostel in Siargao with Co-Working Space,4.4,(370),09177190129,https://wa.me/09177190129,https://www.instagram.com/rucksackinn.siargao,https://www.facebook.com/rucksackinn.siargao,,"Siargao Island, Catangnan, General Luna, Surigao del Norte",http://www.rucksackinn.com/,https://lh3.googleusercontent.com/gps-cs-s/APNQkAEr1Nh0p-rgOLRSVixyvWJ6bwZLZ-L__K4PEu64C_vXacbRYT9DabCAWk5z3Qe7GbGbiAbIkk74SWmRVGiU4XHGjHFtR7Jw7OHpAGTohQRynqsUrgoLkChC0FPzOJecKDlaiH4=w2048-h1536-k-no,"Free Wi-Fi, Air-conditioned, Pool, Fitness center, Free parking, Airport shuttle","An established spot near the Cloud 9 surf area in General Luna, Rucksack Inn Siargao - Biggest Hostel in Siargao with Co-Working Space has clearly built a following with a sizeable review count. It currently sits at 4.4 across 370 reviews. Amenities include free wi-fi, air-conditioned, pool, fitness center. Best for: travelers exploring this corner of Siargao.",9.8082658,126.1632887,https://www.google.com/maps/place/Rucksack+Inn+Siargao+-+Biggest+Hostel+in+Siargao+with+Co-Working+Space/data=!4m11!3m10!1s0x3304098d70d54d17:0x737a6fa2b8dbed00!5m3!1s2026-10-31!4m1!1i2!8m2!3d9.8082658!4d126.1632887!16s%2Fg%2F11rkxk36t7!19sChIJF03VcI0JBDMRAO3buKJvenM?authuser=0&hl=en&rclk=1,"guesthouses in Cloud 9, Siargao & Surigao, Philippines",Cloud 9
Payag Suites,3.7,(94),09853240737,https://wa.me/09853240737,,https://www.facebook.com/payagsuitessiargao,,"Jacking Horse Cloud 9, Barangay Catangnan General Luna, Siargao Island General Luna, Siargao Island, 8419",https://elistravelexperience.com/payag-suites-general-luna-siargao-island-philippines,https://lh3.googleusercontent.com/gps-cs-s/APNQkAFgzm5T0rjCZ5xepsVBIWB_fBCdjogApy0TEWyslKcpUQF89bhLFhwieOY5mKbVruVnU3Xfn3l_GQ3-hLuhxoWtWft_rMGS_UvD7k4KCovuC67Cf6bU4e7uVelMTtimDieHut2x=w2048-h1536-k-no,"Free Wi-Fi, Breakfast, Air-conditioned, Pool, Fitness center, Parking, Airport shuttle, Pet-friendly, Beach access, Accessible","A low-key local spot near the Cloud 9 surf area in General Luna, Payag Suites keeps a modest online footprint. It currently sits at 3.7 across 94 reviews. Honest read: reviews are mixed (around 3.7), so set expectations accordingly. Amenities include free wi-fi, breakfast, air-conditioned, pool. Best for: travelers exploring this corner of Siargao.",9.8127349,126.161314,https://www.google.com/maps/place/Payag+Suites/data=!4m11!3m10!1s0x330409eda12011b9:0x5988c6978a702725!5m3!1s2026-10-31!4m1!1i2!8m2!3d9.8127349!4d126.161314!16s%2Fg%2F11lrg3psgl!19sChIJuREgoe0JBDMRJSdwipfGiFk?authuser=0&hl=en&rclk=1,"guesthouses in Cloud 9, Siargao & Surigao, Philippines",Cloud 9
The Boardwalk at Cloud 9 Resort,4.1,(206),09997627690,https://wa.me/09997627690,,https://www.facebook.com/boardwalkoncloud9siargao,Tourist attraction,"R577+4J4 Siargao Island, Cloud 9 Dr, General Luna, Surigao del Norte",,https://lh3.googleusercontent.com/gps-cs-s/APNQkAHS50AE90c1s-TP8mOWgIZ1rdr7dXjMkTEOqvXEddWh_1gw49wjCNrwK7AY5bGj6Iqt2-wQkbVMPhCdBiwtPZP9OexpBgAtarrlGeI7CxdYY2MnJzKHkITIvq9bJvIyKKNxuSUh3g=w2048-h1536-k-no,,"A spot worth a look near the Cloud 9 surf area in General Luna, The Boardwalk at Cloud 9 Resort draws travelers exploring the area. It currently sits at 4.1 across 206 reviews. Honest read: a solid-not-spectacular 4.1 rating, dependable rather than dazzling. Best for: travelers booking island hops and day trips.",9.8127612,126.1640924,https://www.google.com/maps/place/The+Boardwalk+at+Cloud+9+Resort/data=!4m7!3m6!1s0x3304082abb3a9f2b:0x8726c624c9341d08!8m2!3d9.8127612!4d126.1640924!16s%2Fg%2F11bzvz3fsn!19sChIJK586uyoIBDMRCB00ySTGJoc?authuser=0&hl=en&rclk=1,"guesthouses in Cloud 9, Siargao & Surigao, Philippines",Cloud 9
Sunny Cloud Siargao,5.0,(38),09081005233,https://wa.me/09081005233,https://www.instagram.com/sunnycloud.siargao,https://www.facebook.com/sunnycloudsiargao,Homestay,"General Luna, 8419 Surigao del Norte",,https://lh3.googleusercontent.com/gps-cs-s/APNQkAFzJN7ScKs80pECPf7Y1bHt2uM7nJOdMGDztNVV93sHMUyj6H7qcIImDIeP8OVT4pf4Cn-4mitWl7hKM__opq3LBfdzNn6ClEBdVgdYtU943F4OrJjLmG_dRt424L78XH7t-3ap=w2048-h1536-k-no,,"A small, locally-run place to stay near the Cloud 9 surf area in General Luna, Sunny Cloud Siargao offers a homier alternative to the big resorts. It currently sits at 5.0 across 38 reviews. Expect an island-paced, locally-run feel rather than full resort polish. Best for: travelers after a homier, locally-run stay.",9.7885625,126.1550625,https://www.google.com/maps/place/Sunny+Cloud+Siargao/data=!4m7!3m6!1s0x3303f70049d9ed79:0xc2b4efb63cd757d4!8m2!3d9.7885625!4d126.1550625!16s%2Fg%2F11y3jp1mt2!19sChIJee3ZSQD3AzMR1FfXPLbvtMI?authuser=0&hl=en&rclk=1,"guesthouses in Cloud 9, Siargao & Surigao, Philippines",Cloud 9
Ocean 101 Beach Resort,4.1,(588),09198268837,https://wa.me/09198268837,https://www.instagram.com/ocean101siargao,https://www.facebook.com/ocean101resort,,"Cloud 9 Dr, Catangnan, General Luna, Surigao del Norte",http://www.ocean101siargao.com/,https://lh3.googleusercontent.com/gps-cs-s/APNQkAEXJvASYyI1udf2LygX9EWY9KJRb5J4nc7I2AgwX2a2egMIzjovX4_kbvDcjv3dD4U1R9tX4JjOaQKyyppEA8c9qyllYCTEVc16THC-8KEgO_fqoIc70wxREicyO8nAQ8tDn2I=w2048-h1536-k-no,"Free Wi-Fi, Free breakfast, Air-conditioned, Pool, Fitness center, Free parking, Airport shuttle, Pet-friendly, Restaurant, Bar, Room service, Laundry service, Laundry, Beach access, Kid-friendly, Accessible","An established spot near the Cloud 9 surf area in General Luna, Ocean 101 Beach Resort has clearly built a following with a sizeable review count. It currently sits at 4.1 across 588 reviews. Honest read: a solid-not-spectacular 4.1 rating, dependable rather than dazzling. Amenities include free wi-fi, free breakfast, air-conditioned, pool. Best for: travelers exploring this corner of Siargao.",9.8130069,126.1609152,https://www.google.com/maps/place/Ocean+101+Beach+Resort/data=!4m11!3m10!1s0x330409ec64bb259f:0x1e8406d433de86b7!5m3!1s2026-10-31!4m1!1i2!8m2!3d9.8130069!4d126.1609152!16s%2Fg%2F1vxdvtx1!19sChIJnyW7ZOwJBDMRt4beM9QGhB4?authuser=0&hl=en&rclk=1,"guesthouses in Cloud 9, Siargao & Surigao, Philippines",Cloud 9
Felicitas Guest House - Siargao,4.7,(12),09850377133,https://wa.me/09850377133,https://www.instagram.com/felicitassiargao,https://www.facebook.com/profile.php,,"Pob. 5 Tourism Rd, General Luna, 8419 Surigao del Norte",https://www.facebook.com/profile.php?id=100057177380699&mibextid=LQQJ4d,https://lh3.googleusercontent.com/gps-cs-s/APNQkAH8-4094K5Qs_ofjQ_WQeIKA039ZqmNVDVtaubtRJE4TdhY7Ve-iiD7x0MGCR6nR6OIFywJTGsTtt4LyKtqKfVznmgYARGaMo3mgtcZ5vmMObluFaHUFisBeC341k7arIIHx7Nf3Q=w2048-h1536-k-no,,"A low-key local spot near the Cloud 9 surf area in General Luna, Felicitas Guest House - Siargao keeps a modest online footprint. It currently sits at 4.7 across 12 reviews. It sits among the many small, locally-run spots that give Siargao its laid-back character. Best for: travelers exploring this corner of Siargao.",9.7904831,126.1524121,https://www.google.com/maps/place/Felicitas+Guest+House+-+Siargao/data=!4m11!3m10!1s0x3303f7f28406a263:0x91b67ad976f604d4!5m3!1s2026-10-31!4m1!1i2!8m2!3d9.7904831!4d126.1524121!16s%2Fg%2F11tfzz80b6!19sChIJY6IGhPL3AzMR1AT2dtl6tpE?authuser=0&hl=en&rclk=1,"guesthouses in Cloud 9, Siargao & Surigao, Philippines",Cloud 9
Greenhouse Siargao,4.4,(136),09162377138,https://wa.me/09162377138,https://www.instagram.com/greenhouse_siargao/,https://www.facebook.com/Greenhousesiargao/,,"General Luna, Siargao Island, Cloud 9 9.803789,126, 161223, Siargao, Surigao del Norte",http://www.greenhousesiargao.com/,https://lh3.googleusercontent.com/gps-cs-s/APNQkAE0tgp3BrOUjEys1VAyMaRu6zfNAcQDry5Dgy72Z_biglIaFiDhVaQmCyNaqY8zbEuQQwCaZ4gLlpcLV0qSmFVxRO1PRBfhthq_X9K3dqYo1RDdlyRG9H85cO6CWMAWFGvzU8ZW=w2048-h1536-k-no,"Free Wi-Fi, Free breakfast, Air-conditioned, Pool, Fitness center, Free parking, Airport shuttle, Pet-friendly, Restaurant, Bar, Laundry service, Laundry, Beach access, Kid-friendly, Kitchen","An established spot near the Cloud 9 surf area in General Luna, Greenhouse Siargao has clearly built a following with a sizeable review count. It currently sits at 4.4 across 136 reviews. Amenities include free wi-fi, free breakfast, air-conditioned, pool. Best for: travelers exploring this corner of Siargao.",9.8038499,126.1606348,https://www.google.com/maps/place/Greenhouse+Siargao/data=!4m11!3m10!1s0x330409e5ca6f9733:0x96cad78a7431a642!5m3!1s2026-10-31!4m1!1i2!8m2!3d9.8038499!4d126.1606348!16s%2Fg%2F1hc72n27_!19sChIJM5dvyuUJBDMRQqYxdIrXypY?authuser=0&hl=en&rclk=1,"guesthouses in Cloud 9, Siargao & Surigao, Philippines",Cloud 9
Emerald House,4.5,(137),,,https://www.instagram.com/emeraldhousevillage_siargao/?hl=es,https://www.facebook.com/EmeraldHouseVillage/?locale=es_ES,,"Cloud 9, Brgy. Catangnan, General Luna, Surigao del Norte",http://www.emeraldhousevillage.com/,https://lh3.googleusercontent.com/gps-cs-s/APNQkAFcmhbmgsrnXN4T6vbZQGrWs6RGOpIZEGEbGNmJIYfGCvsEkBQm2QZDFJiao6jNctbnceQnLlkMPa652n7sJb_nILci_Po9Fef5QGF1r8cARzgs0p0pwSIebEcX7TVvprxI7qvb=w2048-h1536-k-no,"Free Wi-Fi, Free breakfast, Air-conditioned, Pool, Outdoor pool, Spa, Fitness center, Free parking, Airport shuttle, Pet-friendly, Restaurant, Bar, Room service, Laundry service, Laundry, Beach access, Kid-friendly, Accessible","An established spot near the Cloud 9 surf area in General Luna, Emerald House has clearly built a following with a sizeable review count. It currently sits at 4.5 across 137 reviews. Amenities include free wi-fi, free breakfast, air-conditioned, pool. Best for: travelers exploring this corner of Siargao.",9.8103303,126.1648901,https://www.google.com/maps/place/Emerald+House/data=!4m11!3m10!1s0x330409edfa8b8cc5:0x36329277b01c9990!5m3!1s2026-10-31!4m1!1i2!8m2!3d9.8103303!4d126.1648901!16s%2Fg%2F12hnmg7w6!19sChIJxYyL-u0JBDMRkJkcsHeSMjY?authuser=0&hl=en&rclk=1,"guesthouses in Cloud 9, Siargao & Surigao, Philippines",Cloud 9
Fat Lips Surf Lodge,4.9,(57),09668246465,https://wa.me/09668246465,https://www.instagram.com/fatlips_surfco/,http://www.facebook.com/10156685375485656,,"Bones lane, Catangnan, General Luna, 8419 Surigao del Norte",https://surfsiargao.com/,https://lh3.googleusercontent.com/gps-cs-s/APNQkAEEt07QO-xUnN7SZf77y648Y0YdK2ziF8nkK6qts9L8oyP0VsMs61qriRS54lOyAlk5wPYUHBrKxB5JIJNn7YDcXW__xCBzN2EpHQbNn5uv3_ouj1Qy7hUXzr7Ih17u_7NLrllrqg=w2048-h1536-k-no,Free Wi-Fi,"A low-key local spot near the Cloud 9 surf area in General Luna, Fat Lips Surf Lodge keeps a modest online footprint. It currently sits at 4.9 across 57 reviews. Amenities include free wi-fi. It sits among the many small, locally-run spots that give Siargao its laid-back character. Best for: travelers exploring this corner of Siargao.",9.8081846,126.1590992,https://www.google.com/maps/place/Fat+Lips+Surf+Lodge/data=!4m11!3m10!1s0x330409ee935299d5:0xd3722607174b52d3!5m3!1s2026-10-31!4m1!1i2!8m2!3d9.8081846!4d126.1590992!16s%2Fg%2F11vc491bcl!19sChIJ1ZlSk-4JBDMR01JLFwcmctM?authuser=0&hl=en&rclk=1,"guesthouses in Cloud 9, Siargao & Surigao, Philippines",Cloud 9
Sheandys Siargao,4.8,(32),09671333378,https://wa.me/09671333378,https://www.instagram.com/sheandys.siargao,https://www.facebook.com/sheandys.siargao,,"General Luna, Surigao del Norte",,https://lh3.googleusercontent.com/gps-cs-s/APNQkAEzvwbbWva0l6S8taoDkkuhKMe_N3Ee-dYJgnqZMCp9IFrRVsyCyd6pDE_PWEhUcN8G6BXr_J3lF2cELLXEMSA-bXFXhTrMsEQdsBWCA9NKZRSfznCKZOH6a6cHXUH0z49jqPBX1w=w2048-h1536-k-no,,"A low-key local spot near the Cloud 9 surf area in General Luna, Sheandys Siargao keeps a modest online footprint. It currently sits at 4.8 across 32 reviews. It sits among the many small, locally-run spots that give Siargao its laid-back character. Best for: travelers exploring this corner of Siargao.",9.8073851,126.159665,https://www.google.com/maps/place/Sheandys+Siargao/data=!4m11!3m10!1s0x33040983832966dd:0xc58c34e43ef5ec5b!5m3!1s2026-10-31!4m1!1i2!8m2!3d9.8073851!4d126.159665!16s%2Fg%2F11svnh2fhh!19sChIJ3WYpg4MJBDMRW-z1PuQ0jMU?authuser=0&hl=en&rclk=1,"guesthouses in Cloud 9, Siargao & Surigao, Philippines",Cloud 9
Hiraya surf hostel,4.3,(133),09175346004,https://wa.me/09175346004,,https://www.facebook.com/HirayaSurfHostel,,"R557+V2G, Tourism Rd, General Luna, Surigao del Norte",,https://lh3.googleusercontent.com/gps-cs-s/APNQkAFfBIr3_oVyl_iS-lFhpH3QkdGyCiLn-TvIfDmzh_gRdcX0FjuL4qgSgpIuz0z-CLC3K_gc4gysMROBdZNkChF1AKxQyXMSZ2wqANjyclQ4YgiZ37X-k06XZsJIIuYFwwveAVlKpA=w2048-h1536-k-no,"Free Wi-Fi, Air-conditioned, Pool, Fitness center, Airport shuttle","An established spot near the Cloud 9 surf area in General Luna, Hiraya surf hostel has clearly built a following with a sizeable review count. It currently sits at 4.3 across 133 reviews. Amenities include free wi-fi, air-conditioned, pool, fitness center. Best for: travelers exploring this corner of Siargao.",9.8096877,126.1625649,https://www.google.com/maps/place/Hiraya+surf+hostel/data=!4m11!3m10!1s0x330409256e921b2f:0x5bf71bd7ed06a0e1!5m3!1s2026-10-31!4m1!1i2!8m2!3d9.8096877!4d126.1625649!16s%2Fg%2F11h7bbvygj!19sChIJLxuSbiUJBDMR4aAG7dcb91s?authuser=0&hl=en&rclk=1,"guesthouses in Cloud 9, Siargao & Surigao, Philippines",Cloud 9
Balay Yuhom - Siargao,4.9,(25),09178957524,https://wa.me/09178957524,https://www.instagram.com/balayyuhomsiargao,https://www.facebook.com/BalayYuhom,,"Tourism Rd, Brgy Catangnan, General Luna, 8419 Surigao del Norte",,https://lh3.googleusercontent.com/gps-cs-s/APNQkAGXynn_QcyLWY6IlUMjDq28vc48_2EOg9P7VHVFGUxaJjOFr9X96k1-dS-0kjB5RyVU-m8ChDLgdNA2tvb-gvqXeUQ-Q-8s3dMXmYSR4TdgOlh1yTgW5S2p0aoo5goby4sYqsr1Z0pKjVFw=w2048-h1536-k-no,"Free Wi-Fi, Breakfast, Air-conditioned, Pool, Fitness center, Free parking, Airport shuttle, Pet-friendly, Restaurant, Accessible","A low-key local spot near the Cloud 9 surf area in General Luna, Balay Yuhom - Siargao keeps a modest online footprint. It currently sits at 4.9 across 25 reviews. Amenities include free wi-fi, breakfast, air-conditioned, pool. Best for: travelers exploring this corner of Siargao.",9.7997859,126.1604058,https://www.google.com/maps/place/Balay+Yuhom+-+Siargao/data=!4m11!3m10!1s0x3304098cccd755a1:0x20723b700c3ae695!5m3!1s2026-10-31!4m1!1i2!8m2!3d9.7997859!4d126.1604058!16s%2Fg%2F11qyqf0hqv!19sChIJoVXXzIwJBDMRleY6DHA7ciA?authuser=0&hl=en&rclk=1,"guesthouses in Cloud 9, Siargao & Surigao, Philippines",Cloud 9
Reside Siargao,4.6,(61),09171741574,https://wa.me/09171741574,https://www.instagram.com/residesiargao/,https://www.facebook.com/residesiargao,,"Siargao Residency, Tourism Rd, Brgy. Catangnan, General Luna, Surigao del Norte",https://residesiargao.com/,https://lh3.googleusercontent.com/gps-cs-s/APNQkAFcigP-_OuBYnsOaQ79eF-AVF2K0xw3sV92v3hZrxGCnnX7k1aNx7mh1cBox5Oo4lPOzmFs8eNcF-esBMfxG4-ZXJdPH-AmmhEpaXscGG04q96Y0oVv0Fx3LlZh_DniSMvCjCXF0uxf9RUj=w2048-h1536-k-no,"Free Wi-Fi, Breakfast, Air-conditioned, Pool, Fitness center, Free parking, Airport shuttle, Pet-friendly, Smoke-free, Restaurant, Bar, Room service, Laundry service, Laundry, Beach access, Business center, Accessible","A low-key local spot near the Cloud 9 surf area in General Luna, Reside Siargao keeps a modest online footprint. It currently sits at 4.6 across 61 reviews. Amenities include free wi-fi, breakfast, air-conditioned, pool. Best for: travelers exploring this corner of Siargao.",9.8108321,126.1587895,https://www.google.com/maps/place/Reside+Siargao/data=!4m11!3m10!1s0x3304090055f56db9:0x981a79fdba3947ad!5m3!1s2026-10-31!4m1!1i2!8m2!3d9.8108321!4d126.1587895!16s%2Fg%2F11y874nddq!19sChIJuW31VQAJBDMRrUc5uv15Gpg?authuser=0&hl=en&rclk=1,"guesthouses in Cloud 9, Siargao & Surigao, Philippines",Cloud 9
Villa Consolacion Cloud 9,4.2,(13),09294225692,https://wa.me/09294225692,,https://www.facebook.com/profile.php,,"General Luna, Surigao del Norte",,https://lh3.googleusercontent.com/gps-cs-s/APNQkAEVoE70qlCYal32NdtdaNyPzRSQDmug_ssv09vzlKKxjKWlMCbqhNOnsxlpQcwD890pwOawd_TwsTlslxw29tE6Kv1Ftni6MwD77oY_Qr_vF-StXMDNIhkAuqevsrk4fKYvDlbG=w2048-h1536-k-no,"Free Wi-Fi, Airport shuttle","A low-key local spot near the Cloud 9 surf area in General Luna, Villa Consolacion Cloud 9 keeps a modest online footprint. It currently sits at 4.2 across 13 reviews. Amenities include free wi-fi, airport shuttle. Best for: travelers exploring this corner of Siargao.",9.8124896,126.1627845,https://www.google.com/maps/place/Villa+Consolacion+Cloud+9/data=!4m11!3m10!1s0x330409edab688d65:0xb0ff4aa0d0ab6ac0!5m3!1s2026-10-31!4m1!1i2!8m2!3d9.8124896!4d126.1627845!16s%2Fg%2F11f3zhn1ky!19sChIJZY1oq-0JBDMRwGqr0KBK_7A?authuser=0&hl=en&rclk=1,"guesthouses in Cloud 9, Siargao & Surigao, Philippines",Cloud 9
"Kalaw Hideaway Siargao, Private Guesthouse (James and Marja’s place)",5.0,(2),09088646866,https://wa.me/09088646866,,,Holiday home,"Bones Lane, General Luna, 8419 Surigao del Norte",,https://lh3.googleusercontent.com/gps-cs-s/APNQkAGNBplJCFDSGgKp8z0IK_GNfeCap7viMoIIv47En79J_1-ojXVGlHX_cK7znCUYavdWAFM1ZkDVZi9NOuqNxulRNL3zN-AOWYvaJSh-YrbCUDpCqwsc1Gyoz73DdzULmDabbRQ0DZj3sCC6=w2048-h1536-k-no,,"A local holiday home near the Cloud 9 surf area in General Luna, Kalaw Hideaway Siargao, Private Guesthouse (James and Marja’s place) serves travelers passing through. It currently sits at 5.0 across 2 reviews. Honest read: only a handful of reviews so far, but early feedback leans positive. Best for: travelers exploring this corner of Siargao.",9.8088328,126.15897,"https://www.google.com/maps/place/Kalaw+Hideaway+Siargao,+Private+Guesthouse+%28James+and+Marja%E2%80%99s+place%29/data=!4m7!3m6!1s0x3304090c13c22147:0x293883d949c76a17!8m2!3d9.8088328!4d126.15897!16s%2Fg%2F11lyn3d809!19sChIJRyHCEwwJBDMRF2rHSdmDOCk?authuser=0&hl=en&rclk=1","guesthouses in Cloud 9, Siargao & Surigao, Philippines",Cloud 9
Kiking's Guest House,5.0,(4),09392771157,https://wa.me/09392771157,,https://www.facebook.com/groups,Holiday apartment rental,"R576+4MW, Brgy Catangnan General Luna surigao del norte Surigao City Surigao City, 8419 Surigao del Norte",,https://lh3.googleusercontent.com/gps-cs-s/APNQkAEnuUB25CTPjzdJayZ8Sdf2dju3IaLPjwxQB1s8Q7erdLmI2_bNtBmwNZxLIi1L_-5hFcp1UB-RSuB2euWL5mU4j4-Y4z5fu3wI3I4vlt2A-wlXFHmHwzvXjJmQ4m3XcrUG1oDXeQ=w2048-h1536-k-no,Breakfast,"A small, locally-run place to stay near the Cloud 9 surf area in General Luna, Kiking's Guest House offers a homier alternative to the big resorts. It currently sits at 5.0 across 4 reviews. Honest read: only a handful of reviews so far, but early feedback leans positive. Amenities include breakfast. Best for: travelers after a homier, locally-run stay.",9.8128549,126.1616878,https://www.google.com/maps/place/Kiking%27s+Guest+House/data=!4m7!3m6!1s0x330409aa3420ab65:0xc8693f200d44753a!8m2!3d9.8128549!4d126.1616878!16s%2Fg%2F11twylcqg8!19sChIJZasgNKoJBDMROnVEDSA_acg?authuser=0&hl=en&rclk=1,"guesthouses in Cloud 9, Siargao & Surigao, Philippines",Cloud 9
Hue Hotels and Resorts Siargao (On Soft-Opening),4.9,(53),09173091368,https://wa.me/09173091368,https://instagram.com/hueboracay/,https://facebook.com/hueboracay,,"Tuazon, Tourism Rd, Brgy. Catangnan, General Luna, 8419 Surigao del Norte",http://thehuehotel.com/,https://lh3.googleusercontent.com/gps-cs-s/APNQkAGz5cZgPCDLZVRH0tU5OyS8o_JV8uaYOiPrw0z93O61IByiDCkGXxgihO87pt9wBEhNAtvYR5Z5xozwvpGXN_q4uQIeIollBNRLd0PQG8elzb0duU3y65MMR8-PpadfRzKcW_kMvp0E89A=w2048-h1536-k-no,"Wi-Fi, Breakfast, Air-conditioned, Pool, Outdoor pool, Fitness center, Free parking, Airport shuttle, Pet-friendly, Restaurant, Bar, Laundry service, Laundry, Beach access, Kid-friendly","A low-key local spot near the Cloud 9 surf area in General Luna, Hue Hotels and Resorts Siargao (On Soft-Opening) keeps a modest online footprint. It currently sits at 4.9 across 53 reviews. Amenities include wi-fi, breakfast, air-conditioned, pool. Best for: travelers exploring this corner of Siargao.",9.8107046,126.1656424,https://www.google.com/maps/place/Hue+Hotels+and+Resorts+Siargao+%28On+Soft-Opening%29/data=!4m11!3m10!1s0x330409e2267db7db:0x87f3082301514305!5m3!1s2026-10-31!4m1!1i2!8m2!3d9.8107046!4d126.1656424!16s%2Fg%2F11xyfk_f28!19sChIJ27d9JuIJBDMRBUNRASMI84c?authuser=0&hl=en&rclk=1,"guesthouses in Cloud 9, Siargao & Surigao, Philippines",Cloud 9
Hanigad Homestay,3.9,(7),,,,,,"R567+QPC, General Luna, Cloud 9, Brgy. Catangnan, 8419",,https://lh3.googleusercontent.com/gps-cs-s/APNQkAFwYjS0e0vfiELl4JObilPyhEwcXSQQCl4dnUtnnSvx3SrK_pO-f-OW6tj2aIAMnnjd30W2iy16uDv4k7vmiaoZBO9TbawNxpYGp71srDeYGepjiQsZeo6p6X3N0AZZSfIF2gQg=w2048-h1536-k-no,"Free Wi-Fi, Kid-friendly","A low-key local spot near the Cloud 9 surf area in General Luna, Hanigad Homestay keeps a modest online footprint. It currently sits at 3.9 across 7 reviews. Honest read: only a handful of reviews so far, but early feedback leans positive. Amenities include free wi-fi, kid-friendly. Best for: travelers exploring this corner of Siargao.",9.8119308,126.1642689,https://www.google.com/maps/place/Hanigad+Homestay/data=!4m11!3m10!1s0x330409ed9768b4e7:0xc1570c9f00d5d64c!5m3!1s2026-10-31!4m1!1i2!8m2!3d9.8119308!4d126.1642689!16s%2Fg%2F11f4wtkthz!19sChIJ57Rol-0JBDMRTNbVAJ8MV8E?authuser=0&hl=en&rclk=1,"guesthouses in Cloud 9, Siargao & Surigao, Philippines",Cloud 9
Hidden Grove Guest House,5.0,(46),09624396538,https://wa.me/09624396538,,https://www.facebook.com/marazilhomestay,,"Poblacion V (Purok V), General Luna, 8419 Surigao del Norte",,https://lh3.googleusercontent.com/gps-cs-s/APNQkAFRA5pr0LtlRgJN3fVXZ17Szhwor4h2qCusgwpgbanZgJDbcYCdlHn-5GXwJ_veYU0iZz5Q-GNOyLrz8HVx9z81Uqdci7K2OwOaTB7WSJ-PFkeM6uUAtQh7-n_KcK3HyHSo44Ev1Q=w2048-h1536-k-no,"Free Wi-Fi, Breakfast, Air-conditioned, Pool, Fitness center, Free parking, Airport shuttle, Pet-friendly, Restaurant, Laundry service, Laundry, Accessible","A low-key local spot near the Cloud 9 surf area in General Luna, Hidden Grove Guest House keeps a modest online footprint. It currently sits at 5.0 across 46 reviews. Amenities include free wi-fi, breakfast, air-conditioned, pool. Best for: travelers exploring this corner of Siargao.",9.7924375,126.1519375,https://www.google.com/maps/place/Hidden+Grove+Guest+House/data=!4m11!3m10!1s0x3303f7c68d269039:0x7f2eae9eedbd061a!5m3!1s2026-10-31!4m1!1i2!8m2!3d9.7924375!4d126.1519375!16s%2Fg%2F11h6d6l98l!19sChIJOZAmjcb3AzMRGga97Z6uLn8?authuser=0&hl=en&rclk=1,"guesthouses in Cloud 9, Siargao & Surigao, Philippines",Cloud 9
Munimuni Villas Siargao,4.5,(88),09564791054,https://wa.me/09564791054,https://instagram.com/munimunisiargao?utm_medium=copy_link,https://www.facebook.com/munimunivillassiargao,,"Tourism Rd, General Luna, Surigao del Norte",https://book-directonline.com/properties/munimunivillassiargaodirect?locale=en&items[0][adults]=2&items[0][children]=0&items[0][infants]=0&currency=PHP&checkInDate=2022-07-25&checkOutDate=2022-07-26&trackPage=yes,https://lh3.googleusercontent.com/gps-cs-s/APNQkAE1QI4Iaxc73nd5Ig3iu7vt5Qo9yPRtFIIZFAzFWjr_xmH0DyH98c7NH3Ziz7n0-Lf1S9gyZ7tJcnZAVwp3v4xRC8qWZWXqdTJP_ifvkF7QFZt-yqK6Gb56Oh8sQ4HeUMe7s0W8Sg=w2048-h1536-k-no,"Wi-Fi, Pool, Airport shuttle, Restaurant, Laundry service, Laundry","A low-key local spot near the Cloud 9 surf area in General Luna, Munimuni Villas Siargao keeps a modest online footprint. It currently sits at 4.5 across 88 reviews. Amenities include wi-fi, pool, airport shuttle, restaurant. Best for: travelers exploring this corner of Siargao.",9.8101093,126.1593119,https://www.google.com/maps/place/Munimuni+Villas+Siargao/data=!4m11!3m10!1s0x330409ff0fad70dd:0x5955dbe562b62c6c!5m3!1s2026-10-31!4m1!1i2!8m2!3d9.8101093!4d126.1593119!16s%2Fg%2F11lrrnmpff!19sChIJ3XCtD_8JBDMRbCy2YuXbVVk?authuser=0&hl=en&rclk=1,"guesthouses in Cloud 9, Siargao & Surigao, Philippines",Cloud 9
Gardenview Homestay,4.7,(70),09996768337,https://wa.me/09996768337,,,,"Brgy. Catangnan, General luna, surigao city, 8419 Surigao del Norte",,https://lh3.googleusercontent.com/gps-cs-s/APNQkAEARCfyI2Aab1A6KPBYUmxqqRgyEajkjSgAoGZlpWnseSTqLlwhjX-v8TVebMOhQiucQVTiZIu1WxwVY3m-yASzuYMQrMExYHKkJMcCZWd7O3ggA3pyOn5QU7qo-g8Lbvz5HlI=w2048-h1536-k-no,"Free Wi-Fi, Breakfast, Air-conditioned, Pool, Fitness center, Free parking, Airport shuttle, Pet-friendly, Smoke-free, Kid-friendly, Accessible","A low-key local spot near the Cloud 9 surf area in General Luna, Gardenview Homestay keeps a modest online footprint. It currently sits at 4.7 across 70 reviews. Amenities include free wi-fi, breakfast, air-conditioned, pool. Best for: travelers exploring this corner of Siargao.",9.8072734,126.1595491,https://www.google.com/maps/place/Gardenview+Homestay/data=!4m11!3m10!1s0x330409e8b6285719:0x48d3784d43a3d78d!5m3!1s2026-10-31!4m1!1i2!8m2!3d9.8072734!4d126.1595491!16s%2Fg%2F11df280gcw!19sChIJGVcotugJBDMRjdejQ01400g?authuser=0&hl=en&rclk=1,"guesthouses in Cloud 9, Siargao & Surigao, Philippines",Cloud 9
Harana Surf Resort,4.4,(561),09988495461,https://wa.me/09988495461,https://www.instagram.com/haranasurf/?hl=en,https://www.facebook.com/haranasurf/?,,"Siargao Island, 2 Tuason Point, Brgy, General Luna, Surigao del Norte",http://www.haranasurf.com/,https://lh3.googleusercontent.com/gps-cs-s/APNQkAF2-J9yo9ebeeU6jHCBsdZ93HNeaMg8nZPQLT_vq3m0Ma9mmZNd0JYLCFWRko_n6cBKIAETRpjbg3d3Wl3M5pavaTSWVwMJmQhA9GR_bs-3NcjHfRLF7mN_iTpWXbaVj-MWYDxieg=w2048-h1536-k-no,"Free Wi-Fi, Breakfast, Air-conditioned, Pool, Fitness center, Free parking, Airport shuttle, Pet-friendly, Restaurant, Bar, Room service, Laundry service, Laundry, Beach access, Kid-friendly","An established spot near the Cloud 9 surf area in General Luna, Harana Surf Resort has clearly built a following with a sizeable review count. It currently sits at 4.4 across 561 reviews. Amenities include free wi-fi, breakfast, air-conditioned, pool. Best for: travelers exploring this corner of Siargao.",9.8068136,126.1670614,https://www.google.com/maps/place/Harana+Surf+Resort/data=!4m11!3m10!1s0x330409f22b04ef89:0xe5401d1811492da9!5m3!1s2026-10-31!4m1!1i2!8m2!3d9.8068136!4d126.1670614!16s%2Fg%2F11cnc1ywvx!19sChIJie8EK_IJBDMRqS1JERgdQOU?authuser=0&hl=en&rclk=1,"guesthouses in Cloud 9, Siargao & Surigao, Philippines",Cloud 9
Bamboo Bliss Siargao,4.8,(20),09561838268,https://wa.me/09561838268,https://www.instagram.com/blisssiargao/,https://www.facebook.com/blisssiargao/,,"Siargao Island, General Luna, 8419 Surigao del Norte",https://www.blisssiargao.com/blissbamboo-homestay/,https://lh3.googleusercontent.com/gps-cs-s/APNQkAE14yMbdox1dPBb-qBfFpjCM5_GTPJoskhVgE_1sojnbizUUuWoGENmom1B-JgFsyoAdNLBa8CjYAGikua-v5diSpcLIlgF4grcwddZ95d5YqSWUM1RyA1fs41gKpTu5OQqkaXb=w2048-h1536-k-no,"Air-conditioned, Free parking, Airport shuttle, Pet-friendly, Smoke-free, Restaurant, Laundry service, Laundry","A low-key local spot near the Cloud 9 surf area in General Luna, Bamboo Bliss Siargao keeps a modest online footprint. It currently sits at 4.8 across 20 reviews. Amenities include air-conditioned, free parking, airport shuttle, pet-friendly. Best for: travelers exploring this corner of Siargao.",9.8091161,126.161907,https://www.google.com/maps/place/Bamboo+Bliss+Siargao/data=!4m11!3m10!1s0x3304099d4497da7b:0x56812e9f77145c2e!5m3!1s2026-10-31!4m1!1i2!8m2!3d9.8091161!4d126.161907!16s%2Fg%2F11ty2y5bb_!19sChIJe9qXRJ0JBDMRLlwUd58ugVY?authuser=0&hl=en&rclk=1,"guesthouses in Cloud 9, Siargao & Surigao, Philippines",Cloud 9
Punta Punta Surf Retreat,4.9,(181),,,,https://www.facebook.com/puntapuntasurfretreat,,"1 Punta Punta Point, General Luna, 8419 Surigao del Norte",http://puntapuntasiargao.com/,https://lh3.googleusercontent.com/gps-cs-s/APNQkAGaD8J8ZyKoI85ry4MZIyj6VulX-osnT64D3HdMv0bPSSL90Q7AsSguuIJbrHQ8av3roamGJHTx-DtGMjrBy2gRSRSeX92DhL9Uf0Zt0ghqr4cc880wzDO6VCIGIKIsz-xaMtbOFA=w2048-h1536-k-no,"Free Wi-Fi, Free breakfast, Air-conditioned, Pool, Outdoor pool, Fitness center, Free parking, Airport shuttle, Restaurant, Bar, Laundry service, Laundry, Kid-friendly","A well-regarded spot near the Cloud 9 surf area in General Luna, Punta Punta Surf Retreat carries a strong 4.9 rating from 181 reviews. Consistently positive feedback marks it as a dependable local pick. Amenities include free wi-fi, free breakfast, air-conditioned, pool. Best for: travelers exploring this corner of Siargao.",9.8186382,126.1503355,https://www.google.com/maps/place/Punta+Punta+Surf+Retreat/data=!4m11!3m10!1s0x3304091ee1308d73:0x1f0cbbf9123550d7!5m3!1s2026-10-31!4m1!1i2!8m2!3d9.8186382!4d126.1503355!16s%2Fg%2F11j0wfz1s_!19sChIJc40w4R4JBDMR11A1Evm7DB8?authuser=0&hl=en&rclk=1,"guesthouses in Cloud 9, Siargao & Surigao, Philippines",Cloud 9
Sinag Hostel,4.7,(115),09454374869,https://wa.me/09454374869,,https://www.facebook.com/sinaghostel,,"Tourism Rd, General Luna, Surigao del Norte",https://www.facebook.com/sinaghostel/,https://lh3.googleusercontent.com/gps-cs-s/APNQkAGezQClNstrTS11sSx9KiAn-MQk3G4LvuK3RCJzG3ZY-qKEnNn33LjuI1j1319XTqDOFrvrUn_6bi032ocS72AF1Et9mTIRu3vmwM6E66284xjk1_7ufCktJ1bX2eZq-o-ZCyHF=w2048-h1536-k-no,"Free Wi-Fi, Air-conditioned, Pool, Fitness center, Airport shuttle, Pet-friendly, Restaurant, Kid-friendly","An established spot near the Cloud 9 surf area in General Luna, Sinag Hostel has clearly built a following with a sizeable review count. It currently sits at 4.7 across 115 reviews. Amenities include free wi-fi, air-conditioned, pool, fitness center. Best for: travelers exploring this corner of Siargao.",9.8075122,126.160202,https://www.google.com/maps/place/Sinag+Hostel/data=!4m11!3m10!1s0x330409fb84323357:0xcc4130ac3fbde824!5m3!1s2026-10-31!4m1!1i2!8m2!3d9.8075122!4d126.160202!16s%2Fg%2F11f636t2hs!19sChIJVzMyhPsJBDMRJOi9P6wwQcw?authuser=0&hl=en&rclk=1,"guesthouses in Cloud 9, Siargao & Surigao, Philippines",Cloud 9
Woody's Place Siargao,4.9,(68),09171473109,https://wa.me/09171473109,,https://www.facebook.com/profile.php,,"Tourism Rd, Catangnan, Siargao Island, General Luna, 8419 Surigao del Norte",,https://lh3.googleusercontent.com/gps-cs-s/APNQkAERytC7Q-ms65H_z78hlTqySB8PYFopQR-hRj1OrPq3v3NXPTwKsoPtxO-d9-boSfQ2tE3L1Man0Y1xcnQ9odPNKrdTtcsSTCJIGxGqLWd5d86OmVFPVEV3MW0zpouUuSsNbnPb=w2048-h1536-k-no,"Free Wi-Fi, Free breakfast, Pool, Outdoor pool, Fitness center, Free parking, Restaurant, Room service, Laundry service, Laundry, Beach access","A low-key local spot near the Cloud 9 surf area in General Luna, Woody's Place Siargao keeps a modest online footprint. It currently sits at 4.9 across 68 reviews. Amenities include free wi-fi, free breakfast, pool, outdoor pool. Best for: travelers exploring this corner of Siargao.",9.8028053,126.1606816,https://www.google.com/maps/place/Woody%27s+Place+Siargao/data=!4m11!3m10!1s0x3304093555270d31:0x56bd8bc74b0b420a!5m3!1s2026-10-31!4m1!1i2!8m2!3d9.8028053!4d126.1606816!16s%2Fg%2F11kbsrtyfv!19sChIJMQ0nVTUJBDMRCkILS8eLvVY?authuser=0&hl=en&rclk=1,"guesthouses in Cloud 9, Siargao & Surigao, Philippines",Cloud 9
Cloud 9,4.2,(18),,,,https://www.facebook.com/Cloud9SiargaoIsland,Tourist attraction,"R567+W95, Cloud 9 Dr, General Luna, Surigao del Norte",,https://lh3.googleusercontent.com/gps-cs-s/APNQkAGe7r_JZb6VKYUFpSIrYPEqz1rDllxGHkVWMroec-JtY2YCRA_ETyNW7l9EW8EncAfoA0R-2aaIH6ysI1FkkzgWwNQSmvGNYlYpnguREegrbDZ1ZSPBMGUEPTZwjGW35MjymXDm11rdO3M=w2048-h1536-k-no,,"Siargao's legendary right-hand reef break and the wave that put the island on the world surfing map, fronted by a wooden boardwalk that juts over the reef for prime watching and sunset photos. The barrel is for experienced surfers, but the boardwalk, nearby cafes and tide-pool scene make it a day out for everyone. Mornings are glassy; afternoons buzz. Best for: surfers chasing the famous wave and onlookers who just want the iconic Siargao view.",9.8122619,126.1634847,https://www.google.com/maps/place/Cloud+9/data=!4m7!3m6!1s0x3304090007eb3ab1:0x58de77b99a1b4fd1!8m2!3d9.8122619!4d126.1634847!16s%2Fg%2F11xfgpt8_v!19sChIJsTrrBwAJBDMR0U8bmrl33lg?authuser=0&hl=en&rclk=1,"guesthouses in Cloud 9, Siargao & Surigao, Philippines",Cloud 9
La Fuga Siargao,4.8,(39),09171113842,https://wa.me/09171113842,https://instagram.com/lafuga.siargao,https://www.facebook.com/profile.php,,"Old Tourism Rd, Catangnan, General Luna, 8419 Surigao del Norte",https://www.lafugasiargao.com/,https://lh3.googleusercontent.com/gps-cs-s/APNQkAFJIrGzTmpkKInaYRYEp9GKFGK1gniyseGDqxYhpths8paz2hHhSQ9bVkSF-oR25C2hNl7_AzauFhAWBx6uReDePuKX3MI3QuWJTcwV_1K2awUKGqub7ATXlArf5ZA24IMFWkvGc0yl4xhp=w2048-h1536-k-no,"Free Wi-Fi, Free parking","A low-key local spot near the Cloud 9 surf area in General Luna, La Fuga Siargao keeps a modest online footprint. It currently sits at 4.8 across 39 reviews. Amenities include free wi-fi, free parking. Best for: travelers exploring this corner of Siargao.",9.8042801,126.1585626,https://www.google.com/maps/place/La+Fuga+Siargao/data=!4m11!3m10!1s0x3304097263472f7f:0xec1af40a7896841f!5m3!1s2026-10-31!4m1!1i2!8m2!3d9.8042801!4d126.1585626!16s%2Fg%2F11txjhyd0q!19sChIJfy9HY3IJBDMRH4SWeAr0Guw?authuser=0&hl=en&rclk=1,"guesthouses in Cloud 9, Siargao & Surigao, Philippines",Cloud 9
Anemos Surf hostel & Homestay,5.0,(21),09275664631,https://wa.me/09275664631,https://www.instagram.com/anemossurfhostel,https://www.facebook.com/61563866150995,,"R565+3R5, Catangnan, General Luna, Surigao del Norte",,https://lh3.googleusercontent.com/gps-cs-s/APNQkAFW1TQKHrcpbK4auoVAY1Ke_rJiYtXy8m4wnmHAByTUDEIaw8RWltpNnuqtjK4EcezLiTLlW958lsdfqL9TQIlKk1JvqCYNxCC1VdiQKqOll-rkpLGIxgS14pC5oAB5hUIZEwDf5OLLlgs=w2048-h1536-k-no,Free Wi-Fi,"A low-key local spot near the Cloud 9 surf area in General Luna, Anemos Surf hostel & Homestay keeps a modest online footprint. It currently sits at 5.0 across 21 reviews. Amenities include free wi-fi. Best for: travelers exploring this corner of Siargao.",9.8102175,126.1595388,https://www.google.com/maps/place/Anemos+Surf+hostel+%26+Homestay/data=!4m11!3m10!1s0x33040998ad14967b:0x93bfaa0d85b01b78!5m3!1s2026-10-31!4m1!1i2!8m2!3d9.8102175!4d126.1595388!16s%2Fg%2F11l76rj93p!19sChIJe5YUrZgJBDMReBuwhQ2qv5M?authuser=0&hl=en&rclk=1,"guesthouses in Cloud 9, Siargao & Surigao, Philippines",Cloud 9
Villa Peray Siargao,4.7,(17),09815309794,https://wa.me/09815309794,https://www.instagram.com/villa_peray,https://www.facebook.com/villaperay,,"Tuason Point, Tourism Rd, General Luna, 8419 Surigao del Norte",https://www.instagram.com/villa_peray/,https://lh3.googleusercontent.com/gps-cs-s/APNQkAFYmiXEvJnQRuLtlSD1fne9nUPNH3_TfyxHIYbpWNj7KS1kqz4RkLRsNJwCec7lNF034oyv3RM1j1pNt0FcBxh7wn3o_XYGCCB0GCLy2UEJfP-4A0Ttahgb4Ghd6XnNjmR7GpXp=w2048-h1536-k-no,Free Wi-Fi,"A low-key local spot near the Cloud 9 surf area in General Luna, Villa Peray Siargao keeps a modest online footprint. It currently sits at 4.7 across 17 reviews. Amenities include free wi-fi. It sits among the many small, locally-run spots that give Siargao its laid-back character. Best for: travelers exploring this corner of Siargao.",9.8074816,126.1661617,https://www.google.com/maps/place/Villa+Peray+Siargao/data=!4m11!3m10!1s0x330409642b3fdb0d:0x26ceb15468ffdbc6!5m3!1s2026-10-31!4m1!1i2!8m2!3d9.8074816!4d126.1661617!16s%2Fg%2F11j7hh9468!19sChIJDds_K2QJBDMRxtv_aFSxziY?authuser=0&hl=en&rclk=1,"guesthouses in Cloud 9, Siargao & Surigao, Philippines",Cloud 9
Tropical Temple Siargao,4.4,(451),09206619007,https://wa.me/09206619007,https://instagram.com/tropicaltemple,https://www.facebook.com/tropicaltemplesiargao,,"Tourism Rd, General Luna, 8419 Surigao del Norte",https://instagram.com/tropicaltemple,https://lh3.googleusercontent.com/gps-cs-s/APNQkAExH4rVlGy0FXthXQklnlJ6yNT9VCwWapdMsvVqjsAd45BtsHIvre4-jiwaCbmRgEIHJVTpxSG--wBLt7JTRf1cM-yLEkyAZXYggGSYlIcsGZogqcqR7pN0YmpGJzwE26tAlOb4=w2048-h1536-k-no,"Free Wi-Fi, Breakfast, Air-conditioned, Pool, Spa, Fitness center, Free parking, Airport shuttle, Smoke-free, Restaurant, Bar, Room service, Laundry service, Laundry, Beach access, Kid-friendly","An established spot near the Cloud 9 surf area in General Luna, Tropical Temple Siargao has clearly built a following with a sizeable review count. It currently sits at 4.4 across 451 reviews. Amenities include free wi-fi, breakfast, air-conditioned, pool. Best for: travelers exploring this corner of Siargao.",9.8013056,126.1583251,https://www.google.com/maps/place/Tropical+Temple+Siargao/data=!4m11!3m10!1s0x330409e136a7c39b:0xe38e5c1cbc36c68b!5m3!1s2026-10-31!4m1!1i2!8m2!3d9.8013056!4d126.1583251!16s%2Fg%2F11hdxy3hkg!19sChIJm8OnNuEJBDMRi8Y2vBxcjuM?authuser=0&hl=en&rclk=1,"guesthouses in Cloud 9, Siargao & Surigao, Philippines",Cloud 9
Tres Islas Hostel,4.5,(183),09062089710,https://wa.me/09062089710,,https://www.facebook.com/tresislasiao,,"Sitio Sta Inis,Pang pang, General Luna, 8419 Surigao del Norte",https://hannahlovestotravel.com/tres-islas-hostel-philippines,https://lh3.googleusercontent.com/gps-cs-s/APNQkAFWbHqM1DGevY44GUk0Aeq6CDAwB5-o2hbpl_HHux02kzlwxi-U2PqL1JPDQuCHUzA3g152rX_51uz4q1tFJa-6hmkjhOWKhuC4AodI810Ee6DuwngLJs5ehAqizKHdi8IHWaWz=w2048-h1536-k-no,"Free Wi-Fi, Breakfast, Air-conditioned, Pool, Fitness center, Airport shuttle, Pet-friendly, Restaurant, Laundry service, Laundry, Kid-friendly","A well-regarded spot near the Cloud 9 surf area in General Luna, Tres Islas Hostel carries a strong 4.5 rating from 183 reviews. Consistently positive feedback marks it as a dependable local pick. Amenities include free wi-fi, breakfast, air-conditioned, pool. Best for: travelers exploring this corner of Siargao.",9.8021178,126.158724,https://www.google.com/maps/place/Tres+Islas+Hostel/data=!4m11!3m10!1s0x330409ff2d3daef5:0xb794b74fc1035b55!5m3!1s2026-10-31!4m1!1i2!8m2!3d9.8021178!4d126.158724!16s%2Fg%2F11f9xbqktw!19sChIJ9a49Lf8JBDMRVVsDwU-3lLc?authuser=0&hl=en&rclk=1,"guesthouses in Cloud 9, Siargao & Surigao, Philippines",Cloud 9
Kalipay Resort Siargao,4.8,(158),09560190172,https://wa.me/09560190172,https://www.instagram.com/kalipaysiargao/,https://www.facebook.com/Kalipaysiargao/,,"R536+725, Tourism Rd, Barangay Catangnan, General Luna, 8419 Surigao del Norte",http://www.kalipaysiargao.com/,https://lh3.googleusercontent.com/gps-cs-s/APNQkAEGBvHKwh50nasahlrGmsjFgfELJbsE6aSTQYWWmdHLyCdol9orw2grtEwhaXZrbDlgE9WEHXIB2yhMBUbEE0HO7PTzY4FKohzmq54IUG9eeX3i5d79lc6nq5Nocf9eryDzUIRmHeQvQTEp=w2048-h1536-k-no,"Free Wi-Fi, Free breakfast, Air-conditioned, Pool, Outdoor pool, Fitness center, Free parking, Airport shuttle, Pet-friendly, Smoke-free, Restaurant, Laundry service, Laundry, Business center, Accessible","A well-regarded spot near the Cloud 9 surf area in General Luna, Kalipay Resort Siargao carries a strong 4.8 rating from 158 reviews. Consistently positive feedback marks it as a dependable local pick. Amenities include free wi-fi, free breakfast, air-conditioned, pool. Best for: travelers exploring this corner of Siargao.",9.8031892,126.1600036,https://www.google.com/maps/place/Kalipay+Resort+Siargao/data=!4m11!3m10!1s0x330409f89c31b93b:0x6e57fd29aa7944c0!5m3!1s2026-10-31!4m1!1i2!8m2!3d9.8031892!4d126.1600036!16s%2Fg%2F11fjxcvkc3!19sChIJO7kxnPgJBDMRwER5qin9V24?authuser=0&hl=en&rclk=1,"guesthouses in Cloud 9, Siargao & Surigao, Philippines",Cloud 9
"Nutmeg Cottage, Siargao",4.8,(4),09164976207,https://wa.me/09164976207,,,,"General Luna, 8419 Surigao del Norte",,https://lh3.googleusercontent.com/gps-cs-s/APNQkAEmPMfojBBf-RT9GRKhfLrcM5XjQnfYY3mgCkJzp3omD3D_PqRRrVfOTcThjIlpMbsHtUuPVebLhC79pHX0MZo3c4r2kSBNUoMX97rFD_e8H2iU-UB7Oq6gxVWVAEjz5nF_vi5YvAHLw6Px=w2048-h1536-k-no,,"A low-key local spot near the Cloud 9 surf area in General Luna, Nutmeg Cottage, Siargao keeps a modest online footprint. It currently sits at 4.8 across 4 reviews. Honest read: only a handful of reviews so far, but early feedback leans positive. Best for: travelers exploring this corner of Siargao.",9.8099842,126.1654753,"https://www.google.com/maps/place/Nutmeg+Cottage,+Siargao/data=!4m11!3m10!1s0x330409ff31b172f9:0xf0f5dd73ee9e75d6!5m3!1s2026-10-31!4m1!1i2!8m2!3d9.8099842!4d126.1654753!16s%2Fg%2F11ldyrcl8l!19sChIJ-XKxMf8JBDMR1nWe7nPd9fA?authuser=0&hl=en&rclk=1","guesthouses in Cloud 9, Siargao & Surigao, Philippines",Cloud 9
La Bohème Siargao Boutique Hotel,4.6,(134),09620400663,https://wa.me/09620400663,https://www.instagram.com/labohemesiargao,https://www.facebook.com/BoutiqueGlamping,,"Barangay St Ines, Catangnan, General Luna, 8419 Surigao del Norte",https://web.facebook.com/BoutiqueGlamping,https://lh3.googleusercontent.com/gps-cs-s/APNQkAFHduHbIgCgaaAI7LaKgulKDz9ubqnzvpdacgrBIEP2j5wNcsjAO49aNhERjLc7TlSniDWwvJuI4GR7WkGvMQExDAS_z7CHNA82FXEhPqUsry0PWEOHrGApmudawajN-NmH2qf0xA=w2048-h1536-k-no,"Free Wi-Fi, Pool, Fitness center, Free parking, Pet-friendly, Laundry service, Laundry, Accessible","An established spot near the Cloud 9 surf area in General Luna, La Bohème Siargao Boutique Hotel has clearly built a following with a sizeable review count. It currently sits at 4.6 across 134 reviews. Amenities include free wi-fi, pool, fitness center, free parking. Best for: travelers exploring this corner of Siargao.",9.8018479,126.1564594,https://www.google.com/maps/place/La+Boh%C3%A8me+Siargao+Boutique+Hotel/data=!4m11!3m10!1s0x3304093d1edc4dc3:0xfa6120e526b7db9c!5m3!1s2026-10-31!4m1!1i2!8m2!3d9.8018479!4d126.1564594!16s%2Fg%2F11kdf7y0s2!19sChIJw03cHj0JBDMRnNu3JuUgYfo?authuser=0&hl=en&rclk=1,"guesthouses in Cloud 9, Siargao & Surigao, Philippines",Cloud 9
Coco Pod Siargao,4.3,(29),09173085431,https://wa.me/09173085431,,http://facebook.com/cocopodsiargao,,"Old, Tourism Rd, General Luna, 8419 Surigao del Norte",http://facebook.com/cocopodsiargao,https://lh3.googleusercontent.com/gps-cs-s/APNQkAGBWBulLfYGbpDVomXLhBndQ_VCXHonz3aJGDlyMbsS_F0m5jfcmVIXu0SqrwoQaeCfTA3DqTj411yTqztha7SnpWVHU2llBP4ik4XghTaoYaLyvViCIZBxVSC2oEQXh3OAdL77jw=w2048-h1536-k-no,"Free Wi-Fi, Airport shuttle, Kid-friendly","A low-key local spot near the Cloud 9 surf area in General Luna, Coco Pod Siargao keeps a modest online footprint. It currently sits at 4.3 across 29 reviews. Amenities include free wi-fi, airport shuttle, kid-friendly. Best for: travelers exploring this corner of Siargao.",9.8022488,126.1590397,https://www.google.com/maps/place/Coco+Pod+Siargao/data=!4m11!3m10!1s0x330409dc8c7bdcb5:0x18a3a2946d7dcee4!5m3!1s2026-10-31!4m1!1i2!8m2!3d9.8022488!4d126.1590397!16s%2Fg%2F11gxsfrltz!19sChIJtdx7jNwJBDMR5M59bZSioxg?authuser=0&hl=en&rclk=1,"guesthouses in Cloud 9, Siargao & Surigao, Philippines",Cloud 9
Ocean 9,3.6,(98),09055560391,https://wa.me/09055560391,,https://www.facebook.com/ocean9siargaoisland,,"General Luna, Surigao del Norte",https://www.facebook.com/ocean9siargaoisland,https://lh3.googleusercontent.com/gps-cs-s/APNQkAErG8W28m016BbHkHyLdkWkFzOoGhwGq8gvcJOJzG00h8aJldEFBbBP5gKSC6B7PHY9PS9TalhrKvG_Tcx7ZYvnzmQkqHPZ6usvjDbodZG7UYom8xwt_ETWqb3qyACbuhmORSmR=w2048-h1536-k-no,"Free Wi-Fi, Air-conditioned, Pool, Outdoor pool, Fitness center, Free parking, Restaurant","A low-key local spot near the Cloud 9 surf area in General Luna, Ocean 9 keeps a modest online footprint. It currently sits at 3.6 across 98 reviews. Honest read: reviews are mixed (around 3.6), so set expectations accordingly. Amenities include free wi-fi, air-conditioned, pool, outdoor pool. Best for: travelers exploring this corner of Siargao.",9.8424116,126.1323256,https://www.google.com/maps/place/Ocean+9/data=!4m11!3m10!1s0x3304090caf3a3fcf:0xaf931c617a056502!5m3!1s2026-10-31!4m1!1i2!8m2!3d9.8424116!4d126.1323256!16s%2Fg%2F11q8851tcs!19sChIJzz86rwwJBDMRAmUFemEck68?authuser=0&hl=en&rclk=1,"guesthouses in Cloud 9, Siargao & Surigao, Philippines",Cloud 9
Good Balance Siargao,3.9,(16),09178505645,https://wa.me/09178505645,,https://www.facebook.com/tuazonvella,,"Tuazon Area, Catangnan, General Luna, 8419 Surigao del Norte",,https://lh3.googleusercontent.com/gps-cs-s/APNQkAHSmnPbBFLgH90l299QI0ZTOb9vJ3Xre7UXlqQnc1PAy-QLm_jAtqzp738aBjz9a0urN1hGixhjeVLgPyR_Qk3Xuvz8ZHXrGc7PeXzFE8ciGLOMQXxPe-_OlSk8syPnHcath6C9=w2048-h1536-k-no,,"A low-key local spot near the Cloud 9 surf area in General Luna, Good Balance Siargao keeps a modest online footprint. It currently sits at 3.9 across 16 reviews. It sits among the many small, locally-run spots that give Siargao its laid-back character. Best for: travelers exploring this corner of Siargao.",9.8069645,126.1666848,https://www.google.com/maps/place/Good+Balance+Siargao/data=!4m11!3m10!1s0x33040905172552c3:0xdeace6994e21536f!5m3!1s2026-10-31!4m1!1i2!8m2!3d9.8069645!4d126.1666848!16s%2Fg%2F11kc14b1r6!19sChIJw1IlFwUJBDMRb1MhTpnmrN4?authuser=0&hl=en&rclk=1,"guesthouses in Cloud 9, Siargao & Surigao, Philippines",Cloud 9
Whipsy Villa Siargao,5.0,(4),09276334299,https://wa.me/09276334299,,,,"Catangnan General Luna Catangnan, 8419 Surigao del Norte",,https://lh3.googleusercontent.com/gps-cs-s/APNQkAEs7cY_TMK0cy-y0EBt3tMizCbJLwrDTHZvF6zwJQ9s4xCXOMQgIg2Pl0lFib86wSAmoVsHHyv4bPvU5g3zH-_mXkPgTnikJl4hI7tjk0JJXeLoUlwl-AJHpU23HOO3i6VAEPZw=w2048-h1536-k-no,,"A low-key local spot near the Cloud 9 surf area in General Luna, Whipsy Villa Siargao keeps a modest online footprint. It currently sits at 5.0 across 4 reviews. Honest read: only a handful of reviews so far, but early feedback leans positive. Best for: travelers exploring this corner of Siargao.",9.8108009,126.1594089,https://www.google.com/maps/place/Whipsy+Villa+Siargao/data=!4m11!3m10!1s0x3304095e14d13a6f:0x22867e0beb243885!5m3!1s2026-10-31!4m1!1i2!8m2!3d9.8108009!4d126.1594089!16s%2Fg%2F11vy1lwg5x!19sChIJbzrRFF4JBDMRhTgk6wt-hiI?authuser=0&hl=en&rclk=1,"guesthouses in Cloud 9, Siargao & Surigao, Philippines",Cloud 9
Sunset bay beach villas Siargao,4.6,(52),09197655991,https://wa.me/09197655991,,https://www.facebook.com/sunsetbaysiargao,,"R554+F8F, kapu tiki catangnan, general Luna, siargao, 8419",,https://lh3.googleusercontent.com/gps-cs-s/APNQkAGypcaxTXO9GkFJ4HDjY9ixPbF_w8EzL981JfkkvkMHDsM-AuON9Hyb_gxZUmiDBpsuJols4Qg183oFjO2rNHm4oo3OnkVLy6F8UAyAy4jZoVA_wLQ7p9lGSBhTKdZ-YC0BqeED=w2048-h1536-k-no,"Free Wi-Fi, Air-conditioned, Pool, Outdoor pool, Fitness center, Free parking, Airport shuttle, Beach access, Kid-friendly","A low-key local spot near the Cloud 9 surf area in General Luna, Sunset bay beach villas Siargao keeps a modest online footprint. It currently sits at 4.6 across 52 reviews. Amenities include free wi-fi, air-conditioned, pool, outdoor pool. Best for: travelers exploring this corner of Siargao.",9.8086899,126.1557907,https://www.google.com/maps/place/Sunset+bay+beach+villas+Siargao/data=!4m11!3m10!1s0x330409e9cc0a8d0f:0x6f96505021cfd8b3!5m3!1s2026-10-31!4m1!1i2!8m2!3d9.8086899!4d126.1557907!16s%2Fg%2F11crzx26r4!19sChIJD40KzOkJBDMRs9jPIVBQlm8?authuser=0&hl=en&rclk=1,"guesthouses in Cloud 9, Siargao & Surigao, Philippines",Cloud 9
Guyangan Homestay-Siargao,5.0,(7),09093135003,https://wa.me/09093135003,,https://www.facebook.com/100090958387842,,"Siargao Island, Brgy, Catangnan, General Luna, Surigao del Norte",,https://lh3.googleusercontent.com/gps-cs-s/APNQkAE7I02d6spgvfB6WDgPYjg9XcwBVYr4gT51Tz3OsUsLGC1BDAiusyxaOowLNL8f6y3y2BSdUy5aPOrAgiuamk5zrVwAjr_5YpASOTNpEM2B4H_XpMhxyNcFuglcXCItR4mw82A=w2048-h1536-k-no,"Free Wi-Fi, Air-conditioned, Pool, Fitness center, Free parking, Airport shuttle, Restaurant","A low-key local spot near the Cloud 9 surf area in General Luna, Guyangan Homestay-Siargao keeps a modest online footprint. It currently sits at 5.0 across 7 reviews. Honest read: only a handful of reviews so far, but early feedback leans positive. Amenities include free wi-fi, air-conditioned, pool, fitness center. Best for: travelers exploring this corner of Siargao.",9.8099127,126.1623634,https://www.google.com/maps/place/Guyangan+Homestay-Siargao/data=!4m11!3m10!1s0x33040970f0377aaf:0x13dc8177d4b0d9ff!5m3!1s2026-10-31!4m1!1i2!8m2!3d9.8099127!4d126.1623634!16s%2Fg%2F11vk5630ty!19sChIJr3o38HAJBDMR_9mw1HeB3BM?authuser=0&hl=en&rclk=1,"guesthouses in Cloud 9, Siargao & Surigao, Philippines",Cloud 9
Mantara Hostel Siargao,4.5,(8),+18328637135,https://wa.me/18328637135,,,,"Tuazon, Tourism Rd, Catangnan, General Luna, 8419 Surigao del Norte",,https://lh3.googleusercontent.com/gps-cs-s/APNQkAGOonOTayL0gJb2NJ8ZN3NJzGfgfuZWEoT16kZTq3Et4X7VbZLUwPs-eBbXTIe0Mx2G2k0l_lLcaIVkLtuN3fJyEujNlqh2IU5GYUtDPS1fLgcEV4AgRI4TjOJFo8yiXNHLlVWp=w2048-h1536-k-no,"Free Wi-Fi, Breakfast, Air-conditioned, Pool, Fitness center, Free parking, Airport shuttle, Pet-friendly, Kitchen, Accessible","A low-key local spot near the Cloud 9 surf area in General Luna, Mantara Hostel Siargao keeps a modest online footprint. It currently sits at 4.5 across 8 reviews. Honest read: only a handful of reviews so far, but early feedback leans positive. Amenities include free wi-fi, breakfast, air-conditioned, pool. Best for: travelers exploring this corner of Siargao.",9.8066749,126.1666077,https://www.google.com/maps/place/Mantara+Hostel+Siargao/data=!4m11!3m10!1s0x3304095f64b42f3f:0x797494e09984db97!5m3!1s2026-10-31!4m1!1i2!8m2!3d9.8066749!4d126.1666077!16s%2Fg%2F11r10qy62r!19sChIJPy-0ZF8JBDMRl9uEmeCUdHk?authuser=0&hl=en&rclk=1,"guesthouses in Cloud 9, Siargao & Surigao, Philippines",Cloud 9
KOKOMO SIARGAO,4.7,(11),09178267518,https://wa.me/09178267518,https://www.instagram.com/thekokomoaccommodations,https://www.facebook.com/100086067622869,,"Beachfront, jacking horse Trail, General Luna, 8419 Surigao del Norte",https://www.instagram.com/thekokomoaccommodations/,https://lh3.googleusercontent.com/gps-cs-s/APNQkAHHzsXqYBTypQNMAW-14jZUJID_mzb2XVYWGgurqV40RwcQzcgse_APg6wAm186nvuPdURDBFdUpW2ABc_J9zfdzO8zqim6UGlFLqODLVGhDDSTWNuitOphm3dMnZ_MJ6y3GNhC1p0_qENG=w2048-h1536-k-no,Beachfront,"A low-key local spot near the Cloud 9 surf area in General Luna, KOKOMO SIARGAO keeps a modest online footprint. It currently sits at 4.7 across 11 reviews. Honest read: only a handful of reviews so far, but early feedback leans positive. Amenities include beachfront. Best for: travelers exploring this corner of Siargao.",9.8131046,126.1622515,https://www.google.com/maps/place/KOKOMO+SIARGAO/data=!4m11!3m10!1s0x3304099e05a1fda7:0x3ec229413fde9239!5m3!1s2026-10-31!4m1!1i2!8m2!3d9.8131046!4d126.1622515!16s%2Fg%2F11xswrrdh9!19sChIJp_2hBZ4JBDMROZLeP0Epwj4?authuser=0&hl=en&rclk=1,"guesthouses in Cloud 9, Siargao & Surigao, Philippines",Cloud 9
Nawá House,5.0,(19),,,,https://www.facebook.com/nawahousesiargao,,"Brgy, Siargao Island, Catangnan, General Luna, 8419 Surigao del Norte",https://nawasiargao.webflow.io/,https://lh3.googleusercontent.com/gps-cs-s/APNQkAHedQeG-7MjQ0qtGBCERvErj3f4uMCGsTh9VlXVbN-gKbobUfjjSOV92PJlfJnsd-DTuaCo315ePdHENj9dryLp2KEfEwsY5ZjBthi9URFsQNbpp-5barcqmQ8C2ug5qlN9xIoa7A=w2048-h1536-k-no,,"A low-key local spot near the Cloud 9 surf area in General Luna, Nawá House keeps a modest online footprint. It currently sits at 5.0 across 19 reviews. It sits among the many small, locally-run spots that give Siargao its laid-back character. Best for: travelers exploring this corner of Siargao.",9.8032411,126.1592405,https://www.google.com/maps/place/Naw%C3%A1+House/data=!4m11!3m10!1s0x330409a019c26295:0x41715eb885056541!5m3!1s2026-10-31!4m1!1i2!8m2!3d9.8032411!4d126.1592405!16s%2Fg%2F11twj91zh4!19sChIJlWLCGaAJBDMRQWUFhbhecUE?authuser=0&hl=en&rclk=1,"guesthouses in Cloud 9, Siargao & Surigao, Philippines",Cloud 9
Panawan Guest House,4.7,(29),09175164051,https://wa.me/09175164051,,https://www.facebook.com/panawanguesthouse,,"brgy. 5, Siargao Island, General Luna, 8419 Surigao del Norte",,https://lh3.googleusercontent.com/gps-cs-s/APNQkAENxppjpRnL9oQUBCvauu7POGI7y8EaT_g_jVPyryJwyltbRZscjBn7wH--ISwVz6YDaNzbXiCp-wNSfOkCsANKtvI9Gq3M7K2qlKnkJNBPmRK-dvl3qKdgpTGZiKl_1GPwE7F92Q=w2048-h1536-k-no,Bar,"A low-key local spot near the Cloud 9 surf area in General Luna, Panawan Guest House keeps a modest online footprint. It currently sits at 4.7 across 29 reviews. Amenities include bar. It sits among the many small, locally-run spots that give Siargao its laid-back character. Best for: travelers exploring this corner of Siargao.",9.7860081,126.159296,https://www.google.com/maps/place/Panawan+Guest+House/data=!4m11!3m10!1s0x3303f61721bdc2f5:0x6ce0495faa4554a4!5m3!1s2026-10-31!4m1!1i2!8m2!3d9.7860081!4d126.159296!16s%2Fg%2F11f5dz1jn7!19sChIJ9cK9IRf2AzMRpFRFql9J4Gw?authuser=0&hl=en&rclk=1,"guesthouses in Cloud 9, Siargao & Surigao, Philippines",Cloud 9
The Boardrooms,5.0,(2),09561944961,https://wa.me/09561944961,,https://www.facebook.com/people,,"Cloud 9 Tower, General Luna, 8419 Surigao del Norte",,https://lh3.googleusercontent.com/gps-cs-s/APNQkAFSzRaipYTx6yFsDGxKbsXP0x5lRxC_kYqWhNRygr8FdIihaTD1jjFzu3pVbn8N5Bc153f-dkRielRut-vFz5nKYujIKxW2ViU-9Uzv8gXEw4a2uiWckhTFNh8_2DEuDDQ2CY3YEaWix4Mb=w2048-h1536-k-no,,"A low-key local spot near the Cloud 9 surf area in General Luna, The Boardrooms keeps a modest online footprint. It currently sits at 5.0 across 2 reviews. Honest read: only a handful of reviews so far, but early feedback leans positive. Best for: travelers exploring this corner of Siargao.",9.8122929,126.163815,https://www.google.com/maps/place/The+Boardrooms/data=!4m11!3m10!1s0x330409cf6a7eae27:0xb962ab0b1a006e9f!5m3!1s2026-10-31!4m1!1i2!8m2!3d9.8122929!4d126.163815!16s%2Fg%2F11xp26bpjj!19sChIJJ65-as8JBDMRn24AGgurYrk?authuser=0&hl=en&rclk=1,"guesthouses in Cloud 9, Siargao & Surigao, Philippines",Cloud 9
Reef Beach Resort,4.3,(366),09993393535,https://wa.me/09993393535,https://www.instagram.com/reefbeachresort_siargao/,https://www.facebook.com/siargao.accommodation,,"Siargao Island, Tourism Rd, General Luna, 8419 Surigao del Norte",https://reefbeachresortsiargao.com/,https://lh3.googleusercontent.com/gps-cs-s/APNQkAG7J9ootowOqNvpObfAYsyy9bpkcK1LextaqxpmIb9s4ZKNqeVMpRyjR7r145P3C7UDfE2BF4eV_Jy3Zi0QwIJ31ICteamQbcp1ThKyDLPsrEyMa8Yl6mW--fm6q3FjWtsNjDK5=w2048-h1536-k-no,"Free Wi-Fi, Breakfast, Air-conditioned, Pool, Outdoor pool, Fitness center, Free parking, Airport shuttle, Pet-friendly, Restaurant, Bar, Room service, Laundry service, Laundry, Beach access, Kid-friendly, Business center, Accessible","An established spot near the Cloud 9 surf area in General Luna, Reef Beach Resort has clearly built a following with a sizeable review count. It currently sits at 4.3 across 366 reviews. Amenities include free wi-fi, breakfast, air-conditioned, pool. Best for: travelers exploring this corner of Siargao.",9.8025435,126.1604629,https://www.google.com/maps/place/Reef+Beach+Resort/data=!4m11!3m10!1s0x330409e41ba55975:0x98f19e43b260e431!5m3!1s2026-10-31!4m1!1i2!8m2!3d9.8025435!4d126.1604629!16s%2Fg%2F1pp2x7s2x!19sChIJdVmlG-QJBDMRMeRgskOe8Zg?authuser=0&hl=en&rclk=1,"guesthouses in Cloud 9, Siargao & Surigao, Philippines",Cloud 9
Privada Villa Siargao,4.3,(30),09270456488,https://wa.me/09270456488,,https://www.facebook.com/profile.php,,"Barangay, Cloud 9 Dr, Catangnan, Siargao, General Luna, Surigao del Norte",,https://lh3.googleusercontent.com/gps-cs-s/APNQkAG4RKJTDbctfGn8beHPMN817Y8idtBpSleh8UaqwU72Oud94nkObmy61QJwjTlQ9IVMeAgE9dUbnKAAdEUZ6BIY3iCEn3KvXsKububHMdXl-mhM3wKB9-lG-YGyGkx_blJBUq5h=w2048-h1536-k-no,"Free Wi-Fi, Parking, Kitchen","A low-key local spot near the Cloud 9 surf area in General Luna, Privada Villa Siargao keeps a modest online footprint. It currently sits at 4.3 across 30 reviews. Amenities include free wi-fi, parking, kitchen. Best for: travelers exploring this corner of Siargao.",9.807021,126.162299,https://www.google.com/maps/place/Privada+Villa+Siargao/data=!4m11!3m10!1s0x33040919457cbd11:0xfc3ab33e74389ce1!5m3!1s2026-10-31!4m1!1i2!8m2!3d9.807021!4d126.162299!16s%2Fg%2F11sv2l6c4g!19sChIJEb18RRkJBDMR4Zw4dD6zOvw?authuser=0&hl=en&rclk=1,"guesthouses in Cloud 9, Siargao & Surigao, Philippines",Cloud 9
Ilakai Hostel,4.6,(161),09338238398,https://wa.me/09338238398,http://www.instagram.com/ilakaisiargao,http://www.facebook.com/ilakaiSiargao,,"Bones Lane, Barangay Catangnan, General Luna, 8419 Surigao del Norte",http://www.ilakaihostel.com/,https://lh3.googleusercontent.com/gps-cs-s/APNQkAEL9PRW-NL9Dg63LawKDRl9MWXWjl2ZbPxyBKVOLJBZubFISokpxy7R4qTYIYXDURDRz362Mud6AlZKhEmoL23OEpgxdNyAz7D8-ciX3xl1dXS65jSle0AeTLqBBL86K_z2VE_Kuolowxu9=w2048-h1536-k-no,"Free Wi-Fi, Breakfast, Air-conditioned, Pool, Fitness center, Free parking, Airport shuttle, Pet-friendly, Restaurant, Bar, Laundry service, Laundry, Accessible","A well-regarded spot near the Cloud 9 surf area in General Luna, Ilakai Hostel carries a strong 4.6 rating from 161 reviews. Consistently positive feedback marks it as a dependable local pick. Amenities include free wi-fi, breakfast, air-conditioned, pool. Best for: travelers exploring this corner of Siargao.",9.8084538,126.1594652,https://www.google.com/maps/place/Ilakai+Hostel/data=!4m11!3m10!1s0x3304090051560eff:0xfeae5d1a17152860!5m3!1s2026-10-31!4m1!1i2!8m2!3d9.8084538!4d126.1594652!16s%2Fg%2F11f9yy9nvr!19sChIJ_w5WUQAJBDMRYCgVFxpdrv4?authuser=0&hl=en&rclk=1,"guesthouses in Cloud 9, Siargao & Surigao, Philippines",Cloud 9
Siargao Bed and Brew,4.3,(81),09171292395,https://wa.me/09171292395,https://www.instagram.com/klikindomaret,https://www.facebook.com/KlikIndomaret,,"9285-E-2, Tourism Rd, General Luna, 8419 Surigao del Norte",https://siargaobedandbrew.com/,https://lh3.googleusercontent.com/gps-cs-s/APNQkAGNagSQoGqE89uoYplG1Dm3O7ST3Qt1cKHoEl97qG7CD0F94E4VLXEhFlbA9QQVf3RkPoU6IX8OG7r5qrG412cFY_9Zoq1lDFqcqNXUwR8m7f9J-O8FNGbv0WLRav9LYq52kaQK=w2048-h1536-k-no,"Free Wi-Fi, Pool, Fitness center, Free parking, Pet-friendly, Restaurant, Beach access, Garden","A low-key local spot near the Cloud 9 surf area in General Luna, Siargao Bed and Brew keeps a modest online footprint. It currently sits at 4.3 across 81 reviews. Amenities include free wi-fi, pool, fitness center, free parking. Best for: travelers exploring this corner of Siargao.",9.7925276,126.1617746,https://www.google.com/maps/place/Siargao+Bed+and+Brew/data=!4m11!3m10!1s0x3303f756301a15d1:0x325a60e4eceef6a9!5m3!1s2026-10-31!4m1!1i2!8m2!3d9.7925276!4d126.1617746!16s%2Fg%2F11pq4l611s!19sChIJ0RUaMFb3AzMRqfbu7ORgWjI?authuser=0&hl=en&rclk=1,"guesthouses in Cloud 9, Siargao & Surigao, Philippines",Cloud 9
MI CASA SIARGAO,4.0,(52),09998384916,https://wa.me/09998384916,,https://www.facebook.com/micasasuitessiargao2022,,"General Luna, 8419 Surigao del Norte",https://www.booking.com/hotel/ph/mi-casa-suites.html?aid=304142&label=gen173nr-10CAEoggI46AdIM1gEaLQBiAEBmAEzuAEXyAEM2AED6AEB-AEBiAIBqAIBuALguM_NBsACAdICJGI2ZmQwMTBiLWQ1ZDYtNGQyZS1hMWUwLWVmNGExOWQxOTAxN9gCAeACAQ&ucfs=1&arphpl=1,https://lh3.googleusercontent.com/gps-cs-s/APNQkAE3YiNyDy5e-Hu9w7gitO5DJH4VjurtqIEA7x7Kl0_rNd4FadM1_CwSJbRUtwy0czPnWVFaHxvWTZbaEqhdebcj8ihjpwPZ3dFRLwPQAw0K4zQZwY3SZnimQJrH6LfCXs_WRHG5ECzeplI=w2048-h1536-k-no,,"A low-key local spot near the Cloud 9 surf area in General Luna, MI CASA SIARGAO keeps a modest online footprint. It currently sits at 4.0 across 52 reviews. Honest read: a solid-not-spectacular 4.0 rating, dependable rather than dazzling. Best for: travelers exploring this corner of Siargao.",9.8073841,126.1658215,https://www.google.com/maps/place/MI+CASA+SIARGAO/data=!4m11!3m10!1s0x3304091f6170c34d:0x84b067e3b38a2ba!5m3!1s2026-10-31!4m1!1i2!8m2!3d9.8073841!4d126.1658215!16s%2Fg%2F11j2c8kk7r!19sChIJTcNwYR8JBDMRuqI4O34GSwg?authuser=0&hl=en&rclk=1,"guesthouses in Cloud 9, Siargao & Surigao, Philippines",Cloud 9
Siargao Island Villas,4.1,(567),09507648359,https://wa.me/09507648359,https://www.instagram.com/housity_/,https://www.facebook.com/people/Housity/100090119934114/,,"Q5W6+C9C Barangay, Tourism Rd, General Luna, 8419 Surigao del Norte",http://www.siargaoislandvillasph.com/,https://lh3.googleusercontent.com/gps-cs-s/APNQkAHF3VUqzI6WmTVetCYd8KyIgM9n21WgnGzGtEnjBxG05a8YN4JE05xsTUFCjXpkQy4JGAuuhrlWqfDqmxc0iFZbwschtEYjOUs41zyzmvnkbcKfns-WMmY4a_fJ6pj7uQEVW8lQCw=w2048-h1536-k-no,"Free Wi-Fi, Breakfast, Air-conditioned, Pool, Outdoor pool, Spa, Fitness center, Free parking, Airport shuttle, Pet-friendly, Restaurant, Bar, Room service, Beach access, Kid-friendly","An established spot near the Cloud 9 surf area in General Luna, Siargao Island Villas has clearly built a following with a sizeable review count. It currently sits at 4.1 across 567 reviews. Honest read: a solid-not-spectacular 4.1 rating, dependable rather than dazzling. Amenities include free wi-fi, breakfast, air-conditioned, pool. Best for: travelers exploring this corner of Siargao.",9.7960169,126.1608957,https://www.google.com/maps/place/Siargao+Island+Villas/data=!4m11!3m10!1s0x3303f61dfce8dd0b:0xb2a1c51a8e43547c!5m3!1s2026-10-31!4m1!1i2!8m2!3d9.7960169!4d126.1608957!16s%2Fg%2F11d_38g9zh!19sChIJC93o_B32AzMRfFRDjhrFobI?authuser=0&hl=en&rclk=1,"guesthouses in Cloud 9, Siargao & Surigao, Philippines",Cloud 9
Riad Masaya,4.6,(62),09201735559,https://wa.me/09201735559,,https://www.facebook.com/RiadMasaya,,"Tourism Rd, General Luna, Surigao del Norte",http://www.riadmasaya.com/,https://lh3.googleusercontent.com/gps-cs-s/APNQkAE-vYgAjVExfn-MPqUtdq7UzG7R6ngGksQL6BZyemK6tj-6zlRyZbL3RnRAonv8jZQTg3vxYBFp6HqCI6QxTtroZKq_1lZjtt1WDc-UNs-EtFwP1dryC_3_nlTLPX_D8Pbxo0o5=w2048-h1536-k-no,"Free Wi-Fi, Air-conditioned, Pool, Fitness center, Kid-friendly","A low-key local spot near the Cloud 9 surf area in General Luna, Riad Masaya keeps a modest online footprint. It currently sits at 4.6 across 62 reviews. Amenities include free wi-fi, air-conditioned, pool, fitness center. Best for: travelers exploring this corner of Siargao.",9.8062644,126.1599011,https://www.google.com/maps/place/Riad+Masaya/data=!4m11!3m10!1s0x330409e8ac8e1c5b:0x716b103a10d4a88c!5m3!1s2026-10-31!4m1!1i2!8m2!3d9.8062644!4d126.1599011!16s%2Fg%2F11g9q1p2vc!19sChIJWxyOrOgJBDMRjKjUEDoQa3E?authuser=0&hl=en&rclk=1,"guesthouses in Cloud 9, Siargao & Surigao, Philippines",Cloud 9
Villa Pura Vida Apartments Siargao,4.9,(19),09626482177,https://wa.me/09626482177,https://www.instagram.com/villapuravidasiargao,https://www.facebook.com/profile.php,Holiday apartment rental,"Bgy, General Luna, 8419 Surigao del Norte",https://www.instagram.com/villapuravidasiargao/,https://lh3.googleusercontent.com/gps-cs-s/APNQkAFytMlPX3v-tWA05IY_6RA0M51apUSHLLr-IT9iLjfIICEPjc53SDV6OZV8PUtyTYl0UqmSynvs-6qa-VfnI-0uqEaZEEUDAPKWhjIyuQFlvaqKBMtrCQLtH8SGTWouQwZcxCYMkiLzx1gn=w2048-h1536-k-no,"Pool, Garden, Kitchen","A small, locally-run place to stay near the Cloud 9 surf area in General Luna, Villa Pura Vida Apartments Siargao offers a homier alternative to the big resorts. It currently sits at 4.9 across 19 reviews. Amenities include pool, garden, kitchen. Best for: travelers after a homier, locally-run stay.",9.8018822,126.156092,https://www.google.com/maps/place/Villa+Pura+Vida+Apartments+Siargao/data=!4m7!3m6!1s0x3303f7493c679d73:0xee11975ae6373bf0!8m2!3d9.8018822!4d126.156092!16s%2Fg%2F11s4wvww8t!19sChIJc51nPEn3AzMR8Ds35lqXEe4?authuser=0&hl=en&rclk=1,"guesthouses in Cloud 9, Siargao & Surigao, Philippines",Cloud 9
Pawikan Siargao,4.6,(21),09081442314,https://wa.me/09081442314,,https://www.facebook.com/pawikansiargao,,"Tourism Rd, Catangnan, General Luna, 8419 Surigao del Norte",,https://lh3.googleusercontent.com/gps-cs-s/APNQkAEKbMo6VMOUvTPKKYGJ3N5oW3nXJzoMN2TqFzlPuw-CV7GrQyiBdItVOUwyAKBTzcEjCIidp8jtOFHw1zUj_RfnCKDXqvxaxtAxLpIMJ_5vmbGPIyMpTsLOHjUln6v38TDyp-hc=w2048-h1536-k-no,"Wheelchair accessible, Wheelchair accessible entrance, Accessible","A low-key local spot near the Cloud 9 surf area in General Luna, Pawikan Siargao keeps a modest online footprint. It currently sits at 4.6 across 21 reviews. Amenities include wheelchair accessible, wheelchair accessible entrance, accessible. Best for: travelers exploring this corner of Siargao.",9.8092675,126.155547,https://www.google.com/maps/place/Pawikan+Siargao/data=!4m11!3m10!1s0x3303f779bdd8ad57:0x67237c332014283a!5m3!1s2026-10-31!4m1!1i2!8m2!3d9.8092675!4d126.155547!16s%2Fg%2F11tf2sfytf!19sChIJV63YvXn3AzMROigUIDN8I2c?authuser=0&hl=en&rclk=1,"guesthouses in Cloud 9, Siargao & Surigao, Philippines",Cloud 9
Siargao Hostel,4.2,(5),,,,https://www.facebook.com/profile.php,Hostel,"Tourism Rd, General Luna, Siargao Surigao del Norte",,https://lh3.googleusercontent.com/gps-cs-s/APNQkAHm5rVZxzDERDCh3EuaNUl9aqesl5hynwiMZ0PHQ3kGHt_nIVDQGeaHrUIZGsKI0sVFHZksRKPLqWsXQPZ2GMEfgqNoLuB29A6GiwZ5WqUx8G8oktZjZyCv4TIBEScgLtkg0Gtf=w2048-h1536-k-no,Kitchen,"A small, locally-run place to stay near the Cloud 9 surf area in General Luna, Siargao Hostel offers a homier alternative to the big resorts. It currently sits at 4.2 across 5 reviews. Honest read: only a handful of reviews so far, but early feedback leans positive. Amenities include kitchen. Best for: budget and social travelers wanting a friendly base.",9.7971832,126.1605219,https://www.google.com/maps/place/Siargao+Hostel/data=!4m7!3m6!1s0x3304092e8053d80d:0x6d1f6ff48e265738!8m2!3d9.7971832!4d126.1605219!16s%2Fg%2F11wmy9qt_3!19sChIJDdhTgC4JBDMROFcmjvRvH20?authuser=0&hl=en&rclk=1,"guesthouses in Cloud 9, Siargao & Surigao, Philippines",Cloud 9
Zy -An Homestay siargao,5.0,(1),,,,https://www.facebook.com/people,Hotel,"R556+44X, General Luna, Surigao del Norte",,https://lh3.googleusercontent.com/gps-cs-s/APNQkAG-9EUCmwkxwCkDo4ijHvGyoifUSlmVbzbp_wsS-wWK_azohUb500kjwHAjsHRIgcn0tgykG5F_EcrnoC_dWmpdQK82Bsy7XExIjqb2hkl-Sxl-6epN4MCjAjYBerorAHZr_h0YfAk6Vjw=w2048-h1536-k-no,,"An island stay near the Cloud 9 surf area in General Luna, Zy -An Homestay siargao pitches itself to travelers wanting a relaxed base. It currently sits at 5.0 across 1 review. Honest read: only a handful of reviews so far, but early feedback leans positive. Best for: travelers wanting comfort and a relaxed island stay.",9.8078705,126.1603455,https://www.google.com/maps/place/Zy+-An+Homestay+siargao/data=!4m7!3m6!1s0x330409007cd5ce85:0x9d095bd9ed242c3c!8m2!3d9.8078705!4d126.1603455!16s%2Fg%2F11x0n961rf!19sChIJhc7VfAAJBDMRPCwk7dlbCZ0?authuser=0&hl=en&rclk=1,"guesthouses in Cloud 9, Siargao & Surigao, Philippines",Cloud 9
Himaya Siargao,4.6,(64),09272820372,https://wa.me/09272820372,https://www.instagram.com/himaya.siargao,https://www.facebook.com/Himaya-Siargao-100664084906551,,"R535+75, Tourism Rd, General Luna, Surigao del Norte",https://www.facebook.com/Himaya-Siargao-100664084906551/,https://lh3.googleusercontent.com/gps-cs-s/APNQkAFJi6FUTmWZ8m3Hi5723P3hKhQ4KaQ3aRyqigUseTmFbh77AU8tIFRreCPQbK7wza8MrB9Yr5KalwwYWWIVeNx0Oifw6GzlCkrWHLcBmx5gwPOrm1P66S-om9h3KMCXiKspkySb=w2048-h1536-k-no,"Free Wi-Fi, Breakfast, Air-conditioned, Pool, Fitness center, Free parking, Airport shuttle, Pet-friendly, Smoke-free, Restaurant, Bar, Room service, Laundry service, Laundry","A low-key local spot near the Cloud 9 surf area in General Luna, Himaya Siargao keeps a modest online footprint. It currently sits at 4.6 across 64 reviews. Amenities include free wi-fi, breakfast, air-conditioned, pool. Best for: travelers exploring this corner of Siargao.",9.8028869,126.1578903,https://www.google.com/maps/place/Himaya+Siargao/data=!4m11!3m10!1s0x330409d64e89c00b:0x83bbb7f0e85564fd!5m3!1s2026-10-31!4m1!1i2!8m2!3d9.8028869!4d126.1578903!16s%2Fg%2F11fs_j_mnr!19sChIJC8CJTtYJBDMR_WRV6PC3u4M?authuser=0&hl=en&rclk=1,"guesthouses in Cloud 9, Siargao & Surigao, Philippines",Cloud 9
Jonas & Twins Resort,4.3,(94),09483274964,https://wa.me/09483274964,,http://facebook.com/jonasandtwinsresort,,"Tourism Rd, General Luna, Surigao del Norte",http://facebook.com/jonasandtwinsresort,https://lh3.googleusercontent.com/gps-cs-s/APNQkAHMKR-c1ispRw-g6Lb-q_jWmUBJf67XMVqcc4kOBOcSKBx3btnzLuqs8OVcDrrOiJxTmjpFOQhxgWerebsj_d4oVfFDH3kP82WzfA_IETX-oxh-3uv_mUcf5LgPrr8Aa2a-PjOg=w2048-h1536-k-no,"Free Wi-Fi, Air-conditioned, Pool, Free parking, Airport shuttle, Pet-friendly, Restaurant, Laundry service, Laundry, Beach access, Kid-friendly","A low-key local spot near the Cloud 9 surf area in General Luna, Jonas & Twins Resort keeps a modest online footprint. It currently sits at 4.3 across 94 reviews. Amenities include free wi-fi, air-conditioned, pool, free parking. Best for: travelers exploring this corner of Siargao.",9.8021681,126.1603533,https://www.google.com/maps/place/Jonas+%26+Twins+Resort/data=!4m11!3m10!1s0x330409e41bfc8f89:0x81fb12e4c204573e!5m3!1s2026-10-31!4m1!1i2!8m2!3d9.8021681!4d126.1603533!16s%2Fg%2F11fjfhxl4y!19sChIJiY_8G-QJBDMRPlcEwuQS-4E?authuser=0&hl=en&rclk=1,"guesthouses in Cloud 9, Siargao & Surigao, Philippines",Cloud 9
Ocean Pacific Inn and Restaurant,3.8,(16),,,,https://www.facebook.com/Ocean-Pacific-inn-474013646115358,Bed & breakfast,"R566+XW5, General Luna, Surigao del Norte",,https://lh3.googleusercontent.com/gps-cs-s/APNQkAHQzYbt9D4TbNmPXaJLuAnIKqKDcf-3Du0M1DWD7HIVY6PX58_jJbHuIujKJrQ36-0R_smNvgAeiTyHLZo2dNptyiAKW1U0FTCKaDZ4mUA9qnN9PESsm8zwXh-wTOtYpvcDIA2B=w2048-h1536-k-no,"Breakfast, Restaurant","A local bed & breakfast near the Cloud 9 surf area in General Luna, Ocean Pacific Inn and Restaurant serves travelers passing through. It currently sits at 3.8 across 16 reviews. Amenities include breakfast, restaurant. Best for: travelers exploring this corner of Siargao.",9.8123935,126.1623744,https://www.google.com/maps/place/Ocean+Pacific+Inn+and+Restaurant/data=!4m7!3m6!1s0x330409ec53d9bd3f:0x71f1fb3ac7378f3d!8m2!3d9.8123935!4d126.1623744!16s%2Fg%2F12hlvysqp!19sChIJP73ZU-wJBDMRPY83xzr78XE?authuser=0&hl=en&rclk=1,"guesthouses in Cloud 9, Siargao & Surigao, Philippines",Cloud 9
SEACLUB Siargao,4.4,(132),09690177718,https://wa.me/09690177718,https://instagram.com/seaclub.siargao/,https://www.facebook.com/seaclub.siargao,,"SEACLUB Siargao, Brgy. Catangnan, General Luna, 8419 Surigao del Norte",https://www.seaclub.co/,https://lh3.googleusercontent.com/gps-cs-s/APNQkAG-0jKrPfwritqUNzxnH_fJO2WZNBfNBXAi9mOX2l-m2uKJgEpXUOSUjCIpF8FD6EBE0CndCtJsyFpMmoDWxNr_lkIEqdxLRnejjpXxMCFimEF-nVCzfAf0w85HOxrPLJ9UqKA=w2048-h1536-k-no,"Free Wi-Fi, Free breakfast, Air-conditioned, Pool, Outdoor pool, Fitness center, Free parking, Airport shuttle, Pet-friendly, Room service, Laundry service, Laundry, Kid-friendly, Kitchen, Accessible","An established spot near the Cloud 9 surf area in General Luna, SEACLUB Siargao has clearly built a following with a sizeable review count. It currently sits at 4.4 across 132 reviews. Amenities include free wi-fi, free breakfast, air-conditioned, pool. Best for: travelers exploring this corner of Siargao.",9.8092203,126.1620049,https://www.google.com/maps/place/SEACLUB+Siargao/data=!4m11!3m10!1s0x330409047ff886f7:0x5e72ccc027daf1e9!5m3!1s2026-10-31!4m1!1i2!8m2!3d9.8092203!4d126.1620049!16s%2Fg%2F11p56f_dg9!19sChIJ94b4fwQJBDMR6fHaJ8DMcl4?authuser=0&hl=en&rclk=1,"guesthouses in Cloud 9, Siargao & Surigao, Philippines",Cloud 9
Helmina's Villas,4.1,(44),09150452579,https://wa.me/09150452579,,https://www.facebook.com/p,,"General Luna, Surigao del Norte",https://www.helminasvillas.com/,https://lh3.googleusercontent.com/gps-cs-s/APNQkAFz38MQ_rCooV4fk26YjzNeF5jVjp9F2Wcn6r61IryVcqltS65gz4vqdAhyH0jdKWZq7bGtMiZZ8QRiB9OnLJO_dz3JSPCCD8u7V8Y1N470tifb55TsKX0W9unYb0s_yRYcMIJekUUd8GQC=w2048-h1536-k-no,,"A low-key local spot near the Cloud 9 surf area in General Luna, Helmina's Villas keeps a modest online footprint. It currently sits at 4.1 across 44 reviews. Honest read: a solid-not-spectacular 4.1 rating, dependable rather than dazzling. Best for: travelers exploring this corner of Siargao.",9.8076275,126.1673449,https://www.google.com/maps/place/Helmina%27s+Villas/data=!4m11!3m10!1s0x3304090026eec14b:0x7939af94adcef85a!5m3!1s2026-10-31!4m1!1i2!8m2!3d9.8076275!4d126.1673449!16s%2Fg%2F11vzcyry42!19sChIJS8HuJgAJBDMRWvjOrZSvOXk?authuser=0&hl=en&rclk=1,"guesthouses in Cloud 9, Siargao & Surigao, Philippines",Cloud 9
Apsaras Tribe,4.0,(175),09953131174,https://wa.me/09953131174,,https://www.facebook.com/ApsarasTribe,,"Tourism Road,Brgy.Catangnan, Siargao Island, General Luna, 8419 Surigao del Norte",http://www.apsaras.club/,https://lh3.googleusercontent.com/gps-cs-s/APNQkAH2DHeSoFC10TnOz1doJEin4J2cVhkznTrh8P1wWDE90Tws1xN4wy7NqFXXrqndRoloOhM-lfQAcsUhE2nw5kilYxCzu1WEpz0zgtSbtVpfyu7LIquKqSa-I5exfN_calB4KoAfmA=w2048-h1536-k-no,"Free Wi-Fi, Free breakfast, Air-conditioned, Pool, Outdoor pool, Fitness center, Free parking, Airport shuttle, Pet-friendly, Restaurant, Bar, Laundry service, Laundry, Beach access, Kid-friendly","An established spot near the Cloud 9 surf area in General Luna, Apsaras Tribe has clearly built a following with a sizeable review count. It currently sits at 4.0 across 175 reviews. Honest read: a solid-not-spectacular 4.0 rating, dependable rather than dazzling. Amenities include free wi-fi, free breakfast, air-conditioned, pool. Best for: travelers exploring this corner of Siargao.",9.8059733,126.1623117,https://www.google.com/maps/place/Apsaras+Tribe/data=!4m11!3m10!1s0x330409ef7dcb47d9:0x6508ce3b559aebc8!5m3!1s2026-10-31!4m1!1i2!8m2!3d9.8059733!4d126.1623117!16s%2Fg%2F11f8bxb984!19sChIJ2UfLfe8JBDMRyOuaVTvOCGU?authuser=0&hl=en&rclk=1,"guesthouses in Cloud 9, Siargao & Surigao, Philippines",Cloud 9
Eddie`s Beach Resort Siargao,4.4,(136),09204042086,https://wa.me/09204042086,,https://www.facebook.com/EddiesBeachResortSiargao,,"Bongayon, General Luna, 8416",http://www.eddiesbeachresortsiargao.com/,https://lh3.googleusercontent.com/gps-cs-s/APNQkAE4HWgGS6JejMol09x2V-fTPlNIfZnzIGpLf2wjESKIWQRozpbpgFG2dbJKSwzIlZG7-_dLXgf4SKrT1nf-ceDlU6BXv6pSOpRPvOCl0-NSEDWv4bY6XR9aJN8TazHb8nGXLyxO=w2048-h1536-k-no,"Free Wi-Fi, Free breakfast, Air-conditioned, Pool, Fitness center, Free parking, Airport shuttle, Pet-friendly, Restaurant, Bar, Laundry service, Laundry, Beach access, Kid-friendly","An established spot near the Cloud 9 surf area in General Luna, Eddie`s Beach Resort Siargao has clearly built a following with a sizeable review count. It currently sits at 4.4 across 136 reviews. Amenities include free wi-fi, free breakfast, air-conditioned, pool. Best for: travelers exploring this corner of Siargao.",9.7790887,126.1490765,https://www.google.com/maps/place/Eddie%60s+Beach+Resort+Siargao/data=!4m11!3m10!1s0x3303f640aec49209:0xe3b270177d1f3400!5m3!1s2026-10-31!4m1!1i2!8m2!3d9.7790887!4d126.1490765!16s%2Fg%2F1hhmzx1xk!19sChIJCZLErkD2AzMRADQffRdwsuM?authuser=0&hl=en&rclk=1,"guesthouses in Cloud 9, Siargao & Surigao, Philippines",Cloud 9
Daluyong Beach Resort,4.5,(88),09187054923,https://wa.me/09187054923,,https://www.facebook.com/Daluyongsiargaoresort,,"R536+WFW, Tourism Rd, General Luna, 8419 Surigao del Norte",http://www.daluyong-siargao.com/,https://lh3.googleusercontent.com/gps-cs-s/APNQkAHhnXkqwA21lVPszoYTLmiteWKr2DV3SNMT61t43TSkCqjH_VrpJ_MX8ZuQ38mC66n5o48us5HNgrBAnbXmuQpCh20K3m79knLPQSL5PG-qRaJm099M0ltb0lDIgItXC7_1Qgt-=w2048-h1536-k-no,"Wi-Fi, Air-conditioned, Pool, Outdoor pool, Spa, Airport shuttle, Restaurant, Laundry service, Laundry, Beach access","A low-key local spot near the Cloud 9 surf area in General Luna, Daluyong Beach Resort keeps a modest online footprint. It currently sits at 4.5 across 88 reviews. Amenities include wi-fi, air-conditioned, pool, outdoor pool. Best for: travelers exploring this corner of Siargao.",9.8048655,126.1612124,https://www.google.com/maps/place/Daluyong+Beach+Resort/data=!4m11!3m10!1s0x3303f7adfa35bb03:0xbbe3b0835a3d19b3!5m3!1s2026-10-31!4m1!1i2!8m2!3d9.8048655!4d126.1612124!16s%2Fg%2F11j7dqmpjk!19sChIJA7s1-q33AzMRsxk9WoOw47s?authuser=0&hl=en&rclk=1,"guesthouses in Cloud 9, Siargao & Surigao, Philippines",Cloud 9
ALTER SPACE Siargao Workspace and Coliving,4.7,(128),09188073912,https://wa.me/09188073912,https://www.instagram.com/alterspacebycrafttank,https://www.facebook.com/crafttankcorp,,"R566+VHJ ALTER SPACE, Star House, General Luna, Surigao del Norte",,https://lh3.googleusercontent.com/gps-cs-s/APNQkAGTcSpKnLhagYg3GTAQ2MYLtX9IgtISfzVWlcrUz_0m7WZBaJ7bAiRyjSmBnKAGMYNpakWo7wYn8Q25zI-sq-HF7s45g9SjrY_2oCoAP6DbqR_C8Z2rRZum_2aRmJalZrXF389E_6goS968=w2048-h1536-k-no,"Wheelchair accessible, Wheelchair accessible entrance, Accessible","An established spot near the Cloud 9 surf area in General Luna, ALTER SPACE Siargao Workspace and Coliving has clearly built a following with a sizeable review count. It currently sits at 4.7 across 128 reviews. Amenities include wheelchair accessible, wheelchair accessible entrance, accessible. Best for: travelers exploring this corner of Siargao.",9.8124553,126.1621069,https://www.google.com/maps/place/ALTER+SPACE+Siargao+Workspace+and+Coliving/data=!4m11!3m10!1s0x330409771f5dcc05:0xabe6f8fe7e9fffca!5m3!1s2026-10-31!4m1!1i2!8m2!3d9.8124553!4d126.1621069!16s%2Fg%2F11t_r1tt8d!19sChIJBcxdH3cJBDMRyv-ffv745qs?authuser=0&hl=en&rclk=1,"guesthouses in Cloud 9, Siargao & Surigao, Philippines",Cloud 9
G VILLAS SIARGAO,3.7,(49),09399309398,https://wa.me/09399309398,,https://www.facebook.com/gvillas.iao,,"Old Tourism Road Barangay, General Luna, Surigao del Norte",,https://lh3.googleusercontent.com/gps-cs-s/APNQkAGotBIUVBnBih35J1VtxJB62Fl2SRF6VxOF-Q2mi5ljjeEBBXrGEGjXSFSwwyI7zz2FESFnNthhwKInNLbzOfCHHGV8G9wk4HDbEOVbhtrsZGvlJCfHPN4OnrTJdxuq26l8zQ3Jsg=w2048-h1536-k-no,"Free Wi-Fi, Air-conditioned, Pool, Fitness center, Free parking, Airport shuttle, Kid-friendly, Accessible","A low-key local spot near the Cloud 9 surf area in General Luna, G VILLAS SIARGAO keeps a modest online footprint. It currently sits at 3.7 across 49 reviews. Honest read: reviews are mixed (around 3.7), so set expectations accordingly. Amenities include free wi-fi, air-conditioned, pool, fitness center. Best for: travelers exploring this corner of Siargao.",9.8023746,126.1589846,https://www.google.com/maps/place/G+VILLAS+SIARGAO/data=!4m11!3m10!1s0x3304099e9e547865:0x3f577d255e3771c2!5m3!1s2026-10-31!4m1!1i2!8m2!3d9.8023746!4d126.1589846!16s%2Fg%2F11g4cqqq63!19sChIJZXhUnp4JBDMRwnE3XiV9Vz8?authuser=0&hl=en&rclk=1,"guesthouses in Cloud 9, Siargao & Surigao, Philippines",Cloud 9
Villa Solaria Surf Resort,3.9,(119),,,,,,"R548+RG9, Tuazon Point, Brgy. Catangnan, Tuazon Point, Brgy. Catangnan, Tourism Rd, General Luna, Surigao del Norte",,https://lh3.googleusercontent.com/gps-cs-s/APNQkAHvZp7I6fXysnc7ipUiZHTYtwIG5zb1Kcfpa3E3Km1RBtYn9O57bKIg9a81G_54EioMmdSokREm5IbI30Ic8wBIP15QpDtqhrzwNfeUSBlaZFzechqKc46RNRdVNIIWoM_rFJvl=w2048-h1536-k-no,"Free Wi-Fi, Breakfast, Parking, Kid-friendly","An established spot near the Cloud 9 surf area in General Luna, Villa Solaria Surf Resort has clearly built a following with a sizeable review count. It currently sits at 3.9 across 119 reviews. Honest read: a solid-not-spectacular 3.9 rating, dependable rather than dazzling. Amenities include free wi-fi, breakfast, parking, kid-friendly. Best for: travelers exploring this corner of Siargao.",9.807048,126.1663682,https://www.google.com/maps/place/Villa+Solaria+Surf+Resort/data=!4m11!3m10!1s0x330409f0308f1235:0x13985f0f5630f45!5m3!1s2026-10-31!4m1!1i2!8m2!3d9.807048!4d126.1663682!16s%2Fg%2F11b6d405dj!19sChIJNRKPMPAJBDMRRQ9j9fCFOQE?authuser=0&hl=en&rclk=1,"guesthouses in Cloud 9, Siargao & Surigao, Philippines",Cloud 9
"Loka Siargao Restaurant, Bar, & Shop",4.5,(761),09602215912,https://wa.me/09602215912,https://www.instagram.com/lokasiargao/,https://www.facebook.com/lokasiargao,Restaurant,"Cloud 9 Dr, General Luna, Surigao del Norte",http://www.lokasiargao.com/,https://lh3.googleusercontent.com/gps-cs-s/APNQkAHpaVePteM75xf22nFD_Z0beWxGH4w6Mi0m-yxPq4RE5YcomFbEDRuy9y2vgsn7_CBLl6YExwoP60gNi3VIiTh6aoKKKhi18CmLsM0wl7nOUhRvagntqlWwJcouKlLXVd5jkkqK=w2048-h1536-k-no,"Pool, Restaurant, Bar, Beachfront, Wheelchair accessible, Wheelchair accessible entrance, Accessible","A standout Restaurant restaurant near the Cloud 9 surf area in General Luna, Loka Siargao Restaurant, Bar, & Shop earns a high 4.5 from 761 reviews. Locals and travelers rate it for consistent, flavorful island dining. Amenities include pool, restaurant, bar, beachfront. Best for: a casual island meal.",9.8132043,126.1634117,"https://www.google.com/maps/place/Loka+Siargao+Restaurant,+Bar,+%26+Shop/data=!4m7!3m6!1s0x330409ed050d672f:0x6d1f5bd6d8f76937!8m2!3d9.8132043!4d126.1634117!16s%2Fg%2F11b67c3b8q!19sChIJL2cNBe0JBDMRN2n32NZbH20?authuser=0&hl=en&rclk=1","restaurants in Cloud 9, Siargao & Surigao, Philippines",Cloud 9
CLOUD8.Siargao Taiwanese Restaurant,4.8,(118),09171137550,https://wa.me/09171137550,https://www.instagram.com/cloud8.siargao,https://www.facebook.com/Cloud8.siargao,Restaurant,"R567+8QP, Tourism Rd, General Luna, Surigao del Norte",,https://lh3.googleusercontent.com/gps-cs-s/APNQkAEIJrBzE2qpOPTNJ200O14nJTnRhNM2LRz49Vn0SbuSO3Q2ECV0OnEEbtYxFcWUbQYSo42RXMvh2fP74EjRaPl-d4Y7VIbsUKf02K-RjnIJMQiTJ8C4sYq5WZAGRUUPgyErWKHp=w2048-h1536-k-no,"Restaurant, Bar","A casual eatery near the Cloud 9 surf area in General Luna, CLOUD8.Siargao Taiwanese Restaurant serves up everyday island dining. It currently sits at 4.8 across 118 reviews. Amenities include restaurant, bar. Set in Siargao's easygoing dining scene, it leans casual and local rather than polished. Best for: a casual island meal.",9.810926,126.1644873,https://www.google.com/maps/place/CLOUD8.Siargao+Taiwanese+Restaurant/data=!4m7!3m6!1s0x3304092a172171a5:0x46485739e362758d!8m2!3d9.810926!4d126.1644873!16s%2Fg%2F11khj9pllr!19sChIJpXEhFyoJBDMRjXVi4zlXSEY?authuser=0&hl=en&rclk=1,"restaurants in Cloud 9, Siargao & Surigao, Philippines",Cloud 9
SHAKA Siargao,4.6,"(2,558)",09850685757,https://wa.me/09850685757,,http://www.facebook.com/shakasiargao,Vegetarian restaurant,"shaka cafe, Cloud 9 Tower, 9 Tourism Rd, General Luna, 8419 Surigao del Norte",http://www.facebook.com/shakasiargao,https://lh3.googleusercontent.com/gps-cs-s/APNQkAHRFnUJ9v5eR7TGr_UPQKAeh4fDf1Em5cdhO-EmZscvL2oHc4hs3NibK46TmvMpgFuWhXDROGAFmMKD7X4Ub0AhE6egxxOarorx4_Uox8d0zvz8R9AeOIDWEskhukjreXuUbvIU=w2048-h1536-k-no,"Pool, Restaurant, Bar, Beachfront, Wheelchair accessible, Wheelchair accessible entrance, Accessible","A casual eatery near the Cloud 9 surf area in General Luna, SHAKA Siargao serves up everyday island dining. It currently sits at 4.6 across 2 reviews. Honest read: only a handful of reviews so far, but early feedback leans positive. Amenities include pool, restaurant, bar, beachfront. Best for: a casual island meal.",9.8117509,126.1645182,https://www.google.com/maps/place/SHAKA+Siargao/data=!4m7!3m6!1s0x330409edeece4251:0x237b0ac9af892681!8m2!3d9.8117509!4d126.1645182!16s%2Fg%2F11cn94nprh!19sChIJUULO7u0JBDMRgSaJr8kKeyM?authuser=0&hl=en&rclk=1,"restaurants in Cloud 9, Siargao & Surigao, Philippines",Cloud 9
Ver De Siargao,4.6,(251),09686760079,https://wa.me/09686760079,https://www.instagram.com/verde.puertoprincesa,https://www.facebook.com/alonresort,Restaurant,"Alon Cloud9 Resort, Tourism Rd, Catangnan, General Luna, 8419 Surigao del Norte",https://www.verderesto.co/,https://lh3.googleusercontent.com/gps-cs-s/APNQkAH60joHNXPO6c9lgOe6qUcmEaO2q09Gkqpceb6oqRGmbJS7KusqJJcjI-OLGDAzDnPSjbKAmhN3IO5gwOiKQGLFpyzDjFvAKy0RSpbEJFVkuamSzvvbI2CVB7ulWj2fszYQop_W=w2048-h1536-k-no,"Restaurant, Wheelchair accessible, Wheelchair accessible entrance, Garden, Accessible","A standout Restaurant restaurant near the Cloud 9 surf area in General Luna, Ver De Siargao earns a high 4.6 from 251 reviews. Locals and travelers rate it for consistent, flavorful island dining. Amenities include restaurant, wheelchair accessible, wheelchair accessible entrance, garden. Best for: a casual island meal.",9.8123668,126.1627781,https://www.google.com/maps/place/Ver+De+Siargao/data=!4m7!3m6!1s0x3303f77121a1c431:0x558faf92d49f7683!8m2!3d9.8123668!4d126.1627781!16s%2Fg%2F11vzxn302s!19sChIJMcShIXH3AzMRg3af1JKvj1U?authuser=0&hl=en&rclk=1,"restaurants in Cloud 9, Siargao & Surigao, Philippines",Cloud 9
Siargao Hawker,4.9,(610),09178096099,https://wa.me/09178096099,https://www.instagram.com/siargaohawker,https://www.facebook.com/profile.php,Restaurant,"Siargao Island, Jacking Horse, Cloud 9 Dr, Barangay Catangnan, General Luna, 8419 Surigao del Norte",https://www.instagram.com/siargaohawker/,https://lh3.googleusercontent.com/gps-cs-s/APNQkAEE749rM751kgd0dGjTHmf5qJpMdkB9zfb6IXAylAuzu8ncLOnphP_BYMHRBpnp3brO1_HlkbYazLCB7751AVqehkHu_WKNAhBSDaPrGeNltkVUp_yKnuDa9XegMcBWBupC7EYEi5Hv7osq=w2048-h1536-k-no,Restaurant,"A standout Restaurant restaurant near the Cloud 9 surf area in General Luna, Siargao Hawker earns a high 4.9 from 610 reviews. Locals and travelers rate it for consistent, flavorful island dining. Amenities include restaurant. Best for: a casual island meal.",9.8103801,126.1655882,https://www.google.com/maps/place/Siargao+Hawker/data=!4m7!3m6!1s0x3304095507cfb435:0xffbad866357738f4!8m2!3d9.8103801!4d126.1655882!16s%2Fg%2F11trhpzm24!19sChIJNbTPB1UJBDMR9Dh3NWbYuv8?authuser=0&hl=en&rclk=1,"restaurants in Cloud 9, Siargao & Surigao, Philippines",Cloud 9
X Pizza - Siargao,4.9,"(1,349)",09296269510,https://wa.me/09296269510,https://www.instagram.com/xpizza.co,https://www.facebook.com/xpizzaph,Restaurant,"Cloud 9, Tourism Rd, General Luna, 8419 Surigao del Norte",,https://lh3.googleusercontent.com/gps-cs-s/APNQkAF2W17R2M66FdGyPUmeo9Tvo32vtNPOyokE6XA5vCALMiMi14xRQ2v1YINOcvecE7zaFPv01r3uf44hWjzRJzVinqQrVrRxIKI3TIFCMwPAUoY2vU9Zyb-ZeKYMdQjwUeppeQ4=w2048-h1536-k-no,"Restaurant, Beachfront","A casual eatery near the Cloud 9 surf area in General Luna, X Pizza - Siargao serves up everyday island dining. It currently sits at 4.9 across 1 review. Honest read: only a handful of reviews so far, but early feedback leans positive. Amenities include restaurant, beachfront. Best for: a casual island meal.",9.8116857,126.1645213,https://www.google.com/maps/place/X+Pizza+-+Siargao/data=!4m7!3m6!1s0x3304095c0c569c4d:0xb5f805a748a98cf0!8m2!3d9.8116857!4d126.1645213!16s%2Fg%2F11sv_56cc9!19sChIJTZxWDFwJBDMR8IypSKcF-LU?authuser=0&hl=en&rclk=1,"restaurants in Cloud 9, Siargao & Surigao, Philippines",Cloud 9
Bella Crosta Siargao,5.0,(15),09672545859,https://wa.me/09672545859,,https://www.facebook.com/bellacrostasiargao,Pizza restaurant,"Siargao, Cloud 9 Dr, General Luna, 8419 Surigao del Norte",,https://lh3.googleusercontent.com/gps-cs-s/APNQkAFo1mfjJkAlhFIC7gFnsqE8KxT6FW21dghr7TL39LbQsYSUfThPGjuyIbfBagoRxWiYDWtwmZDp0lDPyGgNr5Ki1UZqlKCQzUExyD2Wrj6-ze6thql46loIIBTLSJsw7PV61UwNlTU9gSeW=w2048-h1536-k-no,"Wheelchair accessible, Wheelchair accessible entrance, Accessible","A casual eatery near the Cloud 9 surf area in General Luna, Bella Crosta Siargao serves up everyday island dining. It currently sits at 5.0 across 15 reviews. Amenities include wheelchair accessible, wheelchair accessible entrance, accessible. Best for: a casual island meal.",9.8119198,126.1629203,https://www.google.com/maps/place/Bella+Crosta+Siargao/data=!4m7!3m6!1s0x3304093d724cbb25:0x487669fce0e9b932!8m2!3d9.8119198!4d126.1629203!16s%2Fg%2F11z2_qrfns!19sChIJJbtMcj0JBDMRMrnp4Pxpdkg?authuser=0&hl=en&rclk=1,"restaurants in Cloud 9, Siargao & Surigao, Philippines",Cloud 9
Cloud 9 Barbecue,4.9,(16),,,,https://www.facebook.com/Cloud9SiargaoIsland,Barbecue restaurant,"R567+V3V, R567+W25Tourism RdGeneral, Luna, Surigao del Norte",,https://lh3.googleusercontent.com/gps-cs-s/APNQkAEjNbYeCvPzQjzj8jo9jFzCalrdS7KWV9RNK635bF5Uy4IX497MJy_ZIqrOSPMrm5kJFqLDsesE-0K6t81tSZDFtrygUDqH8jjM9PIi6Y1J_IK-HyaDGECqe_PxmQg1R3ZwtgHQrn8cTgbv=w2048-h1536-k-no,,"A casual eatery near the Cloud 9 surf area in General Luna, Cloud 9 Barbecue serves up everyday island dining. It currently sits at 4.9 across 16 reviews. Set in Siargao's easygoing dining scene, it leans casual and local rather than polished. Best for: a casual island meal.",9.8122304,126.1626649,https://www.google.com/maps/place/Cloud+9+Barbecue/data=!4m7!3m6!1s0x33040900437a48d1:0x1aefea327b8d8f14!8m2!3d9.8122304!4d126.1626649!16s%2Fg%2F11ybp4xz7x!19sChIJ0Uh6QwAJBDMRFI-NezLq7xo?authuser=0&hl=en&rclk=1,"restaurants in Cloud 9, Siargao & Surigao, Philippines",Cloud 9
Neverland Siargao,4.7,(327),09564791054,https://wa.me/09564791054,,https://www.facebook.com/61557494532370,Restaurant,"Tourism Rd, Brgy. Catangnan, General Luna, 8419 Surigao del Norte",,https://lh3.googleusercontent.com/gps-cs-s/APNQkAHvMZDE7125eHb5qnFghp2ua8O3Vnu4G6623ek8KE1ZjpF4GeOkVNO95lxU2ef7aJKPAYIsdkmF44FtnHc4qUJuHnsZFWvhYYoW66Xt12-Us1YcNpFor0vKyGDX7lEuX518sUYY=w2048-h1536-k-no,Restaurant,"A standout Restaurant restaurant near the Cloud 9 surf area in General Luna, Neverland Siargao earns a high 4.7 from 327 reviews. Locals and travelers rate it for consistent, flavorful island dining. Amenities include restaurant. Best for: a casual island meal.",9.8101346,126.1593507,https://www.google.com/maps/place/Neverland+Siargao/data=!4m7!3m6!1s0x330409f7e739db07:0xfe7a2b6d2a7dfc3c!8m2!3d9.8101346!4d126.1593507!16s%2Fg%2F11wj7qvpk5!19sChIJB9s55_cJBDMRPPx9Km0rev4?authuser=0&hl=en&rclk=1,"restaurants in Cloud 9, Siargao & Surigao, Philippines",Cloud 9
Sunday Siargao (Cafe and Pool),4.8,(885),09206627924,https://wa.me/09206627924,http://instagram.com/sundaysiargao,https://www.facebook.com/sundaysiargao,Japanese restaurant,"Tourism Rd, Siargao Island, General Luna, 8419 Surigao del Norte",http://instagram.com/sundaysiargao,https://lh3.googleusercontent.com/gps-cs-s/APNQkAGTBC8rGJd3Oa7lMriK39-rWDOV1y9dr-w2BVfgoc_BYXZh0Q9Xlhkuxo8oX8-5651kt_IN5BbQjWo-_kx5OEr0rATB4OP04EL9Hinm0XHxW5KDkC2RQYVDpG2neXMStl4974cbZDhLdHSk=w2048-h1536-k-no,"Pool, Restaurant, Bar","A standout Japanese restaurant near the Cloud 9 surf area in General Luna, Sunday Siargao (Cafe and Pool) earns a high 4.8 from 885 reviews. Locals and travelers rate it for consistent, flavorful island dining. Amenities include pool, restaurant, bar. Best for: a casual island meal.",9.8073002,126.1627607,https://www.google.com/maps/place/Sunday+Siargao+%28Cafe+and+Pool%29/data=!4m7!3m6!1s0x330409f9559facd3:0xf16b22281390105c!8m2!3d9.8073002!4d126.1627607!16s%2Fg%2F11rd2c7y_t!19sChIJ06yfVfkJBDMRXBCQEygia_E?authuser=0&hl=en&rclk=1,"restaurants in Cloud 9, Siargao & Surigao, Philippines",Cloud 9
Cafe Kokomo,4.3,(330),09178267518,https://wa.me/09178267518,,https://www.facebook.com/profile.php,Cafe,"Jacking Horse Trail beachfront Catangnan, General Luna, 8419 Surigao del Norte",,https://lh3.googleusercontent.com/gps-cs-s/APNQkAEv-QixmIyF8X-siTuSEz8L7AXzeWl33Lkx8BL9ma0uniplG7nklLoEtOuXAlqERhDlm7-OVWOOOcUoWFSHVDMPaWjWmEooc0xcDy9nrpVshpcxdg482CJerie5fm8GuYB9j0YTvtLy5EPt=w2048-h1536-k-no,"Restaurant, Beachfront, Sea view","A neighborhood cafe near the Cloud 9 surf area in General Luna, Cafe Kokomo is an easy spot for coffee and a bite. It currently sits at 4.3 across 330 reviews. Amenities include restaurant, beachfront, sea view. Best for: a relaxed coffee, brunch or work session.",9.8132162,126.162235,https://www.google.com/maps/place/Cafe+Kokomo/data=!4m7!3m6!1s0x330409d9d057f751:0x59a7211de2f81556!8m2!3d9.8132162!4d126.162235!16s%2Fg%2F11s_xnz5p0!19sChIJUfdX0NkJBDMRVhX44h0hp1k?authuser=0&hl=en&rclk=1,"restaurants in Cloud 9, Siargao & Surigao, Philippines",Cloud 9
Masala Siargao,4.8,(355),09610041205,https://wa.me/09610041205,https://www.instagram.com/masala.siargao,https://www.facebook.com/61574244754075,Indian restaurant,"Emerald House Village, General Luna, 8419 Surigao del Norte",https://www.instagram.com/masala.siargao/,https://lh3.googleusercontent.com/gps-cs-s/APNQkAFgkIJpqnlM42gCrWpJopZ2Li_py1bmDpVpL-c8H3_pckYrHE_juF2oNKRAYvkj9PaLOI1ma7PonxPI3FzKQgSw2pnaUSpiYMw-7edIBAT2TA4MHEH9ip3Uom-4eYbzI9Kgkodh=w2048-h1536-k-no,Restaurant,"A standout Indian restaurant near the Cloud 9 surf area in General Luna, Masala Siargao earns a high 4.8 from 355 reviews. Locals and travelers rate it for consistent, flavorful island dining. Amenities include restaurant. Best for: a casual island meal.",9.8103413,126.1649592,https://www.google.com/maps/place/Masala+Siargao/data=!4m7!3m6!1s0x33040938a578f873:0xe4998ca7040e8b23!8m2!3d9.8103413!4d126.1649592!16s%2Fg%2F11ltpwd6yw!19sChIJc_h4pTgJBDMRI4sOBKeMmeQ?authuser=0&hl=en&rclk=1,"restaurants in Cloud 9, Siargao & Surigao, Philippines",Cloud 9
Fin & Fin Beach Shack,4.8,(259),09765424173,https://wa.me/09765424173,https://instagram.com/finandfinbeachshack,https://facebook.com/finandfinbeachshack,Restaurant,"Fin & Fin Beach Shack, Tourism Rd, Catangnan, General Luna, 8419 Surigao del Norte",https://www.finandfin.com/,https://lh3.googleusercontent.com/gps-cs-s/APNQkAHMCbjLnIayXQW3KjPsMW2x20Dys7Rx6cfM5ulsQIQCPubmQ2cnimztAgFElPpXMlnR8_a8rMpKx_zn_bLNkLNXX6nDPlaGqBxnRkIxtU0b5dVsWIgSKDwHOQ16MvqE9aTJ_eDIKr72FzM=w2048-h1536-k-no,Restaurant,"A standout Restaurant restaurant near the Cloud 9 surf area in General Luna, Fin & Fin Beach Shack earns a high 4.8 from 259 reviews. Locals and travelers rate it for consistent, flavorful island dining. Amenities include restaurant. Best for: a casual island meal.",9.8109187,126.1645738,https://www.google.com/maps/place/Fin+%26+Fin+Beach+Shack/data=!4m7!3m6!1s0x330409a3176e9479:0x47ae6f35916b9973!8m2!3d9.8109187!4d126.1645738!16s%2Fg%2F11w8nbf8xg!19sChIJeZRuF6MJBDMRc5lrkTVvrkc?authuser=0&hl=en&rclk=1,"restaurants in Cloud 9, Siargao & Surigao, Philippines",Cloud 9
"Goodies - Cafe, Restaurant Bar & Eco Shop",4.7,"(1,133)",09273786699,https://wa.me/09273786699,https://www.instagram.com/goodies.siargao,https://www.facebook.com/goodies.siargao,Restaurant,"Arka Hayahay Surf and Beach Resort, Barangay, Tourism Rd, General Luna, 8419 Surigao del Norte",https://www.instagram.com/goodies.siargao/,https://lh3.googleusercontent.com/gps-cs-s/APNQkAF6qCGSKUYvBw6w0G_UhR_-68eT6PlRt4ynY9opAoDHsYiN7rB7E8qs1teBYVw0a4JdbkXVClV6Frqk02EzJHmTSzE0V89t6HmUqs4nf6q1-quC-nCU_a563_OYpNDn-IDr21W0adtVTWs=w2048-h1536-k-no,"Pool, Restaurant, Bar","A casual eatery near the Cloud 9 surf area in General Luna, Goodies - Cafe, Restaurant Bar & Eco Shop serves up everyday island dining. It currently sits at 4.7 across 1 review. Honest read: only a handful of reviews so far, but early feedback leans positive. Amenities include pool, restaurant, bar. Best for: a casual island meal.",9.8019338,126.1599611,"https://www.google.com/maps/place/Goodies+-+Cafe,+Restaurant+Bar+%26+Eco+Shop/data=!4m7!3m6!1s0x330409037d17f335:0x875c7f9d67e3ae1b!8m2!3d9.8019338!4d126.1599611!16s%2Fg%2F11nxd0mvsj!19sChIJNfMXfQMJBDMRG67jZ51_XIc?authuser=0&hl=en&rclk=1","restaurants in Cloud 9, Siargao & Surigao, Philippines",Cloud 9
/WEEK ·END/ Café,4.9,(255),09175885818,https://wa.me/09175885818,https://instagram.com/weekend.iao,https://www.facebook.com/Weekend.IAO,Cafe,"Lot 18, Siargao Island, Pops District, Cloud 9 Dr, Barangay Catangnan, General Luna, 8419 Surigao del Norte",https://linktr.ee/weekend.iao?fbclid=PAdGRleAMqECdleHRuA2FlbQIxMQABp9Rxdp9_3947G3et7WeKyRx7eGxoAq2elhZsCptVyZhx15TL2W_oTahSIGF7_aem_8YYoGkcgWOJP_J1W4MT63g,https://lh3.googleusercontent.com/gps-cs-s/APNQkAENTB46NYjzYTKiAvgHROg8lXRZzzDXVIYbaIThwZ3MGAuqp5USNpBW2yYccrJujPLC3BJD0jj085TdX74qDIFprqN8tfvy2Zr6cz0LUbYg-Z4GapQIvfKnGZZNiara0G98yxkziqQb6XE=w2048-h1536-k-no,"Wheelchair accessible, Wheelchair accessible entrance, Garden, Accessible","One of the area's favorite cafes near the Cloud 9 surf area in General Luna, /WEEK ·END/ Café has built a loyal following with 255 reviews at 4.9. A reliable pick for good coffee, easy brunch plates and a relaxed place to linger. Amenities include wheelchair accessible, wheelchair accessible entrance, garden, accessible. Best for: a relaxed coffee, brunch or work session.",9.8113911,126.1627808,https://www.google.com/maps/place/%2FWEEK+%C2%B7END%2F+Caf%C3%A9/data=!4m7!3m6!1s0x330409b68ae3356f:0x213015607db6677d!8m2!3d9.8113911!4d126.1627808!16s%2Fg%2F11xl9mbzl2!19sChIJbzXjirYJBDMRfWe2fWAVMCE?authuser=0&hl=en&rclk=1,"restaurants in Cloud 9, Siargao & Surigao, Philippines",Cloud 9
CEV: Ceviche & Kinilaw Shack,4.8,"(1,314)",09394008804,https://wa.me/09394008804,http://www.instagram.com/cevsiargao,https://www.facebook.com/cevsiargao,Restaurant,"Siargao Island, Tourism Rd, General Luna, 8419 Surigao del Norte",http://www.instagram.com/cevsiargao,https://lh3.googleusercontent.com/gps-cs-s/APNQkAE5iRsTIVvMUYgWE8u95XDLKHcsbn4NW7AZdXWJrxVFEBAiLLfPhP1koCx47ymmvWCNe4bZfUzlQ7KPUQja54eY9BTf1qnvS2UQuztzKku_sZWmnP5NSOGU5aD9J3JtotCqdx0d=w2048-h1536-k-no,Restaurant,"A casual eatery near the Cloud 9 surf area in General Luna, CEV: Ceviche & Kinilaw Shack serves up everyday island dining. It currently sits at 4.8 across 1 review. Honest read: only a handful of reviews so far, but early feedback leans positive. Amenities include restaurant. Best for: a casual island meal.",9.8039158,126.1606475,https://www.google.com/maps/place/CEV:+Ceviche+%26+Kinilaw+Shack/data=!4m7!3m6!1s0x3303f739bed20023:0xcb411dafd273e80a!8m2!3d9.8039158!4d126.1606475!16s%2Fg%2F11ff22y31x!19sChIJIwDSvjn3AzMRCuhz0q8dQcs?authuser=0&hl=en&rclk=1,"restaurants in Cloud 9, Siargao & Surigao, Philippines",Cloud 9
Mr. Turtle Siargao,4.7,(202),,,,https://www.facebook.com/profile.php,Restaurant,"Goodcoast, Tourism Rd, Catangnan, General Luna, Surigao del Norte",,https://lh3.googleusercontent.com/gps-cs-s/APNQkAH6LQAyciHR2J1oH_w0hMETVz9ynNvrf2UTyYbRvb5ioOPPkUo0aCPXxT74H60P5WamnKg_f-6MgNS9x5T7ynXVY0Im7WStBXSk3QIn3EWsyxf1D2g3-UO4sMt11swkhxh0hk98Cfrs_UI=w2048-h1536-k-no,,"A standout Restaurant restaurant near the Cloud 9 surf area in General Luna, Mr. Turtle Siargao earns a high 4.7 from 202 reviews. Locals and travelers rate it for consistent, flavorful island dining. Best for: a casual island meal.",9.8010403,126.1605264,https://www.google.com/maps/place/Mr.+Turtle+Siargao/data=!4m7!3m6!1s0x330409b1442ffc07:0x267eb9c952c7db8!8m2!3d9.8010403!4d126.1605264!16s%2Fg%2F11mf93f03v!19sChIJB_wvRLEJBDMRuH0slZzrZwI?authuser=0&hl=en&rclk=1,"restaurants in Cloud 9, Siargao & Surigao, Philippines",Cloud 9
Happiness Beach Bar Siargao,4.7,(296),09166920178,https://wa.me/09166920178,https://www.instagram.com/happinessphsiargao,https://www.facebook.com/happinesshostelsiargao,Restaurant,"Tourism Rd, Catangnan, General Luna, 8419 Surigao del Norte",,https://lh3.googleusercontent.com/gps-cs-s/APNQkAHm98PR3fp9bSD5uGZYGhESyFA0V9kB8kBF3oFiyqKHWACZccco1zlyErlwEwAda7ADV_e9Xsr5JuDfeicRHlqcMY3Ozz3773rBufYQQf94p1qiTYn498f22hUBhRPmfzH9QcPu=w2048-h1536-k-no,"Pool, Restaurant, Bar, Sea view","A standout Restaurant restaurant near the Cloud 9 surf area in General Luna, Happiness Beach Bar Siargao earns a high 4.7 from 296 reviews. Locals and travelers rate it for consistent, flavorful island dining. Amenities include pool, restaurant, bar, sea view. Best for: a casual island meal.",9.8018248,126.1606324,https://www.google.com/maps/place/Happiness+Beach+Bar+Siargao/data=!4m7!3m6!1s0x3303f754b42a79c5:0x841b2e2314caf528!8m2!3d9.8018248!4d126.1606324!16s%2Fg%2F11tj7kgw7z!19sChIJxXkqtFT3AzMRKPXKFCMuG4Q?authuser=0&hl=en&rclk=1,"restaurants in Cloud 9, Siargao & Surigao, Philippines",Cloud 9
Las Barricas Siargao,4.9,"(1,103)",09150886447,https://wa.me/09150886447,https://www.instagram.com/lasbarricassiargao,https://www.facebook.com/LasBarricasSiargao,Spanish restaurant,"General Luna, Siargao, Surigao, Surigao del Norte",https://www.facebook.com/LasBarricasSiargao,https://lh3.googleusercontent.com/gps-cs-s/APNQkAEYvEQQhPpgdVTTb2fePO-aYWyHGPn7bDf4LpVcHBw8aM87r3KLriK3Bwc77dbTbiGYZi4JcrmXNzGy8IkyFFqEQc_51tip_zYPgj_qoghSc1BoE2gtLKLEg7RWgnQvjghhHWc-mg=w2048-h1536-k-no,"Restaurant, Bar","A casual eatery near the Cloud 9 surf area in General Luna, Las Barricas Siargao serves up everyday island dining. It currently sits at 4.9 across 1 review. Honest read: only a handful of reviews so far, but early feedback leans positive. Amenities include restaurant, bar. Best for: a casual island meal.",9.7922784,126.1615641,https://www.google.com/maps/place/Las+Barricas+Siargao/data=!4m7!3m6!1s0x3303f746eed026fb:0x5c67a0fc7e8c65eb!8m2!3d9.7922784!4d126.1615641!16s%2Fg%2F11pv9kyg3t!19sChIJ-ybQ7kb3AzMR62WMfvygZ1w?authuser=0&hl=en&rclk=1,"restaurants in Cloud 9, Siargao & Surigao, Philippines",Cloud 9
Munchies @ Jacking Horse Trail Gen. Luna Siargao,4.8,(52),09201735350,https://wa.me/09201735350,,https://www.facebook.com/siargaomap,Restaurant,"jacking horse Trail, Luna, Surigao del Norte",,https://lh3.googleusercontent.com/gps-cs-s/APNQkAF3mflFeI-SxKjzL2gSvYLtC5hMq1PvCip1wyG15qSTo5qd1z0IpA9NVp6_EGmXsC7idHpXlMwfp1wgvZPJggWyp6Yv5_9PhnYf3QRkALBukbABj0iw3OwWvSMEu56LbmwINpdi=w2048-h1536-k-no,"Restaurant, Beachfront","A casual eatery near the Cloud 9 surf area in General Luna, Munchies @ Jacking Horse Trail Gen. Luna Siargao serves up everyday island dining. It currently sits at 4.8 across 52 reviews. Amenities include restaurant, beachfront. Best for: a casual island meal.",9.8131351,126.1618923,https://www.google.com/maps/place/Munchies+@+Jacking+Horse+Trail+Gen.+Luna+Siargao/data=!4m7!3m6!1s0x3304092e396c3fbd:0xb3eedfcc18c79810!8m2!3d9.8131351!4d126.1618923!16s%2Fg%2F11fpvb_4sn!19sChIJvT9sOS4JBDMREJjHGMzf7rM?authuser=0&hl=en&rclk=1,"restaurants in Cloud 9, Siargao & Surigao, Philippines",Cloud 9
Coastal Grounds Coffee Siargao,4.9,"(1,447)",09399218036,https://wa.me/09399218036,https://www.instagram.com/coastalgroundscoffee,https://www.facebook.com/coastalgrounds.coffeehouse,Coffee shop,"Pops District Cloud Nine Dr., General Luna, General Luna, 8419 Surigao del Norte",,https://lh3.googleusercontent.com/gps-cs-s/APNQkAHqsozBcwbyO1g-5TIt6Mvmq90e6nsllj2H3R9U_-PZ9aqO4JvvrIsIc9Me14ggJhO5yxkoib2TMHe3YyOuyU-_lxsyFOUhXMXLjxUnsh9HOPMo1GZgy7qbqTbM-q4utGmUWnYPXuntxaao=w2048-h1536-k-no,Outdoor seating,"A neighborhood cafe near the Cloud 9 surf area in General Luna, Coastal Grounds Coffee Siargao is an easy spot for coffee and a bite. It currently sits at 4.9 across 1 review. Honest read: only a handful of reviews so far, but early feedback leans positive. Amenities include outdoor seating. Best for: a relaxed coffee, brunch or work session.",9.8115481,126.1631026,https://www.google.com/maps/place/Coastal+Grounds+Coffee+Siargao/data=!4m7!3m6!1s0x330409af5aa8a775:0x35e2370417b94d65!8m2!3d9.8115481!4d126.1631026!16s%2Fg%2F11vq2qyf6v!19sChIJdaeoWq8JBDMRZU25FwQ34jU?authuser=0&hl=en&rclk=1,"restaurants in Cloud 9, Siargao & Surigao, Philippines",Cloud 9
Kayaha Grill Siargao,4.9,(104),,,https://www.instagram.com/kayahagrill.siargao,https://www.facebook.com/kayahasiargao,Family restaurant,"R548+R3Q, General Luna, Surigao del Norte",,https://lh3.googleusercontent.com/gps-cs-s/APNQkAEbd28ZQHk_Clm-haVi1-Ko8Ab_MmvMspeGWXgP4ozLSsKwWrGJjNQ8Rqrw6yUYC1d1B2pEpFP4FlcMlVq3MESD5kEotd4s2OlARIz9HJLRxo2lu6wSqRdGC-6yWOPDWURveSwX2xOuVzM=w2048-h1536-k-no,Restaurant,"A casual eatery near the Cloud 9 surf area in General Luna, Kayaha Grill Siargao serves up everyday island dining. It currently sits at 4.9 across 104 reviews. Amenities include restaurant. Set in Siargao's easygoing dining scene, it leans casual and local rather than polished. Best for: a casual island meal.",9.8070773,126.1652398,https://www.google.com/maps/place/Kayaha+Grill+Siargao/data=!4m7!3m6!1s0x33040900375cbbcb:0x61dcab2be950b8a7!8m2!3d9.8070773!4d126.1652398!16s%2Fg%2F11wtw0p1__!19sChIJy7tcNwAJBDMRp7hQ6Sur3GE?authuser=0&hl=en&rclk=1,"restaurants in Cloud 9, Siargao & Surigao, Philippines",Cloud 9
Wave Cafe,4.2,(50),09626717137,https://wa.me/09626717137,,https://www.facebook.com/people,,"Cloud 9 Dr, General Luna, 8419 Surigao del Norte",https://www.facebook.com/people/Wave-Cafe/61560521438721/,https://lh3.googleusercontent.com/gps-cs-s/APNQkAGOYkEBwVim9UOydCOKki_f0GbpD8k5LunBb6DZ0-T11o8lnJjLcTq_F24tXP2QdIP0pVWlHgO4go89zZ__YKU5Nuf7gx55tV9lJE4k2E5HNrjQRs0zD6ThTyYxEcvK97O71dpSJA=w2048-h1536-k-no,Restaurant,"A low-key local spot near the Cloud 9 surf area in General Luna, Wave Cafe keeps a modest online footprint. It currently sits at 4.2 across 50 reviews. Amenities include restaurant. It sits among the many small, locally-run spots that give Siargao its laid-back character. Best for: travelers exploring this corner of Siargao.",9.811825,126.1632463,https://www.google.com/maps/place/Wave+Cafe/data=!4m11!3m10!1s0x330409cc24489439:0xb465a8df64255657!5m3!1s2026-10-31!4m1!1i2!8m2!3d9.811825!4d126.1632463!16s%2Fg%2F11w3g9m3qd!19sChIJOZRIJMwJBDMRV1YlZN-oZbQ?authuser=0&hl=en&rclk=1,"restaurants in Cloud 9, Siargao & Surigao, Philippines",Cloud 9
Al's Beach Pizza Siargao,4.3,(54),09178860050,https://wa.me/09178860050,https://www.instagram.com/alsbeachpizza,https://www.facebook.com/profile.php,Restaurant,"Jacking Horse, Catangnan, General Luna, 8419 Surigao del Norte",,https://lh3.googleusercontent.com/gps-cs-s/APNQkAFNRrIxhP28wGmlBAqWRmUeGsUitKTVyozhOyABBemJLugpConasrrpAjNmQNCwZcYxXVWLO90ptCzP7o2nhyjLNFw3BkLwcEy0ktdeXszgOmQIkBEeHVYpaBSpJMoOs31ju3rLtFuekA63=w2048-h1536-k-no,"Restaurant, Beachfront, Sea view","A casual eatery near the Cloud 9 surf area in General Luna, Al's Beach Pizza Siargao serves up everyday island dining. It currently sits at 4.3 across 54 reviews. Amenities include restaurant, beachfront, sea view. Set in Siargao's easygoing dining scene, it leans casual and local rather than polished. Best for: a casual island meal.",9.8131996,126.1628178,https://www.google.com/maps/place/Al%27s+Beach+Pizza+Siargao/data=!4m7!3m6!1s0x33040943c5bb1817:0x221fcaf66db0705a!8m2!3d9.8131996!4d126.1628178!16s%2Fg%2F11txkylwt3!19sChIJFxi7xUMJBDMRWnCwbfbKHyI?authuser=0&hl=en&rclk=1,"restaurants in Cloud 9, Siargao & Surigao, Philippines",Cloud 9
Bravo Restaurant,4.5,"(1,161)",09176362405,https://wa.me/09176362405,https://www.instagram.com/bravosiargao/,https://www.facebook.com/bravosiargao,Restaurant,"Tourism Rd, Barangay 5, General Luna, 8420 Surigao del Norte",http://www.bravosiargao.com/restaurant/bravo-restaurant.html,https://lh3.googleusercontent.com/gps-cs-s/APNQkAGJhyZjjyvd6gETLvik7ceftsIWC93LDH3hMKSJv0gZ_G1nvaII1X7bp0qzj5M87mq4cBrYaSHHaEoCVi_rCo3n-BZA2xeWFZTOHNHcREzh2subV64Suzib0ls9g0dFcFE6SZJ7=w2048-h1536-k-no,"Restaurant, Wheelchair accessible, Wheelchair accessible entrance, Accessible","A casual eatery near the Cloud 9 surf area in General Luna, Bravo Restaurant serves up everyday island dining. It currently sits at 4.5 across 1 review. Honest read: only a handful of reviews so far, but early feedback leans positive. Amenities include restaurant, wheelchair accessible, wheelchair accessible entrance, accessible. Best for: a casual island meal.",9.7918048,126.1624663,https://www.google.com/maps/place/Bravo+Restaurant/data=!4m7!3m6!1s0x3303f61c7fdfbe31:0x1a736b6221e36109!8m2!3d9.7918048!4d126.1624663!16s%2Fg%2F11c80b4jr4!19sChIJMb7ffxz2AzMRCWHjIWJrcxo?authuser=0&hl=en&rclk=1,"restaurants in Cloud 9, Siargao & Surigao, Philippines",Cloud 9
The Ohm Café: All-Day Dining & Poolside Cocktails,4.9,(321),,,http://instagram.com/theohmcafe,https://www.facebook.com/theohmcafe,Restaurant,"Siargao 8419 @ The Ohm Siargao, Sta. Ines, General Luna, 8419 Surigao del Norte",http://instagram.com/theohmcafe,https://lh3.googleusercontent.com/gps-cs-s/APNQkAHLvPhBS1_DtLp6zbVJJ1Raa8GiscjLInH0HAdO950YQtVZrZ59-82U-EtLZ04m-g07WRMK7rATuJJ229wDcVPwoFeTSp3NP1FqVtywhwdTwVcxuMEcFhu2K4CT_sl1Yq2lojOiIiRpMF4=w2048-h1536-k-no,,"A standout Restaurant restaurant near the Cloud 9 surf area in General Luna, The Ohm Café: All-Day Dining & Poolside Cocktails earns a high 4.9 from 321 reviews. Locals and travelers rate it for consistent, flavorful island dining. Best for: a casual island meal.",9.8020481,126.1562197,https://www.google.com/maps/place/The+Ohm+Caf%C3%A9:+All-Day+Dining+%26+Poolside+Cocktails/data=!4m7!3m6!1s0x3304098378f35bf9:0x274afc84c6593913!8m2!3d9.8020481!4d126.1562197!16s%2Fg%2F11vygmwpnp!19sChIJ-VvzeIMJBDMREzlZxoT8Sic?authuser=0&hl=en&rclk=1,"restaurants in Cloud 9, Siargao & Surigao, Philippines",Cloud 9
Outer Cafe,4.8,(555),09228523612,https://wa.me/09228523612,https://www.instagram.com/outer.cafe,,Cafe,"Barangay, Lot 2936-F Tourism Rd, Catangnan, General Luna, 8419 Surigao del Norte",https://www.instagram.com/outer.cafe/,https://lh3.googleusercontent.com/gps-cs-s/APNQkAHbBd-SXdRszorP5NWSgHUUeplavVQwx8tyhAOHrk_fh2LqvbpLsHF0LfG1GHb90sdZFxLyJrObFeh_lTpUOkRtkJM8xuOynm_EmP6eH22LFUExDzNhnE35Aa1f4jJ6O_tLW5imtw=w2048-h1536-k-no,Pool,"One of the area's favorite cafes near the Cloud 9 surf area in General Luna, Outer Cafe has built a loyal following with 555 reviews at 4.8. A reliable pick for good coffee, easy brunch plates and a relaxed place to linger. Amenities include pool. Best for: a relaxed coffee, brunch or work session.",9.8080363,126.1599732,https://www.google.com/maps/place/Outer+Cafe/data=!4m7!3m6!1s0x33040985c5c074dd:0xc19e5fd3c75f1349!8m2!3d9.8080363!4d126.1599732!16s%2Fg%2F11kb587jn1!19sChIJ3XTAxYUJBDMRSRNfx9NfnsE?authuser=0&hl=en&rclk=1,"restaurants in Cloud 9, Siargao & Surigao, Philippines",Cloud 9
Kurvada,4.4,(983),,,,,Restaurant,"Q5Q6+4WR, General Luna, Surigao del Norte",,https://lh3.googleusercontent.com/gps-cs-s/APNQkAFwfdAzdXF3iJGeDkvd0SpC9EwmSPLXqBDv1gybKW8rviaxBV7YPv3mNm-VoLGS3UG2zUi4HPtKHIglagHnSDkQGbt41tadbKQJmXgg5jQSR2GWKqTkwm2T9cAD56PkzdF9Ag=w2048-h1536-k-no,Restaurant,"A casual eatery near the Cloud 9 surf area in General Luna, Kurvada serves up everyday island dining. It currently sits at 4.4 across 983 reviews. Amenities include restaurant. Set in Siargao's easygoing dining scene, it leans casual and local rather than polished. Best for: a casual island meal.",9.7871711,126.1623775,https://www.google.com/maps/place/Kurvada/data=!4m7!3m6!1s0x3303f7efc6df48b3:0xbc71535b5c11e77!8m2!3d9.7871711!4d126.1623775!16s%2Fg%2F11jj0vwzcz!19sChIJs0jfxu_3AzMRdx7BtTUVxws?authuser=0&hl=en&rclk=1,"restaurants in Cloud 9, Siargao & Surigao, Philippines",Cloud 9
Kawayan Gourmand French Bakery,4.3,(273),09398584097,https://wa.me/09398584097,https://www.instagram.com/kawayangourmand,https://www.facebook.com/Kawayangourmand,Pastry shop,"Cloud 9 Tower, Brgy Catangnan, General Luna, 8419 Surigao del Norte",,https://lh3.googleusercontent.com/gps-cs-s/APNQkAHgwC_QbvdGkt7UErNTBzDukoUVTRvVkD8TTXFzovlmreaz7W7YoD66h3dKdgncBY6h7j0I0k8mG5VWzwqQrjaaVm835k8_fsDiB5RJBMxaxbmEEy2UbKRkRos1hKYgqGRwes4J=w2048-h1536-k-no,,"A local pastry shop near the Cloud 9 surf area in General Luna, Kawayan Gourmand French Bakery serves travelers passing through. It currently sits at 4.3 across 273 reviews. It sits among the many small, locally-run spots that give Siargao its laid-back character. Best for: travelers exploring this corner of Siargao.",9.811256,126.1638,https://www.google.com/maps/place/Kawayan+Gourmand+French+Bakery/data=!4m7!3m6!1s0x330409edc117a7e3:0x880d9e14901a7b9c!8m2!3d9.811256!4d126.1638!16s%2Fg%2F11dzt5l_3p!19sChIJ46cXwe0JBDMRnHsakBSeDYg?authuser=0&hl=en&rclk=1,"restaurants in Cloud 9, Siargao & Surigao, Philippines",Cloud 9
Bawud Cafe Siargao,4.4,(523),09624505992,https://wa.me/09624505992,https://www.instagram.com/wix,https://www.facebook.com/61572122402484,Cafe,"Tourism Rd, Catangnan, General Luna, 8419 Surigao del Norte",http://www.bawudcafes.com/,https://lh3.googleusercontent.com/gps-cs-s/APNQkAFGCwdl4HEb6_IBnEZN-lYAsC_3_quiDfDDtRcEzNrapqPIjxSTIu-Z0uUQpGzIcghM4GlzAxw2AagFT_Wjzd1PXzr9RGe26QVrr4CNW8eNZs2IoDWG3jxohb4Hlg4R4fmTRlsvL8w7gYOV=w2048-h1536-k-no,"Restaurant, Bar, Wheelchair accessible, Wheelchair accessible entrance, Accessible","A neighborhood cafe near the Cloud 9 surf area in General Luna, Bawud Cafe Siargao is an easy spot for coffee and a bite. It currently sits at 4.4 across 523 reviews. Amenities include restaurant, bar, wheelchair accessible, wheelchair accessible entrance. Best for: a relaxed coffee, brunch or work session.",9.8119524,126.162984,https://www.google.com/maps/place/Bawud+Cafe+Siargao/data=!4m7!3m6!1s0x3303f7c7105bb48d:0xce9c41ff10459361!8m2!3d9.8119524!4d126.162984!16s%2Fg%2F11l_0t2qrj!19sChIJjbRbEMf3AzMRYZNFEP9BnM4?authuser=0&hl=en&rclk=1,"restaurants in Cloud 9, Siargao & Surigao, Philippines",Cloud 9
POP UP BAR SIARGAO,4.6,(54),,,https://www.instagram.com/pop_up_bar_siargao,https://www.facebook.com/popupbariao,Bar,"Jacking Horse Trail, General Luna, Surigao del Norte, Beach Front, Inside the Jacking Horse Homestay, Beside the Cafe Kokomo, General Luna Siargao, 8419 Surigao del Norte",,https://lh3.googleusercontent.com/gps-cs-s/APNQkAGoDIY-f2tIEoxWYdBDp3adw5L_3lzGiBPg45mDsBIwdcsonIjuV9YY6f2s3pDYc9R_PmuMOTm0L646F5G-_B0FSVYq8yFenHyH3qEZIIBcXJNNoaXO_g78mdgqszGzIf8S51bM=w2048-h1536-k-no,"Restaurant, Bar, Beachfront","A local bar near the Cloud 9 surf area in General Luna, POP UP BAR SIARGAO is a laid-back spot for a drink. It currently sits at 4.6 across 54 reviews. Amenities include restaurant, bar, beachfront. It fits Siargao's relaxed, sociable nightlife rather than anything flashy. Best for: an easygoing drink and good vibes.",9.8131546,126.1613077,https://www.google.com/maps/place/POP+UP+BAR+SIARGAO/data=!4m7!3m6!1s0x3304096b0ae5f313:0x9576f1445d890251!8m2!3d9.8131546!4d126.1613077!16s%2Fg%2F11k9cm2kp9!19sChIJE_PlCmsJBDMRUQKJXUTxdpU?authuser=0&hl=en&rclk=1,"restaurants in Cloud 9, Siargao & Surigao, Philippines",Cloud 9
Lamari Siargao Boutique Hotel,4.7,(544),09176507743,https://wa.me/09176507743,https://www.instagram.com/lamarisiargao?igsh=ZmNmYWd0enRmdXNx,https://www.facebook.com/share/1KunhC4jjY/?mibextid=wwXIfr,,"8419 Tourism Rd, General Luna, Surigao del Norte",http://www.lamarisiargao.com/,https://lh3.googleusercontent.com/gps-cs-s/APNQkAGd9W6NVumzWCKCzFY1_g8wKU6WGUXE02fQqxcJDaK3Cbao4dg12mhVunSLC9HMdtAAnRV39gGTPjXHoS240XmvwT1QSeSAU4TxOEVD9rQScaEOxUyKtvJKjwGgZEk6-8lx1-4=w2048-h1536-k-no,"Free Wi-Fi, Free breakfast, Air-conditioned, Pool, Outdoor pool, Fitness center, Free parking, Pet-friendly, Smoke-free, Restaurant, Bar, Laundry service, Laundry","A well-regarded spot near the Cloud 9 surf area in General Luna, Lamari Siargao Boutique Hotel carries a strong 4.7 rating from 544 reviews. Consistently positive feedback marks it as a dependable local pick. Amenities include free wi-fi, free breakfast, air-conditioned, pool. Best for: travelers exploring this corner of Siargao.",9.8075389,126.1646347,https://www.google.com/maps/place/Lamari+Siargao+Boutique+Hotel/data=!4m11!3m10!1s0x330409bb8f0e00ab:0x127d0a04635e278b!5m3!1s2026-10-31!4m1!1i2!8m2!3d9.8075389!4d126.1646347!16s%2Fg%2F11h6t7qt2t!19sChIJqwAOj7sJBDMRiydeYwQKfRI?authuser=0&hl=en&rclk=1,"restaurants in Cloud 9, Siargao & Surigao, Philippines",Cloud 9
Subay Burger,5.0,(23),09306939500,https://wa.me/09306939500,,https://www.facebook.com/100086566261699,Hamburger restaurant,"Purok 3 Cloud 9 Dr, General Luna, 8419 Surigao del Norte",,https://lh3.googleusercontent.com/gps-cs-s/APNQkAFjf9oIg11dCtebbtio02MZ3jdTKpPyn9DtzCuvCuPPfJxfn-AmcDLP0b3HTgpqyTt65wHp7IndEkCYd8buskxbqtFPEBLO4LsZ8lYxBjOXrPbMcDu4o-eI9fpJYdC3oGfwOEfZ=w2048-h1536-k-no,Pool,"A casual eatery near the Cloud 9 surf area in General Luna, Subay Burger serves up everyday island dining. It currently sits at 5.0 across 23 reviews. Amenities include pool. Set in Siargao's easygoing dining scene, it leans casual and local rather than polished. Best for: a casual island meal.",9.8096116,126.1595992,https://www.google.com/maps/place/Subay+Burger/data=!4m7!3m6!1s0x330409007a6880c9:0x880361b4e6e3f288!8m2!3d9.8096116!4d126.1595992!16s%2Fg%2F11y312j2px!19sChIJyYBoegAJBDMRiPLj5rRhA4g?authuser=0&hl=en&rclk=1,"restaurants in Cloud 9, Siargao & Surigao, Philippines",Cloud 9
Nami,4.0,(115),,,,https://www.facebook.com/100094443067336,Japanese restaurant,"Q5Q6+JQ5, Poblacion V (Purok V), General Luna, Surigao del Norte",,https://lh3.googleusercontent.com/gps-cs-s/APNQkAH8F8Q8dvGaW55CXTRuO-OsRC4TBnbfV0wdAsfJx3g_fQxlfItBHBvwgsLVrCXZDMXD8PX3HXXRic3dY9oJsRAkPDrsTtK3ZxfQ62ph_fidNI1N9mvJtivW1trDPlEHFnoJIX3O=w2048-h1536-k-no,Restaurant,"A casual eatery near the Cloud 9 surf area in General Luna, Nami serves up everyday island dining. It currently sits at 4.0 across 115 reviews. Honest read: a solid-not-spectacular 4.0 rating, dependable rather than dazzling. Amenities include restaurant. Best for: a casual island meal.",9.7890234,126.1619875,https://www.google.com/maps/place/Nami/data=!4m7!3m6!1s0x3303f7b26927c39b:0xa6dd4fa3fe10054a!8m2!3d9.7890234!4d126.1619875!16s%2Fg%2F11ty4jvch6!19sChIJm8MnabL3AzMRSgUQ_qNP3aY?authuser=0&hl=en&rclk=1,"restaurants in Cloud 9, Siargao & Surigao, Philippines",Cloud 9
Nohara Beach Resort,4.5,(2),,,,,Restaurant,"R577+2CF, General Luna, Surigao del Norte",,https://lh3.googleusercontent.com/gps-cs-s/APNQkAEiH4-QslZ92OS7qJ-iw2B3jnup9k5h633j2_4OXVtWuSLbkkwh3gpynNYiIhTfBdlyrvbTjIlzX_dtd1isO6zhxQkjq2CPIs2ka39o9oZk1YB9xcDrfS3r8oIiXpBiVI4i4Py9iw=w2048-h1536-k-no,"Restaurant, Bar","A casual eatery near the Cloud 9 surf area in General Luna, Nohara Beach Resort serves up everyday island dining. It currently sits at 4.5 across 2 reviews. Honest read: only a handful of reviews so far, but early feedback leans positive. Amenities include restaurant, bar. Best for: a casual island meal.",9.8125726,126.1635422,https://www.google.com/maps/place/Nohara+Beach+Resort/data=!4m7!3m6!1s0x330409eda7737339:0x9368e506697ffcc5!8m2!3d9.8125726!4d126.1635422!16s%2Fg%2F11bzxy6xm2!19sChIJOXNzp-0JBDMRxfx_aQblaJM?authuser=0&hl=en&rclk=1,"restaurants in Cloud 9, Siargao & Surigao, Philippines",Cloud 9
Surf Coach Siargao SPF All levels,4.9,(165),09260439795,https://wa.me/09260439795,https://www.instagram.com/spfsurfcoaching/,https://www.facebook.com/allan.derecho.413360,Surf school,"Siargao Island, Cloud 9 Dr, Catangnan, General Luna, 8419 Surigao del Norte",http://spfsurfcoaching.com/,https://lh3.googleusercontent.com/gps-cs-s/APNQkAE74rXVAVffeyjLfiaV7Lx4rjUT86hsKAqi_wuutJfhIcwqkGeXXJvhvm1f3UELZq9Tcd4LaygjdO4HI8EyCuhEdlPLXzuJuPJz7D82yqKBnwXs8r7r8xoOeJc-fB0A5kNpVLFyaT7hoe2V=w2048-h1536-k-no,,"A trusted surf operation near the Cloud 9 surf area in General Luna, Surf Coach Siargao SPF All levels carries a 4.9 rating across 165 reviews. Reviewers highlight patient coaching and getting you up and riding. Best for: surfers of all levels.",9.8117334,126.1645364,https://www.google.com/maps/place/Surf+Coach+Siargao+SPF+All+levels/data=!4m7!3m6!1s0x330409757c2dfb41:0x3c2a7ec90aabe287!8m2!3d9.8117334!4d126.1645364!16s%2Fg%2F11kpy77_nh!19sChIJQfstfHUJBDMRh-KrCsl-Kjw?authuser=0&hl=en&rclk=1,"restaurants in Cloud 9, Siargao & Surigao, Philippines",Cloud 9
Warung Siargao Indonesian Restaurant,4.2,(195),09162043782,https://wa.me/09162043782,,https://www.facebook.com/61556932632042,Restaurant,"Q5W6+C9C, Tourism Rd, General Luna, 8419 Surigao del Norte",,https://lh3.googleusercontent.com/gps-cs-s/APNQkAEBdYewjsS0nGbe0Qpx0Wg_xnFYF1R5hsn5G20ui3pLlWlTPp-YsUfj8zJQ3L0YsD_G-cJCGJa7D5FMGScRgRYZcJ4SPnu_ObH_uqglygqxi2YWk9X6KK5OADYaZsQczw5d_r1BBw=w2048-h1536-k-no,"Pool, Restaurant","A casual eatery near the Cloud 9 surf area in General Luna, Warung Siargao Indonesian Restaurant serves up everyday island dining. It currently sits at 4.2 across 195 reviews. Amenities include pool, restaurant. Set in Siargao's easygoing dining scene, it leans casual and local rather than polished. Best for: a casual island meal.",9.7960585,126.1608989,https://www.google.com/maps/place/Warung+Siargao+Indonesian+Restaurant/data=!4m7!3m6!1s0x3303f61de7ca716d:0x41cd877baefc555b!8m2!3d9.7960585!4d126.1608989!16s%2Fg%2F11d_7tcxlg!19sChIJbXHK5x32AzMRW1X8rnuHzUE?authuser=0&hl=en&rclk=1,"restaurants in Cloud 9, Siargao & Surigao, Philippines",Cloud 9
Mama Coco Siargao,4.5,(98),09568664306,https://wa.me/09568664306,https://www.instagram.com/mamacoco.siargao,https://www.facebook.com/100069902674543,Bar,"Tourism Rd, Siargao, 8419 Surigao del Norte",,https://lh3.googleusercontent.com/gps-cs-s/APNQkAGNybf3UqZfaDRproW3Ds3RjGpw9B5Rq-6jogHYjqMIeMbfqW6VtuM-zbgqPGRJ09PGueQIuNuFLCe9sew-Wq_ilFRhon2RV4ObAyGY5iKjITc2nnM29S1xNMafYhuWMPKa4B3j=w2048-h1536-k-no,"Restaurant, Bar","A local bar near the Cloud 9 surf area in General Luna, Mama Coco Siargao is a laid-back spot for a drink. It currently sits at 4.5 across 98 reviews. Amenities include restaurant, bar. It fits Siargao's relaxed, sociable nightlife rather than anything flashy. Best for: an easygoing drink and good vibes.",9.7896047,126.1618549,https://www.google.com/maps/place/Mama+Coco+Siargao/data=!4m7!3m6!1s0x3303f7499e0bd939:0xbc70acf641df928a!8m2!3d9.7896047!4d126.1618549!16s%2Fg%2F11gv0qmgg7!19sChIJOdkLnkn3AzMRipLfQfascLw?authuser=0&hl=en&rclk=1,"restaurants in Cloud 9, Siargao & Surigao, Philippines",Cloud 9
Hakata Ramen,4.6,(278),09288703387,https://wa.me/09288703387,,https://www.facebook.com/hakatasiargao,Restaurant,"Cloud 9, Barangay Catangnan, General Luna, Surigao del Norte",,https://lh3.googleusercontent.com/gps-cs-s/APNQkAEiv59dUz0TduyeTGNbfDQZvIKiwGYwq9-Sojp5JJOJ94zDL1-GxeIEjOaFwlJclo_5rpSdFabs9XSwYAQkFqGMGpKCLtsBTb-rIBMN1MLp0NVTl0ytcqsXfO4cXXcKb7eq8Oe1=w2048-h1536-k-no,Restaurant,"A standout Restaurant restaurant near the Cloud 9 surf area in General Luna, Hakata Ramen earns a high 4.6 from 278 reviews. Locals and travelers rate it for consistent, flavorful island dining. Amenities include restaurant. Best for: a casual island meal.",9.8110006,126.1642892,https://www.google.com/maps/place/Hakata+Ramen/data=!4m7!3m6!1s0x330409ed98278ccf:0xe235b2295f62470!8m2!3d9.8110006!4d126.1642892!16s%2Fg%2F11c1ndfvc2!19sChIJz4wnmO0JBDMRcCT2lSJbIw4?authuser=0&hl=en&rclk=1,"restaurants in Cloud 9, Siargao & Surigao, Philippines",Cloud 9
Secreto Restaurant & Cocktails Siargao,4.7,(374),09624206619,https://wa.me/09624206619,https://www.instagram.com/secretosiargao,https://www.facebook.com/61559194597306,Restaurant,"Purok 5, Secreto Purok 5, General Luna, 8417 Surigao del Norte",https://www.instagram.com/secretosiargao/,https://lh3.googleusercontent.com/gps-cs-s/APNQkAG8HGgJJcsGkdEl0GhiNuKqzvFNSifyYvn7NeD3Yw6hdPBmtfSGrTcUL3zCc18vAswLL4fPcENbP_2qXXSKLuHUeWSekWsuu2Lmtw60JE7w2fNdydzZsvFNjmXzxGWCdSmZ1U8e=w2048-h1536-k-no,"Restaurant, Wheelchair accessible, Wheelchair accessible entrance, Accessible","A standout Restaurant restaurant near the Cloud 9 surf area in General Luna, Secreto Restaurant & Cocktails Siargao earns a high 4.7 from 374 reviews. Locals and travelers rate it for consistent, flavorful island dining. Amenities include restaurant, wheelchair accessible, wheelchair accessible entrance, accessible. Best for: a casual island meal.",9.7878002,126.1611012,https://www.google.com/maps/place/Secreto+Restaurant+%26+Cocktails+Siargao/data=!4m7!3m6!1s0x3303f77374709a99:0xa68a9ec5c5ef97a8!8m2!3d9.7878002!4d126.1611012!16s%2Fg%2F11vzg0hf49!19sChIJmZpwdHP3AzMRqJfvxcWeiqY?authuser=0&hl=en&rclk=1,"restaurants in Cloud 9, Siargao & Surigao, Philippines",Cloud 9
Hey Babe BBQ,5.0,(2),,,,https://www.facebook.com/BebiesbbqSiargao,Restaurant,"R567+WFC, General Luna, Surigao del Norte",,https://lh3.googleusercontent.com/gps-cs-s/APNQkAEo58YKL1kANs2wY-sZlK7LEiBdIqC8xfcFHhDanzBOdvtzc6jqsrDjPwbpZv4gEY7pxvaf1fLi8Dy0nnKZyxehORVaz5MM2BYYtYgu6sHzzugIkjlUtmDimEvqPGpU2J4s3LQgtg=w2048-h1536-k-no,Restaurant,"A casual eatery near the Cloud 9 surf area in General Luna, Hey Babe BBQ serves up everyday island dining. It currently sits at 5.0 across 2 reviews. Honest read: only a handful of reviews so far, but early feedback leans positive. Amenities include restaurant. Best for: a casual island meal.",9.8123105,126.1636488,https://www.google.com/maps/place/Hey+Babe+BBQ/data=!4m7!3m6!1s0x330409eda43cf0f7:0xb4abc8282b8eb649!8m2!3d9.8123105!4d126.1636488!16s%2Fg%2F11f10rwjyf!19sChIJ9_A8pO0JBDMRSbaOKyjIq7Q?authuser=0&hl=en&rclk=1,"restaurants in Cloud 9, Siargao & Surigao, Philippines",Cloud 9
Greenhouse Cafe and Restaurant,4.4,(148),09175014942,https://wa.me/09175014942,https://www.instagram.com/greenhouse_siargao/,https://www.facebook.com/Greenhousesiargao/,Cafe,"Tourism Rd, Catangnan, General Luna, 8419 Surigao del Norte",http://www.greenhousesiargao.com/,https://lh3.googleusercontent.com/gps-cs-s/APNQkAHBA0dIP7skjNSQhPuIqBZ80eBqCLl9_gbA_T1Xnh1CTuqwAE_eKMSnTieHfMSNK9L4Cjbd2KqZrT5VH-Oi8x0UEquiiGrZakjsI9IpNd8HwxNJ_-WEvciIAYT-tWa5qhFN6RA0hg=w2048-h1536-k-no,"Restaurant, Beach access, Wheelchair accessible, Wheelchair accessible entrance, Garden, Accessible","A neighborhood cafe near the Cloud 9 surf area in General Luna, Greenhouse Cafe and Restaurant is an easy spot for coffee and a bite. It currently sits at 4.4 across 148 reviews. Amenities include restaurant, beach access, wheelchair accessible, wheelchair accessible entrance. Best for: a relaxed coffee, brunch or work session.",9.8036643,126.1605397,https://www.google.com/maps/place/Greenhouse+Cafe+and+Restaurant/data=!4m7!3m6!1s0x330409b0f2c9c483:0x3591808fd6838aa3!8m2!3d9.8036643!4d126.1605397!16s%2Fg%2F11g2zxtqh4!19sChIJg8TJ8rAJBDMRo4qD1o-AkTU?authuser=0&hl=en&rclk=1,"restaurants in Cloud 9, Siargao & Surigao, Philippines",Cloud 9
Coffee Stroll Siargao,4.6,(195),09174224778,https://wa.me/09174224778,https://www.instagram.com/coffeestroll.siargao,https://www.facebook.com/100084921274211,Coffee shop,"Tourism road General luna, Catangnan, Siargao island, 8419 Surigao del Norte",https://www.instagram.com/coffeestroll.siargao/,https://lh3.googleusercontent.com/gps-cs-s/APNQkAHul5kkU_FR64pip9C_a3GMhFs9w1jkkdyjxGxusq3DBWb6iYUK99vU874zOzbWmHajmzwcY8IgQJwtSWdjU5XYaZtOasZcrPAj2B3iQ0J-e8aY4V0090uf1rxoLBASvVlv6TJOGQ=w2048-h1536-k-no,Pool,"One of the area's favorite cafes near the Cloud 9 surf area in General Luna, Coffee Stroll Siargao has built a loyal following with 195 reviews at 4.6. A reliable pick for good coffee, easy brunch plates and a relaxed place to linger. Amenities include pool. Best for: a relaxed coffee, brunch or work session.",9.8076407,126.1666348,https://www.google.com/maps/place/Coffee+Stroll+Siargao/data=!4m7!3m6!1s0x330409d0188f4293:0x8f7779d5a34c327c!8m2!3d9.8076407!4d126.1666348!16s%2Fg%2F11s5600pq6!19sChIJk0KPGNAJBDMRfDJMo9V5d48?authuser=0&hl=en&rclk=1,"cafes in Cloud 9, Siargao & Surigao, Philippines",Cloud 9
Vedya Siargao,4.7,(329),09054977238,https://wa.me/09054977238,,https://www.facebook.com/profile.php,,"Sta. Ines, General Luna, 8419 Surigao del Norte",,https://lh3.googleusercontent.com/gps-cs-s/APNQkAFvMP93_BxrvH6JpWJEEyvnrRFL_9iBUJSn09Nt1WdLk_tSKmYf8G3wtkyf3BsqXke-iH8VxBXEDVNc5dlSKFmFpK8iKdH2ddk1nOqpAmt9OI-PzSBvQX1RFIAQtE7j3SwPizkf=w2048-h1536-k-no,,"A well-regarded spot near the Cloud 9 surf area in General Luna, Vedya Siargao carries a strong 4.7 rating from 329 reviews. Consistently positive feedback marks it as a dependable local pick. Best for: travelers exploring this corner of Siargao.",9.8014871,126.1569126,https://www.google.com/maps/place/Vedya+Siargao/data=!4m11!3m10!1s0x330409e76df27cc9:0xbf0a7e7beac7051!5m3!1s2026-10-31!4m1!1i2!8m2!3d9.8014871!4d126.1569126!16s%2Fg%2F11nrx7g4g2!19sChIJyXzybecJBDMRUXCsvuen8As?authuser=0&hl=en&rclk=1,"cafes in Cloud 9, Siargao & Surigao, Philippines",Cloud 9
Saint Thomas Coffee,4.9,(195),09543949315,https://wa.me/09543949315,https://www.instagram.com/saintthomascoffee,https://www.facebook.com/p,Coffee shop,"R535+75General, Surigao del Norte",,https://lh3.googleusercontent.com/gps-cs-s/APNQkAH7QqlpKH_dz9iPGB4l0ELeiS49EJIYo0ZPdtbg836Y4U7fL0LeK8DyaQSasoEIpXC-gy_MM6UdWxDKnz8tVNlcVh0LXTjw3lg6dHiOpJIvzZ8TIbN3-J8ojAn98kmMiEMKgQVKpg=w2048-h1536-k-no,Outdoor seating,"One of the area's favorite cafes near the Cloud 9 surf area in General Luna, Saint Thomas Coffee has built a loyal following with 195 reviews at 4.9. A reliable pick for good coffee, easy brunch plates and a relaxed place to linger. Amenities include outdoor seating. Best for: a relaxed coffee, brunch or work session.",9.8031875,126.1579375,https://www.google.com/maps/place/Saint+Thomas+Coffee/data=!4m7!3m6!1s0x3304098d9895433b:0x56aa90c1e070772a!8m2!3d9.8031875!4d126.1579375!16s%2Fg%2F11ksb4248j!19sChIJO0OVmI0JBDMRKndw4MGQqlY?authuser=0&hl=en&rclk=1,"cafes in Cloud 9, Siargao & Surigao, Philippines",Cloud 9
Kanaway Snack Bar,4.6,(132),09196465561,https://wa.me/09196465561,https://www.instagram.com/kanaway.snackbar,https://www.facebook.com/MindanaoWaterfallsRider,Coffee shop,"General Luna, Surigao del Norte",,https://lh3.googleusercontent.com/gps-cs-s/APNQkAESMYOQscXz87l2qM7cj3pU8buJus97Sbd_6uly0jSDZfLfluoerlrAXtNmZDtGaiW3DP43YoNz4LxpooIKfT8MmpZAhf9qQnsT_J-KrMiOFDmBQFaLb5jCIqiniEjmw4D1nnCJ6Q=w2048-h1536-k-no,"Restaurant, Bar, Beachfront, Outdoor seating","A neighborhood cafe near the Cloud 9 surf area in General Luna, Kanaway Snack Bar is an easy spot for coffee and a bite. It currently sits at 4.6 across 132 reviews. Amenities include restaurant, bar, beachfront, outdoor seating. Best for: a relaxed coffee, brunch or work session.",9.8108249,126.1591407,https://www.google.com/maps/place/Kanaway+Snack+Bar/data=!4m7!3m6!1s0x3304096a2712dcef:0x5944ceab1f58dc4f!8m2!3d9.8108249!4d126.1591407!16s%2Fg%2F11s7v6pjgh!19sChIJ79wSJ2oJBDMRT9xYH6vORFk?authuser=0&hl=en&rclk=1,"cafes in Cloud 9, Siargao & Surigao, Philippines",Cloud 9
Siargao Books Cafe,4.4,(664),09626482128,https://wa.me/09626482128,https://www.instagram.com/siargaobookscafe,https://www.facebook.com/p,Coffee shop,"Tourism Rd, General Luna, Surigao del Norte",,https://lh3.googleusercontent.com/gps-cs-s/APNQkAHx9OsR3pQzCAQpNRgLwBQy4vnrX6YRcQZ4VYZxGx20ZDz7q9FQv8-5PeKCQZkasHS3XVlz4SzR5ikGf7EvM1KUaVfWFS71CNGSKtbqQ8Q11GmZMyB_ucjLbm2ykg5p9SVKhXCa=w2048-h1536-k-no,,"A neighborhood cafe near the Cloud 9 surf area in General Luna, Siargao Books Cafe is an easy spot for coffee and a bite. It currently sits at 4.4 across 664 reviews. Like much of the island's cafe scene, expect a relaxed pace and a casual island setting. Best for: a relaxed coffee, brunch or work session.",9.7887631,126.1622658,https://www.google.com/maps/place/Siargao+Books+Cafe/data=!4m7!3m6!1s0x3303f7a2da74a8f3:0x54a0710c5f47984b!8m2!3d9.7887631!4d126.1622658!16s%2Fg%2F11l1cmzqvq!19sChIJ86h02qL3AzMRS5hHXwxxoFQ?authuser=0&hl=en&rclk=1,"cafes in Cloud 9, Siargao & Surigao, Philippines",Cloud 9
Spotted Pig Cafe,4.4,(652),09171921777,https://wa.me/09171921777,,https://www.facebook.com/spottedpigsiargao,Cafe,"Tourism Rd, Catangnan, General Luna, 8419 Surigao del Norte",http://www.spottedpigcafe.com/,https://lh3.googleusercontent.com/gps-cs-s/APNQkAGqdTYv3eFhM9-Z58NKytObifObtfU5SHhr1TO9IGX7D_qtZu0N0lRWmkpycdonIHKyXOi9UZ4KOBkMTZpyNGNQCCM5CcNYx0zLA8SwbNIpqPnXl7lEH9Q6TQp-BcnqNrmEoro-GZB6Tx8=w2048-h1536-k-no,"Pool, Restaurant, Outdoor seating","A neighborhood cafe near the Cloud 9 surf area in General Luna, Spotted Pig Cafe is an easy spot for coffee and a bite. It currently sits at 4.4 across 652 reviews. Amenities include pool, restaurant, outdoor seating. Best for: a relaxed coffee, brunch or work session.",9.8019664,126.1596888,https://www.google.com/maps/place/Spotted+Pig+Cafe/data=!4m7!3m6!1s0x3304093985538e9d:0x1ddceb55945c532c!8m2!3d9.8019664!4d126.1596888!16s%2Fg%2F11fn4nprjw!19sChIJnY5ThTkJBDMRLFNclFXr3B0?authuser=0&hl=en&rclk=1,"cafes in Cloud 9, Siargao & Surigao, Philippines",Cloud 9
Cocomo and Wave - Siargao,5.0,(3),,,,https://www.facebook.com/people,Restaurant,"Cloud 9 Dr, General Luna, Surigao del Norte",,https://lh3.googleusercontent.com/gps-cs-s/APNQkAFvHSnCP-HImjSBUSzkLXDhB7nM27vTrMH70aXNq6Mb2gNsbrKeeVsxUwH1e-UzKiUe8xKKICGNfZRjo_h23c3RpxWxSWam4q0XdmLG-thBI04YM8lITc-qvYMK8C_LXsSg8byxcQ=w2048-h1536-k-no,Restaurant,"A casual eatery near the Cloud 9 surf area in General Luna, Cocomo and Wave - Siargao serves up everyday island dining. It currently sits at 5.0 across 3 reviews. Honest read: only a handful of reviews so far, but early feedback leans positive. Amenities include restaurant. Best for: a casual island meal.",9.8110453,126.1636413,https://www.google.com/maps/place/Cocomo+and+Wave+-+Siargao/data=!4m7!3m6!1s0x3304098f40bef3e1:0x19fae968f31f7e39!8m2!3d9.8110453!4d126.1636413!16s%2Fg%2F11srh_lb_w!19sChIJ4fO-QI8JBDMROX4f82jp-hk?authuser=0&hl=en&rclk=1,"cafes in Cloud 9, Siargao & Surigao, Philippines",Cloud 9
The Soul Shack,4.7,(173),09266360612,https://wa.me/09266360612,https://www.instagram.com/soulshack.siargao,https://www.facebook.com/soulshacksiargao,Restaurant,"La Boheme Siargao Boutique Hotel, Pang pang Bgy, Catangnan, General Luna, 8419 Surigao del Norte",https://www.instagram.com/soulshack.siargao/,https://lh3.googleusercontent.com/gps-cs-s/APNQkAH6oIo5ErmI83w-FOlZEpmvYUNykKj34zPqg7k0Bwr5rw6D-ypqngJIGa11Sw_lLcp_SRB8GFxTyLnBAM_TGu9nCs2TQ3I_o0VxBonSkqey8UIPweCQuF6NzixKxErMV7xHVJlK=w2048-h1536-k-no,"Pool, Restaurant","A standout Restaurant restaurant near the Cloud 9 surf area in General Luna, The Soul Shack earns a high 4.7 from 173 reviews. Locals and travelers rate it for consistent, flavorful island dining. Amenities include pool, restaurant. Best for: a casual island meal.",9.8018156,126.1564641,https://www.google.com/maps/place/The+Soul+Shack/data=!4m7!3m6!1s0x3303f7cf27122f8f:0x73cdaa54ae45d622!8m2!3d9.8018156!4d126.1564641!16s%2Fg%2F11nzs_h6fl!19sChIJjy8SJ8_3AzMRItZFrlSqzXM?authuser=0&hl=en&rclk=1,"cafes in Cloud 9, Siargao & Surigao, Philippines",Cloud 9
WHITE BEARD COFFEE SHOP GENERAL LUNA BRANCH,4.7,(796),09991327645,https://wa.me/09991327645,https://www.instagram.com/whitebeardcoffee,https://www.facebook.com/WHITE-BEARD-COFFEE-373336533443106,Coffee shop,"SIARGAO ISLAND, POBLACION 1, General Luna, 8419 Surigao del Norte",https://www.facebook.com/WHITE-BEARD-COFFEE-373336533443106/,https://lh3.googleusercontent.com/gps-cs-s/APNQkAH1K0zQjR2wfDGtONXQNdCz6On6W4mGVCNIAanf_o8fDObiA0SKixaQjwpfvvpDiNpsrvT00WzgJjVN20qPH2Qeqq4DcLzLgQXItGmjaz0O7dbbNSOQyPkYkoAu6CzDxqqNxtxMA774b8PQ=w2048-h1536-k-no,"Breakfast, Wheelchair accessible, Wheelchair accessible entrance, Accessible","One of the area's favorite cafes near the Cloud 9 surf area in General Luna, WHITE BEARD COFFEE SHOP GENERAL LUNA BRANCH has built a loyal following with 796 reviews at 4.7. A reliable pick for good coffee, easy brunch plates and a relaxed place to linger. Amenities include breakfast, wheelchair accessible, wheelchair accessible entrance, accessible. Best for: a relaxed coffee, brunch or work session.",9.7820115,126.1560357,https://www.google.com/maps/place/WHITE+BEARD+COFFEE+SHOP+GENERAL+LUNA+BRANCH/data=!4m7!3m6!1s0x3303f7e2fd6d7fd7:0x68e74df83e21e8ea!8m2!3d9.7820115!4d126.1560357!16s%2Fg%2F11fks4vcbj!19sChIJ139t_eL3AzMR6ughPvhN52g?authuser=0&hl=en&rclk=1,"cafes in Cloud 9, Siargao & Surigao, Philippines",Cloud 9
Siargao Corner Cafe,4.1,(581),09750422322,https://wa.me/09750422322,https://www.instagram.com/siargaocornercafe,https://www.facebook.com/srgocornercafe,Cafe,"Tourism Rd, General Luna, Surigao del Norte",,https://lh3.googleusercontent.com/gps-cs-s/APNQkAHi42XMzdA_FXEPKqFNsxeSpfPOAwBNBaie-EDf5sKs82VJtMfBXAm4Zq4wtP82-jYDbbpmpG2E7aK2_8d7EAoOeV0GsbPSEXfqtvB2Od_myt0udFt4hfI4NsivgLmW3FSx49UzMw=w2048-h1536-k-no,"Wheelchair accessible, Wheelchair accessible entrance, Accessible","A neighborhood cafe near the Cloud 9 surf area in General Luna, Siargao Corner Cafe is an easy spot for coffee and a bite. It currently sits at 4.1 across 581 reviews. Honest read: a solid-not-spectacular 4.1 rating, dependable rather than dazzling. Amenities include wheelchair accessible, wheelchair accessible entrance, accessible. Best for: a relaxed coffee, brunch or work session.",9.7865138,126.1618053,https://www.google.com/maps/place/Siargao+Corner+Cafe/data=!4m7!3m6!1s0x3303f7aab936648f:0x28709eaf8c659442!8m2!3d9.7865138!4d126.1618053!16s%2Fg%2F11g2npmt7y!19sChIJj2Q2uar3AzMRQpRljK-ecCg?authuser=0&hl=en&rclk=1,"cafes in Cloud 9, Siargao & Surigao, Philippines",Cloud 9
Yogi - Siargao Yogurt House,4.8,(253),09157602328,https://wa.me/09157602328,https://www.instagram.com/yogiyogurt.ph,https://www.facebook.com/p/Yogi-Siargao-Yogurt-House-100089727374568/,Frozen yogurt shop,"Yogi, Tourism Rd, Catangnan, General Luna, 8419 Surigao del Norte",https://treats.app/yogiyogurt,https://lh3.googleusercontent.com/gps-cs-s/APNQkAG-xt8Az77cwuDHXbvZx0FUvEXi47VmVhihTdu2ZTiVzk0NaJRiKUYpfA-uRQIFN6YGZGyBtRMqxlZxmRj1J-kDaayCkOMfbZjCMLYmmhVwpXlE0O8aV4Bax78AHSdAGfhv_ceBxg=w2048-h1536-k-no,Restaurant,"A well-reviewed frozen yogurt shop near the Cloud 9 surf area in General Luna, Yogi - Siargao Yogurt House holds a 4.8 rating over 253 reviews. A dependable choice for what it does on the island. Amenities include restaurant. Best for: travelers exploring this corner of Siargao.",9.8071648,126.1633295,https://www.google.com/maps/place/Yogi+-+Siargao+Yogurt+House/data=!4m7!3m6!1s0x330409b29ee65223:0xced0140beff4f91b!8m2!3d9.8071648!4d126.1633295!16s%2Fg%2F11vphrxklv!19sChIJI1LmnrIJBDMRG_n07wsU0M4?authuser=0&hl=en&rclk=1,"cafes in Cloud 9, Siargao & Surigao, Philippines",Cloud 9
MUJO Ice Bath,5.0,(148),09464278329,https://wa.me/09464278329,https://www.instagram.com/mujo.ph,,Spa,"Cloud 9 Dr, Catangnan, General Luna, 8419 Surigao del Norte",https://www.instagram.com/mujo.ph/,https://lh3.googleusercontent.com/gps-cs-s/APNQkAF5mCHGhnN7zEqVlDUH9lme2n1Mm1EUJecPuCpRxN85oQOXKHw7rLwKqWyREKoqdxkhWgzn34bnXl4xw3yUVvE8J1xfGrwbe_ABpo1sKFWaCVoCtiyxK-qVYlTYyWgrFTkwxX3tkQ=w2048-h1536-k-no,Spa,"A local spa near the Cloud 9 surf area in General Luna, MUJO Ice Bath serves travelers passing through. It currently sits at 5.0 across 148 reviews. Amenities include spa. It sits among the many small, locally-run spots that give Siargao its laid-back character. Best for: anyone after a post-surf reset.",9.8134116,126.1627498,https://www.google.com/maps/place/MUJO+Ice+Bath/data=!4m7!3m6!1s0x330409433bf21559:0x920f1a754c83f858!8m2!3d9.8134116!4d126.1627498!16s%2Fg%2F11v_8j7hbr!19sChIJWRXyO0MJBDMRWPiDTHUaD5I?authuser=0&hl=en&rclk=1,"cafes in Cloud 9, Siargao & Surigao, Philippines",Cloud 9
Tom N Toms Coffee - Siargao,3.8,(255),09178496364,https://wa.me/09178496364,https://www.instagram.com/tomntomssiargao,https://www.facebook.com/tomntomssiargao,Coffee shop,"Tourism Rd, General Luna, Surigao del Norte",https://www.facebook.com/tomntomssiargao/,https://lh3.googleusercontent.com/gps-cs-s/APNQkAFk9SLijY14zXdTQkSFURofKUzJoFPfhZyXxbKz7I1YZgVFaIJFM8hZtof-ssIRDj_32sZjyWO_7a8F3ViqP62NlO3vf_fIfsuR70Uc3tZm1rPVxLy3LquxynTWCvcGyhrVgZ1YSA=w2048-h1536-k-no,Air conditioning,"A neighborhood cafe near the Cloud 9 surf area in General Luna, Tom N Toms Coffee - Siargao is an easy spot for coffee and a bite. It currently sits at 3.8 across 255 reviews. Honest read: a solid-not-spectacular 3.8 rating, dependable rather than dazzling. Amenities include air conditioning. Best for: a relaxed coffee, brunch or work session.",9.7971937,126.1601492,https://www.google.com/maps/place/Tom+N+Toms+Coffee+-+Siargao/data=!4m7!3m6!1s0x3304091ec0b480c5:0x76e18436b1eff1e!8m2!3d9.7971937!4d126.1601492!16s%2Fg%2F11h802cbxq!19sChIJxYC0wB4JBDMRHv8ea0MYbgc?authuser=0&hl=en&rclk=1,"cafes in Cloud 9, Siargao & Surigao, Philippines",Cloud 9
Shava Smoothie Bowls,4.5,(23),09085163156,https://wa.me/09085163156,,,Cafe,"Catangnan, General Luna, 8419 Surigao del Norte",,https://lh3.googleusercontent.com/gps-cs-s/APNQkAHEO3YCn-lbrWXGFd3SMQVNWnJVW3qxbM5Q-Z8W71wRvZDw9v7EvyDKQgUKHEVbGQuZFap3UfcMaXym7GKD5WJXq1jSbyxENYWAca2jSwQ3lRrHwK7USMyiJnsHlQpc68JA5_DBDw=w2048-h1536-k-no,Breakfast,"A neighborhood cafe near the Cloud 9 surf area in General Luna, Shava Smoothie Bowls is an easy spot for coffee and a bite. It currently sits at 4.5 across 23 reviews. Amenities include breakfast. Like much of the island's cafe scene, expect a relaxed pace and a casual island setting. Best for: a relaxed coffee, brunch or work session.",9.8090846,126.1617661,https://www.google.com/maps/place/Shava+Smoothie+Bowls/data=!4m7!3m6!1s0x33040937d883d551:0x80dc00fe8babdd0e!8m2!3d9.8090846!4d126.1617661!16s%2Fg%2F11vwznbmp4!19sChIJUdWD2DcJBDMRDt2ri_4A3IA?authuser=0&hl=en&rclk=1,"cafes in Cloud 9, Siargao & Surigao, Philippines",Cloud 9
Siargao Surf Academy,5.0,(113),09951183679,https://wa.me/09951183679,https://www.instagram.com/junnn012345/,https://www.facebook.com/people,Surf school,"R567+M8P Cloud 9 Boardwalk Siargao Surigao, 8419 Surigao del Norte",https://www.siargaosurfacademy.com/,https://lh3.googleusercontent.com/gps-cs-s/APNQkAHdrYkn4wbXvRyv6qQLhwQ5LxOoCYMElNfVsnQfJwrWoOtO-PFm0DZ-W6irEfpVBp0I1_5S1SVzX2r5TfKww97EQAjvZUjYPR335IGDjQ3BV8hIaoikpMf7e1lmHljUsBN80H7oPsX45vvC=w2048-h1536-k-no,,"A local surf option near the Cloud 9 surf area in General Luna, Siargao Surf Academy caters to travelers chasing waves. It currently sits at 5.0 across 113 reviews. Conditions and lessons depend on the swell, so check timing before you commit. Best for: surfers of all levels.",9.8116875,126.1633125,https://www.google.com/maps/place/Siargao+Surf+Academy/data=!4m7!3m6!1s0x330409001289fbe5:0x74289ed8f96830b5!8m2!3d9.8116875!4d126.1633125!16s%2Fg%2F11x2ky3c44!19sChIJ5fuJEgAJBDMRtTBo-dieKHQ?authuser=0&hl=en&rclk=1,"cafes in Cloud 9, Siargao & Surigao, Philippines",Cloud 9
KS Boardriders Surf Shop,4.6,(63),09630669525,https://wa.me/09630669525,https://www.instagram.com/ks.boardriders.surf.shop/,https://www.facebook.com/KSBoardriders/,Surf shop,"Siargao, Siargao Island, Tourism Rd, Cloud 9 Dr, General Luna, 8419 Surigao del Norte",https://www.ksboardriders.com/,https://lh3.googleusercontent.com/gps-cs-s/APNQkAGJDKOQBAsI8d5gh8x-0byAnoUK5OsdaJeEMZJkutAlx_djgrqEf1O8OmyCD2tf8SHyBNQwZu5HqxbmnN7vQWOJI0WFalX015ElDle8Sf_QSCElGR_jbco-xsj3v4c-b2hBfbi94Q=w2048-h1536-k-no,,"A local surf option near the Cloud 9 surf area in General Luna, KS Boardriders Surf Shop caters to travelers chasing waves. It currently sits at 4.6 across 63 reviews. Conditions and lessons depend on the swell, so check timing before you commit. Best for: surfers of all levels.",9.8038549,126.160599,https://www.google.com/maps/place/KS+Boardriders+Surf+Shop/data=!4m7!3m6!1s0x330409e5cd8a202d:0x948d44d30852e29b!8m2!3d9.8038549!4d126.160599!16s%2Fg%2F11g8cybf7g!19sChIJLSCKzeUJBDMRm-JSCNNEjZQ?authuser=0&hl=en&rclk=1,"cafes in Cloud 9, Siargao & Surigao, Philippines",Cloud 9
Coco Space | Siargao Coworking Space & Community,4.9,(261),,,https://www.instagram.com/cocospace.io/,https://www.facebook.com/cocospaceio,Coworking space,"Libertad, General Luna, Surigao del Norte",https://cocospace.io/,https://lh3.googleusercontent.com/gps-cs-s/APNQkAFAYircMqdwFOQBgfS_gu4QJgS3cxvWPIWkdEjtWl8BIUUTu82lS__zrivxPokya3jXlemfcOlhTDkahdIEDS8HJHAdO5N5_PsTzbHH4ajUX22gDtodTdlkYnPo-98EeIbU8J_u4g=w2048-h1536-k-no,"Wheelchair accessible, Wheelchair accessible entrance, Accessible","A favorite for unwinding near the Cloud 9 surf area in General Luna, Coco Space | Siargao Coworking Space & Community earns 4.9 from 261 reviews. Just the thing to soothe sore muscles after a day on the water. Amenities include wheelchair accessible, wheelchair accessible entrance, accessible. Best for: anyone after a post-surf reset.",9.8309423,126.1316342,https://www.google.com/maps/place/Coco+Space+%7C+Siargao+Coworking+Space+%26+Community/data=!4m7!3m6!1s0x33040994248d7453:0x57a47f28b4effd04!8m2!3d9.8309423!4d126.1316342!16s%2Fg%2F11jt4ynh85!19sChIJU3SNJJQJBDMRBP3vtCh_pFc?authuser=0&hl=en&rclk=1,"cafes in Cloud 9, Siargao & Surigao, Philippines",Cloud 9
CFC,4.4,(163),,,,https://www.facebook.com/CFC-Restobar-529353033899229,Restaurant,"Tourism Rd, General Luna, Surigao del Norte",,https://lh3.googleusercontent.com/gps-cs-s/APNQkAE0vJzC_rjufdeiC7mns7nfO8TEidC0L_GXkPqUpHnpDIzf0x6K58WqqZuVyHWgyWWWSLfQ3JGAX8cRSeI4RMM7k31XT5fUixowujx1AmC5BPvgMvRr7UddkvRx1mxD5n7BP64=w2048-h1536-k-no,,"A casual eatery near the Cloud 9 surf area in General Luna, CFC serves up everyday island dining. It currently sits at 4.4 across 163 reviews. Set in Siargao's easygoing dining scene, it leans casual and local rather than polished. Best for: a casual island meal.",9.8104165,126.1593455,https://www.google.com/maps/place/CFC/data=!4m7!3m6!1s0x330409e9586f4fdf:0x26b8e603c9085032!8m2!3d9.8104165!4d126.1593455!16s%2Fg%2F11c2jy8mhq!19sChIJ309vWOkJBDMRMlAIyQPmuCY?authuser=0&hl=en&rclk=1,"cafes in Cloud 9, Siargao & Surigao, Philippines",Cloud 9
Amihan Siargao Bungalows,4.1,(34),09082546496,https://wa.me/09082546496,,https://www.facebook.com/people,,"Tourism Rd, General Luna, Surigao del Norte",,https://lh3.googleusercontent.com/gps-cs-s/APNQkAF_Punme7Yf7Rwm-HuKTdR6EexhJyRBE4v4QpXVs_kLcTrQm3yuMFCncIDYC5_lY3fCcGt5Fo23tpWsm0f4AttOcXfjcL9VFdV9z1u3ZHyHTjL7KVeN6NmpUdjulvr0ZVXuxe5abg=w2048-h1536-k-no,"Free Wi-Fi, Parking, Kid-friendly","A low-key local spot near the Cloud 9 surf area in General Luna, Amihan Siargao Bungalows keeps a modest online footprint. It currently sits at 4.1 across 34 reviews. Honest read: a solid-not-spectacular 4.1 rating, dependable rather than dazzling. Amenities include free wi-fi, parking, kid-friendly. Best for: travelers exploring this corner of Siargao.",9.8109501,126.1641467,https://www.google.com/maps/place/Amihan+Siargao+Bungalows/data=!4m11!3m10!1s0x330409edef52ab3f:0xfece3ceb714f4475!5m3!1s2026-10-31!4m1!1i2!8m2!3d9.8109501!4d126.1641467!16s%2Fg%2F11fzf6b3k6!19sChIJP6tS7-0JBDMRdURPces8zv4?authuser=0&hl=en&rclk=1,"cafes in Cloud 9, Siargao & Surigao, Philippines",Cloud 9
JT's Manukan Grille General Luna,4.7,(100),09660793330,https://wa.me/09660793330,https://www.instagram.com/jtsmanukan,https://www.facebook.com/jtsmanukan.siargao,Restaurant,"R567+GG3, General Luna, Surigao del Norte",,https://lh3.googleusercontent.com/gps-cs-s/APNQkAEG0ft9RaMSr18daQNmvuHdU59qzteSp_3oDuE2h-Q8syBYrEbta4-Beh2O5zWEVCnhMZvDM-mcYeRqgXmW3_g8z1tHPyh1z82pc1LMBqR7hamB-fqisdvfPX35oxF5RyLZCHvQ=w2048-h1536-k-no,Restaurant,"A casual eatery near the Cloud 9 surf area in General Luna, JT's Manukan Grille General Luna serves up everyday island dining. It currently sits at 4.7 across 100 reviews. Amenities include restaurant. Set in Siargao's easygoing dining scene, it leans casual and local rather than polished. Best for: a casual island meal.",9.8114886,126.1635905,https://www.google.com/maps/place/JT%27s+Manukan+Grille+General+Luna/data=!4m7!3m6!1s0x330409004c515b95:0x66157fbce1cd316a!8m2!3d9.8114886!4d126.1635905!16s%2Fg%2F11y6cq7bbz!19sChIJlVtRTAAJBDMRajHN4bx_FWY?authuser=0&hl=en&rclk=1,"cafes in Cloud 9, Siargao & Surigao, Philippines",Cloud 9
L'Osteria Ristorante Italiano - Luxe B&B,4.3,(279),,,https://www.instagram.com/losteriasiargao,https://www.facebook.com/losteria.siargao,,"Bgy, Tuason Beach, Catangnan, General Luna, 8419 Surigao del Norte",https://www.instagram.com/losteriasiargao/?hl=en,https://lh3.googleusercontent.com/gps-cs-s/APNQkAFgDeJ6VLiJ7B0iPgF2o7HfbXAgkOvL1xH7IWF6yWG_zlzDQM3TV-8N3mhDn6txBYS-hL6dCi5eQqIYzfedCjJAPY29gC4jAqmv812x_esfmfqbwVaoTNRttOXBCO7bKDCzoymnbQ=w2048-h1536-k-no,"Free Wi-Fi, Parking, Wheelchair accessible, Wheelchair accessible entrance, Accessible","An established spot near the Cloud 9 surf area in General Luna, L'Osteria Ristorante Italiano - Luxe B&B has clearly built a following with a sizeable review count. It currently sits at 4.3 across 279 reviews. Amenities include free wi-fi, parking, wheelchair accessible, wheelchair accessible entrance. Best for: travelers exploring this corner of Siargao.",9.8059475,126.16678,https://www.google.com/maps/place/L%27Osteria+Ristorante+Italiano+-+Luxe+B%26B/data=!4m11!3m10!1s0x330409f0474b057f:0xac9ae02b703414c7!5m3!1s2026-10-31!4m1!1i2!8m2!3d9.8059475!4d126.16678!16s%2Fg%2F11gf9ncwjq!19sChIJfwVLR_AJBDMRxxQ0cCvgmqw?authuser=0&hl=en&rclk=1,"cafes in Cloud 9, Siargao & Surigao, Philippines",Cloud 9
Island Tattoo & Piercing Studio,5.0,(263),09369994683,https://wa.me/09369994683,https://www.instagram.com/islandtattoopiercingstudio,https://www.facebook.com/islandtattoopiercingstudio,Tattoo and piercing shop,"Cloud 9 Dr, Catangnan, General Luna, 8419 Surigao del Norte",,https://lh3.googleusercontent.com/gps-cs-s/APNQkAEveTbKVZTGBzgYmMklxIliSqV9vpaKDPRvOqN0AgCv1qhRWU8LYROF1uC3J13aLqSoW8g2FfMaMvQ9vMC6ARAwkGdhX6YMgCZS1vapfAMrRHGtz7Fr21jKA5-h4kXMBJ58rWleig=w2048-h1536-k-no,,"A well-reviewed tattoo and piercing shop near the Cloud 9 surf area in General Luna, Island Tattoo & Piercing Studio holds a 5.0 rating over 263 reviews. A dependable choice for what it does on the island. Best for: travelers exploring this corner of Siargao.",9.8124076,126.1623754,https://www.google.com/maps/place/Island+Tattoo+%26+Piercing+Studio/data=!4m7!3m6!1s0x3304095a44289427:0x5a2a6446233e0fc5!8m2!3d9.8124076!4d126.1623754!16s%2Fg%2F11y49mx146!19sChIJJ5QoRFoJBDMRxQ8-I0ZkKlo?authuser=0&hl=en&rclk=1,"cafes in Cloud 9, Siargao & Surigao, Philippines",Cloud 9
Siargao Villa Bamboo House,5.0,(2),09177746011,https://wa.me/09177746011,,https://www.facebook.com/moonrisesiargao,Homestay,"R554+QFJ, General Luna, Surigao del Norte",,https://lh3.googleusercontent.com/gps-cs-s/APNQkAG0dKbqdhFl2dLAN0HJQGESW3zkPNdhicIv3dCMz7l8LiR_C3Oit9ApO_pRJzrz9YkyEiR-Zj3ZUH7AClnzHJtaIHW3Pi_0LZnNzcDYBvm0bwz5XfYM-neDNbTxmbCxUvpZED-j=w2048-h1536-k-no,,"A small, locally-run place to stay near the Cloud 9 surf area in General Luna, Siargao Villa Bamboo House offers a homier alternative to the big resorts. It currently sits at 5.0 across 2 reviews. Honest read: only a handful of reviews so far, but early feedback leans positive. Best for: travelers after a homier, locally-run stay.",9.8094722,126.1561422,https://www.google.com/maps/place/Siargao+Villa+Bamboo+House/data=!4m7!3m6!1s0x330409edcca33d37:0xc1f2aaa3e50570ca!8m2!3d9.8094722!4d126.1561422!16s%2Fg%2F11gszqt3n8!19sChIJNz2jzO0JBDMRynAF5aOq8sE?authuser=0&hl=en&rclk=1,"cafes in Cloud 9, Siargao & Surigao, Philippines",Cloud 9
Tatea,4.9,(18),09177170696,https://wa.me/09177170696,,https://www.facebook.com/tatea.iao,Cafe,"General Luna, 8419 Surigao del Norte",,https://lh3.googleusercontent.com/gps-cs-s/APNQkAHTpOFqGCufIUzJBDa8kBEth8xoWmP3fyIAw-tU5rVM8beskK4cg_pvjUhls0MI2lTm25gJ5lExXy_ih4ftADRwdSCgGZtOUOAEUuRNG43J1QOVDFRMVx8mAuaNjxS8rfkjYKIYlA=w2048-h1536-k-no,Bar,"A neighborhood cafe near the Cloud 9 surf area in General Luna, Tatea is an easy spot for coffee and a bite. It currently sits at 4.9 across 18 reviews. Amenities include bar. Like much of the island's cafe scene, expect a relaxed pace and a casual island setting. Best for: a relaxed coffee, brunch or work session.",9.8094731,126.1598428,https://www.google.com/maps/place/Tatea/data=!4m7!3m6!1s0x330409936517b6c1:0xe56b568c374a8f2b!8m2!3d9.8094731!4d126.1598428!16s%2Fg%2F11r_v3yznt!19sChIJwbYXZZMJBDMRK49KN4xWa-U?authuser=0&hl=en&rclk=1,"cafes in Cloud 9, Siargao & Surigao, Philippines",Cloud 9
The Smoking Joint BBQ Siargao,4.4,(172),09152866425,https://wa.me/09152866425,https://www.instagram.com/thesmokingjoint.siargao,https://www.facebook.com/TheSmokingJointBBQSiargao,Restaurant,"Tourism Rd, General Luna, Surigao del Norte",,https://lh3.googleusercontent.com/gps-cs-s/APNQkAEW9dn8a8oCKPTRxnr575HidqdS0TZ7Wr6Pweq7iHXQGJPpajGwzLYtCtrV3YvAbaeAUCrV_dfUKGQ55HLH6LxFNnYbZ2tJfljICPmt8702Smh10BlHYHVsdsae0lcMth5g_AM=w2048-h1536-k-no,Bar,"A casual eatery near the Cloud 9 surf area in General Luna, The Smoking Joint BBQ Siargao serves up everyday island dining. It currently sits at 4.4 across 172 reviews. Amenities include bar. Set in Siargao's easygoing dining scene, it leans casual and local rather than polished. Best for: a casual island meal.",9.7844313,126.1605282,https://www.google.com/maps/place/The+Smoking+Joint+BBQ+Siargao/data=!4m7!3m6!1s0x3303f7f4464562f3:0x93a5e7dd2aa308f9!8m2!3d9.7844313!4d126.1605282!16s%2Fg%2F11hym2bjs0!19sChIJ82JFRvT3AzMR-QijKt3npZM?authuser=0&hl=en&rclk=1,"cafes in Cloud 9, Siargao & Surigao, Philippines",Cloud 9
Colz Travel & Tours - Siargao,4.8,(701),09398399386,https://wa.me/09398399386,https://www.instagram.com/colztravel,https://www.facebook.com/colztravel/,Tour operator,"Jackinghorse Compound, Tourism Rd, Barangay Catangnan, General Luna, 8419 Surigao del Norte",https://www.facebook.com/colztravel/,https://lh3.googleusercontent.com/gps-cs-s/APNQkAFqql9GOV2lhaORHhMCmYPVZeOq0ytuCe_JZkazcQFiHI3Jt3lM0hOhesTN-a6UrsRkxsZsHTH5hFxP6OB1EeniBGA2sPFjNHFu8fZpRkMjxSPxpqtDuqxuWYMgTJd2fAXLmC8ndc8GOecg=w2048-h1536-k-no,,"A go-to for getting around the islands, Colz Travel & Tours - Siargao sits at 4.8 across 701 reviews near the Cloud 9 surf area in General Luna. Travelers rate it for smooth island-hopping and day-trip logistics. Best for: travelers booking island hops and day trips.",9.8127527,126.1618995,https://www.google.com/maps/place/Colz+Travel+%26+Tours+-+Siargao/data=!4m7!3m6!1s0x330409a1a286056b:0x86542eb5f2080e60!8m2!3d9.8127527!4d126.1618995!16s%2Fg%2F11tgdj5xkl!19sChIJawWGoqEJBDMRYA4I8rUuVIY?authuser=0&hl=en&rclk=1,"tours in Cloud 9, Siargao & Surigao, Philippines",Cloud 9
Kiangel's Surf Siargao Travel and Tours,4.0,(3),09060313582,https://wa.me/09060313582,,https://www.facebook.com/ksstravelandtours,Travel agency,"Cloud 9 Dr, General Luna, 8419 Surigao del Norte",,https://lh3.googleusercontent.com/gps-cs-s/APNQkAG_83RqL-g34ibgQv4ijcKFIJ0ZqzyXgQ-wMd-7h7dmLM2ghPuNaSd9jB7C1jdymbsQvMwzGEoNx_imtzhkJ3oSvYJCtED-1h8KTqKXvsDKJ2J8_faVIBZD_yH4JIO_NEBIjEEt3g=w2048-h1536-k-no,,"A local operator near the Cloud 9 surf area in General Luna, Kiangel's Surf Siargao Travel and Tours helps travelers sort island trips and transfers. It currently sits at 4.0 across 3 reviews. Honest read: only a handful of reviews so far, but early feedback leans positive. Best for: travelers booking island hops and day trips.",9.8123718,126.1635338,https://www.google.com/maps/place/Kiangel%27s+Surf+Siargao+Travel+and+Tours/data=!4m7!3m6!1s0x3304095e7ddd470b:0x91f21d7c67567382!8m2!3d9.8123718!4d126.1635338!16s%2Fg%2F11t7cn985b!19sChIJC0fdfV4JBDMRgnNWZ3wd8pE?authuser=0&hl=en&rclk=1,"tours in Cloud 9, Siargao & Surigao, Philippines",Cloud 9
Siargao Island Hopping,3.8,(45),09171745705,https://wa.me/09171745705,http://instagram.com/siargaoislandhopping/,http://facebook.com/siargaoislandhoppingph,Tour operator,"Local Market, General Luna, Siargao, 8419 Surigao del Norte",https://siargaoislandhopping.com/,https://lh3.googleusercontent.com/gps-cs-s/APNQkAGwk7BI61NdEFokOTkTPTA4P2om0BhAYxguxgTNqCp_3G329hJ4Gt72g5WfDXPeEmE7JjiQLIuLs9XLF65BA4A2QtZRf3EqMuxaLSYK9-nsgRof7AGNNgkO-Tguj-66NTmrlraUyQ=w2048-h1536-k-no,,"A local operator near the Cloud 9 surf area in General Luna, Siargao Island Hopping helps travelers sort island trips and transfers. It currently sits at 3.8 across 45 reviews. Honest read: a solid-not-spectacular 3.8 rating, dependable rather than dazzling. Best for: travelers booking island hops and day trips.",9.7830767,126.156801,https://www.google.com/maps/place/Siargao+Island+Hopping/data=!4m7!3m6!1s0x3397c84f1a29c945:0xac7b8e20820ea99!8m2!3d9.7830767!4d126.156801!16s%2Fg%2F11hdb40d0_!19sChIJRckpGk_IlzMRmeogCOK4xwo?authuser=0&hl=en&rclk=1,"tours in Cloud 9, Siargao & Surigao, Philippines",Cloud 9
My Siargao Guide -Tour Operator - Island Hopping / Land Tours / Private and Joiners tours,4.5,(26),09602215919,https://wa.me/09602215919,https://www.instagram.com/mysiargaoguide,https://m.facebook.com/mysiargaoguide/,Tour agency,"Siargao, Tourism Rd, Poblacion V (Purok V), General Luna, Surigao del Norte",https://m.facebook.com/mysiargaoguide/,https://lh3.googleusercontent.com/gps-cs-s/APNQkAGr6XUGb-A8Koi1GJsylWnWkEDqsOsvKdhUbWY82VrJrqXCF9i-krDX1BMZqORmg2CrJGCG9XXlpXmIDd82iJedKpB6YB2RpcJSFd3SUR07RNzFpz5FDtQM11KAvJLXMKDaMK8s=w2048-h1536-k-no,,"A local operator near the Cloud 9 surf area in General Luna, My Siargao Guide -Tour Operator - Island Hopping / Land Tours / Private and Joiners tours helps travelers sort island trips and transfers. It currently sits at 4.5 across 26 reviews. Best for: travelers booking island hops and day trips.",9.7912747,126.1615795,https://www.google.com/maps/place/My+Siargao+Guide+-Tour+Operator+-+Island+Hopping+%2F+Land+Tours+%2F+Private+and+Joiners+tours/data=!4m7!3m6!1s0x3303f75b1b6fa563:0xa5d561f407f49c29!8m2!3d9.7912747!4d126.1615795!16s%2Fg%2F11gxpylys_!19sChIJY6VvG1v3AzMRKZz0B_Rh1aU?authuser=0&hl=en&rclk=1,"tours in Cloud 9, Siargao & Surigao, Philippines",Cloud 9
Ocean Tribe Dive Center,5.0,(194),09544651444,https://wa.me/09544651444,,https://www.facebook.com/people,Diving center,"Cloud 9 Dr, Brgy. Catangnan, General Luna, Surigao del Norte",,https://lh3.googleusercontent.com/gps-cs-s/APNQkAG-Z68XqvIrAgVQy7Y3JrorFxrzzvWDM7BRgj48oysQ6PG-U0Mx8jOOLLCadDp6dNs1VLdHf7vd5k4UMc_lNRkXEdPkDgGoZFKuV0QU2sukrRlLsB24udsWJQadlI2nDERwsj9Onubic0c=w2048-h1536-k-no,,"A highly rated dive center near the Cloud 9 surf area in General Luna, Ocean Tribe Dive Center holds a 5.0 from 194 reviews. Expect professional, safety-first guidance for beginners and certified divers alike. Best for: divers and the dive-curious.",9.8102603,126.1649299,https://www.google.com/maps/place/Ocean+Tribe+Dive+Center/data=!4m7!3m6!1s0x3304090036056f11:0x4c43a69e7b7e8809!8m2!3d9.8102603!4d126.1649299!16s%2Fg%2F11x1c6w_49!19sChIJEW8FNgAJBDMRCYh-e56mQ0w?authuser=0&hl=en&rclk=1,"dive shops in Cloud 9, Siargao & Surigao, Philippines",Cloud 9
OZEN Freediving Siargao,4.9,(955),09536234064,https://wa.me/09536234064,https://www.instagram.com/ozenfreediving,https://www.facebook.com/kotsjen,Diving center,"Siargao Island, Barangay Catangnan, General Luna, 8419 Surigao del Norte",https://ozenfreediving.com/,https://lh3.googleusercontent.com/gps-cs-s/APNQkAHRSwiNcGt8fryFVDWMciL5KIVlhKQFvB31lV8N-PU5Akw1c2lQ5-gC6lHOyP4VVtp4yWgJXZs0edCoshSr06zzmACQ_9kGNs6xC48OKqjChJ1hKsoXyfkVtTw5iaomwTvZkH52=w2048-h1536-k-no,"Free Wi-Fi, Breakfast, Air-conditioned, Pool, Fitness center, Free parking, Airport shuttle, Pet-friendly, Restaurant, Kitchen","A tight-knit freediving school and hostel just outside central General Luna, run by Coach Jen and instructors like Jericho who get rave reviews for patient, clear, genuinely fun teaching. Courses blend theory and relaxation work before line training and reef exploration, and beginners consistently leave more confident. Family-style dinners and good hostel vibes round it out. With 950-plus reviews at 4.9, it's among the island's best. Best for: first-timers and progressing freedivers who want a calm, supportive crew.",9.8073347,126.1601249,https://www.google.com/maps/place/OZEN+Freediving+Siargao/data=!4m11!3m10!1s0x3303f7755fea5171:0x92022d1d2054ee39!5m3!1s2026-10-31!4m1!1i2!8m2!3d9.8073347!4d126.1601249!16s%2Fg%2F11tx6fzx5k!19sChIJcVHqX3X3AzMROe5UIB0tApI?authuser=0&hl=en&rclk=1,"dive shops in Cloud 9, Siargao & Surigao, Philippines",Cloud 9
Palaka Siargao Dive Center,4.8,(324),09953139038,https://wa.me/09953139038,https://www.instagram.com/palakasiargao/,https://www.facebook.com/PalakaSiargaoDiveCenter/,Diving center,"Purok 1, Near Market Side, Barangay 1, General Luna, 8419 Surigao del Norte",http://www.palakaresort.com/,https://lh3.googleusercontent.com/gps-cs-s/APNQkAED34ghx_Rxc_WvA0psFRwSxdC5piPvZrN5mgr7RNLGRza7Yrho2B8MJ0topf10TzSQuQIObAOkvrwlJVmcXUbJZFAM_wVjTUN3eZwQZ2yQO6vWIPgtc6aGmaNS_dN1_sKjHsY=w2048-h1536-k-no,,"A highly rated dive center near the Cloud 9 surf area in General Luna, Palaka Siargao Dive Center holds a 4.8 from 324 reviews. Expect professional, safety-first guidance for beginners and certified divers alike. Best for: divers and the dive-curious.",9.7812195,126.1556092,https://www.google.com/maps/place/Palaka+Siargao+Dive+Center/data=!4m7!3m6!1s0x3303f615af22c415:0xaee468b5a4a68b97!8m2!3d9.7812195!4d126.1556092!16s%2Fg%2F12lktnqz2!19sChIJFcQirxX2AzMRl4umpLVo5K4?authuser=0&hl=en&rclk=1,"dive shops in Cloud 9, Siargao & Surigao, Philippines",Cloud 9
"Vultun Massage Spa and Home Service, Pilates, & Surf",4.9,(357),09560017753,https://wa.me/09560017753,https://www.instagram.com/vultun_/,https://www.facebook.com/p/Vultun-100088249222083/,Massage spa,"Vultun, Jacking Horse Trail Barangay, Catangnan, General Luna, 8419 Surigao del Norte",https://vultun.com/,https://lh3.googleusercontent.com/gps-cs-s/APNQkAHR9R-8AqXRHR7yg_pTebek5s93QiHx3LIKFcSjbVxdkaxW5BlgppHbbb6ygbhvXBwvmtdZ0CNqc2xKlNyYKWvzXos748CVx8eegNM_G9BPDUn3C_jpaHEnGFp7pZeNSY8XR0I=w2048-h1536-k-no,"Spa, Beachfront, Wheelchair accessible, Wheelchair accessible entrance, Accessible","A favorite for unwinding near the Cloud 9 surf area in General Luna, Vultun Massage Spa and Home Service, Pilates, & Surf earns 4.9 from 357 reviews. Just the thing to soothe sore muscles after a day on the water. Amenities include spa, beachfront, wheelchair accessible, wheelchair accessible entrance. Best for: anyone after a post-surf reset.",9.8129708,126.1615121,"https://www.google.com/maps/place/Vultun+Massage+Spa+and+Home+Service,+Pilates,+%26+Surf/data=!4m7!3m6!1s0x3304092b57629d0b:0xb08ff02e675cb3a1!8m2!3d9.8129708!4d126.1615121!16s%2Fg%2F11sdy1h4tp!19sChIJC51iVysJBDMRobNcZy7wj7A?authuser=0&hl=en&rclk=1","dive shops in Cloud 9, Siargao & Surigao, Philippines",Cloud 9
eMotion Siargao,5.0,(171),09060182543,https://wa.me/09060182543,https://instagram.com/emotionsiargao,https://facebook.com/emotionsiargao,Outdoor activity organiser,"Catangnan, General Luna, 8419 Surigao del Norte",https://www.emotion-siargao.com/,https://lh3.googleusercontent.com/gps-cs-s/APNQkAHn6mBHXm_me6NphLi9BtFxuaVILqVxHGoqA0MY6BB9LTPBn6dsqzXLqB6UUqBpZ0YsrG_V-MzwifWgjzdhXoITDMu6S2udfvmdeEs5mtV1oW_YoBO71q2yboPBoBVQMVJ5j2opylK0Kr1b=w2048-h1536-k-no,,"A well-regarded outdoor activity organiser near the Cloud 9 surf area in General Luna, eMotion Siargao carries a strong 5.0 rating from 171 reviews. Consistently positive feedback marks it as a dependable local pick. Best for: travelers exploring this corner of Siargao.",9.8125662,126.1616268,https://www.google.com/maps/place/eMotion+Siargao/data=!4m7!3m6!1s0x3303f745e94a24ab:0xdd92e13bd82ffcc0!8m2!3d9.8125662!4d126.1616268!16s%2Fg%2F11l29fl7bd!19sChIJqyRK6UX3AzMRwPwv2Dvhkt0?authuser=0&hl=en&rclk=1,"dive shops in Cloud 9, Siargao & Surigao, Philippines",Cloud 9
Siargao Divers Club,3.7,(20),,,,https://www.facebook.com/siargaobeachclubph,,"Q4HX+74X, General Luna, Surigao del Norte",,https://lh3.googleusercontent.com/gps-cs-s/APNQkAHuHjEES8SR5CVlwTsShofgjQLzCQ2IYzOWwF8lDGW5UYHG3QWdrsyt8hHyPoYX5pjnCRGEw43hGrW6_eK2XD027zZEoLUeI2qM065uRY9GA62JJKPdf4X6nHoiq-ekYWe_eD0WTg=w2048-h1536-k-no,Kid-friendly,"A low-key local spot near the Cloud 9 surf area in General Luna, Siargao Divers Club keeps a modest online footprint. It currently sits at 3.7 across 20 reviews. Honest read: reviews are mixed (around 3.7), so set expectations accordingly. Amenities include kid-friendly. Best for: travelers exploring this corner of Siargao.",9.7782472,126.1478557,https://www.google.com/maps/place/Siargao+Divers+Club/data=!4m11!3m10!1s0x3303f647400a94c3:0x442dad4e6ae1a286!5m3!1s2026-10-31!4m1!1i2!8m2!3d9.7782472!4d126.1478557!16s%2Fg%2F1tg7pjq1!19sChIJw5QKQEf2AzMRhqLhak6tLUQ?authuser=0&hl=en&rclk=1,"dive shops in Cloud 9, Siargao & Surigao, Philippines",Cloud 9
Last Chance,4.9,(127),,,,https://www.facebook.com/profile.php,Cocktail bar,"Q5V5+WV7, General Luna, 8419 Surigao del Norte",,https://lh3.googleusercontent.com/gps-cs-s/APNQkAF3WpRDOF7rDd5OCEAGnfv0ydkZ-MBnGOB3Mb6eMWcaRSZ-PK24-5d-_T0wXLNlIoN1aqRd8H5KO8msIXHlF6ccy8NyYVX-4VnqxiQLyktDHXiAkCRy02fC5lo0t9bWVatdEKmGfQ=w2048-h1536-k-no,Bar,"A local bar near the Cloud 9 surf area in General Luna, Last Chance is a laid-back spot for a drink. It currently sits at 4.9 across 127 reviews. Amenities include bar. It fits Siargao's relaxed, sociable nightlife rather than anything flashy. Best for: an easygoing drink and good vibes.",9.7951445,126.1599812,https://www.google.com/maps/place/Last+Chance/data=!4m7!3m6!1s0x3303f700724a56a9:0xbab2e0bcf641ea1c!8m2!3d9.7951445!4d126.1599812!16s%2Fg%2F11whpwv2fm!19sChIJqVZKcgD3AzMRHOpB9rzgsro?authuser=0&hl=en&rclk=1,"bars in Cloud 9, Siargao & Surigao, Philippines",Cloud 9
BARREL: Beachfront Sports Bar (Siargao),4.3,(861),09382332292,https://wa.me/09382332292,https://www.instagram.com/barrelsiargao/,https://www.facebook.com/1563315617301800,Restaurant,"Rte to Romantic, General Luna, Surigao del Norte",https://www.google.com/searchviewer/42?cvd=CLw_EicKJeICIjIgEhkiF9LX29IPEQoNL2cvMTFjMnBya3ByaxgAOgMI8A0%3D&hl=en-PH&gl=ph&fo_m=MfohQo559jFvMUOzJVpjPL1YMfZ3bInYwBDuMfaXTPp5KXh-&utm_source=tactile&gei=JHsoaoT_K8XEvr0Pw6KwyQo&ei=JHsoaoT_K8XEvr0Pw6KwyQo&fo_s=OA&opi=79508299&ebb=1&cs=0&foub=mcpp,https://lh3.googleusercontent.com/gps-cs-s/APNQkAGBfWnublKfhnRCpTy428g5rnIeEjSH0QFfh7F36n67UsDsC6RZogk71mN-wZNDgDHdHhQJUCP99BT3wQWZBcrzbcjXGRdr0jdxP23HsBZBYnv2l_KQyKNmfS-a3N-7hPW_3OUCvg=w2048-h1536-k-no,"Pool, Bar, Beachfront, Wheelchair accessible, Wheelchair accessible entrance, Accessible","A casual eatery near the Cloud 9 surf area in General Luna, BARREL: Beachfront Sports Bar (Siargao) serves up everyday island dining. It currently sits at 4.3 across 861 reviews. Amenities include pool, bar, beachfront, wheelchair accessible. Best for: a casual island meal.",9.7891679,126.1633125,https://www.google.com/maps/place/BARREL:+Beachfront+Sports+Bar+%28Siargao%29/data=!4m7!3m6!1s0x3303f61bb1c33c69:0xa8d7d3968db98b48!8m2!3d9.7891679!4d126.1633125!16s%2Fg%2F11c2prkprk!19sChIJaTzDsRv2AzMRSIu5jZbT16g?authuser=0&hl=en&rclk=1,"bars in Cloud 9, Siargao & Surigao, Philippines",Cloud 9
Siargao Beach Club,4.4,(649),09958326999,https://wa.me/09958326999,https://www.instagram.com/siargaobeachclubph,https://www.facebook.com/siargaobeachclubandrestobar,Night club,"Siargao Island, Tourism Rd, Purok 3, General Luna, Surigao del Norte",,https://lh3.googleusercontent.com/gps-cs-s/APNQkAG0eP4_c-LjSW-eWRjBJWmI8-xYexzKnDLarxr-ZjRAdBX9lTmAj7jYQPIr4w8-qBLJQe_aL31HVhKTC46hCz2FDUN-WOmiEH1OM5YL5-IMQkkTcyUuqRnSVS1f9XWVCh88WjVQ71GS0BBm=w2048-h1536-k-no,"Restaurant, Bar, Beachfront","A local night club near the Cloud 9 surf area in General Luna, Siargao Beach Club serves travelers passing through. It currently sits at 4.4 across 649 reviews. Amenities include restaurant, bar, beachfront. Best for: travelers exploring this corner of Siargao.",9.7855507,126.1610946,https://www.google.com/maps/place/Siargao+Beach+Club/data=!4m7!3m6!1s0x3303f784dd4a6029:0xb2f1fc06e871a567!8m2!3d9.7855507!4d126.1610946!16s%2Fg%2F11k4qhtk6v!19sChIJKWBK3YT3AzMRZ6Vx6Ab88bI?authuser=0&hl=en&rclk=1,"bars in Cloud 9, Siargao & Surigao, Philippines",Cloud 9
Barbosa Siargao,4.5,(250),,,https://www.instagram.com/barbosa_records/,http://www.facebook.com/2008/fbml,Restaurant,"Tourism Rd, Purok 3, General Luna, 8409 Surigao del Norte",http://www.barbosasiargao.com/,https://lh3.googleusercontent.com/gps-cs-s/APNQkAH2OmCTOQhYaBe-jjktCmN-UUsobsgOQqZYE5dH5rsW-HRtOI_tPLnZVRRz1hsYrE0D44PVHMKan19aYQOEMtKgh_59S2eBkbU05TZqO3rmiAD6ESsj8Auu1yQfqhpMw8WS_0UWqQ=w2048-h1536-k-no,"Restaurant, Bar, Beachfront, Wheelchair accessible, Wheelchair accessible entrance, Accessible","A standout Restaurant restaurant near the Cloud 9 surf area in General Luna, Barbosa Siargao earns a high 4.5 from 250 reviews. Locals and travelers rate it for consistent, flavorful island dining. Amenities include restaurant, bar, beachfront, wheelchair accessible. Best for: a casual island meal.",9.7881031,126.1624683,https://www.google.com/maps/place/Barbosa+Siargao/data=!4m7!3m6!1s0x3303f73928df0239:0xc33d39b020d9ae9e!8m2!3d9.7881031!4d126.1624683!16s%2Fg%2F11kc8hmkzm!19sChIJOQLfKDn3AzMRnq7ZILA5PcM?authuser=0&hl=en&rclk=1,"bars in Cloud 9, Siargao & Surigao, Philippines",Cloud 9
Fayeyeh Bar,4.5,(84),09478916095,https://wa.me/09478916095,,https://www.facebook.com/fayeyehbar,Bar,"Tourism Rd, General Luna, Surigao del Norte",,https://lh3.googleusercontent.com/gps-cs-s/APNQkAG-abUQXOgW7mnEc7MVtul-ncVJ9tZ1e4uiEksery9Aps0indKekfm6rBrNi5u-YURAVoHeyDDjqHVoX-qTBM8udtzs_FtTwbey0pDPD34bVFih5WzUciNmzhAvZ2E4uHRxaigf6Q=w2048-h1536-k-no,"Restaurant, Bar, Beachfront","A local bar near the Cloud 9 surf area in General Luna, Fayeyeh Bar is a laid-back spot for a drink. It currently sits at 4.5 across 84 reviews. Amenities include restaurant, bar, beachfront. It fits Siargao's relaxed, sociable nightlife rather than anything flashy. Best for: an easygoing drink and good vibes.",9.7856557,126.1613949,https://www.google.com/maps/place/Fayeyeh+Bar/data=!4m7!3m6!1s0x3303f610c262a815:0xd4c2055fbee7570d!8m2!3d9.7856557!4d126.1613949!16s%2Fg%2F11g6_7_w6r!19sChIJFahiwhD2AzMRDVfnvl8FwtQ?authuser=0&hl=en&rclk=1,"bars in Cloud 9, Siargao & Surigao, Philippines",Cloud 9
Manu,4.9,(303),09215371803,https://wa.me/09215371803,https://www.instagram.com/manusiargaofficial,https://www.facebook.com/victoriasinngeneralluna,Cocktail bar,"Purok 2 General luna Siargao Island, 8419 Surigao del Norte",https://www.instagram.com/manusiargaofficial/,https://lh3.googleusercontent.com/gps-cs-s/APNQkAHb5_1UQ6eBrUexufInM6579uVyPAEarWAos_L_aQx1ZuutkJhBBZZTtY4R1zBCTgm8MjZnyqK0JrrqWa2cZjmOSPynjhYoV1M_M4MvtxYrgl6DQSXJzqt-cVckHAhYHSlT121g=w2048-h1536-k-no,Bar,"A popular bar near the Cloud 9 surf area in General Luna, Manu keeps a 4.9 rating over 303 reviews. Good for drinks, a social crowd and easygoing island nights. Amenities include bar. Best for: an easygoing drink and good vibes.",9.7829151,126.1548806,https://www.google.com/maps/place/Manu/data=!4m7!3m6!1s0x3303f7be94d97215:0x4f031fdcee67ccb6!8m2!3d9.7829151!4d126.1548806!16s%2Fg%2F11qmm23p1y!19sChIJFXLZlL73AzMRtsxn7twfA08?authuser=0&hl=en&rclk=1,"bars in Cloud 9, Siargao & Surigao, Philippines",Cloud 9
Hightide Restobar Siargao,4.0,(2),,,,https://www.facebook.com/Hightiderestobar,Bar,"Q4HW+77H, General Luna, Surigao del Norte",,https://lh3.googleusercontent.com/gps-cs-s/APNQkAHoNK5ks1DDi6Qp-gvSv-aD7sQqBXmy3llr1NBGnX7vJbvYUqHViQ_CQE9O2a5iQhPab_4zp6EsKnGbhvQJYXGAfSYb6SGAFKT1R8vKihQZgm6h2UvNZOmOOngYvZwzxWi184xI=w2048-h1536-k-no,Bar,"A local bar near the Cloud 9 surf area in General Luna, Hightide Restobar Siargao is a laid-back spot for a drink. It currently sits at 4.0 across 2 reviews. Honest read: only a handful of reviews so far, but early feedback leans positive. Amenities include bar. Best for: an easygoing drink and good vibes.",9.7781933,126.1457327,https://www.google.com/maps/place/Hightide+Restobar+Siargao/data=!4m7!3m6!1s0x3303f76315f9c1e3:0xb06de404a837a4fa!8m2!3d9.7781933!4d126.1457327!16s%2Fg%2F11t6_lxchz!19sChIJ48H5FWP3AzMR-qQ3qATkbbA?authuser=0&hl=en&rclk=1,"bars in Cloud 9, Siargao & Surigao, Philippines",Cloud 9
El Lobo Siargao,4.2,(142),09177143259,https://wa.me/09177143259,,https://www.facebook.com/ellobocubanos,Bar,"Q5M6+X2, General Luna, Surigao del Norte",,https://lh3.googleusercontent.com/gps-cs-s/APNQkAEwZ2w4FyltXAGKnXs01JWzXDtpsR0zQh1gIE5Jvn7qki8L62twz5uDeuCqhoweQxyAGgoX8-44GKDll8lpCh9_nMaTAixIx5h2dx975CHkXrcYpvWaba_lLbwGPRfMYhsMKtzr=w2048-h1536-k-no,"Restaurant, Bar, Beachfront","A local bar near the Cloud 9 surf area in General Luna, El Lobo Siargao is a laid-back spot for a drink. It currently sits at 4.2 across 142 reviews. Amenities include restaurant, bar, beachfront. It fits Siargao's relaxed, sociable nightlife rather than anything flashy. Best for: an easygoing drink and good vibes.",9.7856888,126.1610192,https://www.google.com/maps/place/El+Lobo+Siargao/data=!4m7!3m6!1s0x3303f7fd34d62a11:0x8bbe2babbe7944c5!8m2!3d9.7856888!4d126.1610192!16s%2Fg%2F11sgw9kdkf!19sChIJESrWNP33AzMRxUR5vqsrvos?authuser=0&hl=en&rclk=1,"nightlife in Cloud 9, Siargao & Surigao, Philippines",Cloud 9
Zicatela Siargao,4.6,(67),09173291994,https://wa.me/09173291994,,https://www.facebook.com/zicatelasiargao,Bar,"Lot 3159-B Tuazon, General Luna, 8419 Surigao del Norte",,https://lh3.googleusercontent.com/gps-cs-s/APNQkAHqO1kVf0nRFu8WCYACMqItqBN_mIKeDO9cL_opl79pfrL5fFDzJPUuASMhm4_GZFjLxLJhhpjvjTuWEIsSy3V6rfAmC0Qp0kH8s0tIYYzANP7mFc1DNKybixETa_gPOdA7x37C=w2048-h1536-k-no,Bar,"A local bar near the Cloud 9 surf area in General Luna, Zicatela Siargao is a laid-back spot for a drink. It currently sits at 4.6 across 67 reviews. Amenities include bar. It fits Siargao's relaxed, sociable nightlife rather than anything flashy. Best for: an easygoing drink and good vibes.",9.8069766,126.1668873,https://www.google.com/maps/place/Zicatela+Siargao/data=!4m7!3m6!1s0x33040928b0bcafb3:0xe1d248d82730772f!8m2!3d9.8069766!4d126.1668873!16s%2Fg%2F11hdwlzts4!19sChIJs6-8sCgJBDMRL3cwJ9hI0uE?authuser=0&hl=en&rclk=1,"nightlife in Cloud 9, Siargao & Surigao, Philippines",Cloud 9
Kansilad Beach Resort,4.2,(132),09305551246,https://wa.me/09305551246,,https://www.facebook.com/people,Resort hotel,"Sitio Cansilad, Brgy. Ganayon, Lianga Surigao del Sur 8307, Lianga, 8306 Surigao del Sur",,https://lh3.googleusercontent.com/gps-cs-s/APNQkAEG4TyLydAJHJ8f-C9SZz-KsPD0JOSb1Nvt2MyL4yaLRQmjefoByHXEqS2yPXOxrUG8I9-lG_kCYHBABrXdjqoNxC2adqOqn8w52LnbDJBNwRZYT_Y5MJPUIGrwZOnVglse4xhZ=w2048-h1536-k-no,,"An island stay near the Enchanted River area of Surigao del Sur, Kansilad Beach Resort pitches itself to travelers wanting a relaxed base. It currently sits at 4.2 across 132 reviews. Expect an island-paced, locally-run feel rather than full resort polish. Best for: travelers wanting comfort and a relaxed island stay.",8.6526658,126.1077046,https://www.google.com/maps/place/Kansilad+Beach+Resort/data=!4m7!3m6!1s0x3302088a36c1827b:0xa2ecc5ad8b9bfdef!8m2!3d8.6526658!4d126.1077046!16s%2Fg%2F1tk60mwz!19sChIJe4LBNooIAjMR7_2bi63F7KI?authuser=0&hl=en&rclk=1,"guesthouses in Enchanted River, Siargao & Surigao, Philippines",Enchanted River
Bao-bao Falls,4.5,(154),,,,https://www.facebook.com/lakwatserongengineer,Tourist attraction,"M4PG+G9C, Unnamed Road, Lianga, Surigao del Sur",,https://lh3.googleusercontent.com/gps-cs-s/APNQkAH9HzTHhUjgVLpkHE5RiZ-8s8uVWcChpD0UVXNd-5QKS-rcH8ExDlr-4xhkP3q8M771-SjVBtiw1QgoFYPhMwWuKWUHyiRMCGmNq0vJ6FTxzJIcTyn_ZaIWhkCUerGBeeIIgRf2VA=w2048-h1536-k-no,"Wheelchair accessible, Wheelchair accessible entrance, Accessible","A well-loved Siargao stop near the Enchanted River area of Surigao del Sur, Bao-bao Falls pulls a strong 4.5 rating across 154 reviews. Expect the kind of natural setting travelers keep coming back to photograph and swim. Amenities include wheelchair accessible, wheelchair accessible entrance, accessible. Best for: travelers booking island hops and day trips.",8.6863235,126.1258897,https://www.google.com/maps/place/Bao-bao+Falls/data=!4m7!3m6!1s0x33020f2cc70572d1:0xc9ce1c04a765d0e7!8m2!3d8.6863235!4d126.1258897!16s%2Fg%2F11c5wmx2qn!19sChIJ0XIFxywPAjMR59BlpwQczsk?authuser=0&hl=en&rclk=1,"cafes in Enchanted River, Siargao & Surigao, Philippines",Enchanted River
MyLove Siargao Village,3.8,(20),09155665628,https://wa.me/09155665628,,https://www.facebook.com/MyLoveSiargaoTravelToursAgency,,"Catholic Church, Barangay, Malinao, General Luna, 8419 Surigao del Norte",https://www.facebook.com/MyLoveSiargaoTravelToursAgency?mibextid=ZbWKwL,https://lh3.googleusercontent.com/gps-cs-s/APNQkAGSsjQQrd_feTKlpu9qWup-oUpnXuUlbxDFsV-MR2-KcXOYhjTVgIBU8R6wCncQt5y4tT4GWpzOjtKrev8joka822I2TzLtkYpNO8xFtDDVitDxBrcPO-opnFkziTIOIJaGVlOu=w2048-h1536-k-no,"Wi-Fi, Breakfast, Air-conditioned, Pool, Fitness center, Airport shuttle, Pet-friendly, Smoke-free, Restaurant, Room service, Laundry service, Laundry, Accessible","A low-key local spot in the heart of General Luna, Siargao's lively surf-town hub, MyLove Siargao Village keeps a modest online footprint. It currently sits at 3.8 across 20 reviews. Honest read: a solid-not-spectacular 3.8 rating, dependable rather than dazzling. Amenities include wi-fi, breakfast, air-conditioned, pool. Best for: travelers exploring this corner of Siargao.",9.7726006,126.125849,https://www.google.com/maps/place/MyLove+Siargao+Village/data=!4m11!3m10!1s0x3304097a2e408d53:0xc27b4f9d5ddc8b40!5m3!1s2026-10-31!4m1!1i2!8m2!3d9.7726006!4d126.125849!16s%2Fg%2F11t0q4k9pp!19sChIJU41ALnoJBDMRQIvcXZ1Pe8I?authuser=0&hl=en&rclk=1,"hostels in General Luna, Siargao & Surigao, Philippines",General Luna
Sunset Surf Hostel Siargao,4.9,(118),09662156743,https://wa.me/09662156743,,,,"R555+HP6, General Luna, 8419 Surigao del Norte",,https://lh3.googleusercontent.com/gps-cs-s/APNQkAGNCH1Js9IrrZ1eZ2tbmLPR4-vS6hPURAjcZelPoY8Z6dz2V3BdlMhoUEtDhts7QHVo4iguBXnzsdfxLpiAq2LdILX46gQqXjrd-hIzSE7Xzh5tBMHm4sHT4pHu52MrDCHjnF0KhmchU37A=w2048-h1536-k-no,,"An established spot in the heart of General Luna, Siargao's lively surf-town hub, Sunset Surf Hostel Siargao has clearly built a following with a sizeable review count. It currently sits at 4.9 across 118 reviews. Best for: travelers exploring this corner of Siargao.",9.8089155,126.1592546,https://www.google.com/maps/place/Sunset+Surf+Hostel+Siargao/data=!4m11!3m10!1s0x330409004b513d25:0xca6ef4a74852afd5!5m3!1s2026-10-31!4m1!1i2!8m2!3d9.8089155!4d126.1592546!16s%2Fg%2F11x606wm47!19sChIJJT1RSwAJBDMR1a9SSKf0bso?authuser=0&hl=en&rclk=1,"hostels in General Luna, Siargao & Surigao, Philippines",General Luna
Siargao Tropic Hostel,4.4,(37),,,,http://www.facebook.com/siargaotropichostel,,"Barangay, Poblacion 4, General Luna, 8419 Surigao del Norte",http://www.facebook.com/siargaotropichostel,https://lh3.googleusercontent.com/gps-cs-s/APNQkAFH4bNs_wEZawOv0i0Np3k7yD8Nb_GzQTgq8FUZu2ydfbohe6cWpXGFL4TJ-iLSBhKTAYGUP9s1dNPlSv0Ie7gI6rEljHRUXE6rERd_iZpLTIL0_YKff_4fB-XS0zxfyabCHfZORDX4KeKG=w2048-h1536-k-no,"Free Wi-Fi, Free breakfast, Air-conditioned, Pool, Fitness center, Free parking, Airport shuttle, Pet-friendly, Restaurant, Laundry service, Laundry","A low-key local spot in the heart of General Luna, Siargao's lively surf-town hub, Siargao Tropic Hostel keeps a modest online footprint. It currently sits at 4.4 across 37 reviews. Amenities include free wi-fi, free breakfast, air-conditioned, pool. Best for: travelers exploring this corner of Siargao.",9.78527,126.1542688,https://www.google.com/maps/place/Siargao+Tropic+Hostel/data=!4m11!3m10!1s0x3303f72ca0625a63:0x1fab976ae935bd4d!5m3!1s2026-10-31!4m1!1i2!8m2!3d9.78527!4d126.1542688!16s%2Fg%2F11fkfrfzzn!19sChIJY1pioCz3AzMRTb016WqXqx8?authuser=0&hl=en&rclk=1,"hostels in General Luna, Siargao & Surigao, Philippines",General Luna
Cuadro Inn,5.0,(1),,,,https://www.facebook.com/Cuadroinn,,"Q5M3+2FJ, san sebastian St, General Luna, Surigao del Norte",,https://streetviewpixels-pa.googleapis.com/v1/thumbnail?panoid=6s4V_3UTRycsnSMMiSRcYw&cb_client=search.gws-prod.gps&w=80&h=92&yaw=149.09186&pitch=0&thumbfov=100,Free parking,"A low-key local spot in the heart of General Luna, Siargao's lively surf-town hub, Cuadro Inn keeps a modest online footprint. It currently sits at 5.0 across 1 review. Honest read: only a handful of reviews so far, but early feedback leans positive. Amenities include free parking. Best for: travelers exploring this corner of Siargao.",9.7830306,126.1535475,https://www.google.com/maps/place/Cuadro+Inn/data=!4m11!3m10!1s0x3303f70055f1840f:0xe3dc666ffaf91b68!5m3!1s2026-10-31!4m1!1i2!8m2!3d9.7830306!4d126.1535475!16s%2Fg%2F11yh55tz5k!19sChIJD4TxVQD3AzMRaBv5-m9m3OM?authuser=0&hl=en&rclk=1,"hostels in General Luna, Siargao & Surigao, Philippines",General Luna
Matcha Hostel,4.6,(50),09156039255,https://wa.me/09156039255,https://instagram.com/matchahostelsiargao,https://www.facebook.com/people,,"Tourism Rd, General Luna, 8419 Surigao del Norte",https://instagram.com/matchahostelsiargao?igshid=MzMyNGUyNmU2YQ==,https://lh3.googleusercontent.com/gps-cs-s/APNQkAGva58LMEutcfqVXi_0rtJveNeHCbi95WqychyTCSDGXX_HRnLRdsSxRaA9cyX0GdS5m1pTpy2JAOxl1mfTGpsVhf7c3w4fXEgF8TF4QtDIw3ND4CH4qD35mmUCTLXoqb7I6_nQ=w2048-h1536-k-no,"Free Wi-Fi, Parking","A low-key local spot in the heart of General Luna, Siargao's lively surf-town hub, Matcha Hostel keeps a modest online footprint. It currently sits at 4.6 across 50 reviews. Amenities include free wi-fi, parking. Best for: travelers exploring this corner of Siargao.",9.7849693,126.159677,https://www.google.com/maps/place/Matcha+Hostel/data=!4m11!3m10!1s0x3303f70edfb86219:0xd3ecd4bb25d332e9!5m3!1s2026-10-31!4m1!1i2!8m2!3d9.7849693!4d126.159677!16s%2Fg%2F11kq85m9st!19sChIJGWK43w73AzMR6TLTJbvU7NM?authuser=0&hl=en&rclk=1,"hostels in General Luna, Siargao & Surigao, Philippines",General Luna
Kawayan Hostel,4.4,(35),09454371495,https://wa.me/09454371495,https://www.instagram.com/kawayanhostel/,https://www.facebook.com/kawayanhostel,,"Siargao Island, Purok 5, General Luna, 8419 Surigao del Norte",https://www.kawayanhostel.com/,https://lh3.googleusercontent.com/gps-cs-s/APNQkAE8PDU5CB7tiMMYevltw1XUMF-EMhe7Kw0h47fHzXvmFyipd6E7Dyvu19c6aFIATtazvbsIZGKkXpUPBznPCxglwvSVtGgCscWDRYqrw3d-ehRgOBUACfUkKdocyh1F0h4aRrY=w2048-h1536-k-no,Free Wi-Fi,"A low-key local spot in the heart of General Luna, Siargao's lively surf-town hub, Kawayan Hostel keeps a modest online footprint. It currently sits at 4.4 across 35 reviews. Amenities include free wi-fi. Best for: travelers exploring this corner of Siargao.",9.7877426,126.1554824,https://www.google.com/maps/place/Kawayan+Hostel/data=!4m11!3m10!1s0x3303f7d7e418da0b:0x6db23e616328f04d!5m3!1s2026-10-31!4m1!1i2!8m2!3d9.7877426!4d126.1554824!16s%2Fg%2F11kptnhpgt!19sChIJC9oY5Nf3AzMRTfAoY2E-sm0?authuser=0&hl=en&rclk=1,"hostels in General Luna, Siargao & Surigao, Philippines",General Luna
Dream Catcher Nipas,4.8,(60),09083917004,https://wa.me/09083917004,https://www.instagram.com/dreamcatchernipas.siargao,https://www.facebook.com/dreamcatchernipas.siargao,,"Main Tourism Road (behind Casheys Resto), Purok V General Luna Siargao Island, Surigao del Norte",,https://lh3.googleusercontent.com/gps-cs-s/APNQkAHeH-kzARSmj0ghWl1TYukEX4NpWehXd6wkz0q6ZLNZYrnv5xAt-5gsH8NhZZRDr_DjYxL8o6bFPK2N3oUw3hDysJ5_7Bln7LKW4s4yMXP31HvsTZvmzyEdRP3d1fpOvE1AnDE=w2048-h1536-k-no,"Free Wi-Fi, Air-conditioned, Pool, Fitness center, Restaurant, Garden","A low-key local spot in the heart of General Luna, Siargao's lively surf-town hub, Dream Catcher Nipas keeps a modest online footprint. It currently sits at 4.8 across 60 reviews. Amenities include free wi-fi, air-conditioned, pool, fitness center. Best for: travelers exploring this corner of Siargao.",9.7913294,126.1607711,https://www.google.com/maps/place/Dream+Catcher+Nipas/data=!4m11!3m10!1s0x3303f7cd5ecacc11:0x6765655455777c0b!5m3!1s2026-10-31!4m1!1i2!8m2!3d9.7913294!4d126.1607711!16s%2Fg%2F11h26bcn69!19sChIJEczKXs33AzMRC3x3VVRlZWc?authuser=0&hl=en&rclk=1,"hostels in General Luna, Siargao & Surigao, Philippines",General Luna
Tropico Inn Siargao (Hotel),4.5,(37),09859689919,https://wa.me/09859689919,,https://www.facebook.com/100091239138557,,"Tourism Rd, Poblacion 3, General Luna, 8419 Surigao del Norte",,https://lh3.googleusercontent.com/gps-cs-s/APNQkAHp5Tbe1g4Ll7BiKY9gHjFCbYAOb69QU13GmBJINP8c_KCPhQQO2tEchB1nmVLCmZlpcF-x0u9GmOYsuLlXOnUim2tznTDjwgoOJt6rpoCOAOW9mKL_ex26563NRH7igoA_vwbF=w2048-h1536-k-no,,"A low-key local spot in the heart of General Luna, Siargao's lively surf-town hub, Tropico Inn Siargao (Hotel) keeps a modest online footprint. It currently sits at 4.5 across 37 reviews. It sits among the many small, locally-run spots that give Siargao its laid-back character. Best for: travelers exploring this corner of Siargao.",9.784181,126.1578678,https://www.google.com/maps/place/Tropico+Inn+Siargao+%28Hotel%29/data=!4m11!3m10!1s0x3303f7ab12749c35:0x9a21d77bbab0ab24!5m3!1s2026-10-31!4m1!1i2!8m2!3d9.784181!4d126.1578678!16s%2Fg%2F11v0psg25l!19sChIJNZx0Eqv3AzMRJKuwunvXIZo?authuser=0&hl=en&rclk=1,"hostels in General Luna, Siargao & Surigao, Philippines",General Luna
Strangers Inn&Bar,4.4,(32),09999413846,https://wa.me/09999413846,,https://www.facebook.com/strangersInnandbar,,"Q5P5+8CW Siargao ( near Pleasure Point Cafe, Pob, 5, General Luna, Surigao del Norte",https://elisabethstravelexperience.com/strangers-inn-amp-bar-philippines,https://lh3.googleusercontent.com/gps-cs-s/APNQkAHf1Ynh0olXtWWDQhpZVQBrFcXP-JGkRj0rECL15Ghni63a8ifEqi8Z5vZP-HDmt_yRv7S96iyqObaRe7Bx7QIPO4MnFzuC9PyVrx_xOgIJ8f-7OyY3RZFxYbcAMJZGxlv3ubhr=w2048-h1536-k-no,"Wi-Fi, Air-conditioned, Pool, Fitness center, Free parking, Airport shuttle, Pet-friendly, Restaurant, Bar","A low-key local spot in the heart of General Luna, Siargao's lively surf-town hub, Strangers Inn&Bar keeps a modest online footprint. It currently sits at 4.4 across 32 reviews. Amenities include wi-fi, air-conditioned, pool, fitness center. Best for: travelers exploring this corner of Siargao.",9.7858557,126.1585631,https://www.google.com/maps/place/Strangers+Inn%26Bar/data=!4m11!3m10!1s0x3303f74db43d3a4b:0x17a3fa0a7637040f!5m3!1s2026-10-31!4m1!1i2!8m2!3d9.7858557!4d126.1585631!16s%2Fg%2F11fjv2bv29!19sChIJSzo9tE33AzMRDwQ3dgr6oxc?authuser=0&hl=en&rclk=1,"hostels in General Luna, Siargao & Surigao, Philippines",General Luna
Kayan Siargao,4.7,(46),09954104814,https://wa.me/09954104814,,https://www.facebook.com/ApsarasTribe,,"Infront of apsaras tribe Barangay Catangnan, General Luna, Siargao, 8419 Surigao del Norte",http://www.kayansiargao.com/,https://lh3.googleusercontent.com/gps-cs-s/APNQkAF6nsqCkrB7W7LVmHkcUiX9sHc6L347Jim14gVudNWUiIWzCB_ugcv9IqQA6YLHe0fTrSCVGw_aiDrNTxQrg621pcykK5-FtLC7bgL-rDx5br0D01x1pdrV0wqxTih4uwHq8XsJhHdUorpE=w2048-h1536-k-no,,"A low-key local spot in the heart of General Luna, Siargao's lively surf-town hub, Kayan Siargao keeps a modest online footprint. It currently sits at 4.7 across 46 reviews. It sits among the many small, locally-run spots that give Siargao its laid-back character. Best for: travelers exploring this corner of Siargao.",9.8069225,126.1613515,https://www.google.com/maps/place/Kayan+Siargao/data=!4m11!3m10!1s0x3304092a2a6d5c4f:0x179c0816bfc7fdf3!5m3!1s2026-10-31!4m1!1i2!8m2!3d9.8069225!4d126.1613515!16s%2Fg%2F11y093phsd!19sChIJT1xtKioJBDMR8_3HvxYInBc?authuser=0&hl=en&rclk=1,"hostels in General Luna, Siargao & Surigao, Philippines",General Luna
Alpas Siargao,4.4,(157),09564093790,https://wa.me/09564093790,,https://www.facebook.com/alpassiargao,,"Q5R6+CM6, General Luna, Surigao del Norte",https://hotels.cloudbeds.com/reservation/ezb3fz,https://lh3.googleusercontent.com/gps-cs-s/APNQkAE7jPfE3oVwTzf6jPwPUPuMnNIQCb7PCeMn6fT2KiwnL94sR5SJuu_UTNaS4SlMrln0CPmZSBIDP3qSvp3u7jwxtuZbL-ysGDVmuLMTRZPsNr-c0_Y5BXhuPX3up39SRDmd3laVLjUEV6AJ=w2048-h1536-k-no,"Free Wi-Fi, Breakfast, Air-conditioned, Pool, Fitness center, Parking, Airport shuttle, Pet-friendly, Restaurant, Kid-friendly","An established spot in the heart of General Luna, Siargao's lively surf-town hub, Alpas Siargao has clearly built a following with a sizeable review count. It currently sits at 4.4 across 157 reviews. Amenities include free wi-fi, breakfast, air-conditioned, pool. Best for: travelers exploring this corner of Siargao.",9.7909993,126.1613176,https://www.google.com/maps/place/Alpas+Siargao/data=!4m11!3m10!1s0x3303f7666a643bb7:0x730c742af695d902!5m3!1s2026-10-31!4m1!1i2!8m2!3d9.7909993!4d126.1613176!16s%2Fg%2F11gkc7vzxx!19sChIJtztkamb3AzMRAtmV9ip0DHM?authuser=0&hl=en&rclk=1,"hostels in General Luna, Siargao & Surigao, Philippines",General Luna
Mazawa Siargao,3.8,(19),09071922302,https://wa.me/09071922302,,https://www.facebook.com/Mazawa.iao,,"san sebastian St, General Luna, Surigao del Norte",,https://lh3.googleusercontent.com/gps-cs-s/APNQkAGrjeBq2vLZzR4h8fKSUiHIt4Vkywq840jzdD5xMRoyNjzccBLkUPbuYfUvxlsWiDrlU1-abrol9Sf2PhR6nqwf1Dmlj9-PC--1PnhZq144S4LBFUvOnQP6PFgrrZs-hcqofkfvrNnJ_bK_=w2048-h1536-k-no,"Wi-Fi, Air-conditioned, Pool, Fitness center","A low-key local spot in the heart of General Luna, Siargao's lively surf-town hub, Mazawa Siargao keeps a modest online footprint. It currently sits at 3.8 across 19 reviews. Amenities include wi-fi, air-conditioned, pool, fitness center. Best for: travelers exploring this corner of Siargao.",9.7816313,126.1520896,https://www.google.com/maps/place/Mazawa+Siargao/data=!4m11!3m10!1s0x3303f78da7323a73:0xd0c2bbc4ea953cf1!5m3!1s2026-10-31!4m1!1i2!8m2!3d9.7816313!4d126.1520896!16s%2Fg%2F11tkbhdrct!19sChIJczoyp433AzMR8TyV6sS7wtA?authuser=0&hl=en&rclk=1,"hostels in General Luna, Siargao & Surigao, Philippines",General Luna
Smith Inn and Restaurant,3.9,(18),,,,https://www.facebook.com/smithinnsiargao,,"Purok 5, Poblacion V (Purok V), General Luna, 8419 Surigao del Norte",,https://lh3.googleusercontent.com/gps-cs-s/APNQkAF3k43UTWT9AodAfNnX9i86Osv5pKbD0Ttq24veX-loHEI4KhOoJ6vsBsJZLwyf4P8ZZovYHJOYoXq6Gh_XERPsMv8qo3JeTpc1dix9SdxPu4xh3stHdN_xefJqCrURT8wpVtkTwg=w2048-h1536-k-no,Restaurant,"A low-key local spot in the heart of General Luna, Siargao's lively surf-town hub, Smith Inn and Restaurant keeps a modest online footprint. It currently sits at 3.9 across 18 reviews. Amenities include restaurant. Best for: travelers exploring this corner of Siargao.",9.7896293,126.1592467,https://www.google.com/maps/place/Smith+Inn+and+Restaurant/data=!4m11!3m10!1s0x3303f7006f74fd2d:0x994d05b428960de3!5m3!1s2026-10-31!4m1!1i2!8m2!3d9.7896293!4d126.1592467!16s%2Fg%2F11y5d_tdnr!19sChIJLf10bwD3AzMR4w2WKLQFTZk?authuser=0&hl=en&rclk=1,"hostels in General Luna, Siargao & Surigao, Philippines",General Luna
Pangandoy Homestay,5.0,(5),09254443377,https://wa.me/09254443377,,https://www.facebook.com/profile.php,,"Purok 2 Dapa - General Luna Rd, General Luna, 8419 Surigao del Norte",,https://lh3.googleusercontent.com/gps-cs-s/APNQkAFzhjfvvNncsJrKWQgGw2mPhbBjnIVDvbadQjb_8YPZ3c1yquqpMIGLKFzFmXZs2LqU7g-ftPcE9_fYe0GyDgCPdEdtas8zPGgqrIhskiLN--d-8c_imB6Nru03NDhX7li4WGEd=w2048-h1536-k-no,"Free Wi-Fi, Free parking","A low-key local spot in the heart of General Luna, Siargao's lively surf-town hub, Pangandoy Homestay keeps a modest online footprint. It currently sits at 5.0 across 5 reviews. Honest read: only a handful of reviews so far, but early feedback leans positive. Amenities include free wi-fi, free parking. Best for: travelers exploring this corner of Siargao.",9.7838476,126.1561783,https://www.google.com/maps/place/Pangandoy+Homestay/data=!4m11!3m10!1s0x3303f7780b865699:0x876211b2a8a56f13!5m3!1s2026-10-31!4m1!1i2!8m2!3d9.7838476!4d126.1561783!16s%2Fg%2F11lcpnbr8w!19sChIJmVaGC3j3AzMRE2-lqLIRYoc?authuser=0&hl=en&rclk=1,"hostels in General Luna, Siargao & Surigao, Philippines",General Luna
Balay Hayahay,4.7,(68),09171763323,https://wa.me/09171763323,https://www.instagram.com/balayhayahaysiargao_,http://www.facebook.com/balayhayahaysiargao,,"Balay Hayahay Siargao Old, Tourism Rd, Purok 5, General Luna, 8419 Surigao del Norte",http://www.facebook.com/balayhayahaysiargao/,https://lh3.googleusercontent.com/gps-cs-s/APNQkAGbFfzeDFasz2ob-HyCTWCM64ciLUNSQtW7EKhrIjBFPUdfA7GMZKT5ElFbJfqFZL7D-XU-aIdnIX1_jcfpsHqM4uoOi-LMidqI2iL-13F6M2YlRb7ipYEhlZHXrSon1bfotzuNFUoxPzlo=w2048-h1536-k-no,"Free Wi-Fi, Free breakfast, Air-conditioned, Pool, Spa, Fitness center, Parking, Airport shuttle, Pet-friendly, Kid-friendly","A low-key local spot in the heart of General Luna, Siargao's lively surf-town hub, Balay Hayahay keeps a modest online footprint. It currently sits at 4.7 across 68 reviews. Amenities include free wi-fi, free breakfast, air-conditioned, pool. Best for: travelers exploring this corner of Siargao.",9.7942655,126.1570234,https://www.google.com/maps/place/Balay+Hayahay/data=!4m11!3m10!1s0x3303f70095184f47:0xd2369c68825df07!5m3!1s2026-10-31!4m1!1i2!8m2!3d9.7942655!4d126.1570234!16s%2Fg%2F11f7dsx4fz!19sChIJR08YlQD3AzMRB98liMZpIw0?authuser=0&hl=en&rclk=1,"hostels in General Luna, Siargao & Surigao, Philippines",General Luna
Katana Private Residence,4.0,(63),09859654576,https://wa.me/09859654576,,https://www.facebook.com/KatanaSiargao,,"Poblacion 5, General Luna, 8419 Surigao del Norte",https://www.facebook.com/KatanaSiargao,https://lh3.googleusercontent.com/gps-cs-s/APNQkAFZ2Llph6YTGRbwuiJ_DVTwepxbg7zeaD8hKXi9w4NEno8jmRRjiBff7ORQcCbCrz3CyaoGVRRQp4xG58h6sicddvmkPtuiuvc9acTtwxw2-IswydbhpaKlIYTLH7eBmuqAdHT8=w2048-h1536-k-no,"Free Wi-Fi, Air-conditioned, Pool, Spa, Fitness center, Free parking, Airport shuttle, Pet-friendly, Restaurant, Kitchen","A low-key local spot in the heart of General Luna, Siargao's lively surf-town hub, Katana Private Residence keeps a modest online footprint. It currently sits at 4.0 across 63 reviews. Honest read: a solid-not-spectacular 4.0 rating, dependable rather than dazzling. Amenities include free wi-fi, air-conditioned, pool, spa. Best for: travelers exploring this corner of Siargao.",9.7955966,126.1558934,https://www.google.com/maps/place/Katana+Private+Residence/data=!4m11!3m10!1s0x3303f7fb6cb956e1:0xc83fc9b60e14ceda!5m3!1s2026-10-31!4m1!1i2!8m2!3d9.7955966!4d126.1558934!16s%2Fg%2F11vldk0p7d!19sChIJ4Va5bPv3AzMR2s4UDrbJP8g?authuser=0&hl=en&rclk=1,"hostels in General Luna, Siargao & Surigao, Philippines",General Luna
Location of Alcove Verde,4.7,(15),,,,https://www.facebook.com/profile.php,,"1 Malinao Rd, General Luna, Surigao del Norte",,https://lh3.googleusercontent.com/gps-cs-s/APNQkAHM9abbmRNgLyPI3WkXCKvA8N-mP7wsM7O-upD-ffLY6fOQSU1vMNbJ35wl8LozHWrMVuY9ySKi6S-h8M1FgTu9hazHc0KSAFsWBF2stcaB3tOguMf04jA-5tKRH0MzKiqcoKe82w=w2048-h1536-k-no,,"A low-key local spot in the heart of General Luna, Siargao's lively surf-town hub, Location of Alcove Verde keeps a modest online footprint. It currently sits at 4.7 across 15 reviews. It sits among the many small, locally-run spots that give Siargao its laid-back character. Best for: travelers exploring this corner of Siargao.",9.7729038,126.1284864,https://www.google.com/maps/place/Location+of+Alcove+Verde/data=!4m11!3m10!1s0x3303f700182e4057:0x13eac85aa0b07756!5m3!1s2026-10-31!4m1!1i2!8m2!3d9.7729038!4d126.1284864!16s%2Fg%2F11m6wb9s_4!19sChIJV0AuGAD3AzMRVnewoFrI6hM?authuser=0&hl=en&rclk=1,"hostels in General Luna, Siargao & Surigao, Philippines",General Luna
Vivo Inn Siargao,4.3,(199),09957403884,https://wa.me/09957403884,,https://www.facebook.com/vivosiargao,,"Siargao Island, Tourism Rd, Poblacion 5, General Luna, Surigao del Norte",,https://lh3.googleusercontent.com/gps-cs-s/APNQkAGlzOWaROb9ER0CCgDAaO5yMbRa_JRtUMTTzsguWFQphJyL_VGea1MGamFWp1_LGvz6QOYBvtBdpWnMNCIFQI6P_NdHNMiqTpzYkCWmE6YLD60CzeCSd7Kdy11m7QY8uGZLGIOW=w2048-h1536-k-no,"Free Wi-Fi, Breakfast, Air-conditioned, Pool, Outdoor pool, Fitness center, Free parking, Airport shuttle, Pet-friendly, Restaurant, Bar, Laundry service, Laundry, Beach access, Kid-friendly","An established spot in the heart of General Luna, Siargao's lively surf-town hub, Vivo Inn Siargao has clearly built a following with a sizeable review count. It currently sits at 4.3 across 199 reviews. Amenities include free wi-fi, breakfast, air-conditioned, pool. Best for: travelers exploring this corner of Siargao.",9.792386,126.1609878,https://www.google.com/maps/place/Vivo+Inn+Siargao/data=!4m11!3m10!1s0x330409e18b3280b9:0x51f48d3c943fd44e!5m3!1s2026-10-31!4m1!1i2!8m2!3d9.792386!4d126.1609878!16s%2Fg%2F11bx9vw8ql!19sChIJuYAyi-EJBDMRTtQ_lDyN9FE?authuser=0&hl=en&rclk=1,"hostels in General Luna, Siargao & Surigao, Philippines",General Luna
Araw Boutique,4.8,(46),09278737296,https://wa.me/09278737296,https://www.instagram.com/arawboutique/,https://www.facebook.com/arawboutique,,"st visente Str Purok 4, General Luna, 8419 Surigao del Norte",http://arawboutique.com/,https://lh3.googleusercontent.com/gps-cs-s/APNQkAGvfetl8gBTALcI4-jTa2K3FlfLmw58AHHi80vqno-lZ8vH77i-CVzbxNIIzTxh6Jr9AhagxiopxEMtNJhlUUN8cuckC5s_zx6cItNY9PBsRoIQuYXG2nbCNC1x5XfxWadd4t61W7B0dKjq=w2048-h1536-k-no,Free parking,"A low-key local spot in the heart of General Luna, Siargao's lively surf-town hub, Araw Boutique keeps a modest online footprint. It currently sits at 4.8 across 46 reviews. Amenities include free parking. Best for: travelers exploring this corner of Siargao.",9.7840981,126.1544322,https://www.google.com/maps/place/Araw+Boutique/data=!4m11!3m10!1s0x3303f72fe09ffbfb:0x54abaf93d329f2f!5m3!1s2026-10-31!4m1!1i2!8m2!3d9.7840981!4d126.1544322!16s%2Fg%2F11w4n_4s1f!19sChIJ-_uf4C_3AzMRL58yPfm6SgU?authuser=0&hl=en&rclk=1,"hostels in General Luna, Siargao & Surigao, Philippines",General Luna
Tranquil Villa Siargao,5.0,(1),,,,https://www.facebook.com/100095296746781,,"Tourism Rd, General Luna, 8419 Surigao del Norte",https://abnb.me/7D4sqRdVNBb,https://lh3.googleusercontent.com/gps-cs-s/APNQkAFIfhaiCnRzpcY7F5e-IfIUV2GKIZQ90sNL2Kmd9oztjQBFyL8y6a0ailVz9LiwrVyX4Ji6pWyrrGaTd0Sk6YMe7Ch3PHfaCwvicpyEEsvZenrBNm-XIazQ1Pwt9dYsb3JCzzIu=w2048-h1536-k-no,Kitchen,"A low-key local spot in the heart of General Luna, Siargao's lively surf-town hub, Tranquil Villa Siargao keeps a modest online footprint. It currently sits at 5.0 across 1 review. Honest read: only a handful of reviews so far, but early feedback leans positive. Amenities include kitchen. Best for: travelers exploring this corner of Siargao.",9.7854099,126.1596505,https://www.google.com/maps/place/Tranquil+Villa+Siargao/data=!4m11!3m10!1s0x3303f761cee4192b:0xce47f1427205bbb6!5m3!1s2026-10-31!4m1!1i2!8m2!3d9.7854099!4d126.1596505!16s%2Fg%2F11v5yszt3x!19sChIJKxnkzmH3AzMRtrsFckLxR84?authuser=0&hl=en&rclk=1,"hostels in General Luna, Siargao & Surigao, Philippines",General Luna
Anantha Wellness Sanctuary,4.5,(29),09176396509,https://wa.me/09176396509,https://www.instagram.com/ananthasiargao,https://www.facebook.com/61575238974394,,"Libertad, General Luna, 8419 Surigao del Norte",,https://lh3.googleusercontent.com/gps-cs-s/APNQkAGki_uJj0BuaKEsWod2pW3TBQNYnH_QWcHtcQ-bR9gZgoLA1ELU5wOxRuublhOcLGR_35-DYHBtu1oVCUr5zSb2b0p9Ar2cvhUQcUOEBvtewk8a7EVHFa-VwjL2p_j8DfQYuXH54isfp3QR=w2048-h1536-k-no,,"A low-key local spot in the heart of General Luna, Siargao's lively surf-town hub, Anantha Wellness Sanctuary keeps a modest online footprint. It currently sits at 4.5 across 29 reviews. It sits among the many small, locally-run spots that give Siargao its laid-back character. Best for: travelers exploring this corner of Siargao.",9.83318,126.1400472,https://www.google.com/maps/place/Anantha+Wellness+Sanctuary/data=!4m11!3m10!1s0x330409c276939c69:0xb8e04aa686bbea37!5m3!1s2026-10-31!4m1!1i2!8m2!3d9.83318!4d126.1400472!16s%2Fg%2F11x6dh8l4q!19sChIJaZyTdsIJBDMRN-q7hqZK4Lg?authuser=0&hl=en&rclk=1,"hostels in General Luna, Siargao & Surigao, Philippines",General Luna
Surfer's Hostel,4.1,(135),,,,https://www.facebook.com/surfershostel.iao,,"R524+GQX, Catangnan, General Luna, Surigao del Norte",,https://lh3.googleusercontent.com/gps-cs-s/APNQkAGPTzlfCysvC0SGieP-7zN_kGD4q8Y-5YDonHZA3q2KzfX81Tl3H99sJizBfssho02BVuYFpZf664hxKYJdhISkmf9AC_lCcTthv_NWk7klB1GGvnD_2nww6RUgUeGhJDfgGRub=w2048-h1536-k-no,Free Wi-Fi,"An established spot in the heart of General Luna, Siargao's lively surf-town hub, Surfer's Hostel has clearly built a following with a sizeable review count. It currently sits at 4.1 across 135 reviews. Honest read: a solid-not-spectacular 4.1 rating, dependable rather than dazzling. Amenities include free wi-fi. Best for: travelers exploring this corner of Siargao.",9.8013629,126.1569748,https://www.google.com/maps/place/Surfer%27s+Hostel/data=!4m11!3m10!1s0x33040956448c1d87:0xeca741d083d7b656!5m3!1s2026-10-31!4m1!1i2!8m2!3d9.8013629!4d126.1569748!16s%2Fg%2F11l2tj1s00!19sChIJhx2MRFYJBDMRVrbXg9BBp-w?authuser=0&hl=en&rclk=1,"hostels in General Luna, Siargao & Surigao, Philippines",General Luna
Butang Hostel Siargao,4.5,(55),09770943225,https://wa.me/09770943225,https://www.instagram.com/butangsiargao,https://www.facebook.com/profile.php,,"Butang Hostel, AP Complex, Tourism Rd, Pob 3, General Luna, 8419 Surigao del Norte",https://www.instagram.com/butangsiargao?igsh=ZGNjOWZkYTE3MQ==,https://lh3.googleusercontent.com/gps-cs-s/APNQkAEgG9CJsppKeglKV7FpT1FJj0gKypnbvtZ5xjvHJ4BMBaWJGquoICU3xI1wZtgIeEnQGAxNn7TWbx7XSCQUCeooS43Bdq9NyJE0mvTvPip2Nq25iAETntM9UIfSIphhEGkOOqqg=w2048-h1536-k-no,"Free Wi-Fi, Parking","A low-key local spot in the heart of General Luna, Siargao's lively surf-town hub, Butang Hostel Siargao keeps a modest online footprint. It currently sits at 4.5 across 55 reviews. Amenities include free wi-fi, parking. Best for: travelers exploring this corner of Siargao.",9.785937,126.1613175,https://www.google.com/maps/place/Butang+Hostel+Siargao/data=!4m11!3m10!1s0x3303f71969276753:0x166d4e4598b2faca!5m3!1s2026-10-31!4m1!1i2!8m2!3d9.785937!4d126.1613175!16s%2Fg%2F11y2gvdv41!19sChIJU2cnaRn3AzMRyvqymEVObRY?authuser=0&hl=en&rclk=1,"hostels in General Luna, Siargao & Surigao, Philippines",General Luna
Barrio Francisco Hostel Siargao,4.6,(25),09083931400,https://wa.me/09083931400,https://www.instagram.com/barriofranciscohostel,https://www.facebook.com/BarrioFranciscoHostel,,"Purok 1 Tourism Rd, General Luna, 8419 Surigao del Norte",,https://lh3.googleusercontent.com/gps-cs-s/APNQkAFx3HGoJbbfJ5dTof0R1x-9YcRNHujiwBWRPdspZITuBGe_nwwHwez4zownUG_uDZYIXIFiEvNaf6w4ZXXk8monEqks2WtdiBt6F86hzcPrdzPJZWwYClz4MOMTk4-MHFsqDIQjRQ=w2048-h1536-k-no,"Free Wi-Fi, Parking","A low-key local spot in the heart of General Luna, Siargao's lively surf-town hub, Barrio Francisco Hostel Siargao keeps a modest online footprint. It currently sits at 4.6 across 25 reviews. Amenities include free wi-fi, parking. Best for: travelers exploring this corner of Siargao.",9.7814836,126.1516916,https://www.google.com/maps/place/Barrio+Francisco+Hostel+Siargao/data=!4m11!3m10!1s0x3303f7cfc19e9939:0xb52b51745cd80716!5m3!1s2026-10-31!4m1!1i2!8m2!3d9.7814836!4d126.1516916!16s%2Fg%2F11rfczdzv8!19sChIJOZmewc_3AzMRFgfYXHRRK7U?authuser=0&hl=en&rclk=1,"hostels in General Luna, Siargao & Surigao, Philippines",General Luna
Angelica's Hostel,4.7,(76),09175231100,https://wa.me/09175231100,,https://www.facebook.com/people,,"Tourism Rd, Purok 3, General Luna, 8419 Surigao del Norte",https://www.facebook.com/people/Angelicas-Hostel/61552061660164/,https://lh3.googleusercontent.com/gps-cs-s/APNQkAHjjfgHxKtqLafH_kRFOrRMp2aGU7DvI4r-KwffwtKUYkSMfHflPUtLuTw9DcQZ5-ZN0898i7Zcv7COIWIFMvFdJlD9nvXdvGWB0rqHX-E6fwFelldViRI1uvlP8rlni6iXrlfT=w2048-h1536-k-no,,"A low-key local spot in the heart of General Luna, Siargao's lively surf-town hub, Angelica's Hostel keeps a modest online footprint. It currently sits at 4.7 across 76 reviews. It sits among the many small, locally-run spots that give Siargao its laid-back character. Best for: travelers exploring this corner of Siargao.",9.7842885,126.1589644,https://www.google.com/maps/place/Angelica%27s+Hostel/data=!4m11!3m10!1s0x3303f7b1d202a475:0x45dc7e00a41af7fd!5m3!1s2026-10-31!4m1!1i2!8m2!3d9.7842885!4d126.1589644!16s%2Fg%2F11vhs2mz3y!19sChIJdaQC0rH3AzMR_fcapAB-3EU?authuser=0&hl=en&rclk=1,"hostels in General Luna, Siargao & Surigao, Philippines",General Luna
Malayah Siargao,4.1,(84),09224917913,https://wa.me/09224917913,,https://www.facebook.com/malayahsiargao,,"Q5P6+RWQ, General Luna, Surigao del Norte",https://donaldstravelexperience.com/malayah-siargao-philippines,https://lh3.googleusercontent.com/gps-cs-s/APNQkAFODFKThwAxsz86nM-KBIRh_w1VblHvENg2NQNLpAeum7PYt2My12diUxOKnbV4Gdaune2EXiyTB2TGRUbAyRPnzAoO5NcfZ5KLyKMNQpNS7VDGBd-BGi0Ck_xgESLY9K2GnZBBQQ=w2048-h1536-k-no,"Free Wi-Fi, Air-conditioned, Pool, Fitness center, Free parking, Airport shuttle, Pet-friendly, Restaurant, Beach access, Kid-friendly","A low-key local spot in the heart of General Luna, Siargao's lively surf-town hub, Malayah Siargao keeps a modest online footprint. It currently sits at 4.1 across 84 reviews. Honest read: a solid-not-spectacular 4.1 rating, dependable rather than dazzling. Amenities include free wi-fi, air-conditioned, pool, fitness center. Best for: travelers exploring this corner of Siargao.",9.7870872,126.1623568,https://www.google.com/maps/place/Malayah+Siargao/data=!4m11!3m10!1s0x3303f61a7f455bd7:0x27a09706313c649c!5m3!1s2026-10-31!4m1!1i2!8m2!3d9.7870872!4d126.1623568!16s%2Fg%2F11f37qhcbj!19sChIJ11tFfxr2AzMRnGQ8MQaXoCc?authuser=0&hl=en&rclk=1,"hostels in General Luna, Siargao & Surigao, Philippines",General Luna
Bed and Bunk Siargao,4.9,(8),09761513480,https://wa.me/09761513480,,https://www.facebook.com/bedandbunksiargao,,"Purok 4, General Luna, 8419 Surigao del Norte",https://olive-tim-62.tiiny.site/,https://lh3.googleusercontent.com/gps-cs-s/APNQkAG1W7m1dX-sAQGdrrM3w4P3QyxrdC47iaQJltHqBHX59S1bK-B2Y7HGRX5oR-D9a1rt921V82iCKxAjzGmoLoLI4hGsJIwgkrNbWR6cWNkUgy9PFE-cx8etH46S3Sp6pV-4cG_n0pFNF_J6=w2048-h1536-k-no,"Free Wi-Fi, Air-conditioned, Pool, Fitness center, Airport shuttle, Pet-friendly","A low-key local spot in the heart of General Luna, Siargao's lively surf-town hub, Bed and Bunk Siargao keeps a modest online footprint. It currently sits at 4.9 across 8 reviews. Honest read: only a handful of reviews so far, but early feedback leans positive. Amenities include free wi-fi, air-conditioned, pool, fitness center. Best for: travelers exploring this corner of Siargao.",9.7844635,126.1554403,https://www.google.com/maps/place/Bed+and+Bunk+Siargao/data=!4m11!3m10!1s0x3303f7cc4782027b:0xd3c4633044bfdb24!5m3!1s2026-10-31!4m1!1i2!8m2!3d9.7844635!4d126.1554403!16s%2Fg%2F11xs0hn6vm!19sChIJewKCR8z3AzMRJNu_RDBjxNM?authuser=0&hl=en&rclk=1,"hostels in General Luna, Siargao & Surigao, Philippines",General Luna
Paglaom Hostel,4.7,(37),09999900308,https://wa.me/09999900308,,https://www.facebook.com/paglaomhostel,,"Q5R5+2HX, General Luna, Surigao del Norte",,https://lh3.googleusercontent.com/gps-cs-s/APNQkAH34vBdy-8lbVzMk0_p74Y93U_tomT1SzlGh4TBv2bHIEmzT4cM_gqVORcAHQfIei92433j7tzlj4qiDHl2X0wOiCmbsPvKspnagmY2MHrAb7gNQdNaLdKi8-mUJuaA46na6G97qQ=w2048-h1536-k-no,"Free Wi-Fi, Parking, Airport shuttle, Pet-friendly, Kid-friendly","A low-key local spot in the heart of General Luna, Siargao's lively surf-town hub, Paglaom Hostel keeps a modest online footprint. It currently sits at 4.7 across 37 reviews. Amenities include free wi-fi, parking, airport shuttle, pet-friendly. Best for: travelers exploring this corner of Siargao.",9.790106,126.158999,https://www.google.com/maps/place/Paglaom+Hostel/data=!4m11!3m10!1s0x3303f619714e334f:0xf079842bb2239576!5m3!1s2026-10-31!4m1!1i2!8m2!3d9.790106!4d126.158999!16s%2Fg%2F1ydpvbb06!19sChIJTzNOcRn2AzMRdpUjsiuEefA?authuser=0&hl=en&rclk=1,"hostels in General Luna, Siargao & Surigao, Philippines",General Luna
Jaydy Hostel,5.0,(19),09953620394,https://wa.me/09953620394,,https://www.facebook.com/journeyinnsiargao,,"Tourism Rd, General Luna, Surigao del Norte",,https://lh3.googleusercontent.com/gps-cs-s/APNQkAEnc3C0CDELR4_EH5wkbuIbRl91ThCX6K85ozAdlY4t7FhURAFi_XVmcd9XWGRfTkG35b1UaK1E7xReG4xOt_9b3ZXJcE4EA__5s2cq9HPZtzasV3UOKE0z3Y5P_sB8zcCKEEbbMw=w2048-h1536-k-no,Free Wi-Fi,"A low-key local spot in the heart of General Luna, Siargao's lively surf-town hub, Jaydy Hostel keeps a modest online footprint. It currently sits at 5.0 across 19 reviews. Amenities include free wi-fi. Best for: travelers exploring this corner of Siargao.",9.7904605,126.1562743,https://www.google.com/maps/place/Jaydy+Hostel/data=!4m11!3m10!1s0x3303f7ec6d72fda3:0x22eae47974798b61!5m3!1s2026-10-31!4m1!1i2!8m2!3d9.7904605!4d126.1562743!16s%2Fg%2F11kpm8239k!19sChIJo_1ybez3AzMRYYt5dHnk6iI?authuser=0&hl=en&rclk=1,"hostels in General Luna, Siargao & Surigao, Philippines",General Luna
Kanto Hostel,4.7,(18),,,,https://www.facebook.com/people,,"Poblacion 1, General Luna, 8419 Surigao del Norte",,https://lh3.googleusercontent.com/gps-cs-s/APNQkAGtZFgLAiYqdRXSbN7I6CoJFENGBIcGSWFX_VgGqJsXNmm-e3b-D7i0onP_cqxegGa2pmhdikRymCAi1LxFV2YcVnyBm3IFJWhFtiVr6rTDPQFWr2vTwx8wZKDqFOBDRbwdwlA=w2048-h1536-k-no,"Free Wi-Fi, Air-conditioned, Free parking, Airport shuttle","A low-key local spot in the heart of General Luna, Siargao's lively surf-town hub, Kanto Hostel keeps a modest online footprint. It currently sits at 4.7 across 18 reviews. Amenities include free wi-fi, air-conditioned, free parking, airport shuttle. Best for: travelers exploring this corner of Siargao.",9.7819591,126.1559035,https://www.google.com/maps/place/Kanto+Hostel/data=!4m11!3m10!1s0x3303f774a2930985:0x61c077547206901a!5m3!1s2026-10-31!4m1!1i2!8m2!3d9.7819591!4d126.1559035!16s%2Fg%2F11k9l6xnq7!19sChIJhQmTonT3AzMRGpAGclR3wGE?authuser=0&hl=en&rclk=1,"hostels in General Luna, Siargao & Surigao, Philippines",General Luna
Sudla Siargao Hostel,4.8,(16),09303077602,https://wa.me/09303077602,,https://www.facebook.com/sudla.siargao.hostel,,"National Rd, Poblacion IV, General Luna, 8419 Surigao del Norte",https://www.facebook.com/sudla.siargao.hostel,https://lh3.googleusercontent.com/gps-cs-s/APNQkAG7bmjgD1nxU7AVwCIciyH-Nam655JmCCv6DS9RBFiTbj3vCSzI7Sk28lLEX323-NEYcLlPBwBRWcUVei-9L3ZkO22lDkJE8Q9tws5E09yTxsPx45IpJYTgO8YH09VabOaRZ6ILpHuSOkCP=w2048-h1536-k-no,,"A low-key local spot in the heart of General Luna, Siargao's lively surf-town hub, Sudla Siargao Hostel keeps a modest online footprint. It currently sits at 4.8 across 16 reviews. It sits among the many small, locally-run spots that give Siargao its laid-back character. Best for: travelers exploring this corner of Siargao.",9.7861087,126.155498,https://www.google.com/maps/place/Sudla+Siargao+Hostel/data=!4m11!3m10!1s0x3303f7d19c9c7301:0x118615a8cc7542dd!5m3!1s2026-10-31!4m1!1i2!8m2!3d9.7861087!4d126.155498!16s%2Fg%2F11w9r0nwz8!19sChIJAXOcnNH3AzMR3UJ1zKgVhhE?authuser=0&hl=en&rclk=1,"hostels in General Luna, Siargao & Surigao, Philippines",General Luna
Little Mirrors Backpackers,4.1,(8),,,https://www.instagram.com/littlemirrorsbackpackers,https://www.facebook.com/littlemirrorssiargao,,"Q5M4+HMW, General Luna, Surigao del Norte",,https://lh3.googleusercontent.com/gps-cs-s/APNQkAFzhjfvvNncsJrKWQgGw2mPhbBjnIVDvbadQjb_8YPZ3c1yquqpMIGLKFzFmXZs2LqU7g-ftPcE9_fYe0GyDgCPdEdtas8zPGgqrIhskiLN--d-8c_imB6Nru03NDhX7li4WGEd=w2048-h1536-k-no,"Free Wi-Fi, Free parking","A low-key local spot in the heart of General Luna, Siargao's lively surf-town hub, Little Mirrors Backpackers keeps a modest online footprint. It currently sits at 4.1 across 8 reviews. Honest read: only a handful of reviews so far, but early feedback leans positive. Amenities include free wi-fi, free parking. Best for: travelers exploring this corner of Siargao.",9.7839778,126.1567037,https://www.google.com/maps/place/Little+Mirrors+Backpackers/data=!4m11!3m10!1s0x3303f7dd3931313d:0xd628a9c69c5ec79a!5m3!1s2026-10-31!4m1!1i2!8m2!3d9.7839778!4d126.1567037!16s%2Fg%2F11g4g7_15w!19sChIJPTExOd33AzMRmsdenMapKNY?authuser=0&hl=en&rclk=1,"hostels in General Luna, Siargao & Surigao, Philippines",General Luna
Paradiso Hostel,4.2,(56),09177107111,https://wa.me/09177107111,,https://www.facebook.com/113003036719490,,"Poblacion 5, General Luna, Surigao del Norte",,https://lh3.googleusercontent.com/gps-cs-s/APNQkAEE9Ho4QwxAeKMhi0YQp-Kf20-0kcUPaCNGCP92mNh_Fo3_-14ba4vKQPTYOu9_CRLa0SPRxpVQVq_MlQYLVro9taR57MOHaqCmgokJKKmxrgkCh6X4E25h61j7bEMSwvxsab1A=w2048-h1536-k-no,,"A low-key local spot in the heart of General Luna, Siargao's lively surf-town hub, Paradiso Hostel keeps a modest online footprint. It currently sits at 4.2 across 56 reviews. It sits among the many small, locally-run spots that give Siargao its laid-back character. Best for: travelers exploring this corner of Siargao.",9.7851686,126.1566485,https://www.google.com/maps/place/Paradiso+Hostel/data=!4m11!3m10!1s0x3303f7f88be5454f:0x962615394444385c!5m3!1s2026-10-31!4m1!1i2!8m2!3d9.7851686!4d126.1566485!16s%2Fg%2F11fqsjvfnx!19sChIJT0Xli_j3AzMRXDhERDkVJpY?authuser=0&hl=en&rclk=1,"hostels in General Luna, Siargao & Surigao, Philippines",General Luna
Pungko Homestay Siargao,5.0,(3),09362245714,https://wa.me/09362245714,,https://www.facebook.com/pungkohomestaysiargao,,"Purok 5, Poblacion 5, Tourism Rd, General Luna, 8400 Surigao del Norte",https://www.pungkohomestaysiargao.com/,https://lh3.googleusercontent.com/gps-cs-s/APNQkAGhMi66i3yY1bM2ryYrUR0M2sOJQPqeR3vGQlWc0T75to9hN73qAo2oyLkKuTKxV492Z1VmZmYiz8KhDmg-e1n3D3RDAtoldOSYXieb_s0jLQ8dgmq06ADLbW5EqmYMm0MvjbCFXA=w2048-h1536-k-no,,"A low-key local spot in the heart of General Luna, Siargao's lively surf-town hub, Pungko Homestay Siargao keeps a modest online footprint. It currently sits at 5.0 across 3 reviews. Honest read: only a handful of reviews so far, but early feedback leans positive. Best for: travelers exploring this corner of Siargao.",9.7855245,126.1566789,https://www.google.com/maps/place/Pungko+Homestay+Siargao/data=!4m11!3m10!1s0x3303f7c1c88d4291:0x67e09581075eaab0!5m3!1s2026-10-31!4m1!1i2!8m2!3d9.7855245!4d126.1566789!16s%2Fg%2F11y78hzr82!19sChIJkUKNyMH3AzMRsKpeB4GV4Gc?authuser=0&hl=en&rclk=1,"hostels in General Luna, Siargao & Surigao, Philippines",General Luna
Hostel Bajala Siargao,4.7,(81),09176597171,https://wa.me/09176597171,,https://www.facebook.com/bajalasiargao,,"Marilao Rd, General Luna, 8419 Surigao del Norte",http://bajalasiargao.ph/,https://lh3.googleusercontent.com/gps-cs-s/APNQkAEuvyQ-3LBA8KX4q2z9fTUlDEAV_iqifz5hJHKDYTwrH_e7RZWcldLJJEbWNR9W0dSXG__mmxvguXfWcdIc8aTrhkiXD1nNmwcT1U7h7UdtnhldW8WyrtwTjeHiHxx6gdyJZ7tk=w2048-h1536-k-no,,"A low-key local spot in the heart of General Luna, Siargao's lively surf-town hub, Hostel Bajala Siargao keeps a modest online footprint. It currently sits at 4.7 across 81 reviews. It sits among the many small, locally-run spots that give Siargao its laid-back character. Best for: travelers exploring this corner of Siargao.",9.7660804,126.1273786,https://www.google.com/maps/place/Hostel+Bajala+Siargao/data=!4m11!3m10!1s0x3303f7a7957867a5:0x1b1fa3618788d084!5m3!1s2026-10-31!4m1!1i2!8m2!3d9.7660804!4d126.1273786!16s%2Fg%2F11fsx3vkcc!19sChIJpWd4laf3AzMRhNCIh2GjHxs?authuser=0&hl=en&rclk=1,"hostels in General Luna, Siargao & Surigao, Philippines",General Luna
Three Little Birds - Surf Hostel,4.5,(39),09062251639,https://wa.me/09062251639,,https://www.facebook.com/891218674064301,,"Tuazon, Tourism Rd, General Luna, 8419 Surigao del Norte",https://us2.cloudbeds.com/%0Areservation/ffOrW9,https://lh3.googleusercontent.com/gps-cs-s/APNQkAFUcOixaB7xLv0kyfI9JysaJiQX7Qup7BbOC_55TCdrbFYu8FDh9lmIMYDFb6wLmex93bOa2yv-40-_VChhoo6yF8O91H7oVQPy69iu0EZuytDgmY9jdW3b_lNg86sbJdSF_u0j=w2048-h1536-k-no,"Free Wi-Fi, Air-conditioned, Pool, Fitness center, Free parking, Restaurant, Laundry service, Laundry, Beach access, Kitchen","A low-key local spot in the heart of General Luna, Siargao's lively surf-town hub, Three Little Birds - Surf Hostel keeps a modest online footprint. It currently sits at 4.5 across 39 reviews. Amenities include free wi-fi, air-conditioned, pool, fitness center. Best for: travelers exploring this corner of Siargao.",9.8063357,126.1663751,https://www.google.com/maps/place/Three+Little+Birds+-+Surf+Hostel/data=!4m11!3m10!1s0x33040959694fda49:0xdd05c98060ff6ed2!5m3!1s2026-10-31!4m1!1i2!8m2!3d9.8063357!4d126.1663751!16s%2Fg%2F11v6x16cs0!19sChIJSdpPaVkJBDMR0m7_YIDJBd0?authuser=0&hl=en&rclk=1,"hostels in General Luna, Siargao & Surigao, Philippines",General Luna
Pointbreak Homestay,4.7,(19),,,,,,"Q5P6+FRR, General Luna, Surigao del Norte",,https://lh3.googleusercontent.com/gps-cs-s/APNQkAHmOXMaYKKjEFo8cvftyxHiz7TzZQ5ARc-updxbP5Bq5NgFpijZioeBJK7KPu0w-jdNrvqm5WX6pFFgdPN0wABcGx7GTfZSaWjS0nTw0GVC29728cmVur0tVnXxNUsWxzp0PqUUAw=w2048-h1536-k-no,,"A low-key local spot in the heart of General Luna, Siargao's lively surf-town hub, Pointbreak Homestay keeps a modest online footprint. It currently sits at 4.7 across 19 reviews. It sits among the many small, locally-run spots that give Siargao its laid-back character. Best for: travelers exploring this corner of Siargao.",9.7862171,126.1620636,https://www.google.com/maps/place/Pointbreak+Homestay/data=!4m11!3m10!1s0x3303f7004e4b0219:0x4e7444a2cf82efca!5m3!1s2026-10-31!4m1!1i2!8m2!3d9.7862171!4d126.1620636!16s%2Fg%2F11y33vjqk5!19sChIJGQJLTgD3AzMRyu-Cz6JEdE4?authuser=0&hl=en&rclk=1,"hostels in General Luna, Siargao & Surigao, Philippines",General Luna
Presko Siargao,4.8,(38),09810674722,https://wa.me/09810674722,,http://www.facebook.com/preskosiargao,,"Siargao, Tourism Rd, Poblacion 5, General Luna, 8419 Surigao del Norte",http://www.facebook.com/preskosiargao,https://lh3.googleusercontent.com/gps-cs-s/APNQkAHuGjqTK3YVqLDPZyG_r-KDrWjI1P4PIgVMY8KELXZ5Dz-xQoXw1NObvC-psz3Rs80Z8Tq4SULKwXjAnOrQEgAmYmNUbCxp64WTTJwuVBrAtauUIdx5WZfonfBz4sfR-EXlQPsm=w2048-h1536-k-no,,"A low-key local spot in the heart of General Luna, Siargao's lively surf-town hub, Presko Siargao keeps a modest online footprint. It currently sits at 4.8 across 38 reviews. It sits among the many small, locally-run spots that give Siargao its laid-back character. Best for: travelers exploring this corner of Siargao.",9.7921783,126.1621599,https://www.google.com/maps/place/Presko+Siargao/data=!4m11!3m10!1s0x3303f7e6d8b41805:0x2d55f55b308f63b!5m3!1s2026-10-31!4m1!1i2!8m2!3d9.7921783!4d126.1621599!16s%2Fg%2F11j206gr8_!19sChIJBRi02Ob3AzMRO_YIs1Vf1QI?authuser=0&hl=en&rclk=1,"hostels in General Luna, Siargao & Surigao, Philippines",General Luna
El Lobo Hostel,4.6,(9),,,,,,"Q5P6+89P, General Luna, Surigao del Norte",,https://lh3.googleusercontent.com/gps-cs-s/APNQkAG9WcqG8LzCo1rAcFn_pBb573uClZeU3WwdEvsdpWBxg0K0FC8Q8K9n5gglkNjBIMLuQ-U3ETYuoZItjeArvn20MX-yMUqV4Gc0oeFa2_CDpjMncma_vvZ5ieRtnZWHuG0pRO-Zzg=w2048-h1536-k-no,"Bar, Kitchen","A low-key local spot in the heart of General Luna, Siargao's lively surf-town hub, El Lobo Hostel keeps a modest online footprint. It currently sits at 4.6 across 9 reviews. Honest read: only a handful of reviews so far, but early feedback leans positive. Amenities include bar, kitchen. Best for: travelers exploring this corner of Siargao.",9.7858272,126.1609482,https://www.google.com/maps/place/El+Lobo+Hostel/data=!4m11!3m10!1s0x3303f7005d087d9d:0x1bd65d5cdb7d848!5m3!1s2026-10-31!4m1!1i2!8m2!3d9.7858272!4d126.1609482!16s%2Fg%2F11vwkc372k!19sChIJnX0IXQD3AzMRSNi3zdVlvQE?authuser=0&hl=en&rclk=1,"hostels in General Luna, Siargao & Surigao, Philippines",General Luna
Point F Siargao,4.5,(33),,,https://www.instagram.com/pointfsiargao,https://www.facebook.com/PointFResort,,"R524+XH8, General Luna, Surigao del Norte",https://www.facebook.com/PointFResort,https://lh3.googleusercontent.com/gps-cs-s/APNQkAEhJsAOrPQTkBYsCWeHNX8phJBFV5QVCRwKhdNxWox2MF6arSqrZAClwIe86zlEz1aGLJdtI2NeO2USD4lYwcPwXdiy9Th-VVnJsRSWZ6afZ0sTu4YiJ3vsSNXVh_1SG1LUEzAruw=w2048-h1536-k-no,"Free Wi-Fi, Parking","A low-key local spot in the heart of General Luna, Siargao's lively surf-town hub, Point F Siargao keeps a modest online footprint. It currently sits at 4.5 across 33 reviews. Amenities include free wi-fi, parking. Best for: travelers exploring this corner of Siargao.",9.8024149,126.1564588,https://www.google.com/maps/place/Point+F+Siargao/data=!4m11!3m10!1s0x33040936435f48fb:0xf10656b4c729ebe!5m3!1s2026-10-31!4m1!1i2!8m2!3d9.8024149!4d126.1564588!16s%2Fg%2F11sh72grln!19sChIJ-0hfQzYJBDMRvp5yTGtlEA8?authuser=0&hl=en&rclk=1,"hostels in General Luna, Siargao & Surigao, Philippines",General Luna
Casa Kaya Hostel,4.3,(16),09674521818,https://wa.me/09674521818,,https://www.facebook.com/profile.php,,"Q5P6+44Q, Poblacion 3 Tourism Rd, General Luna, 8419 Surigao del Norte",,https://lh3.googleusercontent.com/gps-cs-s/APNQkAGXnRy1lifB8jGt2U33pawwxQUbcd5tdozbf7qYiIBayoBKqqQbKnPl0Mliip9co7IbC8YHk0kEU1To0EyTJy8Y-sagb9OtFNLSmmbcRW-3cP9ZvmDe1H5fKg4XqXUkJtMPmEJ3TF8vOyu9=w2048-h1536-k-no,,"A low-key local spot in the heart of General Luna, Siargao's lively surf-town hub, Casa Kaya Hostel keeps a modest online footprint. It currently sits at 4.3 across 16 reviews. It sits among the many small, locally-run spots that give Siargao its laid-back character. Best for: travelers exploring this corner of Siargao.",9.7852732,126.1602945,https://www.google.com/maps/place/Casa+Kaya+Hostel/data=!4m11!3m10!1s0x3303f791088a5727:0x9ccf9fb396615e2c!5m3!1s2026-10-31!4m1!1i2!8m2!3d9.7852732!4d126.1602945!16s%2Fg%2F11xw94y6ff!19sChIJJ1eKCJH3AzMRLF5hlrOfz5w?authuser=0&hl=en&rclk=1,"hostels in General Luna, Siargao & Surigao, Philippines",General Luna
Rembert Homestay,4.8,(21),09177188722,https://wa.me/09177188722,,https://www.facebook.com/RemBertHomestaySiargao,,"Purok Uno Tano Road, General Luna, 8419 Surigao del Norte",,https://lh3.googleusercontent.com/gps-cs-s/APNQkAGbEVRFdT6jiLjv3NdfYz-iiR3eTGs2os4Q8d2VbHI7Ro91FknMObthSvT5eE7bmQZKs_QHekU8Y4dqC7rsWVLcQAwfymvOmsgA9znDclSSLuiPo3eQp1L8Tm7vqN5clOMLQ7Tw3g=w2048-h1536-k-no,"Wi-Fi, Pool, Fitness center, Airport shuttle, Pet-friendly, Beach access, Kid-friendly","A low-key local spot in the heart of General Luna, Siargao's lively surf-town hub, Rembert Homestay keeps a modest online footprint. It currently sits at 4.8 across 21 reviews. Amenities include wi-fi, pool, fitness center, airport shuttle. Best for: travelers exploring this corner of Siargao.",9.7798374,126.1510374,https://www.google.com/maps/place/Rembert+Homestay/data=!4m11!3m10!1s0x3303f640a82d6875:0x1c8df91aca842065!5m3!1s2026-10-31!4m1!1i2!8m2!3d9.7798374!4d126.1510374!16s%2Fg%2F11h3b2_kd5!19sChIJdWgtqED2AzMRZSCEyhr5jRw?authuser=0&hl=en&rclk=1,"hostels in General Luna, Siargao & Surigao, Philippines",General Luna
May Ann Homestay,4.7,(12),09475525358,https://wa.me/09475525358,,https://www.facebook.com/MayAnnHomestay,,"Pob. III, Tourism Rd, Purok III, General Luna, 8419 Surigao del Norte",,https://lh3.googleusercontent.com/gps-cs-s/APNQkAH3uJusbHV6tS-rXSKI9oSbCaso55e4znCJCXPid4MShq1rmMgttz3nVpNeaHmSVK5dGH5ry-s6kEQBVUDxQ1m2jxFDNyEiEbwTMsGTgAv75AHSYnPSnzZHJRSAG-ACAL1WMaCjCw=w2048-h1536-k-no,Kitchen,"A low-key local spot in the heart of General Luna, Siargao's lively surf-town hub, May Ann Homestay keeps a modest online footprint. It currently sits at 4.7 across 12 reviews. Amenities include kitchen. Best for: travelers exploring this corner of Siargao.",9.7857619,126.1605579,https://www.google.com/maps/place/May+Ann+Homestay/data=!4m11!3m10!1s0x3303f7d764179567:0x4474c1a711a42166!5m3!1s2026-10-31!4m1!1i2!8m2!3d9.7857619!4d126.1605579!16s%2Fg%2F11fsx299lx!19sChIJZ5UXZNf3AzMRZiGkEafBdEQ?authuser=0&hl=en&rclk=1,"hostels in General Luna, Siargao & Surigao, Philippines",General Luna
Isla Casita Siargao Homestay,4.3,(3),09171505691,https://wa.me/09171505691,,https://www.facebook.com/Bayaycasita,,"Poblacion 1, General Luna, 8419 Surigao del Norte",,https://lh3.googleusercontent.com/gps-cs-s/APNQkAF2PoiZ11MmLkLLXFZXLw1Yfw-KEm6q6ECTt4EWTGmHpJfk4EOwzW8UaaqL6WVYU7k4tjjdujpYf7bDQPQMUJl58cZoVdHcD8MmV1yMeFKWT3AhlGyWbljD-wApk9mTGEYcc1l1=w2048-h1536-k-no,"Free Wi-Fi, Breakfast, Air-conditioned, Airport shuttle, Kitchen, Accessible","A low-key local spot in the heart of General Luna, Siargao's lively surf-town hub, Isla Casita Siargao Homestay keeps a modest online footprint. It currently sits at 4.3 across 3 reviews. Honest read: only a handful of reviews so far, but early feedback leans positive. Amenities include free wi-fi, breakfast, air-conditioned, airport shuttle. Best for: travelers exploring this corner of Siargao.",9.7821199,126.1552894,https://www.google.com/maps/place/Isla+Casita+Siargao+Homestay/data=!4m11!3m10!1s0x3303f739acb96641:0x8888d897c01195!5m3!1s2026-10-31!4m1!1i2!8m2!3d9.7821199!4d126.1552894!16s%2Fg%2F11ldtj2px_!19sChIJQWa5rDn3AzMRlRHAl9iIiAA?authuser=0&hl=en&rclk=1,"hostels in General Luna, Siargao & Surigao, Philippines",General Luna
DODONG HOMESTAY 2,4.6,(8),09757951855,https://wa.me/09757951855,,https://www.facebook.com/profile.php,,"PUYANGI STREET, General Luna, 8419 Surigao del Norte",https://www.facebook.com/profile.php?id=100064009384784,https://lh3.googleusercontent.com/gps-cs-s/APNQkAGKVDAqMgEGLnOsD9aRVo3J446O9wm72NoHDnRjFE8e0QLp53C2kylB1aM3XhEsRviAP7Zy9padwDamjp3I5ZR5hyl9Rc8hndkDVhPVZW4RiriwxrwCGtvfEYUwla8j4B5Y5FR1MatD85s5=w2048-h1536-k-no,,"A low-key local spot in the heart of General Luna, Siargao's lively surf-town hub, DODONG HOMESTAY 2 keeps a modest online footprint. It currently sits at 4.6 across 8 reviews. Honest read: only a handful of reviews so far, but early feedback leans positive. Best for: travelers exploring this corner of Siargao.",9.7877785,126.1617371,https://www.google.com/maps/place/DODONG+HOMESTAY+2/data=!4m11!3m10!1s0x3303f706ce4f0797:0x1775d7d85de9aceb!5m3!1s2026-10-31!4m1!1i2!8m2!3d9.7877785!4d126.1617371!16s%2Fg%2F11w92p_3ms!19sChIJlwdPzgb3AzMR66zpXdjXdRc?authuser=0&hl=en&rclk=1,"hostels in General Luna, Siargao & Surigao, Philippines",General Luna
The Smiling Pig Hostel,4.7,(44),09669357420,https://wa.me/09669357420,http://instagram.com/smilingpighostel,https://www.facebook.com/smilingpighostel,,"Q5R6+2QH, Tourism Rd, Barangay 5, General Luna, 8419 Surigao del Norte",http://instagram.com/smilingpighostel,https://lh3.googleusercontent.com/gps-cs-s/APNQkAF_fo3zsHq9RK5sIS2uCnOyGiSAOHdHGtrzidKnXmrjjQvZZ3GUEgrkPfXJlQmIcZV9PsiFq8iOJWmPR9KhH6C3DuOKPbY2kbFLI448jwZpV6FsPrqZCPIFytO5OwAzijnYOkNO=w2048-h1536-k-no,"Free Wi-Fi, Parking, Kid-friendly, Garden","A low-key local spot in the heart of General Luna, Siargao's lively surf-town hub, The Smiling Pig Hostel keeps a modest online footprint. It currently sits at 4.7 across 44 reviews. Amenities include free wi-fi, parking, kid-friendly, garden. Best for: travelers exploring this corner of Siargao.",9.7906756,126.1615597,https://www.google.com/maps/place/The+Smiling+Pig+Hostel/data=!4m11!3m10!1s0x3303f61bb2e1f37f:0xdc0de4edae8daefb!5m3!1s2026-10-31!4m1!1i2!8m2!3d9.7906756!4d126.1615597!16s%2Fg%2F11c1t5s7xs!19sChIJf_Phshv2AzMR-66Nru3kDdw?authuser=0&hl=en&rclk=1,"hostels in General Luna, Siargao & Surigao, Philippines",General Luna
Communal Coliving | Siargao Coliving for Digital Nomads,5.0,(32),09054220225,https://wa.me/09054220225,https://www.instagram.com/communalcoliving/,https://www.facebook.com/communalcoliving,,"Purok 3, Brgy. Santa Fe, Siargao Island, Philippines 8419 Siargao, 8419 Surigao del Norte",https://www.communalcoliving.com/,https://lh3.googleusercontent.com/gps-cs-s/APNQkAHNV7rAZkRyJSv9Bjgn4dvugyc_fj-9cH0yJ1uzEUSiswhmFpVrElFl0ktprMmX7hc3KKAv5UUYV96AUiK3VkAEOjurQlh3NZNM5fHjJGyh9HEp7I0-A0zmz3Y1sxhwAyTDQsA=w2048-h1536-k-no,Kitchen,"A low-key local spot in the heart of General Luna, Siargao's lively surf-town hub, Communal Coliving | Siargao Coliving for Digital Nomads keeps a modest online footprint. It currently sits at 5.0 across 32 reviews. Amenities include kitchen. Best for: travelers exploring this corner of Siargao.",9.8399284,126.1355143,https://www.google.com/maps/place/Communal+Coliving+%7C+Siargao+Coliving+for+Digital+Nomads/data=!4m11!3m10!1s0x3303f9661ff80d53:0xac4e88214c76611c!5m3!1s2026-10-31!4m1!1i2!8m2!3d9.8399284!4d126.1355143!16s%2Fg%2F11w9shpgrt!19sChIJUw34H2b5AzMRHGF2TCGITqw?authuser=0&hl=en&rclk=1,"hostels in General Luna, Siargao & Surigao, Philippines",General Luna
PREMIERE HAVEN HOSTEL SIARGAO,4.6,(5),29896891,https://wa.me/29896891,,https://www.facebook.com/profile.php,,"Q5P3+2CG, General Luna, Surigao del Norte",https://elistravelexperience.com/premiere-haven-riders-camp-philippines,https://lh3.googleusercontent.com/gps-cs-s/APNQkAG5z64pxY33G7luiCtctFuRhASuKMWl9s5WkzNHWfjKMK1fKmr2ZJFobt-YoaE-FE4eCtVkC8T1imxJJgpYYm3lHR6sqbS5yXcC6mJq1fV3sYUSX3roNEU9X2AqpveIMmG_3Afo=w2048-h1536-k-no,Pet-friendly,"A low-key local spot in the heart of General Luna, Siargao's lively surf-town hub, PREMIERE HAVEN HOSTEL SIARGAO keeps a modest online footprint. It currently sits at 4.6 across 5 reviews. Honest read: only a handful of reviews so far, but early feedback leans positive. Amenities include pet-friendly. Best for: travelers exploring this corner of Siargao.",9.7850726,126.1535803,https://www.google.com/maps/place/PREMIERE+HAVEN+HOSTEL+SIARGAO/data=!4m11!3m10!1s0x3303f7bd213cf44f:0x4077c76f7f45fbd0!5m3!1s2026-10-31!4m1!1i2!8m2!3d9.7850726!4d126.1535803!16s%2Fg%2F11j3fyfl3g!19sChIJT_Q8Ib33AzMR0PtFf2_Hd0A?authuser=0&hl=en&rclk=1,"hostels in General Luna, Siargao & Surigao, Philippines",General Luna
Kysia Beach Inn Siargao,5.0,(1),09094806679,https://wa.me/09094806679,,https://m.facebook.com/kysiabeachinn,,"Q5R6+5M9, Tourism Rd, General Luna, Surigao del Norte",https://m.facebook.com/kysiabeachinn/?refid=46&__xts__%5B0%5D=12.%7B%22unit_id_click_type%22%3A%22graph_search_results_item_tapped%22%2C%22click_type%22%3A%22result%22%2C%22module_id%22%3A1%2C%22result_id%22%3A100481424648066%2C%22session_id%22%3A%22dae687f0e00d34ebdd0324a5e9ee3c51%22%2C%22module_role%22%3A%22ENTITY_PLACES%22%2C%22unit_id%22%3A%22browse_rl%3Adae2cb24-c846-49f9-ab08-17e8b9dbbb52%22%2C%22browse_result_type%22%3A%22browse_type_page%22%2C%22unit_id_result_id%22%3A100481424648066%2C%22module_result_position%22%3A0%7D&_rdr,https://lh3.googleusercontent.com/gps-cs-s/APNQkAES0904R5jQwSdpWPXcPFZ4k5cnOJT8Fb7TUPaTVIJDbG0vx-sjZ-At73UNqor6VpHW3B4LbsiAKFhAasa2vuth1vCIpIx5kaiEbo2CWfBxYOL2qfYBQRUAYj9isB_8WdJcdxN3GA=w2048-h1536-k-no,"Free Wi-Fi, Parking, Garden","A low-key local spot in the heart of General Luna, Siargao's lively surf-town hub, Kysia Beach Inn Siargao keeps a modest online footprint. It currently sits at 5.0 across 1 review. Honest read: only a handful of reviews so far, but early feedback leans positive. Amenities include free wi-fi, parking, garden. Best for: travelers exploring this corner of Siargao.",9.7904074,126.161734,https://www.google.com/maps/place/Kysia+Beach+Inn+Siargao/data=!4m11!3m10!1s0x3303f731d632265f:0x58d978477eef63d3!5m3!1s2026-10-31!4m1!1i2!8m2!3d9.7904074!4d126.161734!16s%2Fg%2F11j3xfsck5!19sChIJXyYy1jH3AzMR02Pvfkd42Vg?authuser=0&hl=en&rclk=1,"hostels in General Luna, Siargao & Surigao, Philippines",General Luna
Yara Homestay Siargao,4.5,(29),09175551233,https://wa.me/09175551233,https://www.instagram.com/yarahomestay,https://facebook.com/Yara.Siargao/,,"Macalaya Rd, Purok 5, General Luna, 8419 Surigao del Norte",http://yarahomestay.com/,https://lh3.googleusercontent.com/gps-cs-s/APNQkAFe69JCpMHC1Rzq-GH9YZuuUqCmhhVktXodBF_oOki9M9yG9x1dt29ON_SF5dKtMcoxfQNPZ2U0NTbVWsjHIFmnfEUbuZUvUc_gvnLhrz5Fj70c4AIEcdM3i8fSierjUTTD-_FikMBPfGM=w2048-h1536-k-no,"Free Wi-Fi, Air-conditioned, Pool, Outdoor pool, Spa, Fitness center, Free parking, Pet-friendly, Smoke-free, Restaurant","A low-key local spot in the heart of General Luna, Siargao's lively surf-town hub, Yara Homestay Siargao keeps a modest online footprint. It currently sits at 4.5 across 29 reviews. Amenities include free wi-fi, air-conditioned, pool, outdoor pool. Best for: travelers exploring this corner of Siargao.",9.7951216,126.1536149,https://www.google.com/maps/place/Yara+Homestay+Siargao/data=!4m11!3m10!1s0x3303f75427e6c07d:0x25d00de1d84717e2!5m3!1s2026-10-31!4m1!1i2!8m2!3d9.7951216!4d126.1536149!16s%2Fg%2F11sx33x5xg!19sChIJfcDmJ1T3AzMR4hdH2OEN0CU?authuser=0&hl=en&rclk=1,"hostels in General Luna, Siargao & Surigao, Philippines",General Luna
Moringa Private Room,5.0,(26),09389504235,https://wa.me/09389504235,https://www.instagram.com/moringainn,https://www.facebook.com/profile.php,,"Pob. 05 Tourism Rd, General Luna, 8419 Surigao del Norte",https://www.facebook.com/profile.php?id=61562173901073,https://lh3.googleusercontent.com/gps-cs-s/APNQkAHZ5Fv5ATl7ui1LjRr2qj5Dv0qQgXQgZl5dMgMomt4EgZJIVCiXKnUmIUKj62ZMavuKj9xQVaB3m5Q6J219V9N71LofVYvoZPEp8GfeBmh0T2974yQVkS_wkUEyXfziWHY2MCIU=w2048-h1536-k-no,,"A low-key local spot in the heart of General Luna, Siargao's lively surf-town hub, Moringa Private Room keeps a modest online footprint. It currently sits at 5.0 across 26 reviews. It sits among the many small, locally-run spots that give Siargao its laid-back character. Best for: travelers exploring this corner of Siargao.",9.7863626,126.1609508,https://www.google.com/maps/place/Moringa+Private+Room/data=!4m11!3m10!1s0x3303f7c81ecf56ff:0x171fe3c2458bcd3!5m3!1s2026-10-31!4m1!1i2!8m2!3d9.7863626!4d126.1609508!16s%2Fg%2F11w2fnrzv0!19sChIJ_1bPHsj3AzMR07xYJDz-cQE?authuser=0&hl=en&rclk=1,"hostels in General Luna, Siargao & Surigao, Philippines",General Luna
Theresa.Siargao,5.0,(1),,,,https://www.facebook.com/flx/warn/?u=https,,"Q5W3+63V, General Luna, Surigao del Norte",https://l.facebook.com/l.php?u=https%3A%2F%2Fairbnb.com%2Fh%2Ftheresasiargao%3Ffbclid%3DIwZXh0bgNhZW0CMTAAYnJpZBExNE1BUzNjQXROR0daN29ncQEeFDJCWd26APHdUA1Wpkj_Mdkpt56BEnGNNvQPj81dJueFbUwmIj0OV3ss460_aem_eQX0FlETsMmSnl7LeEsiTw&h=AT0YlR5CJfnSIDGHUfes9ry2QdwSbceZwxB2SYIZUrU_Qy81FFE0ksn1G_5Uj5V9gzaG9etidCUM4--22ol29wpmJI0bIIYh1fSp2kJQo8lhUD8-BXjOpIx870sR1fuerq6wUMcmOpNCXQRdpFtWe3m4VxM,https://lh3.googleusercontent.com/gps-cs-s/APNQkAFCisl9nYMTbQ-IQQxa3Fe9uhIeCWpNg4sUqpkyvP0VcHrKVjZO_MXGqGnHbDv8cOtozDjeeKnRavj7nNXOgnX2yP2gg7LFmd_eBLuj0DQHYJMjFHi0yPyoQ4PHLel85tUQcVQ=w2048-h1536-k-no,,"A low-key local spot in the heart of General Luna, Siargao's lively surf-town hub, Theresa.Siargao keeps a modest online footprint. It currently sits at 5.0 across 1 review. Honest read: only a handful of reviews so far, but early feedback leans positive. Best for: travelers exploring this corner of Siargao.",9.7956002,126.1526858,https://www.google.com/maps/place/Theresa.Siargao/data=!4m11!3m10!1s0x3303f7a4b5757b81:0x547b2dd9d1171561!5m3!1s2026-10-31!4m1!1i2!8m2!3d9.7956002!4d126.1526858!16s%2Fg%2F11vzdkc49h!19sChIJgXt1taT3AzMRYRUX0dkte1Q?authuser=0&hl=en&rclk=1,"hostels in General Luna, Siargao & Surigao, Philippines",General Luna
Drift Siargao,5.0,(1),25534954,https://wa.me/25534954,,,,"Q47G+4WR, Malinao Road, Barangay Malinao Surigao del Norte, Siargao Island, General Luna, 8419",,https://lh3.googleusercontent.com/gps-cs-s/APNQkAEFpwAaaxN0XjoAtTXTy10Usq3IEhJXihXdNOHV0nvrxqyXJ4RHxdOJcLTH-dZZ006vgTSMMKkQLQrDu3Q95MiabWisx7p9vGkV0YlGA8pBz-otbiv4_z_g-I0FksOzb_IRyzfo=w2048-h1536-k-no,,"A low-key local spot in the heart of General Luna, Siargao's lively surf-town hub, Drift Siargao keeps a modest online footprint. It currently sits at 5.0 across 1 review. Honest read: only a handful of reviews so far, but early feedback leans positive. Best for: travelers exploring this corner of Siargao.",9.762854,126.127267,https://www.google.com/maps/place/Drift+Siargao/data=!4m11!3m10!1s0x3303f70753133c8d:0x69927647e4c40d30!5m3!1s2026-10-31!4m1!1i2!8m2!3d9.762854!4d126.127267!16s%2Fg%2F11mnbwyzjl!19sChIJjTwTUwf3AzMRMA3E5Ed2kmk?authuser=0&hl=en&rclk=1,"hostels in General Luna, Siargao & Surigao, Philippines",General Luna
Diwa Siargao,4.7,(82),09453443812,https://wa.me/09453443812,https://instagram.com/diwasiargao,https://www.facebook.com/diwasiargao,,"Diwa Siargao Barangay, Malinao, General Luna, 8419 Surigao del Norte",http://www.diwasiargao.com/,https://lh3.googleusercontent.com/gps-cs-s/APNQkAEVgdZnSR2JPjL4F4xFI9OGSxCoXcelL06_1kPcECW4_fOVbHC8mOxFgVoyNl2mkHNQrY7i3QL7NiibCCwRMAfT1ZD0UiAqK1YhokLcmjaBE1y9t0JG67rCE0TEx9fZC7g3B2Tx=w2048-h1536-k-no,"Free Wi-Fi, Free breakfast, Air-conditioned, Pool, Fitness center, Free parking, Airport shuttle, Restaurant, Accessible","A low-key local spot in the heart of General Luna, Siargao's lively surf-town hub, Diwa Siargao keeps a modest online footprint. It currently sits at 4.7 across 82 reviews. Amenities include free wi-fi, free breakfast, air-conditioned, pool. Best for: travelers exploring this corner of Siargao.",9.7770433,126.1413124,https://www.google.com/maps/place/Diwa+Siargao/data=!4m11!3m10!1s0x3303f735761ed5b3:0xe96712b570696f01!5m3!1s2026-10-31!4m1!1i2!8m2!3d9.7770433!4d126.1413124!16s%2Fg%2F11h6t819lj!19sChIJs9UedjX3AzMRAW9pcLUSZ-k?authuser=0&hl=en&rclk=1,"hotels in General Luna, Siargao & Surigao, Philippines",General Luna
Patrick's on the Beach Resort & Restaurant Siargao,4.0,(441),09204317361,https://wa.me/09204317361,https://www.instagram.com/patricksonthebeach,https://www.facebook.com/patricksonthebeach,,"General Luna, Siargao Island 8419, Siargao, Surigao del Norte",http://www.patricksonthebeach.com/,https://lh3.googleusercontent.com/gps-cs-s/APNQkAHfObKekbFagZPqHix2uAE2I2DhQpwGRyITnhhGl5HWEdExFlHeAqc1ayRflAzKIWK7mZ7cAnNgGELGgyDSo_xQX8CBQDtozEYz_a0quU2jvpP_wV2tfnCafdtJfNJ7cdp30EC3=w2048-h1536-k-no,"Free Wi-Fi, Breakfast, Air-conditioned, Pool, Fitness center, Free parking, Airport shuttle, Pet-friendly, Restaurant, Bar, Room service, Beach access, Kid-friendly","An established spot in the heart of General Luna, Siargao's lively surf-town hub, Patrick's on the Beach Resort & Restaurant Siargao has clearly built a following with a sizeable review count. It currently sits at 4.0 across 441 reviews. Honest read: a solid-not-spectacular 4.0 rating, dependable rather than dazzling. Amenities include free wi-fi, breakfast, air-conditioned, pool. Best for: travelers exploring this corner of Siargao.",9.7841767,126.1600834,https://www.google.com/maps/place/Patrick%27s+on+the+Beach+Resort+%26+Restaurant+Siargao/data=!4m11!3m10!1s0x330409d5467d8141:0x9ec5138da66a707b!5m3!1s2026-10-31!4m1!1i2!8m2!3d9.7841767!4d126.1600834!16s%2Fg%2F1thsnxxb!19sChIJQYF9RtUJBDMRe3Bqpo0TxZ4?authuser=0&hl=en&rclk=1,"hotels in General Luna, Siargao & Surigao, Philippines",General Luna
Romantic Beach Villas,4.4,(569),09772957065,https://wa.me/09772957065,,https://www.facebook.com/tr?id=4157617557804237&ev=PageView&noscript=1,,"Gen. Luna St, General Luna, 8407 Surigao del Norte",http://www.islandsiargao.com/,https://lh3.googleusercontent.com/gps-cs-s/APNQkAF1skNdhk0zesaYxgLihWeuiqIAbcv9wB6rtq3QgftySC9_oKNnfms_wGUlpRPntn8ab5tNEL7VfIaeKsk3rtqfL8MRaLnIsJteYSsHWQBaHy8cVZ73gCOIBQKqqf1JigIaZzF1tw=w2048-h1536-k-no,"Free Wi-Fi, Breakfast, Air-conditioned, Pool, Outdoor pool, Hot tub, Fitness center, Parking, Airport shuttle, Pet-friendly, Restaurant, Bar, Room service, Laundry service, Laundry, Beach access, Kid-friendly, Garden","An established spot in the heart of General Luna, Siargao's lively surf-town hub, Romantic Beach Villas has clearly built a following with a sizeable review count. It currently sits at 4.4 across 569 reviews. Amenities include free wi-fi, breakfast, air-conditioned, pool. Best for: travelers exploring this corner of Siargao.",9.7895876,126.1630651,https://www.google.com/maps/place/Romantic+Beach+Villas/data=!4m11!3m10!1s0x3303f61c0a58b41b:0x99f637987cec856f!5m3!1s2026-10-31!4m1!1i2!8m2!3d9.7895876!4d126.1630651!16s%2Fg%2F119wv2ky6!19sChIJG7RYChz2AzMRb4XsfJg39pk?authuser=0&hl=en&rclk=1,"hotels in General Luna, Siargao & Surigao, Philippines",General Luna
Bravo Beach Resort Siargao,4.4,(904),09998778518,https://wa.me/09998778518,https://www.instagram.com/bravosiargao/,https://www.facebook.com/bravosiargao,,"Tourism Rd, Poblacion 5, General Luna, 8419 Surigao del Norte",http://www.bravosiargao.com/,https://lh3.googleusercontent.com/gps-cs-s/APNQkAHb60s5xkxddfA8PETgAXyGCQE5Wj3a0wYFhaddtOZJ-hamQwY_x_dwzg7Svy5MbnCSWKv7efeR_3gWvsXzdD2L0TO4lzk1AsuvhE6NyZiwyTaKkfwx7e5MWdYnJ744zkUyXlgs=w2048-h1536-k-no,"Free Wi-Fi, Breakfast, Air-conditioned, Pool, Outdoor pool, Fitness center, Free parking, Airport shuttle, Pet-friendly, Smoke-free, Restaurant, Bar, Room service, Laundry service, Laundry, Beach access, Kid-friendly, Accessible","An established spot in the heart of General Luna, Siargao's lively surf-town hub, Bravo Beach Resort Siargao has clearly built a following with a sizeable review count. It currently sits at 4.4 across 904 reviews. Amenities include free wi-fi, breakfast, air-conditioned, pool. Best for: travelers exploring this corner of Siargao.",9.7917881,126.162351,https://www.google.com/maps/place/Bravo+Beach+Resort+Siargao/data=!4m11!3m10!1s0x3303f61b88f26039:0xfeaaeb2fefe65ba5!5m3!1s2026-10-31!4m1!1i2!8m2!3d9.7917881!4d126.162351!16s%2Fg%2F11b6yrvsrh!19sChIJOWDyiBv2AzMRpVvm7y_rqv4?authuser=0&hl=en&rclk=1,"hotels in General Luna, Siargao & Surigao, Philippines",General Luna
Flo Island Home,4.2,(31),09625193118,https://wa.me/09625193118,https://www.instagram.com/floislandhome,https://www.facebook.com/flolifestylebnb,,"General Luna, 8419 Surigao del Norte",,https://lh5.googleusercontent.com/proxy/-LQs6DUIRVjlXehZz6hGKhsKKjQMnZjkwc3ftliBVkdnelEfojkx31Oq6ulq5joJfATXdwjMwVubhxYgoF-64__qEBCNFX0cNqpAahtWhNV1WqUswy6SbTSFxhQSEPSvRokhr9qpBfJQ4C4lzY5-qLhC6WLXyT4=w2048-h1536-k-no,"Free Wi-Fi, Air-conditioned, Pool, Fitness center, Free parking, Pet-friendly, Restaurant, Bar","A low-key local spot in the heart of General Luna, Siargao's lively surf-town hub, Flo Island Home keeps a modest online footprint. It currently sits at 4.2 across 31 reviews. Amenities include free wi-fi, air-conditioned, pool, fitness center. Best for: travelers exploring this corner of Siargao.",9.786629,126.1590694,https://www.google.com/maps/place/Flo+Island+Home/data=!4m11!3m10!1s0x3303f61f25d98651:0x83a3f1ff5ef39ca2!5m3!1s2026-10-31!4m1!1i2!8m2!3d9.786629!4d126.1590694!16s%2Fg%2F11tnm781rz!19sChIJUYbZJR_2AzMRopzzXv_xo4M?authuser=0&hl=en&rclk=1,"hotels in General Luna, Siargao & Surigao, Philippines",General Luna
Dahun Villas Siargao,4.3,(58),09176221251,https://wa.me/09176221251,,https://www.facebook.com/dahunvillassiargao,,"Tourism, Siargao Island, Purok2, Malinao Rd, General Luna, Surigao del Norte",https://www.facebook.com/dahunvillassiargao/,https://lh3.googleusercontent.com/gps-cs-s/APNQkAEHcvruBcp6I7VPCBghC2_VU4y0EQFOXcg92p2Dn-NobBKHYbaoAMgZp8JMx4IaKrLaxt1z54mfg_p2BPmaqLLAN9kxXRLq1ZOXrXf6n121bO7EV-vDTSxJol9Z2Cbjuov-hJuNKQ=w2048-h1536-k-no,"Free Wi-Fi, Breakfast, Air-conditioned, Pool, Fitness center, Free parking, Airport shuttle, Pet-friendly, Restaurant, Kid-friendly","A low-key local spot in the heart of General Luna, Siargao's lively surf-town hub, Dahun Villas Siargao keeps a modest online footprint. It currently sits at 4.3 across 58 reviews. Amenities include free wi-fi, breakfast, air-conditioned, pool. Best for: travelers exploring this corner of Siargao.",9.7772861,126.1413211,https://www.google.com/maps/place/Dahun+Villas+Siargao/data=!4m11!3m10!1s0x3303f714d4b53079:0x1effc256cd4803a7!5m3!1s2026-10-31!4m1!1i2!8m2!3d9.7772861!4d126.1413211!16s%2Fg%2F11gr63bsqn!19sChIJeTC11BT3AzMRpwNIzVbC_x4?authuser=0&hl=en&rclk=1,"hotels in General Luna, Siargao & Surigao, Philippines",General Luna
Big Waves Boutique Hotel,4.6,(55),09175245588,https://wa.me/09175245588,,https://www.facebook.com/bigwavessiargaohotel,,"Q5M3+H9P, General Luna, Surigao del Norte",,https://lh3.googleusercontent.com/gps-cs-s/APNQkAFPBMa93iHpehPh5FOD3XlnT8SxVV0nOq0uvBtj5ISKB4udkf-16Ue62BA1GhAsJ5f7mwe5XA6wkMKmDVWgttwt1dJ6AUVYaIJvaKwfhHJif8Lj9U-8TxdUBWhYocKRf9wf0QC_=w2048-h1536-k-no,Free parking,"A low-key local spot in the heart of General Luna, Siargao's lively surf-town hub, Big Waves Boutique Hotel keeps a modest online footprint. It currently sits at 4.6 across 55 reviews. Amenities include free parking. Best for: travelers exploring this corner of Siargao.",9.7840009,126.1534572,https://www.google.com/maps/place/Big+Waves+Boutique+Hotel/data=!4m11!3m10!1s0x3303f71485d876c1:0x64adc59c678a54f9!5m3!1s2026-10-31!4m1!1i2!8m2!3d9.7840009!4d126.1534572!16s%2Fg%2F11v119cbb6!19sChIJwXbYhRT3AzMR-VSKZ5zFrWQ?authuser=0&hl=en&rclk=1,"hotels in General Luna, Siargao & Surigao, Philippines",General Luna
Mera's Garden Siargao,3.9,(8),09387692245,https://wa.me/09387692245,,https://www.facebook.com/p,,"P-5, General Luna, 8419 Surigao del Norte",,https://lh3.googleusercontent.com/gps-cs-s/APNQkAFKf7c95jB9sfjHrY07A7y4jOd9Ps-ebdeymgOkUinGMCWFZY7gLI_y6fvIn1Qsf2913zMV8VQIQXk3DGGDJzOUcH36fUTcpOGdyBs4JgsdL1MHgWAGIuiuFmy72kvKdbaGiGmad2Cz1cA=w2048-h1536-k-no,"Free Wi-Fi, Parking, Garden","A low-key local spot in the heart of General Luna, Siargao's lively surf-town hub, Mera's Garden Siargao keeps a modest online footprint. It currently sits at 3.9 across 8 reviews. Honest read: only a handful of reviews so far, but early feedback leans positive. Amenities include free wi-fi, parking, garden. Best for: travelers exploring this corner of Siargao.",9.7912367,126.1621727,https://www.google.com/maps/place/Mera%27s+Garden+Siargao/data=!4m11!3m10!1s0x3303f7c6e300a7bb:0xc62e43abd388af5!5m3!1s2026-10-31!4m1!1i2!8m2!3d9.7912367!4d126.1621727!16s%2Fg%2F11j7kb8p1w!19sChIJu6cA48b3AzMR9Yo4vTrkYgw?authuser=0&hl=en&rclk=1,"hotels in General Luna, Siargao & Surigao, Philippines",General Luna
3Kid’s Homestay,4.3,(22),09501467017,https://wa.me/09501467017,,,,"Bonifacio, Poblacion IV, General Luna, 8419 Surigao del Norte",,https://lh3.googleusercontent.com/gps-cs-s/APNQkAEZxjdm8Rm9pXFvhGRJBNGALjDJhyHcAoTUMLin3GTEYQ-H3hTOnlsWWKGWooJpthOE1UrcvMrom3V1JokZL-smOJTzyNmzQzknF9c36otFkLxL_f9-5Fb3pBMyuS79RBSRg31p0Q=w2048-h1536-k-no,Free parking,"A low-key local spot in the heart of General Luna, Siargao's lively surf-town hub, 3Kid’s Homestay keeps a modest online footprint. It currently sits at 4.3 across 22 reviews. Amenities include free parking. Best for: travelers exploring this corner of Siargao.",9.7845285,126.1544368,https://www.google.com/maps/place/3Kid%E2%80%99s+Homestay/data=!4m11!3m10!1s0x3303f7842fc5d26f:0x105dd80984ebed61!5m3!1s2026-10-31!4m1!1i2!8m2!3d9.7845285!4d126.1544368!16s%2Fg%2F11gjxcb2lp!19sChIJb9LFL4T3AzMRYe3rhAnYXRA?authuser=0&hl=en&rclk=1,"hotels in General Luna, Siargao & Surigao, Philippines",General Luna
Secret Spot Siargao Eco-Homestay,4.6,(65),0868093571,https://wa.me/0868093571,,http://www.facebook.com/secretspotsiargao,,"Tourism Rd, General Luna, 8419 Surigao del Norte",http://www.secretspotsiargao.com/,https://lh3.googleusercontent.com/gps-cs-s/APNQkAGkZJT-FJ66hMUWCiy04CPfcDRfa7vwJn5w36Yu1_yaSO2kQPTnPKtrctf3g2_yUpjFACYq0TqT4mSDc_hsSVnL-mjG8kJcUJduOCg5F7owlns_JK5FsEM5_2wJJAib38kAcGNW=w2048-h1536-k-no,"Free Wi-Fi, Air-conditioned, Pool, Fitness center, Parking, Airport shuttle, Pet-friendly, Restaurant, Beach access, Kid-friendly","A low-key local spot in the heart of General Luna, Siargao's lively surf-town hub, Secret Spot Siargao Eco-Homestay keeps a modest online footprint. It currently sits at 4.6 across 65 reviews. Amenities include free wi-fi, air-conditioned, pool, fitness center. Best for: travelers exploring this corner of Siargao.",9.7767251,126.1414705,https://www.google.com/maps/place/Secret+Spot+Siargao+Eco-Homestay/data=!4m11!3m10!1s0x3303f7427041f5e9:0xe188423e888cc6d5!5m3!1s2026-10-31!4m1!1i2!8m2!3d9.7767251!4d126.1414705!16s%2Fg%2F11fd41srjm!19sChIJ6fVBcEL3AzMR1caMiD5CiOE?authuser=0&hl=en&rclk=1,"hotels in General Luna, Siargao & Surigao, Philippines",General Luna
Journeyy INN,5.0,(10),09275035239,https://wa.me/09275035239,https://instagram.com/journeyyinn,https://facebook.com/journeyinnsiargao,,"Buyudbudhan Purok 5, General Luna, 8419 Surigao del Norte",https://linktr.ee/journeyyinnsiargao,https://lh3.googleusercontent.com/gps-cs-s/APNQkAHqrWRaLEhimZ8_vCnlzRxkCby61SZJxmna9kJRIyWegNrT8hus-ispDDMErrJe54VAniZb9kYEt7tT8xiKjZdutDVoAdie_I6YwUHpYsoIjTE7BHes3s1oq0WMdniQi9RWIX8ri8o4P1U=w2048-h1536-k-no,,"A low-key local spot in the heart of General Luna, Siargao's lively surf-town hub, Journeyy INN keeps a modest online footprint. It currently sits at 5.0 across 10 reviews. Honest read: only a handful of reviews so far, but early feedback leans positive. Best for: travelers exploring this corner of Siargao.",9.7950851,126.1518134,https://www.google.com/maps/place/Journeyy+INN/data=!4m11!3m10!1s0x4caa348c53c62223:0x7e7d970bb4d57a9d!5m3!1s2026-10-31!4m1!1i2!8m2!3d9.7950851!4d126.1518134!16s%2Fg%2F11zjlq_mv8!19sChIJIyLGU4w0qkwRnXrVtAuXfX4?authuser=0&hl=en&rclk=1,"hotels in General Luna, Siargao & Surigao, Philippines",General Luna
Fazzah de Siargao,5.0,(2),,,,https://www.facebook.com/profile.php,,"Poblacion V Purok V, General Luna, 8419 Surigao del Norte",https://www.facebook.com/profile.php?id=61575267231559&mibextid=JRoKGi,https://lh3.googleusercontent.com/gps-cs-s/APNQkAEYu3xsmF29hRb7P0FGTm7SrRj3pq7S37VWd_8I2yKSheo7XOj3hGaelHkB2OyDkUeiYHW3YIMeO6R79Xi6OAoHHEBVvAgbn_fBuqnaFo3q4dUKB2s1xKS9UFBgPCfljM98MDKLYMWBru27=w2048-h1536-k-no,"Free Wi-Fi, Breakfast, Air-conditioned, Pool, Fitness center, Free parking, Airport shuttle, Pet-friendly, Smoke-free, Restaurant, Accessible","A low-key local spot in the heart of General Luna, Siargao's lively surf-town hub, Fazzah de Siargao keeps a modest online footprint. It currently sits at 5.0 across 2 reviews. Honest read: only a handful of reviews so far, but early feedback leans positive. Amenities include free wi-fi, breakfast, air-conditioned, pool. Best for: travelers exploring this corner of Siargao.",9.7889456,126.1612502,https://www.google.com/maps/place/Fazzah+de+Siargao/data=!4m11!3m10!1s0x3303f7fd31693b0d:0xc25923f5f4bf33ad!5m3!1s2026-10-31!4m1!1i2!8m2!3d9.7889456!4d126.1612502!16s%2Fg%2F11md7d2658!19sChIJDTtpMf33AzMRrTO_9PUjWcI?authuser=0&hl=en&rclk=1,"hotels in General Luna, Siargao & Surigao, Philippines",General Luna
Copacabana Siargao | Boutique Hotel + Artcafé,4.8,(82),09108024121,https://wa.me/09108024121,https://www.instagram.com/copacabana.iao,https://www.facebook.com/copacabana.iao,,"Tourism Rd, Purok 5, General Luna, 8419 Surigao del Norte",,https://lh3.googleusercontent.com/gps-cs-s/APNQkAGGG87_bRFPL7QLepRrRcYGAj-CPH824eQkUCqlxghYl7-tziU2j3fMOOjSAZjWWF7QrF9YPJZlUU9J83t0ZHoKSP5E2Fon6Eq92xVvCjRpckFNmLOIGE1L8ZknRnLFbP_tQcLYAA=w2048-h1536-k-no,"Free Wi-Fi, Breakfast, Air-conditioned, Pool, Fitness center, Free parking, Airport shuttle, Pet-friendly, Restaurant, Accessible","A low-key local spot in the heart of General Luna, Siargao's lively surf-town hub, Copacabana Siargao | Boutique Hotel + Artcafé keeps a modest online footprint. It currently sits at 4.8 across 82 reviews. Amenities include free wi-fi, breakfast, air-conditioned, pool. Best for: travelers exploring this corner of Siargao.",9.7878373,126.1612349,https://www.google.com/maps/place/Copacabana+Siargao+%7C+Boutique+Hotel+%2B+Artcaf%C3%A9/data=!4m11!3m10!1s0x3303f70638c431a9:0x675c20dce4f22852!5m3!1s2026-10-31!4m1!1i2!8m2!3d9.7878373!4d126.1612349!16s%2Fg%2F11vysdxxc6!19sChIJqTHEOAb3AzMRUijy5NwgXGc?authuser=0&hl=en&rclk=1,"hotels in General Luna, Siargao & Surigao, Philippines",General Luna
Ronaldo's Inn Siargao by Cocotel,3.9,(17),09173077462,https://wa.me/09173077462,,https://www.facebook.com/CocotelRonaldos,,"Q5P5+2VQ, Tourism Rd, General Luna, 8419 Surigao del Norte",http://www.cocotel.com.ph/,https://lh3.googleusercontent.com/gps-cs-s/APNQkAE9jEEQ2X2mnXGyf3SwDxVuz_3-YV46Vt9rJUrQyNQI6y0cYvIvSiP-mMtezwIUiCU5hBrmAuISeXlHYn5lyuDyfi9noJTXUzSA5EMTI3C5iQ7OcG9b9NHw3h6p3N0Tcol5rOi_zT3n_cIa=w2048-h1536-k-no,"Free Wi-Fi, Air-conditioned, Pool, Fitness center, Free parking, Airport shuttle, Pet-friendly, Restaurant, Beach access","A low-key local spot in the heart of General Luna, Siargao's lively surf-town hub, Ronaldo's Inn Siargao by Cocotel keeps a modest online footprint. It currently sits at 3.9 across 17 reviews. Amenities include free wi-fi, air-conditioned, pool, fitness center. Best for: travelers exploring this corner of Siargao.",9.785088,126.1597421,https://www.google.com/maps/place/Ronaldo%27s+Inn+Siargao+by+Cocotel/data=!4m11!3m10!1s0x3303f6172a6f18af:0x7d5d40bca19271d1!5m3!1s2026-10-31!4m1!1i2!8m2!3d9.785088!4d126.1597421!16s%2Fg%2F11h1dt5b_3!19sChIJrxhvKhf2AzMR0XGSobxAXX0?authuser=0&hl=en&rclk=1,"hotels in General Luna, Siargao & Surigao, Philippines",General Luna
LOVE BK siargao tourist inn,4.2,(5),09515136631,https://wa.me/09515136631,,https://www.facebook.com/people,,"Poblacion V (Purok V, General Luna, Surigao del Norte",,https://lh3.googleusercontent.com/gps-cs-s/APNQkAGvExWdpavnoSU6URY8A1bu4Cw25jsbp9NytclROkHWg2KTGnd-HmMORi_EC_Z62qQ1Cxcq8OAu0q2FnBslPUq0dEqZezjZI2gVezpilQVvd7edJKrqT0KXoVboMMY8rJXK21XLbDGPkcP0=w2048-h1536-k-no,,"A low-key local spot in the heart of General Luna, Siargao's lively surf-town hub, LOVE BK siargao tourist inn keeps a modest online footprint. It currently sits at 4.2 across 5 reviews. Honest read: only a handful of reviews so far, but early feedback leans positive. Best for: travelers exploring this corner of Siargao.",9.7913544,126.1523591,https://www.google.com/maps/place/LOVE+BK+siargao+tourist+inn/data=!4m11!3m10!1s0x3303f7003fe71025:0x7eea40e533015a5e!5m3!1s2026-10-31!4m1!1i2!8m2!3d9.7913544!4d126.1523591!16s%2Fg%2F11wmvtgxrb!19sChIJJRDnPwD3AzMRXloBM-VA6n4?authuser=0&hl=en&rclk=1,"hotels in General Luna, Siargao & Surigao, Philippines",General Luna
Little Nap Inn,4.3,(26),,,https://www.instagram.com/littlenapsiargao/,https://www.facebook.com/littlenapsiargao,,"Tourism Rd, General Luna, Surigao del Norte",http://littlenapsiargao.com/,https://lh3.googleusercontent.com/gps-cs-s/APNQkAHrGN-CeSQB7TOJzLV1UgnurCJH9-_KklBG-GV7hCE0edMn0eP-9Mz8S8BsgBUxpPM9Q6h2ooEF2GQM7tVUI3QPvD8Txb-j0b98Dtp3CJan3SMQPkYYIlWQn1AWQrMH_expaHCn=w2048-h1536-k-no,"Free Wi-Fi, Air-conditioned, Pool, Fitness center, Parking, Restaurant, Beach access, Wheelchair accessible, Wheelchair accessible entrance, Accessible","A low-key local spot in the heart of General Luna, Siargao's lively surf-town hub, Little Nap Inn keeps a modest online footprint. It currently sits at 4.3 across 26 reviews. Amenities include free wi-fi, air-conditioned, pool, fitness center. Best for: travelers exploring this corner of Siargao.",9.7858497,126.1616053,https://www.google.com/maps/place/Little+Nap+Inn/data=!4m11!3m10!1s0x3304097d1535ed79:0x9d18ee8e915891cf!5m3!1s2026-10-31!4m1!1i2!8m2!3d9.7858497!4d126.1616053!16s%2Fg%2F11h0z73gsl!19sChIJee01FX0JBDMRz5FYkY7uGJ0?authuser=0&hl=en&rclk=1,"hotels in General Luna, Siargao & Surigao, Philippines",General Luna
Malipaya,5.0,(41),09171742362,https://wa.me/09171742362,,https://www.facebook.com/MalipayaSiargao,,"Bongayon, Purok Uno, General Luna, 8419 Surigao del Norte",,https://lh3.googleusercontent.com/gps-cs-s/APNQkAFQzaSuxtbgT-5sfJdrANpQOE_Z4JGZfr7mIpvS8sTnp8Q63hS6EgmY-RdGD6q9krkT83srsOCQx1Iw4lpaPzixcIkL-o2JBELuBXP_3IsTnE3qmIFhYn8bVJGdXtC5jMVzo2-0=w2048-h1536-k-no,,"A low-key local spot in the heart of General Luna, Siargao's lively surf-town hub, Malipaya keeps a modest online footprint. It currently sits at 5.0 across 41 reviews. It sits among the many small, locally-run spots that give Siargao its laid-back character. Best for: travelers exploring this corner of Siargao.",9.7776459,126.1450779,https://www.google.com/maps/place/Malipaya/data=!4m11!3m10!1s0x3303f799fefd3c8b:0x657f9592653c9709!5m3!1s2026-10-31!4m1!1i2!8m2!3d9.7776459!4d126.1450779!16s%2Fg%2F11vqn0dp97!19sChIJizz9_pn3AzMRCZc8ZZKVf2U?authuser=0&hl=en&rclk=1,"hotels in General Luna, Siargao & Surigao, Philippines",General Luna
Buddha Resort,4.5,(264),09212220669,https://wa.me/09212220669,https://www.instagram.com/apingagudo/,https://www.facebook.com/buddhasiargao,,"Siargao Island, Catangnan, General Luna, Siargao",https://buddhasiargao.com/,https://lh3.googleusercontent.com/gps-cs-s/APNQkAHqN8SjDqvpPd8fMbCY6zaz0woWguPLSPsMT2c3GRY5mvR6cgnAvIyE29g56Y7auhvr-2eLusttyAbZJiJkacK1mwtroh61OzQMgBGU8f8qESkJFNjRu9nxGbpCaJCbCktSj24v=w2048-h1536-k-no,"Free Wi-Fi, Breakfast, Air-conditioned, Pool, Fitness center, Free parking, Airport shuttle, Pet-friendly, Smoke-free, Restaurant, Bar, Laundry service, Laundry, Kid-friendly, Accessible","A well-regarded spot in the heart of General Luna, Siargao's lively surf-town hub, Buddha Resort carries a strong 4.5 rating from 264 reviews. Consistently positive feedback marks it as a dependable local pick. Amenities include free wi-fi, breakfast, air-conditioned, pool. Best for: travelers exploring this corner of Siargao.",9.796396,126.160254,https://www.google.com/maps/place/Buddha+Resort/data=!4m11!3m10!1s0x3303f61df92c9253:0xf3a1c926a5a6b7c1!5m3!1s2026-10-31!4m1!1i2!8m2!3d9.796396!4d126.160254!16s%2Fg%2F1hc6310mz!19sChIJU5Is-R32AzMRwbempSbJofM?authuser=0&hl=en&rclk=1,"hotels in General Luna, Siargao & Surigao, Philippines",General Luna
Purok 5 Tourism Road Siargao,4.8,(6),,,https://www.instagram.com/namisiargao,https://www.facebook.com/alohasiargao,,"Tourism Rd, General Luna, Surigao del Norte",,https://lh3.googleusercontent.com/gps-cs-s/APNQkAEgLy5DD9CBU4HvCx4GiYEFvKPSYTESIG3z0DrGEOo3UACC4LkGUfb68b8HI_yIHapWAzaQ4J_Emkf0fiGP-3BZL84AMLKm1DKU91K3dtHOqfzPz_iMvEkHk7HsXa_mGDar4FIdCQ=w2048-h1536-k-no,"Free Wi-Fi, Air-conditioned, Pool, Fitness center, Kid-friendly","A low-key local spot in the heart of General Luna, Siargao's lively surf-town hub, Purok 5 Tourism Road Siargao keeps a modest online footprint. It currently sits at 4.8 across 6 reviews. Honest read: only a handful of reviews so far, but early feedback leans positive. Amenities include free wi-fi, air-conditioned, pool, fitness center. Best for: travelers exploring this corner of Siargao.",9.7920093,126.1616972,https://www.google.com/maps/place/Purok+5+Tourism+Road+Siargao/data=!4m11!3m10!1s0x3303f71521760c0b:0x92b0304d31a2047f!5m3!1s2026-10-31!4m1!1i2!8m2!3d9.7920093!4d126.1616972!16s%2Fg%2F11hyd7g_2t!19sChIJCwx2IRX3AzMRfwSiMU0wsJI?authuser=0&hl=en&rclk=1,"hotels in General Luna, Siargao & Surigao, Philippines",General Luna
KASIKAS Homestay,4.5,(18),,,,https://www.facebook.com/61571273452826,,"Purok 5, General Luna, Surigao del Norte",https://www.booking.com/Share-l94MwYm,https://lh3.googleusercontent.com/gps-cs-s/APNQkAHbZN9PAdXkPjO2MzsrE4LpgB5lUgAeRl3qbinrKhoMiW7Mo_SZHv5MUysft7Mq_9W92N6F5RPCGs0yYVx2sdIOO0gXMiPVg0kBBltdsGhafKgjPKKnHsI6hJDdQcBvBKfuvlOQ=w2048-h1536-k-no,"Free Wi-Fi, Air-conditioned, Pool, Fitness center, Free parking, Airport shuttle, Pet-friendly, Smoke-free, Restaurant","A low-key local spot in the heart of General Luna, Siargao's lively surf-town hub, KASIKAS Homestay keeps a modest online footprint. It currently sits at 4.5 across 18 reviews. Amenities include free wi-fi, air-conditioned, pool, fitness center. Best for: travelers exploring this corner of Siargao.",9.7909735,126.1555891,https://www.google.com/maps/place/KASIKAS+Homestay/data=!4m11!3m10!1s0x3303f7b340eef5f1:0x5380cd3d8fd9bf9!5m3!1s2026-10-31!4m1!1i2!8m2!3d9.7909735!4d126.1555891!16s%2Fg%2F11wqb1tdg8!19sChIJ8fXuQLP3AzMR-Zv92NMMOAU?authuser=0&hl=en&rclk=1,"hotels in General Luna, Siargao & Surigao, Philippines",General Luna
PEPAYEN Homestay,4.7,(28),09079312738,https://wa.me/09079312738,,https://www.facebook.com/61567098591813,,"Q5M4+C68, Barrangay 2, General Luna, Surigao del Norte",https://elistravelexperience.com/pepayen-inn-philippines,https://lh3.googleusercontent.com/gps-cs-s/APNQkAFQQRqvtBef4bqpOUyH7z-2E4QQMfxJmJmMCACLeKIeH08BvQ8G9u4jr0vWgSvQgh9GT0wBTRJCCNChe10v-JBd-lWOV6FwHLzBjMY0U8DHwo0nF5z00kjWFcWHW-Y6Ab2YLCiC6w_0Y40=w2048-h1536-k-no,"Free Wi-Fi, Air-conditioned, Pool, Fitness center, Free parking, Restaurant","A low-key local spot in the heart of General Luna, Siargao's lively surf-town hub, PEPAYEN Homestay keeps a modest online footprint. It currently sits at 4.7 across 28 reviews. Amenities include free wi-fi, air-conditioned, pool, fitness center. Best for: travelers exploring this corner of Siargao.",9.7835316,126.15559,https://www.google.com/maps/place/PEPAYEN+Homestay/data=!4m11!3m10!1s0x3303f70baeacb277:0x56f892ae876959f8!5m3!1s2026-10-31!4m1!1i2!8m2!3d9.7835316!4d126.15559!16s%2Fg%2F11j4mhvv1n!19sChIJd7Ksrgv3AzMR-Flph66S-FY?authuser=0&hl=en&rclk=1,"hotels in General Luna, Siargao & Surigao, Philippines",General Luna
Matam-is Cafe & Homestay,4.7,(26),09151250491,https://wa.me/09151250491,https://instagram.com/matamis.iao,https://www.facebook.com/p,,"General Luna, Surigao del Norte",https://instagram.com/matamis.iao,https://lh3.googleusercontent.com/gps-cs-s/APNQkAFSUt6Ly1kRi2sCafqo9BhJA1uL_KMD6jktw-b2n5-RN6Z1U4xIJexMyYeh4C2IS1K2fuu_cR0-hQ84erBOyELRGP5lJgzv6lgTlXqTJuEQRKLEOGnwgfytsjw-91ohiFzu1ysO=w2048-h1536-k-no,Free Wi-Fi,"A low-key local spot in the heart of General Luna, Siargao's lively surf-town hub, Matam-is Cafe & Homestay keeps a modest online footprint. It currently sits at 4.7 across 26 reviews. Amenities include free wi-fi. Best for: travelers exploring this corner of Siargao.",9.7889498,126.1595706,https://www.google.com/maps/place/Matam-is+Cafe+%26+Homestay/data=!4m11!3m10!1s0x3303f78ba74efc21:0x41a76121c79b27d0!5m3!1s2026-10-31!4m1!1i2!8m2!3d9.7889498!4d126.1595706!16s%2Fg%2F11kr7dq65_!19sChIJIfxOp4v3AzMR0CebxyFhp0E?authuser=0&hl=en&rclk=1,"hotels in General Luna, Siargao & Surigao, Philippines",General Luna
Yay Lodge & Spa,4.1,(42),09497678414,https://wa.me/09497678414,,https://www.facebook.com/100068493870066,,"Q5V4+VR4, General Luna, Surigao del Norte",,https://lh3.googleusercontent.com/gps-cs-s/APNQkAH_4tUca6n04ZRhGnNS5t36G92CckugrT5QqlQmdBjG4Y0xYAlan-2NGfRJzdzafL-xxJ6B_RXtosVDezb1UeCKICIHaO5ug2gjgdTn_6excXbS3WkXXGnWzDpFm28M0zOYsosV=w2048-h1536-k-no,"Free Wi-Fi, Spa, Free parking","A low-key local spot in the heart of General Luna, Siargao's lively surf-town hub, Yay Lodge & Spa keeps a modest online footprint. It currently sits at 4.1 across 42 reviews. Honest read: a solid-not-spectacular 4.1 rating, dependable rather than dazzling. Amenities include free wi-fi, spa, free parking. Best for: travelers exploring this corner of Siargao.",9.7946375,126.1570712,https://www.google.com/maps/place/Yay+Lodge+%26+Spa/data=!4m11!3m10!1s0x3303f61f01014ab5:0xa98c8a2179c9acda!5m3!1s2026-10-31!4m1!1i2!8m2!3d9.7946375!4d126.1570712!16s%2Fg%2F11c58fct5l!19sChIJtUoBAR_2AzMR2qzJeSGKjKk?authuser=0&hl=en&rclk=1,"hotels in General Luna, Siargao & Surigao, Philippines",General Luna
Forever Siargao,3.8,(12),09564650725,https://wa.me/09564650725,,http://facebook.com/foreversiargao,,"Lot 9184, General Luna, Surigao del Norte",http://facebook.com/foreversiargao,https://lh3.googleusercontent.com/gps-cs-s/APNQkAGfJN4NBiGB5YmFfLBotO2bsRKroOS5hXm4-VKicwMHwbBWEyhUq56uZqsFPI9pjO9rcegXN-Ok667roL2rLvditv8mJ_6uTMv2TZTnqLHn8h4iXNbi6C0v9SNxJAIjTlW0qfPg=w2048-h1536-k-no,"Free Wi-Fi, Pool, Fitness center, Airport shuttle, Restaurant","A low-key local spot in the heart of General Luna, Siargao's lively surf-town hub, Forever Siargao keeps a modest online footprint. It currently sits at 3.8 across 12 reviews. Amenities include free wi-fi, pool, fitness center, airport shuttle. Best for: travelers exploring this corner of Siargao.",9.7894795,126.1592908,https://www.google.com/maps/place/Forever+Siargao/data=!4m11!3m10!1s0x3303f70216e245c9:0x5ce51091d522feba!5m3!1s2026-10-31!4m1!1i2!8m2!3d9.7894795!4d126.1592908!16s%2Fg%2F11h7ryp25c!19sChIJyUXiFgL3AzMRuv4i1ZEQ5Vw?authuser=0&hl=en&rclk=1,"hotels in General Luna, Siargao & Surigao, Philippines",General Luna
Siargao Sunrise Villa,4.8,(37),09480655944,https://wa.me/09480655944,https://www.instagram.com/siargaosunrisevilla/,https://www.facebook.com/Siargao-Sunrise-Villa-437500583314683/,,"Zone 2, Brgy Libertad General Luna Siargao Island, Surigao del Norte",https://siargaosunrisevilla.com/,https://lh3.googleusercontent.com/gps-cs-s/APNQkAGJvcWGHquPAo4JJ0NbLn_Cg6KXvWqYKO-iE5IRirr2SUwMJaWVfDvPCfkvYp60Da56bvT6gqHXU2Cr1qEuRN76i8ytaN6s7RshJA3WRXwOM01ZPMZyNw8Pkp3qXSHDvrGZJqNMlBuQcuK0=w2048-h1536-k-no,"Free Wi-Fi, Air-conditioned, Pool, Fitness center, Free parking, Airport shuttle, Restaurant","A low-key local spot in the heart of General Luna, Siargao's lively surf-town hub, Siargao Sunrise Villa keeps a modest online footprint. It currently sits at 4.8 across 37 reviews. Amenities include free wi-fi, air-conditioned, pool, fitness center. Best for: travelers exploring this corner of Siargao.",9.834434,126.1403565,https://www.google.com/maps/place/Siargao+Sunrise+Villa/data=!4m11!3m10!1s0x330409a9a8e7ae41:0x625f188c6540a486!5m3!1s2026-10-31!4m1!1i2!8m2!3d9.834434!4d126.1403565!16s%2Fg%2F11gd__rn4b!19sChIJQa7nqKkJBDMRhqRAZYwYX2I?authuser=0&hl=en&rclk=1,"hotels in General Luna, Siargao & Surigao, Philippines",General Luna
Soeliana Resort,3.7,(55),09085971986,https://wa.me/09085971986,,https://www.facebook.com/SoelianaResortSiargao,,"Malinao Rd, General Luna, 8419 Surigao del Norte",,https://lh3.googleusercontent.com/gps-cs-s/APNQkAH8gBk1nVbShs9d87-2GnR5m3PpimSm918QfIJlWhldiSanxrbPrzkFQqKLnwO2mfuVGFTYVQbtE09WOt20F61H2gxpgyfrQ2kbSYpwtw3uYmP7khLkjv-kWWvMjGUw-juBhJQ=w2048-h1536-k-no,"Free Wi-Fi, Free breakfast, Air-conditioned, Pool, Fitness center, Free parking, Airport shuttle, Pet-friendly, Restaurant, Kid-friendly, Business center","A low-key local spot in the heart of General Luna, Siargao's lively surf-town hub, Soeliana Resort keeps a modest online footprint. It currently sits at 3.7 across 55 reviews. Honest read: reviews are mixed (around 3.7), so set expectations accordingly. Amenities include free wi-fi, free breakfast, air-conditioned, pool. Best for: travelers exploring this corner of Siargao.",9.7804954,126.150481,https://www.google.com/maps/place/Soeliana+Resort/data=!4m11!3m10!1s0x3303f6486aaaaaeb:0x98bf870b0b6023d!5m3!1s2026-10-31!4m1!1i2!8m2!3d9.7804954!4d126.150481!16s%2Fg%2F11h11knh6x!19sChIJ66qqakj2AzMRPQK2sHD4iwk?authuser=0&hl=en&rclk=1,"hotels in General Luna, Siargao & Surigao, Philippines",General Luna
Lisuga Hotel,4.3,(236),09171697458,https://wa.me/09171697458,https://www.instagram.com/lisugasiargao/?hl=en,https://www.facebook.com/lisugasiargao/,,"9262 Poblacion 5, General Luna, 8419 Surigao del Norte",http://www.lisugasiargao.com/,https://lh3.googleusercontent.com/gps-cs-s/APNQkAETeHh0qboP5d6Cg73FRQCwIYZq8N6U6GkU-FoNH-eZocUteLfHHxKgCcEMWe39AiSBpCjJssXI0FPNl72b6hDgap7Xm_iiV4YXv9bGmSuQlKI7TjMQC917YvT-KBybMiS_3I7-31cKtquF=w2048-h1536-k-no,Free Wi-Fi,"An established spot in the heart of General Luna, Siargao's lively surf-town hub, Lisuga Hotel has clearly built a following with a sizeable review count. It currently sits at 4.3 across 236 reviews. Amenities include free wi-fi. Best for: travelers exploring this corner of Siargao.",9.7916514,126.1579002,https://www.google.com/maps/place/Lisuga+Hotel/data=!4m11!3m10!1s0x3303f729bbaad065:0x487c6870c8765aa6!5m3!1s2026-10-31!4m1!1i2!8m2!3d9.7916514!4d126.1579002!16s%2Fg%2F11kb8877db!19sChIJZdCquyn3AzMRplp2yHBofEg?authuser=0&hl=en&rclk=1,"hotels in General Luna, Siargao & Surigao, Philippines",General Luna
Wayans Siargao Homestay,5.0,(39),,,,https://www.facebook.com/profile.php,,"Purok 1, Tourism Road, Malinao, General Luna, 8419 Surigao del Norte",https://www.facebook.com/profile.php?id=100094726811238,https://lh3.googleusercontent.com/gps-cs-s/APNQkAEDWtO0KciBw0qkyjtlpNxbQv4DL6cdiF9xRwiI015EvtgiizuMPw2XeSK1-1mxS-TtTBiDsCpZSZLS_Xv8SaLj2CEjMZUoXZ_tl7D0CveRTVA00yjtebA0LzCA7DmQZCtELde_7ubAtS8=w2048-h1536-k-no,"Free Wi-Fi, Air-conditioned, Pool, Fitness center, Free parking, Airport shuttle, Smoke-free, Restaurant, Kitchen","A low-key local spot in the heart of General Luna, Siargao's lively surf-town hub, Wayans Siargao Homestay keeps a modest online footprint. It currently sits at 5.0 across 39 reviews. Amenities include free wi-fi, air-conditioned, pool, fitness center. Best for: travelers exploring this corner of Siargao.",9.7704257,126.1283642,https://www.google.com/maps/place/Wayans+Siargao+Homestay/data=!4m11!3m10!1s0x3303f7579fd2e74d:0x19e03e0389933233!5m3!1s2026-10-31!4m1!1i2!8m2!3d9.7704257!4d126.1283642!16s%2Fg%2F11v18xyr1f!19sChIJTefSn1f3AzMRMzKTiQM-4Bk?authuser=0&hl=en&rclk=1,"hotels in General Luna, Siargao & Surigao, Philippines",General Luna
Single Fin Siargao,4.7,(53),,,,https://www.facebook.com/singlefinsiargao,,"Q5R5+93M, Tourism Rd, General Luna, Surigao del Norte",,https://lh3.googleusercontent.com/gps-cs-s/APNQkAHJAiLpQ7ZylflAcRGDvvg1O4OUOe_rMDrHMIT3n79JiYgdP7kAgj0QF1KyS7fuO5tt6AXVlQgPKYPrMLFSMp8xNrM5sXPnlzr4uTHJfDwCYIVuzsBWAbmsv8LRB4uCV6kuq8kXBcLvG9sw=w2048-h1536-k-no,Free Wi-Fi,"A low-key local spot in the heart of General Luna, Siargao's lively surf-town hub, Single Fin Siargao keeps a modest online footprint. It currently sits at 4.7 across 53 reviews. Amenities include free wi-fi. Best for: travelers exploring this corner of Siargao.",9.790952,126.1576621,https://www.google.com/maps/place/Single+Fin+Siargao/data=!4m11!3m10!1s0x3303f7ffe7fed339:0x36bc1ea089d57852!5m3!1s2026-10-31!4m1!1i2!8m2!3d9.790952!4d126.1576621!16s%2Fg%2F11jm29zg2b!19sChIJOdP-5__3AzMRUnjViaAevDY?authuser=0&hl=en&rclk=1,"hotels in General Luna, Siargao & Surigao, Philippines",General Luna
MAHAJAB Homestay SIARGAO,4.2,(20),09164976207,https://wa.me/09164976207,,https://www.facebook.com/100063674812826,,"Purok 3, General Luna, 8419 Surigao del Norte",,https://lh3.googleusercontent.com/gps-cs-s/APNQkAFKyhbhZzAU4lqHoVhw-RzW94lDQuSCUYXKWyWlEK1bITRR32nZAi8olz0ULJgOokT9qpKXlIYiVyLhUl54G16T4KP1zpWeE6uP-lPx02UV-7SyDK8bM-AX8KX4REBqEbM0G--S=w2048-h1536-k-no,"Free Wi-Fi, Parking","A low-key local spot in the heart of General Luna, Siargao's lively surf-town hub, MAHAJAB Homestay SIARGAO keeps a modest online footprint. It currently sits at 4.2 across 20 reviews. Amenities include free wi-fi, parking. Best for: travelers exploring this corner of Siargao.",9.7860779,126.1607413,https://www.google.com/maps/place/MAHAJAB+Homestay+SIARGAO/data=!4m11!3m10!1s0x3303f7d7f68f17c1:0x64ef5bbff7b6cc2a!5m3!1s2026-10-31!4m1!1i2!8m2!3d9.7860779!4d126.1607413!16s%2Fg%2F11t2fc1zl2!19sChIJwReP9tf3AzMRKsy2979b72Q?authuser=0&hl=en&rclk=1,"hotels in General Luna, Siargao & Surigao, Philippines",General Luna
Retreat Siargao Resort Corp.,4.7,(291),09153572283,https://wa.me/09153572283,https://www.instagram.com/retreatsiargao,https://www.facebook.com/retreat.siargao,,"Q4CH+6VV, Malinao Rd, General Luna, Surigao del Norte",http://retreatsiargao.com/,https://lh3.googleusercontent.com/gps-cs-s/APNQkAEAvAGWdxxH3xlKYd2YJN99F5ln4KHvj1XtTf7sMDeZw7lzBhD4BQTpuDy6PizMDZ9CBq-9deFIjon7_Ka9AYN4qY7aOb1VaPiNYpvzMxVhoD65w3GoJgpkEEpULOUF8osuNIRU=w2048-h1536-k-no,"Free Wi-Fi, Free breakfast, Air-conditioned, Pool, Outdoor pool, Fitness center, Free parking, Airport shuttle, Pet-friendly, Restaurant, Bar, Room service, Laundry service, Laundry, Beach access, Kid-friendly","A well-regarded spot in the heart of General Luna, Siargao's lively surf-town hub, Retreat Siargao Resort Corp. carries a strong 4.7 rating from 291 reviews. Consistently positive feedback marks it as a dependable local pick. Amenities include free wi-fi, free breakfast, air-conditioned, pool. Best for: travelers exploring this corner of Siargao.",9.7706052,126.1296805,https://www.google.com/maps/place/Retreat+Siargao+Resort+Corp./data=!4m11!3m10!1s0x3303f7ad738a0dd3:0xafa84cfbb821ecc4!5m3!1s2026-10-31!4m1!1i2!8m2!3d9.7706052!4d126.1296805!16s%2Fg%2F11gtyqb9x7!19sChIJ0w2Kc633AzMRxOwhuPtMqK8?authuser=0&hl=en&rclk=1,"hotels in General Luna, Siargao & Surigao, Philippines",General Luna
Terra Siargao,4.7,(25),09167610804,https://wa.me/09167610804,,https://www.facebook.com/terra.iao,,"Purok 1, siargao island, General Luna, 8419 Surigao del Norte",,https://lh3.googleusercontent.com/gps-cs-s/APNQkAFdy-lI-Y60Svh-CCsvSL9CK0357qIKTdWEYULiqhatOzkvqnCnPTkouEATGiBSYmG7FS9C2GTAD5pgYGV-jqctThPktK4cujxKrz6jGfaSYdp7uFhIn3gFnWXQLMqTnULoce5e_MIPLbfp=w2048-h1536-k-no,"Free Wi-Fi, Breakfast, Air-conditioned, Pool, Outdoor pool, Fitness center, Free parking, Airport shuttle, Pet-friendly, Restaurant, Bar, Accessible","A low-key local spot in the heart of General Luna, Siargao's lively surf-town hub, Terra Siargao keeps a modest online footprint. It currently sits at 4.7 across 25 reviews. Amenities include free wi-fi, breakfast, air-conditioned, pool. Best for: travelers exploring this corner of Siargao.",9.7792022,126.1468035,https://www.google.com/maps/place/Terra+Siargao/data=!4m11!3m10!1s0x3303f7001625edeb:0xec95d39a8e2b617c!5m3!1s2026-10-31!4m1!1i2!8m2!3d9.7792022!4d126.1468035!16s%2Fg%2F11vz8btbtc!19sChIJ6-0lFgD3AzMRfGErjprTlew?authuser=0&hl=en&rclk=1,"hotels in General Luna, Siargao & Surigao, Philippines",General Luna
Isola Del Sole Villas And Resort,4.7,(112),09951954857,https://wa.me/09951954857,,https://www.facebook.com/meggy22.com.net,,"R525+832, General Luna, 8417 Surigao del Norte",https://www.facebook.com/meggy22.com.net,https://lh3.googleusercontent.com/gps-cs-s/APNQkAF3admMzoMoaNuluItfeQtLgGnkOr4qm-Z2ZEYiWt44PI8yZpuAWdD17eJzzq4lpSWxXWVxb2jp8OzBos8jXOaZcneDjnPIKehexg15h59sXyL5aY-LU7xro45s2ROm54SHA__J=w2048-h1536-k-no,"Free Wi-Fi, Parking","An established spot in the heart of General Luna, Siargao's lively surf-town hub, Isola Del Sole Villas And Resort has clearly built a following with a sizeable review count. It currently sits at 4.7 across 112 reviews. Amenities include free wi-fi, parking. Best for: travelers exploring this corner of Siargao.",9.8007644,126.1576507,https://www.google.com/maps/place/Isola+Del+Sole+Villas+And+Resort/data=!4m11!3m10!1s0x330409982a3336db:0xffa06e3690ab5aff!5m3!1s2026-10-31!4m1!1i2!8m2!3d9.8007644!4d126.1576507!16s%2Fg%2F11rxvkyr5j!19sChIJ2zYzKpgJBDMR_1qrkDZuoP8?authuser=0&hl=en&rclk=1,"hotels in General Luna, Siargao & Surigao, Philippines",General Luna
Tavace Retreat Homestay,4.4,(5),09692203093,https://wa.me/09692203093,https://www.instagram.com/tavaceretreathomestay,https://www.facebook.com/people,,"Jungle Tattoo Road, Purok V, General Luna, Surigao del Norte",,https://lh3.googleusercontent.com/gps-cs-s/APNQkAFxA-SqWNOkwFmqCKp7fqPxjOqH8VTg_rD1994mBPU6stunrd5iGZg_a2zl6UudyR_Nzd918T6cbnXqnmqvIyAweS9aF41G6ny_WhZ6p3gY-ng7RrL4AlmVaxw5gMS5rEKDxyUfxy8tfxU=w2048-h1536-k-no,"Free Wi-Fi, Breakfast, Air-conditioned, Pool, Fitness center, Free parking, Restaurant","A low-key local spot in the heart of General Luna, Siargao's lively surf-town hub, Tavace Retreat Homestay keeps a modest online footprint. It currently sits at 4.4 across 5 reviews. Honest read: only a handful of reviews so far, but early feedback leans positive. Amenities include free wi-fi, breakfast, air-conditioned, pool. Best for: travelers exploring this corner of Siargao.",9.7886014,126.1575749,https://www.google.com/maps/place/Tavace+Retreat+Homestay/data=!4m11!3m10!1s0x3303f7006e8fa25f:0xa5dba37ff9954541!5m3!1s2026-10-31!4m1!1i2!8m2!3d9.7886014!4d126.1575749!16s%2Fg%2F11x04g45lc!19sChIJX6KPbgD3AzMRQUWV-X-j26U?authuser=0&hl=en&rclk=1,"hotels in General Luna, Siargao & Surigao, Philippines",General Luna
General’s Hideout Siargao,4.8,(49),09569307485,https://wa.me/09569307485,https://www.instagram.com/generalshideoutsiargao,https://www.facebook.com/share/1DiW4tmRdA/,,"Siargao Island, Barangay Malinao, General Luna, Siargao City, 8419 Surigao del Norte",https://generalshideoutsiargao.com/,https://lh3.googleusercontent.com/gps-cs-s/APNQkAH3ufA3QtFx0cLjHQ_rPTY8OF-rh8ySMsEdixE9hOewh8Zcx2U416KOTLQ2oWSn9MsHVm-2BTBpU6V5PSw1Hy0eK4YHoIkfq-tH2KI1RcOMjewpPIcK0X_K-HiF2sw4-huR1w_38_r2hGim=w2048-h1536-k-no,"Free Wi-Fi, Breakfast, Air-conditioned, Pool, Fitness center, Free parking, Airport shuttle, Pet-friendly, Beach access, Accessible","A low-key local spot in the heart of General Luna, Siargao's lively surf-town hub, General’s Hideout Siargao keeps a modest online footprint. It currently sits at 4.8 across 49 reviews. Amenities include free wi-fi, breakfast, air-conditioned, pool. Best for: travelers exploring this corner of Siargao.",9.7715625,126.1290625,https://www.google.com/maps/place/General%E2%80%99s+Hideout+Siargao/data=!4m11!3m10!1s0x3303f79058c5d301:0xcea574cbde2b5b71!5m3!1s2026-10-31!4m1!1i2!8m2!3d9.7715625!4d126.1290625!16s%2Fg%2F11h_wx2qjj!19sChIJAdPFWJD3AzMRcVsr3st0pc4?authuser=0&hl=en&rclk=1,"hotels in General Luna, Siargao & Surigao, Philippines",General Luna
Villa Gumamela Siargao,4.4,(16),09084385756,https://wa.me/09084385756,,https://www.facebook.com/villagumamelasiargao,,"R555+GR9, General Luna, Surigao del Norte",,https://lh3.googleusercontent.com/gps-cs-s/APNQkAFYAi7VPk6O4GkXIDEz0X73KF0JVwZNqLqlBRuwK8aWyStv00VGZNqjWjLNvy3WmZCiszpJ3dBhxgeTRZIa4ml2BgQigbQv0g7uMZrxz0F9Vbmb8yNUf7KHzvDcfSAII3bWg3E=w2048-h1536-k-no,Free Wi-Fi,"A low-key local spot in the heart of General Luna, Siargao's lively surf-town hub, Villa Gumamela Siargao keeps a modest online footprint. It currently sits at 4.4 across 16 reviews. Amenities include free wi-fi. Best for: travelers exploring this corner of Siargao.",9.8087808,126.1596077,https://www.google.com/maps/place/Villa+Gumamela+Siargao/data=!4m11!3m10!1s0x3304096ef32adceb:0xdea0fbb60174e116!5m3!1s2026-10-31!4m1!1i2!8m2!3d9.8087808!4d126.1596077!16s%2Fg%2F11fkf01ttn!19sChIJ69wq824JBDMRFuF0Abb7oN4?authuser=0&hl=en&rclk=1,"hotels in General Luna, Siargao & Surigao, Philippines",General Luna
Puyo Suites,4.5,(74),09602214094,https://wa.me/09602214094,,https://www.facebook.com/profile.php,,"General Luna, Surigao del Norte",,https://lh3.googleusercontent.com/gps-cs-s/APNQkAHRbeqa4RyU659oBAWsAoOHayPMFz1PFm7GEqq2z7zXmJWQNiVi1HMQO1VSndSiJbrrSemc7eIIyWsIwT8NbJUUumdQP5fd2taieP4XJ9EvHdFRa0Fuu7w5ofyd1oGnm5tKmVMX=w2048-h1536-k-no,Garden,"A low-key local spot in the heart of General Luna, Siargao's lively surf-town hub, Puyo Suites keeps a modest online footprint. It currently sits at 4.5 across 74 reviews. Amenities include garden. Best for: travelers exploring this corner of Siargao.",9.7890872,126.1615317,https://www.google.com/maps/place/Puyo+Suites/data=!4m11!3m10!1s0x3303f79535ad44c5:0x66285a3c894db516!5m3!1s2026-10-31!4m1!1i2!8m2!3d9.7890872!4d126.1615317!16s%2Fg%2F11rvc0rwdr!19sChIJxUStNZX3AzMRFrVNiTxaKGY?authuser=0&hl=en&rclk=1,"hotels in General Luna, Siargao & Surigao, Philippines",General Luna
Cherinicole Beach Resort,3.7,(129),09670095983,https://wa.me/09670095983,,https://www.facebook.com/cherinicoleresort,,"Q5M6+V6W, Pisangan, General Luna, Siargao Island, General Luna, Surigao del Norte",,https://lh3.googleusercontent.com/gps-cs-s/APNQkAGd5W-PZpe1ZviaODdtg9t1ZCGWRxarJFWxQari3hgea9vb8To-y99atkpHGbd3T54KmdtG2inAYEoYxAVdsxKD4A6TxwkrdUJWOVa2rhwZ5Zq3Ela_0ev0P58sYJbvwEmdTJOMTw=w2048-h1536-k-no,"Free Wi-Fi, Air-conditioned, Pool, Outdoor pool, Fitness center, Free parking, Airport shuttle, Restaurant, Bar, Laundry service, Laundry, Beach access","An established spot in the heart of General Luna, Siargao's lively surf-town hub, Cherinicole Beach Resort has clearly built a following with a sizeable review count. It currently sits at 3.7 across 129 reviews. Honest read: reviews are mixed (around 3.7), so set expectations accordingly. Amenities include free wi-fi, air-conditioned, pool, outdoor pool. Best for: travelers exploring this corner of Siargao.",9.7847464,126.1605711,https://www.google.com/maps/place/Cherinicole+Beach+Resort/data=!4m11!3m10!1s0x330409d545ce59e7:0x3142d826160fdf15!5m3!1s2026-10-31!4m1!1i2!8m2!3d9.7847464!4d126.1605711!16s%2Fg%2F11bzvz5f55!19sChIJ51nORdUJBDMRFd8PFibYQjE?authuser=0&hl=en&rclk=1,"hotels in General Luna, Siargao & Surigao, Philippines",General Luna
Alapaap Siargao,4.3,(23),,,,https://www.facebook.com/61572596614129,,"Q5V4+PWH, Poblacion V (Purok V, General Luna, Surigao del Norte",,https://lh3.googleusercontent.com/gps-cs-s/APNQkAGmsMsZSKX4BnJkZmR2GKbLqmolmcwr39txiCLK1JUTlCigNxYaXSIj9h7ITZTRnKIkULgPf9K_S47FJLNUfthbIgYmPBlRHkkVuccMpm69dRsLgChJgBQqiVh6yudv_r0Rnu6t=w2048-h1536-k-no,,"A low-key local spot in the heart of General Luna, Siargao's lively surf-town hub, Alapaap Siargao keeps a modest online footprint. It currently sits at 4.3 across 23 reviews. It sits among the many small, locally-run spots that give Siargao its laid-back character. Best for: travelers exploring this corner of Siargao.",9.7943127,126.1573669,https://www.google.com/maps/place/Alapaap+Siargao/data=!4m11!3m10!1s0x3303f7006cde8fab:0xc0e4156db88ccac9!5m3!1s2026-10-31!4m1!1i2!8m2!3d9.7943127!4d126.1573669!16s%2Fg%2F11x6pjp65m!19sChIJq4_ebAD3AzMRycqMuG0V5MA?authuser=0&hl=en&rclk=1,"hotels in General Luna, Siargao & Surigao, Philippines",General Luna
Casetta HomeStay,4.0,(8),09549944644,https://wa.me/09549944644,,https://www.facebook.com/p,,"Purok V, General Luna, 8419 Surigao del Norte",,https://lh3.googleusercontent.com/gps-cs-s/APNQkAE-8MoJtvioNol8yv_Up3m_cHsRXMVurdnUbuE5MH6EBSuYBAbx_A6u7VyJ0eGvw-U6KBa17ytVamfikVTv7c1ll3lREY1vgZ0DzghG8tlsRD1slXJetkKSOm_-ND_69AvBGiEYy7U5ZU4a=w2048-h1536-k-no,,"A low-key local spot in the heart of General Luna, Siargao's lively surf-town hub, Casetta HomeStay keeps a modest online footprint. It currently sits at 4.0 across 8 reviews. Honest read: only a handful of reviews so far, but early feedback leans positive. Best for: travelers exploring this corner of Siargao.",9.7863801,126.1563648,https://www.google.com/maps/place/Casetta+HomeStay/data=!4m11!3m10!1s0x3303f7ecf1a713d3:0xd1d04dae8f6a4caa!5m3!1s2026-10-31!4m1!1i2!8m2!3d9.7863801!4d126.1563648!16s%2Fg%2F11l324wkfd!19sChIJ0xOn8ez3AzMRqkxqj65N0NE?authuser=0&hl=en&rclk=1,"hotels in General Luna, Siargao & Surigao, Philippines",General Luna
DG's HOMESTAY,4.6,(24),09468428108,https://wa.me/09468428108,,https://www.facebook.com/dgsiargao,,"Q5V3+W2M, Bayobodhan, Purok 5, General Luna, 8419 Surigao del Norte",,https://lh3.googleusercontent.com/gps-cs-s/APNQkAEaR6SmkxF4Y0wqolT1LmrwByo-t4PkqpS2CKf0xRM9K1qoncgxqbTYYk6wKYO6p7Fe1ytrfqhVvrmj_Cq3HAAwZhdE-GawwLR5Ar7PUN3iMpejx3Hac0n-Bm1erMEMV_T1LJxg=w2048-h1536-k-no,Free parking,"A low-key local spot in the heart of General Luna, Siargao's lively surf-town hub, DG's HOMESTAY keeps a modest online footprint. It currently sits at 4.6 across 24 reviews. Amenities include free parking. Best for: travelers exploring this corner of Siargao.",9.7939886,126.1525575,https://www.google.com/maps/place/DG%27s+HOMESTAY/data=!4m11!3m10!1s0x3303f7606d6f4f13:0xb1cf32e1de0df399!5m3!1s2026-10-31!4m1!1i2!8m2!3d9.7939886!4d126.1525575!16s%2Fg%2F11g3zyh02w!19sChIJE09vbWD3AzMRmfMN3uEyz7E?authuser=0&hl=en&rclk=1,"hotels in General Luna, Siargao & Surigao, Philippines",General Luna
DRB Siargao Room Apartments Homestay,4.2,(29),09177746011,https://wa.me/09177746011,,,,"Q5J2+84Q, General Luna, 8419 Surigao del Norte",https://siargaovacationrentals.com/homestay/drb-homestay-apartment-siargao-room/,https://lh3.googleusercontent.com/gps-cs-s/APNQkAGE3MNzGCbCneYHRPM6Ol8cxoOeFPLK6bZPuTJ0nxI-_evwOtDPtBYYBtopZoXJDX8ZcJMaP2Z5fMOPoTt4Y55NWgZdHgU-R5pSHI2C8JKwE2JdrcTPJjbsj_z9rgLeeNee47iR=w2048-h1536-k-no,,"A low-key local spot in the heart of General Luna, Siargao's lively surf-town hub, DRB Siargao Room Apartments Homestay keeps a modest online footprint. It currently sits at 4.2 across 29 reviews. Best for: travelers exploring this corner of Siargao.",9.7808324,126.1503718,https://www.google.com/maps/place/DRB+Siargao+Room+Apartments+Homestay/data=!4m11!3m10!1s0x3303f7db0a4ad94b:0x2c2332cfa956bd4e!5m3!1s2026-10-31!4m1!1i2!8m2!3d9.7808324!4d126.1503718!16s%2Fg%2F11h1dg9nv_!19sChIJS9lKCtv3AzMRTr1Wqc8yIyw?authuser=0&hl=en&rclk=1,"hotels in General Luna, Siargao & Surigao, Philippines",General Luna
Bahandi Hotel,4.6,(75),09171790230,https://wa.me/09171790230,https://www.instagram.com/bahandi.siargao,https://www.facebook.com/bahandi.iao,,"Tourism Rd, General Luna, Surigao del Norte",,https://lh3.googleusercontent.com/gps-cs-s/APNQkAFuTFG9XanxPBuuMbPXcCkRIPxdcn4VgpnPFwwEDDz3uE8fDERP_0az5cKe8M70jIZPt7v993Kzv7DhkT5LZS-DWLvyqFgimlSsEVs2mbJtapzQHvxAJCscE1IvzsuICpIPzDz6lzizYTc=w2048-h1536-k-no,"Free Wi-Fi, Free parking","A low-key local spot in the heart of General Luna, Siargao's lively surf-town hub, Bahandi Hotel keeps a modest online footprint. It currently sits at 4.6 across 75 reviews. Amenities include free wi-fi, free parking. Best for: travelers exploring this corner of Siargao.",9.7995517,126.159955,https://www.google.com/maps/place/Bahandi+Hotel/data=!4m11!3m10!1s0x330409e1fbda9733:0x6bdd0d2c79f9917a!5m3!1s2026-10-31!4m1!1i2!8m2!3d9.7995517!4d126.159955!16s%2Fg%2F11vbtwnh3x!19sChIJM5fa--EJBDMRepH5eSwN3Ws?authuser=0&hl=en&rclk=1,"hotels in General Luna, Siargao & Surigao, Philippines",General Luna
Big Papa Surf Homestay,4.0,(7),09159111271,https://wa.me/09159111271,,https://www.facebook.com/61562362860831,,"Q5Q4+FRF, Poblacion V (Purok V, General Luna, Surigao del Norte",,https://lh3.googleusercontent.com/gps-cs-s/APNQkAHlbNVeDYHXbtC53PixahJOBhIlxx55yd1MPCk2Ssu7BoUOCZCOASFBnvDRaQ0yCBA1UWo_irYqXGl2ymPwQCcLxF_czZey-chQr8PLz2S6dQaTjrWsSfDPZHYgg_WdSJOj4FwLx3Uxntqe=w2048-h1536-k-no,,"A low-key local spot in the heart of General Luna, Siargao's lively surf-town hub, Big Papa Surf Homestay keeps a modest online footprint. It currently sits at 4.0 across 7 reviews. Honest read: only a handful of reviews so far, but early feedback leans positive. Best for: travelers exploring this corner of Siargao.",9.7886763,126.1570549,https://www.google.com/maps/place/Big+Papa+Surf+Homestay/data=!4m11!3m10!1s0x3303f70003f8ff19:0xdbb1cf7cf6ab3b10!5m3!1s2026-10-31!4m1!1i2!8m2!3d9.7886763!4d126.1570549!16s%2Fg%2F11wmhj62d1!19sChIJGf_4AwD3AzMREDur9nzPsds?authuser=0&hl=en&rclk=1,"hotels in General Luna, Siargao & Surigao, Philippines",General Luna
Angelito's Beach House,4.7,(35),09953138930,https://wa.me/09953138930,,,,"Mahogany Street Purok 1 Dapa - General Luna Rd, General Luna, 8419 Surigao del Norte",,https://lh3.googleusercontent.com/gps-cs-s/APNQkAGQd744ODmdPUxlRBzQuRfo20yLv0YrNnkc6dVLgWZ2Kbg1AFUjA38o2TfkP2NcwNn3ddtdOiCd0WD7R79mCslF4mHhC7xE8tVaNJixKspDQHIfXZJvGiAH1orZp43KdLxIk-Mq8-r9OwaG=w2048-h1536-k-no,Kitchen,"A low-key local spot in the heart of General Luna, Siargao's lively surf-town hub, Angelito's Beach House keeps a modest online footprint. It currently sits at 4.7 across 35 reviews. Amenities include kitchen. Best for: travelers exploring this corner of Siargao.",9.7797885,126.1504728,https://www.google.com/maps/place/Angelito%27s+Beach+House/data=!4m11!3m10!1s0x3303f7b805d2cd25:0x64c6ab536c9aaf0f!5m3!1s2026-10-31!4m1!1i2!8m2!3d9.7797885!4d126.1504728!16s%2Fg%2F11vj7rph4n!19sChIJJc3SBbj3AzMRD6-abFOrxmQ?authuser=0&hl=en&rclk=1,"resorts in General Luna, Siargao & Surigao, Philippines",General Luna
Villa Cali Siargao,4.4,(116),,,,https://www.facebook.com/villacalisiargao,,"Tourism Rd, General Luna, Surigao del Norte",https://hotels.cloudbeds.com/reservation/joMIC7,https://lh3.googleusercontent.com/gps-cs-s/APNQkAG7NJjLo9BCdQ9WDDky5KagbuKcmBuFC3Rvl4MXTpbdGF9xrB40NDaVA-d_cb_ByGV_lo3LaURebnAUy9MNWxRYRHBlBZBF8J-R2YnwQp8hUjBaCihP9VJSaBxcyovWz4qNml2SWhM8ZbM=w2048-h1536-k-no,"Free Wi-Fi, Breakfast, Air-conditioned, Pool, Outdoor pool, Fitness center, Free parking, Airport shuttle, Pet-friendly, Smoke-free, Restaurant, Bar, Room service, Laundry service, Laundry, Beach access, Kid-friendly, Kitchen, Accessible","An established spot in the heart of General Luna, Siargao's lively surf-town hub, Villa Cali Siargao has clearly built a following with a sizeable review count. It currently sits at 4.4 across 116 reviews. Amenities include free wi-fi, breakfast, air-conditioned, pool. Best for: travelers exploring this corner of Siargao.",9.8073002,126.1627607,https://www.google.com/maps/place/Villa+Cali+Siargao/data=!4m11!3m10!1s0x3304096affafae7b:0x2c6e10486acdc300!5m3!1s2026-10-31!4m1!1i2!8m2!3d9.8073002!4d126.1627607!16s%2Fg%2F11jh8nzg7y!19sChIJe66v_2oJBDMRAMPNakgQbiw?authuser=0&hl=en&rclk=1,"resorts in General Luna, Siargao & Surigao, Philippines",General Luna
Las Palmas Villas and Casitas,4.6,(234),09178777088,https://wa.me/09178777088,http://instagram.com/laspalmas.siargao/,https://www.facebook.com/laspalmasvillasandcasitas/,,"Tourism Rd, Barangay Catangnan, General Luna, 8419 Surigao del Norte",https://laspalmassiargao.com/,https://lh3.googleusercontent.com/gps-cs-s/APNQkAGJOaQ27GYRKCcSU1bjtHB7b07wWYhNnda2vuumznNI422hGe13bKrysZvAs6R2PNdK9nYkZzdbJJlkdtZf65ZF4cn2naGDxhctCJbx1Xd1dxZU4WBZflTp4576mIxv1eCv8Ad1jg=w2048-h1536-k-no,"Free Wi-Fi, Free breakfast, Air-conditioned, Pool, Outdoor pool, Fitness center, Free parking, Airport shuttle, Pet-friendly, Smoke-free, Restaurant, Bar, Laundry service, Laundry, Accessible","A well-regarded spot in the heart of General Luna, Siargao's lively surf-town hub, Las Palmas Villas and Casitas carries a strong 4.6 rating from 234 reviews. Consistently positive feedback marks it as a dependable local pick. Amenities include free wi-fi, free breakfast, air-conditioned, pool. Best for: travelers exploring this corner of Siargao.",9.8020521,126.1595741,https://www.google.com/maps/place/Las+Palmas+Villas+and+Casitas/data=!4m11!3m10!1s0x330409aba19c5955:0x68ac97074f172b19!5m3!1s2026-10-31!4m1!1i2!8m2!3d9.8020521!4d126.1595741!16s%2Fg%2F11h8h88gw5!19sChIJVVmcoasJBDMRGSsXTweXrGg?authuser=0&hl=en&rclk=1,"resorts in General Luna, Siargao & Surigao, Philippines",General Luna
Cogon Tropical Resort,4.6,(68),09452134216,https://wa.me/09452134216,,https://www.facebook.com/tr?id=1260926904936627&ev=PageView&noscript=1,,"Tourism Rd, General Luna, 8419 Surigao del Norte",https://cogonresort.com/,https://lh3.googleusercontent.com/gps-cs-s/APNQkAE1mqGYbEPXcVdj4oClEVRfLCzXxZYtYi9wfZuzAboPFZ5Tdu2Lg1B3iiPSA9ivKubgyD1dX6if2hia0FuuXEst4x9xB44uAbkX6a9GY62uvjHJNwM5pUK-gDhmEp51dJlUyg81=w2048-h1536-k-no,"Free Wi-Fi, Free breakfast, Air-conditioned, Pool, Outdoor pool, Fitness center, Parking, Airport shuttle, Beach access","A low-key local spot in the heart of General Luna, Siargao's lively surf-town hub, Cogon Tropical Resort keeps a modest online footprint. It currently sits at 4.6 across 68 reviews. Amenities include free wi-fi, free breakfast, air-conditioned, pool. Best for: travelers exploring this corner of Siargao.",9.8009506,126.1597892,https://www.google.com/maps/place/Cogon+Tropical+Resort/data=!4m11!3m10!1s0x3304093fd87ad701:0x81c76a806f78f58e!5m3!1s2026-10-31!4m1!1i2!8m2!3d9.8009506!4d126.1597892!16s%2Fg%2F11p77s31x4!19sChIJAdd62D8JBDMRjvV4b4Bqx4E?authuser=0&hl=en&rclk=1,"resorts in General Luna, Siargao & Surigao, Philippines",General Luna
CARACOA,4.5,(30),,,,,,"R536+P8Q, Tourism Rd, General Luna, Surigao del Norte",,https://lh3.googleusercontent.com/gps-cs-s/APNQkAHC0xfaY0w60Cgbyy4C8t4hUsB7rE28VAhBykUlfX5mdM6RJlHWDhoFJp3lfTP7CQ4c2gD9hw9wxJ0ewXIE5yGPO6MEvkReCU6ORKhxeiy5Qf66acSoxaSX8wYTVRkCiEsthfQP=w2048-h1536-k-no,Bar,"A low-key local spot in the heart of General Luna, Siargao's lively surf-town hub, CARACOA keeps a modest online footprint. It currently sits at 4.5 across 30 reviews. Amenities include bar. It sits among the many small, locally-run spots that give Siargao its laid-back character. Best for: travelers exploring this corner of Siargao.",9.8043286,126.1608611,https://www.google.com/maps/place/CARACOA/data=!4m11!3m10!1s0x33040902b2105ecf:0x9494ee45ec6ead85!5m3!1s2026-10-31!4m1!1i2!8m2!3d9.8043286!4d126.1608611!16s%2Fg%2F11q8w3_nvf!19sChIJz14QsgIJBDMRha1u7EXulJQ?authuser=0&hl=en&rclk=1,"resorts in General Luna, Siargao & Surigao, Philippines",General Luna
Bulan Villas,4.1,(99),09671333139,https://wa.me/09671333139,https://www.instagram.com/ASIAHOKI77/,https://www.facebook.com/ASIAHOKI77,,"Tourism Rd, Barangay Catangnan, General Luna, Surigao del Norte",https://bulanvillas.com/,https://lh3.googleusercontent.com/gps-cs-s/APNQkAHTeRYG-FpMD96CgNji6ujCjV6jCZqWkpP36UnYU87OSqoNMs5jAqGXFheXkrmR-K69ku0sSKAXclqdSbvw0ToElYrHtth-eeDSe_lu-P_WP6ZLwrSzo2coiLUPYYG7MpcBQwg=w2048-h1536-k-no,"Free Wi-Fi, Breakfast, Pool, Indoor pool, Fitness center, Free parking, Restaurant, Kid-friendly","A low-key local spot in the heart of General Luna, Siargao's lively surf-town hub, Bulan Villas keeps a modest online footprint. It currently sits at 4.1 across 99 reviews. Honest read: a solid-not-spectacular 4.1 rating, dependable rather than dazzling. Amenities include free wi-fi, breakfast, pool, indoor pool. Best for: travelers exploring this corner of Siargao.",9.7955496,126.160257,https://www.google.com/maps/place/Bulan+Villas/data=!4m11!3m10!1s0x3303f7e3181b2b9d:0xa4578d8bb0eb7ebf!5m3!1s2026-10-31!4m1!1i2!8m2!3d9.7955496!4d126.160257!16s%2Fg%2F11fhm4w0w4!19sChIJnSsbGOP3AzMRv37rsIuNV6Q?authuser=0&hl=en&rclk=1,"resorts in General Luna, Siargao & Surigao, Philippines",General Luna
The Henry Resort at Kermit Siargao,4.8,(38),09758019657,https://wa.me/09758019657,,https://www.facebook.com/TheHenryHotels/,,"Siargao Island, Purok 5, General Luna, 8419 Surigao del Norte",https://siargao.thehenryhotel.com/,https://lh3.googleusercontent.com/gps-cs-s/APNQkAFDw2gp1tMpeazfwtxQTL7EhleORT5vGtkaJ5EH4ppbmPy8Qcm6-nr5t6DNwmOprNxfpk8MTAlB6w5nitCVJdf7r2RZcEKFrb0K9aIBemBYt9Gr8GvLwEliVj-MOScnKs2EA6pO8A=w2048-h1536-k-no,"Free Wi-Fi, Breakfast, Air-conditioned, Pool, Free parking, Restaurant, Bar","A low-key local spot in the heart of General Luna, Siargao's lively surf-town hub, The Henry Resort at Kermit Siargao keeps a modest online footprint. It currently sits at 4.8 across 38 reviews. Amenities include free wi-fi, breakfast, air-conditioned, pool. Best for: travelers exploring this corner of Siargao.",9.7877856,126.1604406,https://www.google.com/maps/place/The+Henry+Resort+at+Kermit+Siargao/data=!4m11!3m10!1s0x3303f75eefcd9935:0x49e19e9d5d24d687!5m3!1s2026-10-31!4m1!1i2!8m2!3d9.7877856!4d126.1604406!16s%2Fg%2F11wbbmlmmc!19sChIJNZnN7173AzMRh9YkXZ2e4Uk?authuser=0&hl=en&rclk=1,"resorts in General Luna, Siargao & Surigao, Philippines",General Luna
Happiness Beach Resort Siargao,4.5,(139),09695227654,https://wa.me/09695227654,https://www.instagram.com/happinessphboracay/,https://www.facebook.com/profile.php?id=61553831526678,,"Barangay, Tourism Rd, General Luna, 8419 Surigao del Norte",https://happinessphilippines.com/,https://lh3.googleusercontent.com/gps-cs-s/APNQkAFx-CemksSo0DeaYvdK-rEDI1bRhUPv6JWQ7BUqsbiZIjFIGWplOD1SM7MCAk8zDZbXNrvtzL7fWdjyt1vA8c3PbY0YIL3uard2OBbirPRGq8RMDAeKNdyTyqp7Ec25ngm9WQ8YYLc-aIFY=w2048-h1536-k-no,"Free Wi-Fi, Air-conditioned, Pool, Fitness center, Free parking, Airport shuttle, Pet-friendly, Restaurant, Beach access","An established spot in the heart of General Luna, Siargao's lively surf-town hub, Happiness Beach Resort Siargao has clearly built a following with a sizeable review count. It currently sits at 4.5 across 139 reviews. Amenities include free wi-fi, air-conditioned, pool, fitness center. Best for: travelers exploring this corner of Siargao.",9.8018538,126.160349,https://www.google.com/maps/place/Happiness+Beach+Resort+Siargao/data=!4m11!3m10!1s0x3304096022b2d42d:0xc38506d9058e42a3!5m3!1s2026-10-31!4m1!1i2!8m2!3d9.8018538!4d126.160349!16s%2Fg%2F11jz20ppbj!19sChIJLdSyImAJBDMRo0KOBdkGhcM?authuser=0&hl=en&rclk=1,"resorts in General Luna, Siargao & Surigao, Philippines",General Luna
Soultribe Beach Retreat,4.6,(147),09996453324,https://wa.me/09996453324,https://www.instagram.com/soultribebeachretreat,http://www.facebook.com/soultribebeachretreat,,"General Luna, Surigao del Norte",http://www.soultribebeachretreat.com/,https://lh3.googleusercontent.com/gps-cs-s/APNQkAEFpwAaaxN0XjoAtTXTy10Usq3IEhJXihXdNOHV0nvrxqyXJ4RHxdOJcLTH-dZZ006vgTSMMKkQLQrDu3Q95MiabWisx7p9vGkV0YlGA8pBz-otbiv4_z_g-I0FksOzb_IRyzfo=w2048-h1536-k-no,"Free Wi-Fi, Free breakfast, Air-conditioned, Pool, Outdoor pool, Fitness center, Free parking, Airport shuttle, Pet-friendly, Restaurant, Laundry service, Laundry, Beach access, Kid-friendly","An established spot in the heart of General Luna, Siargao's lively surf-town hub, Soultribe Beach Retreat has clearly built a following with a sizeable review count. It currently sits at 4.6 across 147 reviews. Amenities include free wi-fi, free breakfast, air-conditioned, pool. Best for: travelers exploring this corner of Siargao.",9.7611837,126.1272888,https://www.google.com/maps/place/Soultribe+Beach+Retreat/data=!4m11!3m10!1s0x3303f706d520e189:0xcceffa2ccaf03005!5m3!1s2026-10-31!4m1!1i2!8m2!3d9.7611837!4d126.1272888!16s%2Fg%2F11gck7203h!19sChIJieEg1Qb3AzMRBTDwyiz678w?authuser=0&hl=en&rclk=1,"resorts in General Luna, Siargao & Surigao, Philippines",General Luna
Inbox Siargao Resort,4.5,(34),09275059110,https://wa.me/09275059110,,https://www.facebook.com/p,,"Q4FG+C2, General Luna, Surigao del Norte",,https://lh3.googleusercontent.com/gps-cs-s/APNQkAGUxn3b8vwNXl1yuQRHVTRa7u710qUEA0gqFAAfX20qoM9oxhM4NQIkH3w5WiF4g1Nyw24qzRG6aOC4Pe9oNg86JcrZD-MhMt5wPUhtUwJNaWiJ6RI6lE_TGFWp82EXDRqOpqiifqy9MGX3=w2048-h1536-k-no,"Spa, Restaurant","A low-key local spot in the heart of General Luna, Siargao's lively surf-town hub, Inbox Siargao Resort keeps a modest online footprint. It currently sits at 4.5 across 34 reviews. Amenities include spa, restaurant. Best for: travelers exploring this corner of Siargao.",9.773535,126.125069,https://www.google.com/maps/place/Inbox+Siargao+Resort/data=!4m11!3m10!1s0x3303f7007deb5ec9:0x6e2f8fcb335f8d48!5m3!1s2026-10-31!4m1!1i2!8m2!3d9.773535!4d126.125069!16s%2Fg%2F11xm8d3dd7!19sChIJyV7rfQD3AzMRSI1fM8uPL24?authuser=0&hl=en&rclk=1,"resorts in General Luna, Siargao & Surigao, Philippines",General Luna
Casa de Loren,3.9,(60),09276769801,https://wa.me/09276769801,https://www.instagram.com/casadeloren,https://www.facebook.com/casadeloren,,"Casa De Loren, Poblacion V (Purok V), General Luna, 8419 Surigao del Norte",,https://lh3.googleusercontent.com/gps-cs-s/APNQkAHoPcADT0qQbc-MK9tPxH2AfeLqA21O0zu_Y297wfmijc_RvS9m0c492vLo_ZHPcWR11iOg3lYKFvTaMqT95FkXDD56Fyv7jZj8_T5yBeFjFiV6kehSznrzZQufcHMQw9HdgEIZ=w2048-h1536-k-no,"Free Wi-Fi, Breakfast, Air-conditioned, Pool, Outdoor pool, Fitness center, Free parking, Airport shuttle, Pet-friendly, Garden, Kitchen","A low-key local spot in the heart of General Luna, Siargao's lively surf-town hub, Casa de Loren keeps a modest online footprint. It currently sits at 3.9 across 60 reviews. Honest read: a solid-not-spectacular 3.9 rating, dependable rather than dazzling. Amenities include free wi-fi, breakfast, air-conditioned, pool. Best for: travelers exploring this corner of Siargao.",9.7879375,126.1615625,https://www.google.com/maps/place/Casa+de+Loren/data=!4m11!3m10!1s0x3303f7bb62f5d23f:0xb36c068a39f530ef!5m3!1s2026-10-31!4m1!1i2!8m2!3d9.7879375!4d126.1615625!16s%2Fg%2F11j8zztpgv!19sChIJP9L1Yrv3AzMR7zD1OYoGbLM?authuser=0&hl=en&rclk=1,"resorts in General Luna, Siargao & Surigao, Philippines",General Luna
Blauset Two,3.9,(138),09177138094,https://wa.me/09177138094,,https://www.facebook.com/blausethouse,,"P-5 BLAUSET HOUSE, 8419, General Luna",http://www.siargao-house-blauset.ph/,https://lh3.googleusercontent.com/gps-cs-s/APNQkAEoLx57O-5hKtsUMS7nA9sdigiDDKo1FNgQpNDV5WP1Bm6JJXGnnQAChgJ8wCXTApH5IrmIY27ERfyMG9kezDI4SG7nXMt9N3aOQUBbbx2M5vM3EO8yqQGkta743XqbDicJfdZ2=w2048-h1536-k-no,"Free Wi-Fi, Breakfast, Air-conditioned, Pool, Outdoor pool, Fitness center, Free parking, Airport shuttle, Pet-friendly, Kid-friendly, Accessible","An established spot in the heart of General Luna, Siargao's lively surf-town hub, Blauset Two has clearly built a following with a sizeable review count. It currently sits at 3.9 across 138 reviews. Honest read: a solid-not-spectacular 3.9 rating, dependable rather than dazzling. Amenities include free wi-fi, breakfast, air-conditioned, pool. Best for: travelers exploring this corner of Siargao.",9.7905115,126.1582444,https://www.google.com/maps/place/Blauset+Two/data=!4m11!3m10!1s0x3303f783bcb41dbf:0xb70e6036412fb20f!5m3!1s2026-10-31!4m1!1i2!8m2!3d9.7905115!4d126.1582444!16s%2Fg%2F11fd7ct589!19sChIJvx20vIP3AzMRD7IvQTZgDrc?authuser=0&hl=en&rclk=1,"resorts in General Luna, Siargao & Surigao, Philippines",General Luna
"INARA SIARGAO, BEACH RESORT",4.8,(54),09273651402,https://wa.me/09273651402,https://www.instagram.com/inarasiargao,https://www.facebook.com/inarasiargao.ph,,"Malinao Rd, General Luna, Surigao del Norte",http://inara.com.ph/,https://lh3.googleusercontent.com/gps-cs-s/APNQkAF8g-aAHs1CYh3TfFDpvP2ShCXdUe4fmgSkbbsMOlGAjBY8F9GbtD0wHszx4t4CzB85Ny9rOqEg2Twk1LGNKWeBJT8yt4usc3CZBBkeibN19DHYnehhHjDmfjYAzs9iHPiuuRDOcdN5Ieiy=w2048-h1536-k-no,"Wi-Fi, Breakfast, Air-conditioned, Pool, Outdoor pool, Fitness center, Free parking, Airport shuttle, Restaurant, Bar, Beach access, Kid-friendly, Accessible","A low-key local spot in the heart of General Luna, Siargao's lively surf-town hub, INARA SIARGAO, BEACH RESORT keeps a modest online footprint. It currently sits at 4.8 across 54 reviews. Amenities include wi-fi, breakfast, air-conditioned, pool. Best for: travelers exploring this corner of Siargao.",9.760018,126.126688,"https://www.google.com/maps/place/INARA+SIARGAO,+BEACH+RESORT/data=!4m11!3m10!1s0x3303f77ac5804975:0x224afd107ef83c17!5m3!1s2026-10-31!4m1!1i2!8m2!3d9.760018!4d126.126688!16s%2Fg%2F11q_43h43g!19sChIJdUmAxXr3AzMRFzz4fhD9SiI?authuser=0&hl=en&rclk=1","resorts in General Luna, Siargao & Surigao, Philippines",General Luna
Sunlit Hostel Siargao,4.3,(182),09098393106,https://wa.me/09098393106,,https://www.facebook.com/sunlithostel,,"Santa Ines, Catangnan, General Luna, 8419 Surigao del Norte",,https://lh3.googleusercontent.com/gps-cs-s/APNQkAEEBReES6973n6T8XwIT0W8EXDFZdYN44aggiP-Ay0ub8M3bTQgTByRXO7EB-_QnnAqdg_GWJySWV0In6RkJzOFiYOG01fBiOyWCdyFmIlMffbx889fAida6Zn_2deZkHKvZH9alQ=w2048-h1536-k-no,"Free Wi-Fi, Air-conditioned, Pool, Fitness center, Free parking, Airport shuttle, Pet-friendly, Restaurant, Laundry service, Laundry","An established spot in the heart of General Luna, Siargao's lively surf-town hub, Sunlit Hostel Siargao has clearly built a following with a sizeable review count. It currently sits at 4.3 across 182 reviews. Amenities include free wi-fi, air-conditioned, pool, fitness center. Best for: travelers exploring this corner of Siargao.",9.8014414,126.1564583,https://www.google.com/maps/place/Sunlit+Hostel+Siargao/data=!4m11!3m10!1s0x330409ed230e02a3:0x81ac0afe329ba515!5m3!1s2026-10-31!4m1!1i2!8m2!3d9.8014414!4d126.1564583!16s%2Fg%2F11fjspytgy!19sChIJowIOI-0JBDMRFaWbMv4KrIE?authuser=0&hl=en&rclk=1,"resorts in General Luna, Siargao & Surigao, Philippines",General Luna
EME's APARTELLE,4.5,(11),09468248946,https://wa.me/09468248946,,https://m.facebook.com/siargaorentacarservices,,"Poblacion 1 Dapa - General Luna Rd, General Luna, 8419 Surigao del Norte",https://m.facebook.com/siargaorentacarservices/,https://lh3.googleusercontent.com/gps-cs-s/APNQkAEj4RWkuG5v-bkcgep_EO-0fzYBR31gvJLIjfJ_x2gk2m6mtEJJJqHYKutu1AggGzZAX8wAiQpLuxoG06HczTOogm6Gwp0d_tKhB8B4rrGZYeYk9lKRBPsuCUXtlxSr_uukKJmVkA=w2048-h1536-k-no,Airport shuttle,"A low-key local spot in the heart of General Luna, Siargao's lively surf-town hub, EME's APARTELLE keeps a modest online footprint. It currently sits at 4.5 across 11 reviews. Honest read: only a handful of reviews so far, but early feedback leans positive. Amenities include airport shuttle. Best for: travelers exploring this corner of Siargao.",9.7811325,126.1512256,https://www.google.com/maps/place/EME%27s+APARTELLE/data=!4m11!3m10!1s0x3303f71454e11255:0x3da73a0b0e70ec6d!5m3!1s2026-10-31!4m1!1i2!8m2!3d9.7811325!4d126.1512256!16s%2Fg%2F11j4mvzzrc!19sChIJVRLhVBT3AzMRbexwDgs6pz0?authuser=0&hl=en&rclk=1,"resorts in General Luna, Siargao & Surigao, Philippines",General Luna
Nay Palad Hideaway,4.9,(306),09177017840,https://wa.me/09177017840,https://www.instagram.com/serandipians/,https://www.facebook.com/NayPalad,,"Malinao Rd, General Luna, Surigao del Norte",https://www.naypaladhideaway.com/,https://lh3.googleusercontent.com/gps-cs-s/APNQkAGeyD2uSB4vb2zgClKJ8ihxN2eCVE3x_PqRdWBZI2LwHPAEN0q79_UhbZqOJPYcxypgM1CcwD-nrBf60zq4ti0VefSU9UR85Zl8J4dUvU-Yf-Fhg-rf6N8C08eKsfe878M8b8gCh3q0XpCA=w2048-h1536-k-no,"Free Wi-Fi, Free breakfast, Air-conditioned, Pool, Outdoor pool, Spa, Fitness center, Free parking, Airport shuttle, Pet-friendly, Smoke-free, Restaurant, Bar, Room service, Laundry service, Laundry, Beach access, Kid-friendly, Business center, Accessible","A well-regarded spot in the heart of General Luna, Siargao's lively surf-town hub, Nay Palad Hideaway carries a strong 4.9 rating from 306 reviews. Consistently positive feedback marks it as a dependable local pick. Amenities include free wi-fi, free breakfast, air-conditioned, pool. Best for: travelers exploring this corner of Siargao.",9.7577855,126.1227646,https://www.google.com/maps/place/Nay+Palad+Hideaway/data=!4m11!3m10!1s0x3303f70596a458ef:0x98c605a16a7d6f7a!5m3!1s2026-10-31!4m1!1i2!8m2!3d9.7577855!4d126.1227646!16s%2Fg%2F1tdvrvns!19sChIJ71iklgX3AzMRem99aqEFxpg?authuser=0&hl=en&rclk=1,"resorts in General Luna, Siargao & Surigao, Philippines",General Luna
La Luna Island Resort,4.0,(93),09387692216,https://wa.me/09387692216,,https://www.facebook.com/pages,,"General Luna, 8419 Surigao del Norte",,https://lh3.googleusercontent.com/gps-cs-s/APNQkAHEXbkDRKFQC0Zwm5GLWNDLOqYTQS8P2-Ed_i2S7XceV2C-Hq4GKJ6nzkBa6p8lFhK6obT6N9R0XuwU1fBqer0KEwgMjteSt2q9O-a9PCr30o8p8q0hVXAjLLosLKNXJfj4zHs=w2048-h1536-k-no,"Free Wi-Fi, Air-conditioned, Pool, Fitness center, Free parking, Airport shuttle, Pet-friendly, Restaurant, Beach access, Kid-friendly","A low-key local spot in the heart of General Luna, Siargao's lively surf-town hub, La Luna Island Resort keeps a modest online footprint. It currently sits at 4.0 across 93 reviews. Honest read: a solid-not-spectacular 4.0 rating, dependable rather than dazzling. Amenities include free wi-fi, air-conditioned, pool, fitness center. Best for: travelers exploring this corner of Siargao.",9.7971276,126.1601168,https://www.google.com/maps/place/La+Luna+Island+Resort/data=!4m11!3m10!1s0x330409e2020c8b87:0x289a0b459a0996cf!5m3!1s2026-10-31!4m1!1i2!8m2!3d9.7971276!4d126.1601168!16s%2Fg%2F113hgl4gq!19sChIJh4sMAuIJBDMRz5YJmkULmig?authuser=0&hl=en&rclk=1,"resorts in General Luna, Siargao & Surigao, Philippines",General Luna
Mango Tree Siargao,4.7,(119),09608355620,https://wa.me/09608355620,https://www.instagram.com/mangotreesiargao/,https://www.facebook.com/MangoTreeSiargao,,"Barangay Road sa buyud, Siargao Island, General Luna, 8419 Surigao del Norte",http://www.mangotreesiargao.com/,https://lh3.googleusercontent.com/gps-cs-s/APNQkAG-uHqvsOKx3Pf5M8kl72-r23K6jlHqWKoiSh2lwU-STGkr51Hd3ZtU46-a96u64mUjoIJ4KS5P-zYasFLhb_L_4t84KgZAEDSkto4aRwL7xHL7Ago7dPkv6W4xVlk-TySLUqnp=w2048-h1536-k-no,"Free Wi-Fi, Free breakfast, Air-conditioned, Pool, Outdoor pool, Fitness center, Free parking, Airport shuttle, Pet-friendly, Restaurant, Room service, Laundry service, Laundry, Kitchen, Accessible","An established spot in the heart of General Luna, Siargao's lively surf-town hub, Mango Tree Siargao has clearly built a following with a sizeable review count. It currently sits at 4.7 across 119 reviews. Amenities include free wi-fi, free breakfast, air-conditioned, pool. Best for: travelers exploring this corner of Siargao.",9.7934145,126.1383879,https://www.google.com/maps/place/Mango+Tree+Siargao/data=!4m11!3m10!1s0x3303f73a7be5467b:0xf8a1d8e40497816f!5m3!1s2026-10-31!4m1!1i2!8m2!3d9.7934145!4d126.1383879!16s%2Fg%2F11fqbxkxsp!19sChIJe0blezr3AzMRb4GXBOTYofg?authuser=0&hl=en&rclk=1,"resorts in General Luna, Siargao & Surigao, Philippines",General Luna
Palaka Resort,4.4,(96),09503141105,https://wa.me/09503141105,https://www.instagram.com/palakasiargao/,https://www.facebook.com/PalakaSiargaoDiveCenter/,,"Siargao Island, Purok 5 Tourism Rd, General Luna, 8419 Surigao del Norte",http://www.palakaresort.com/,https://lh3.googleusercontent.com/gps-cs-s/APNQkAFpy2eXU7eV2mlR0E0PapLZL59Kdn952ke6DruEaO3QFuozjMJcURUvo4Ldp9iyuGuK3ooJUySVc3WUkPu4VmVTYZzE3m-RNOXoo9cd6TDKrY8yJNlREubJXcERPrdui14rHYc=w2048-h1536-k-no,"Free Wi-Fi, Breakfast, Air-conditioned, Pool, Outdoor pool, Fitness center, Free parking, Airport shuttle, Pet-friendly, Smoke-free, Restaurant, Beach access, Business center, Garden, Accessible","A low-key local spot in the heart of General Luna, Siargao's lively surf-town hub, Palaka Resort keeps a modest online footprint. It currently sits at 4.4 across 96 reviews. Amenities include free wi-fi, breakfast, air-conditioned, pool. Best for: travelers exploring this corner of Siargao.",9.7907891,126.1616529,https://www.google.com/maps/place/Palaka+Resort/data=!4m11!3m10!1s0x3303f61b94fa8a3f:0x957fe8ebba205c65!5m3!1s2026-10-31!4m1!1i2!8m2!3d9.7907891!4d126.1616529!16s%2Fg%2F11gh6btjtq!19sChIJP4r6lBv2AzMRZVwguuvof5U?authuser=0&hl=en&rclk=1,"resorts in General Luna, Siargao & Surigao, Philippines",General Luna
EPBliss Resort,4.5,(37),09163792688,https://wa.me/09163792688,,https://www.facebook.com/110481667891107,,"Malinao Rd, General Luna, Surigao del Norte",http://epbliss.com/,https://lh3.googleusercontent.com/gps-cs-s/APNQkAG6dhGgnAZP4g1PjHMxZ39ArNCqPC9qSGnQzwCRzFHbMfY24lxfqtBXL1QN9Sqim38IqpG7JGkSWzxeuxZqwKJDyfMtZigPZNy4ZPq_3qvo6eU71a-tOip8Yj6VGsQBRhddKUqz9g=w2048-h1536-k-no,Free parking,"A low-key local spot in the heart of General Luna, Siargao's lively surf-town hub, EPBliss Resort keeps a modest online footprint. It currently sits at 4.5 across 37 reviews. Amenities include free parking. Best for: travelers exploring this corner of Siargao.",9.7690958,126.128859,https://www.google.com/maps/place/EPBliss+Resort/data=!4m11!3m10!1s0x3303f7a1a2c731db:0xfd046f898c71b693!5m3!1s2026-10-31!4m1!1i2!8m2!3d9.7690958!4d126.128859!16s%2Fg%2F11j0bgb1pt!19sChIJ2zHHoqH3AzMRk7ZxjIlvBP0?authuser=0&hl=en&rclk=1,"resorts in General Luna, Siargao & Surigao, Philippines",General Luna
Arka Hayahay Surf and Beach Resort,4.2,(115),09695227654,https://wa.me/09695227654,https://www.instagram.com/happinessphsiargao,https://www.facebook.com/happinessbeachresortsiargao,,"Q5W6+M2C, Tourism Rd, General Luna, Surigao del Norte",https://www.instagram.com/happinessphsiargao/,https://lh3.googleusercontent.com/gps-cs-s/APNQkAEryw3QOlItR47Q3JEesGs3e_li5X7PSZv1KQ-MZnBVM_MQbQ9uHwhSly0mu8odvI25I-IPtq3DaYmvZyqC8nxytA2BDcJRso1aWsPEuN47AZJOK2Lgb24xroBKU4CWR1LoyAXE=w2048-h1536-k-no,"Free Wi-Fi, Air-conditioned, Free parking, Airport shuttle, Pet-friendly","An established spot in the heart of General Luna, Siargao's lively surf-town hub, Arka Hayahay Surf and Beach Resort has clearly built a following with a sizeable review count. It currently sits at 4.2 across 115 reviews. Amenities include free wi-fi, air-conditioned, free parking, airport shuttle. Best for: travelers exploring this corner of Siargao.",9.8018819,126.1604602,https://www.google.com/maps/place/Arka+Hayahay+Surf+and+Beach+Resort/data=!4m11!3m10!1s0x330409c1c749ae15:0x23e23d2fdc984c17!5m3!1s2026-10-31!4m1!1i2!8m2!3d9.8018819!4d126.1604602!16s%2Fg%2F11cjnp36ct!19sChIJFa5Jx8EJBDMRF0yY3C894iM?authuser=0&hl=en&rclk=1,"resorts in General Luna, Siargao & Surigao, Philippines",General Luna
Haven Suites Siargao,4.6,(47),09691944724,https://wa.me/09691944724,,https://www.facebook.com/profile.php,,"Poblacion V (Purok V), General Luna, 8419 Surigao del Norte",https://www.facebook.com/profile.php?id=61557473312640,https://lh3.googleusercontent.com/gps-cs-s/APNQkAFMMs3WJZTyrtdtOe9sCS3il03-PG0XD9eGZDuYU0V089czk_zsuHV-kZ36jx7gmYM8yEDiKanPX0HUyXdlbja-ln0zz3MG0_6cquthFZldLYD-12EWvZR5vYZ2KpffFmaBV9Q=w2048-h1536-k-no,"Free Wi-Fi, Breakfast, Air-conditioned, Pool, Fitness center, Free parking, Airport shuttle, Pet-friendly, Smoke-free, Restaurant, Bar, Laundry service, Laundry, Accessible","A low-key local spot in the heart of General Luna, Siargao's lively surf-town hub, Haven Suites Siargao keeps a modest online footprint. It currently sits at 4.6 across 47 reviews. Amenities include free wi-fi, breakfast, air-conditioned, pool. Best for: travelers exploring this corner of Siargao.",9.7862552,126.1570668,https://www.google.com/maps/place/Haven+Suites+Siargao/data=!4m11!3m10!1s0x3303f7156647c33d:0x3b4c162733684984!5m3!1s2026-10-31!4m1!1i2!8m2!3d9.7862552!4d126.1570668!16s%2Fg%2F11txtdpqjz!19sChIJPcNHZhX3AzMRhEloMycWTDs?authuser=0&hl=en&rclk=1,"resorts in General Luna, Siargao & Surigao, Philippines",General Luna
Sea Green Boutique Rooms,4.8,(104),09855722295,https://wa.me/09855722295,https://www.instagram.com/seagreenhotel.siargao,https://www.facebook.com/seagreensiargao,,"Poblacion 5, General Luna, Siargao Island, Surigao del Norte",http://bit.ly/seagreen-littlehotelier,https://lh3.googleusercontent.com/gps-cs-s/APNQkAF0w0xvTRRt43duT8ZHVyjBxt2CdFOFbnOUAbL_rcsq3bTD_c0qDkFj_QUKX08opfx4xfFezQH5D_BMmCp86eniHQzoVeWmiKHAUhUX2wUky0YjMUDblP9tESWY30elbpYjNpAYCQ=w2048-h1536-k-no,"Free Wi-Fi, Air-conditioned, Pool, Fitness center, Free parking, Airport shuttle, Restaurant, Beach access, Garden","An established spot in the heart of General Luna, Siargao's lively surf-town hub, Sea Green Boutique Rooms has clearly built a following with a sizeable review count. It currently sits at 4.8 across 104 reviews. Amenities include free wi-fi, air-conditioned, pool, fitness center. Best for: travelers exploring this corner of Siargao.",9.7914376,126.1610739,https://www.google.com/maps/place/Sea+Green+Boutique+Rooms/data=!4m11!3m10!1s0x3303f71aa58f6297:0xae5082c16c0f56d2!5m3!1s2026-10-31!4m1!1i2!8m2!3d9.7914376!4d126.1610739!16s%2Fg%2F11h7kttqx7!19sChIJl2KPpRr3AzMR0lYPbMGCUK4?authuser=0&hl=en&rclk=1,"resorts in General Luna, Siargao & Surigao, Philippines",General Luna
Ferra Resort Siargao,4.6,(79),09178622232,https://wa.me/09178622232,,https://www.facebook.com/ferrasiargao,,"Malinao Beach, Siargao Island, General Luna, 8419 Surigao del Norte",,https://lh3.googleusercontent.com/gps-cs-s/APNQkAEm7aqC3XW-8ninknUA5-MSK8cbyMvYdTrMLj_HTFbU_-oWl0Le656AKNuDU6m9sxnR02pNH9lavJ1luQmqn2ntf9xSpdNs3TQJtPqaYu7m_qsIvuaNJgEiBOLEBEZ7D_m182zb_kVBy_5G=w2048-h1536-k-no,"Free Wi-Fi, Free breakfast, Air-conditioned, Pool, Spa, Fitness center, Free parking, Airport shuttle, Pet-friendly, Smoke-free, Restaurant, Laundry service, Laundry, Beach access, Kid-friendly, Accessible","A low-key local spot in the heart of General Luna, Siargao's lively surf-town hub, Ferra Resort Siargao keeps a modest online footprint. It currently sits at 4.6 across 79 reviews. Amenities include free wi-fi, free breakfast, air-conditioned, pool. Best for: travelers exploring this corner of Siargao.",9.7694689,126.1291725,https://www.google.com/maps/place/Ferra+Resort+Siargao/data=!4m11!3m10!1s0x3303f75b3f36a975:0x8a5fc2354e38b131!5m3!1s2026-10-31!4m1!1i2!8m2!3d9.7694689!4d126.1291725!16s%2Fg%2F11jz1g4bg3!19sChIJdak2P1v3AzMRMbE4TjXCX4o?authuser=0&hl=en&rclk=1,"resorts in General Luna, Siargao & Surigao, Philippines",General Luna
Malinao View Beach Resort,4.2,(82),09202508781,https://wa.me/09202508781,,https://www.facebook.com/MalinaoViewBeachResort,,"Q48G+5VW, Malinao Rd, General Luna, Surigao del Norte",,https://lh3.googleusercontent.com/gps-cs-s/APNQkAH_yR7JurP8-FUlyrvZaK4t0ka3ZxIFJKqDTrUrMkTkHWBJhmoht4L70rLiO3G28zabLh6AgO5wDdm3Q_3JdrvJDDFRd8FYCP6XJnlTZoCNxtjulTGfsrFug9OCrsUpXYEtyt_O=w2048-h1536-k-no,"Wi-Fi, Pool, Fitness center, Free parking, Restaurant, Laundry service, Laundry, Beach access, Kid-friendly","A low-key local spot in the heart of General Luna, Siargao's lively surf-town hub, Malinao View Beach Resort keeps a modest online footprint. It currently sits at 4.2 across 82 reviews. Amenities include wi-fi, pool, fitness center, free parking. Best for: travelers exploring this corner of Siargao.",9.7654876,126.1271896,https://www.google.com/maps/place/Malinao+View+Beach+Resort/data=!4m11!3m10!1s0x3303f7abd7bb41bf:0xd6aa1bd65c3d26d9!5m3!1s2026-10-31!4m1!1i2!8m2!3d9.7654876!4d126.1271896!16s%2Fg%2F11dxqcglms!19sChIJv0G716v3AzMR2SY9XNYbqtY?authuser=0&hl=en&rclk=1,"resorts in General Luna, Siargao & Surigao, Philippines",General Luna
Lagkaw Siargao Villas Beach Resort,4.5,(50),09565147623,https://wa.me/09565147623,,https://www.facebook.com/LagkawSiargao,,"Lot 2080 Camangahit Street, Purok 2, General Luna, 8419 Surigao del Norte",http://www.lagkawsiargao.com/,https://lh3.googleusercontent.com/gps-cs-s/APNQkAExiliSgQVmKgLFKPI0h78fxY3m1Bwdnk0c-K4i_YhoGDMRPxVnbRHmmlLPBoC_zoXuNI-HccSO06olQozNc9f1Gsv8FK4UzczzKp4BYxdFA2srTgE4m78E8TV1cfZCqb0LTjoY=w2048-h1536-k-no,"Free Wi-Fi, Free breakfast, Air-conditioned, Pool, Fitness center, Free parking, Airport shuttle, Pet-friendly, Smoke-free, Restaurant, Bar, Laundry service, Laundry, Beach access, Kid-friendly, Business center, Accessible","A low-key local spot in the heart of General Luna, Siargao's lively surf-town hub, Lagkaw Siargao Villas Beach Resort keeps a modest online footprint. It currently sits at 4.5 across 50 reviews. Amenities include free wi-fi, free breakfast, air-conditioned, pool. Best for: travelers exploring this corner of Siargao.",9.7647414,126.1269865,https://www.google.com/maps/place/Lagkaw+Siargao+Villas+Beach+Resort/data=!4m11!3m10!1s0x3303f7a8d5da72cb:0xe8127544de794773!5m3!1s2026-10-31!4m1!1i2!8m2!3d9.7647414!4d126.1269865!16s%2Fg%2F11j01nhj97!19sChIJy3La1aj3AzMRc0d53kR1Eug?authuser=0&hl=en&rclk=1,"resorts in General Luna, Siargao & Surigao, Philippines",General Luna
Prana Siargao Resort,4.6,(182),09661786705,https://wa.me/09661786705,https://www.instagram.com/pranasiargao/,https://www.facebook.com/pranasiargaoresort/,,"Tourism Rd, Purok III, Siargao, 8419 Surigao del Norte",https://pranasiargao.com/,https://lh3.googleusercontent.com/gps-cs-s/APNQkAFdE9qWMgA_Qyk7AMsR_nb_tJbxw9_x1Ra2206EcpPMHg7Teorbug32A2AN-0hYYyZwIIDghd7uv5VmV9bBwNfRIxnm4KrbMoSMPXfJofVReecucSIAUq0czsYUGYb9zbz-Xdo=w2048-h1536-k-no,"Free Wi-Fi, Parking, Bar","A well-regarded spot in the heart of General Luna, Siargao's lively surf-town hub, Prana Siargao Resort carries a strong 4.6 rating from 182 reviews. Consistently positive feedback marks it as a dependable local pick. Amenities include free wi-fi, parking, bar. Best for: travelers exploring this corner of Siargao.",9.7858709,126.1595634,https://www.google.com/maps/place/Prana+Siargao+Resort/data=!4m11!3m10!1s0x3303f7279e80102f:0x74fb8c3a11462451!5m3!1s2026-10-31!4m1!1i2!8m2!3d9.7858709!4d126.1595634!16s%2Fg%2F11vx317j1k!19sChIJLxCAnif3AzMRUSRGETqM-3Q?authuser=0&hl=en&rclk=1,"resorts in General Luna, Siargao & Surigao, Philippines",General Luna
L'Osteria Oceanfront Designer Suite,4.6,(18),09178923537,https://wa.me/09178923537,,https://www.facebook.com/losteria.siargao,,"R548+GVX, L'Osteria Ristorante Italiano, Tuason Beach Bgy. Catangnan, Gen. Luna, Siargao Island, Surigao del Norte, 8419",,https://lh3.googleusercontent.com/gps-cs-s/APNQkAGony4OV1Go-KbvhcnxYpeNpOoWXvjQd-WPDNm74ZWtpamZzZ8mS6msgNF2qDhznC4-ViZ_TjGVy65qKGclnGUlKZkoCcKpCtbIPfc8qEkgPVwLvHXvrqKceDu5qMWDgN6AviPZlIA0QB_c=w2048-h1536-k-no,"Free Wi-Fi, Air-conditioned, Pool, Fitness center, Free parking, Airport shuttle, Restaurant, Beach access","A low-key local spot in the heart of General Luna, Siargao's lively surf-town hub, L'Osteria Oceanfront Designer Suite keeps a modest online footprint. It currently sits at 4.6 across 18 reviews. Amenities include free wi-fi, air-conditioned, pool, fitness center. Best for: travelers exploring this corner of Siargao.",9.806357,126.167235,https://www.google.com/maps/place/L%27Osteria+Oceanfront+Designer+Suite/data=!4m11!3m10!1s0x330409f042798413:0xcc25e37639166972!5m3!1s2026-10-31!4m1!1i2!8m2!3d9.806357!4d126.167235!16s%2Fg%2F11q83r5dxl!19sChIJE4R5QvAJBDMRcmkWOXbjJcw?authuser=0&hl=en&rclk=1,"resorts in General Luna, Siargao & Surigao, Philippines",General Luna
Luna Tres Homestay Siargao,4.6,(83),09279945754,https://wa.me/09279945754,https://www.instagram.com/lunatreshomestay,https://www.facebook.com/lunatresvilla,,"Tourism Rd, General Luna, Surigao del Norte",,https://lh3.googleusercontent.com/gps-cs-s/APNQkAGthMlgpY515LHAJZs9Va8KJCfEaAPIMwg77npiXVQQ3TeWBHTJCVffLhEP8X7U-64ZQWHvKCMOJYLwlKnUOHP6PzRzH2gENl36qXp8iLUC6LV-m2hoPD0so9HxqQvjmFJWNjdT=w2048-h1536-k-no,Bar,"A low-key local spot in the heart of General Luna, Siargao's lively surf-town hub, Luna Tres Homestay Siargao keeps a modest online footprint. It currently sits at 4.6 across 83 reviews. Amenities include bar. Best for: travelers exploring this corner of Siargao.",9.7844217,126.1590277,https://www.google.com/maps/place/Luna+Tres+Homestay+Siargao/data=!4m11!3m10!1s0x3303f735c4f54337:0xae7d990acb4e926!5m3!1s2026-10-31!4m1!1i2!8m2!3d9.7844217!4d126.1590277!16s%2Fg%2F11mx4xqjhh!19sChIJN0P1xDX3AzMRJum0rJDZ5wo?authuser=0&hl=en&rclk=1,"resorts in General Luna, Siargao & Surigao, Philippines",General Luna
Sandy Feet Siargao,4.6,(133),09661775676,https://wa.me/09661775676,https://www.instagram.com/sandyfeetsiargao/,https://www.facebook.com/SiargaoSandyFeet/,,"Malinao Rd, General Luna, 8419 Surigao del Norte",http://www.sandyfeetsiargao.com/,https://lh3.googleusercontent.com/gps-cs-s/APNQkAHig0-DP8Eb_xzk3g6Q6HI2JlDmUluzY1S98BRgsD06MurtX7VKUJaElPaxjBO_qkXodqt1D6tFFrInnM1X9r6tAMNU40OLjnv-ab1RZqjBnSeZAkA_C9xAavGg3S5b5GJkAn7npsf1w52V=w2048-h1536-k-no,"Wi-Fi, Air-conditioned, Pool, Fitness center, Free parking, Airport shuttle, Laundry service, Laundry, Beach access, Kid-friendly","An established spot in the heart of General Luna, Siargao's lively surf-town hub, Sandy Feet Siargao has clearly built a following with a sizeable review count. It currently sits at 4.6 across 133 reviews. Amenities include wi-fi, air-conditioned, pool, fitness center. Best for: travelers exploring this corner of Siargao.",9.7735562,126.1342732,https://www.google.com/maps/place/Sandy+Feet+Siargao/data=!4m11!3m10!1s0x3303f64d19cb91d3:0x37acb37db04aa097!5m3!1s2026-10-31!4m1!1i2!8m2!3d9.7735562!4d126.1342732!16s%2Fg%2F11bvt557x2!19sChIJ05HLGU32AzMRl6BKsH2zrDc?authuser=0&hl=en&rclk=1,"resorts in General Luna, Siargao & Surigao, Philippines",General Luna
Island Pacific Villas,4.4,(36),,,,,,"Q4CH+3V8, General Luna, Surigao del Norte",,https://lh3.googleusercontent.com/gps-cs-s/APNQkAHoMLGj3xZ-lJzxTkhVNHDjlcUGLjv9h6sqo5E0w8NzlU7m5GQkqD_1L1OuYCrZGgnOgdg0y7MvIHoNxh42jdcDFARL_eq7t_ga-Ku7S_yn8ijs841juX_MxjiF4OuXo9vFctPa=w2048-h1536-k-no,"Beachfront, Kid-friendly","A low-key local spot in the heart of General Luna, Siargao's lively surf-town hub, Island Pacific Villas keeps a modest online footprint. It currently sits at 4.4 across 36 reviews. Amenities include beachfront, kid-friendly. Best for: travelers exploring this corner of Siargao.",9.7701541,126.1297041,https://www.google.com/maps/place/Island+Pacific+Villas/data=!4m11!3m10!1s0x3303f7adac6c2d39:0x26bc9427f98ee9e8!5m3!1s2026-10-31!4m1!1i2!8m2!3d9.7701541!4d126.1297041!16s%2Fg%2F11c1sj96b4!19sChIJOS1srK33AzMR6OmO-SeUvCY?authuser=0&hl=en&rclk=1,"resorts in General Luna, Siargao & Surigao, Philippines",General Luna
Takbo Beach Resort,4.6,(28),09171553038,https://wa.me/09171553038,,https://www.facebook.com/takbobeachresort,,"Q5W6+3HF, Tourism Rd, General Luna, Surigao del Norte, Pilipinas General Luna Surigao Del Norte Surigao City, 8419 Surigao del Norte",,https://lh3.googleusercontent.com/gps-cs-s/APNQkAEM3vob9GW3fFGMA14zP-Ytr_Vs6ouMhfAVmKAFAcOKi6Wd_kt8LlK3zp2d1OAcyPxCUoKkt6zs8HvDN-D9OAvrFGABcqSpR1WtpwKDfQLdMUvbeYjdW8-vzfx0BwsSyaIjP6IB=w2048-h1536-k-no,"Free Wi-Fi, Air-conditioned, Pool, Fitness center, Free parking, Airport shuttle, Restaurant, Beach access","A low-key local spot in the heart of General Luna, Siargao's lively surf-town hub, Takbo Beach Resort keeps a modest online footprint. It currently sits at 4.6 across 28 reviews. Amenities include free wi-fi, air-conditioned, pool, fitness center. Best for: travelers exploring this corner of Siargao.",9.7952059,126.1614273,https://www.google.com/maps/place/Takbo+Beach+Resort/data=!4m11!3m10!1s0x3303f79bb4f77aff:0x2ca41dd340458696!5m3!1s2026-10-31!4m1!1i2!8m2!3d9.7952059!4d126.1614273!16s%2Fg%2F11s8663b31!19sChIJ_3r3tJv3AzMRloZFQNMdpCw?authuser=0&hl=en&rclk=1,"resorts in General Luna, Siargao & Surigao, Philippines",General Luna
Villa Felicisima Beach Resort,4.6,(15),09772760755,https://wa.me/09772760755,,https://www.facebook.com/villafelicisimaresortiao,,"Purok 3 Tourism Rd, General Luna, 8419 Surigao del Norte",,https://lh3.googleusercontent.com/gps-cs-s/APNQkAEWIMWpbwLkHwXnTQDKzw-RevBPgDHm1jmMKtuoLPSIflZ4PAVxdwoPFZczisb7EG7NW3i4KKydHgQCp3lUHSSC87LiNMMOcJHXoc1d-5a8uNhE-Ndq18bJE0ass9BxMtXjU7ru=w2048-h1536-k-no,,"A low-key local spot in the heart of General Luna, Siargao's lively surf-town hub, Villa Felicisima Beach Resort keeps a modest online footprint. It currently sits at 4.6 across 15 reviews. It sits among the many small, locally-run spots that give Siargao its laid-back character. Best for: travelers exploring this corner of Siargao.",9.7882897,126.1628308,https://www.google.com/maps/place/Villa+Felicisima+Beach+Resort/data=!4m11!3m10!1s0x3303f7dfe8137fe5:0xc241e657b5dae216!5m3!1s2026-10-31!4m1!1i2!8m2!3d9.7882897!4d126.1628308!16s%2Fg%2F11h_vs56yr!19sChIJ5X8T6N_3AzMRFuLatVfmQcI?authuser=0&hl=en&rclk=1,"resorts in General Luna, Siargao & Surigao, Philippines",General Luna
The Village Siargao,4.7,(92),09452970774,https://wa.me/09452970774,,https://www.facebook.com/thevillagesiargaoresort,,"Malinao Tourism Road, Malinao, General Luna, 8419 Surigao del Norte",http://www.thevillagesiargao.com/,https://lh3.googleusercontent.com/gps-cs-s/APNQkAGtdH-TWHqw3Kh2_RrX-uknO4OQ8XJGggs39ALgikmDvC9BUOHmBpNV9nVvRJESGAoX1XaVJJgoIq5q9M5is_4JwPUaqa1NwB4rHp18_tKnomxBKkXNpwBVBPoVwz4kFKcIZJxP=w2048-h1536-k-no,"Free Wi-Fi, Free breakfast, Air-conditioned, Pool, Fitness center, Free parking, Airport shuttle, Pet-friendly, Smoke-free, Restaurant, Room service, Laundry service, Laundry, Beach access, Kid-friendly, Accessible","A low-key local spot in the heart of General Luna, Siargao's lively surf-town hub, The Village Siargao keeps a modest online footprint. It currently sits at 4.7 across 92 reviews. Amenities include free wi-fi, free breakfast, air-conditioned, pool. Best for: travelers exploring this corner of Siargao.",9.7747462,126.1341149,https://www.google.com/maps/place/The+Village+Siargao/data=!4m11!3m10!1s0x3303f7094133429b:0x6553130b39f05851!5m3!1s2026-10-31!4m1!1i2!8m2!3d9.7747462!4d126.1341149!16s%2Fg%2F11fk4dxrh3!19sChIJm0IzQQn3AzMRUVjwOQsTU2U?authuser=0&hl=en&rclk=1,"resorts in General Luna, Siargao & Surigao, Philippines",General Luna
Bayud Boutique Resort,4.3,(94),09456175307,https://wa.me/09456175307,https://www.instagram.com/bayudsiargao,https://www.facebook.com/bayudboutiqueresort,,"Q44F+XV7, Malinao, General Luna, Siargao Island, Surigao del Norte",,https://lh3.googleusercontent.com/gps-cs-s/APNQkAFucvh96lsjsN4vF0CbWA9Aiw8wQ5jfhTgI1E8iuUmeGA_gfakbn2ZQ-ZagQ5qvSgowaDDSlY7d79dyQ6uGHkQUZ0EUUC9kVqSAoEc7inm4vV5jJTtkZVPR0EAoIUdAJ7rurkgh=w2048-h1536-k-no,"Wi-Fi, Pool, Fitness center, Free parking, Restaurant, Laundry service, Laundry, Beach access, Kid-friendly","A low-key local spot in the heart of General Luna, Siargao's lively surf-town hub, Bayud Boutique Resort keeps a modest online footprint. It currently sits at 4.3 across 94 reviews. Amenities include wi-fi, pool, fitness center, free parking. Best for: travelers exploring this corner of Siargao.",9.7574243,126.1246795,https://www.google.com/maps/place/Bayud+Boutique+Resort/data=!4m11!3m10!1s0x3303f705cafcbbfb:0x332b5e886f980b67!5m3!1s2026-10-31!4m1!1i2!8m2!3d9.7574243!4d126.1246795!16s%2Fg%2F1thx63rf!19sChIJ-7v8ygX3AzMRZwuYb4heKzM?authuser=0&hl=en&rclk=1,"resorts in General Luna, Siargao & Surigao, Philippines",General Luna
Mantaray Siargao Villa,4.9,(38),09092350045,https://wa.me/09092350045,,https://www.facebook.com/people,,"Purok 1, General Luna, Surigao del Norte",,https://lh3.googleusercontent.com/gps-cs-s/APNQkAEYk-2KoLT2lk4QXZiDkiiC59FLVXJJEbGv9qBdsv57QZ8cnLS-DB8iDlS93I5upalDj8HWoEU0CrOTeDkMNOQ_9kC9rvy9mjEOWxCQncIYkePQrFiENRGROsHcidheWRzHvtrj=w2048-h1536-k-no,,"A low-key local spot in the heart of General Luna, Siargao's lively surf-town hub, Mantaray Siargao Villa keeps a modest online footprint. It currently sits at 4.9 across 38 reviews. It sits among the many small, locally-run spots that give Siargao its laid-back character. Best for: travelers exploring this corner of Siargao.",9.7795923,126.1494033,https://www.google.com/maps/place/Mantaray+Siargao+Villa/data=!4m11!3m10!1s0x3303f7001d7e89c1:0xd221d70cfa80d5f7!5m3!1s2026-10-31!4m1!1i2!8m2!3d9.7795923!4d126.1494033!16s%2Fg%2F11vrbvjg_w!19sChIJwYl-HQD3AzMR99WA-gzXIdI?authuser=0&hl=en&rclk=1,"resorts in General Luna, Siargao & Surigao, Philippines",General Luna
Dahun Villas Siargao,4.3,(58),09176221251,https://wa.me/09176221251,,https://www.facebook.com/dahunvillassiargao,,"Tourism, Siargao Island, Purok2, Malinao Rd, General Luna, Surigao del Norte",https://www.facebook.com/dahunvillassiargao/,https://lh3.googleusercontent.com/gps-cs-s/APNQkAEHcvruBcp6I7VPCBghC2_VU4y0EQFOXcg92p2Dn-NobBKHYbaoAMgZp8JMx4IaKrLaxt1z54mfg_p2BPmaqLLAN9kxXRLq1ZOXrXf6n121bO7EV-vDTSxJol9Z2Cbjuov-hJuNKQ=w2048-h1536-k-no,"Free Wi-Fi, Breakfast, Air-conditioned, Pool, Fitness center, Free parking, Airport shuttle, Pet-friendly, Restaurant, Kid-friendly","A low-key local spot in the heart of General Luna, Siargao's lively surf-town hub, Dahun Villas Siargao keeps a modest online footprint. It currently sits at 4.3 across 58 reviews. Amenities include free wi-fi, breakfast, air-conditioned, pool. Best for: travelers exploring this corner of Siargao.",9.777286,126.141321,https://www.google.com/maps/place/Dahun+Villas+Siargao/data=!4m11!3m10!1s0x3303f648e4a929f5:0x1effc256cd4803a7!5m3!1s2026-10-31!4m1!1i2!8m2!3d9.777286!4d126.141321!16s%2Fg%2F11gr63bsqn!19sChIJ9Smp5Ej2AzMRpwNIzVbC_x4?authuser=0&hl=en&rclk=1,"bed and breakfast in General Luna, Siargao & Surigao, Philippines",General Luna
Manoy's Lair IAO,4.6,(12),,,https://www.instagram.com/manoyslairsiargao,https://www.facebook.com/manoyslairsiargao,,"First house behind Blauset 2 Poblacion V (Purok 5, General Luna, 8419 Surigao del Norte",,https://lh3.googleusercontent.com/gps-cs-s/APNQkAFGlGolY1lh5cKCI89eMAYBoJoHKvoWn34jEgRbsPMvzTsMIW8nxAuF8ODfFa-hEj6cwVbA2V0wEwCFuuCV4KB4rOZh1A3qg66wsNZCV4ZjUSKhM1p7bQcOXnbz_9EayfxuPYx1=w2048-h1536-k-no,"Breakfast, Kitchen","A low-key local spot in the heart of General Luna, Siargao's lively surf-town hub, Manoy's Lair IAO keeps a modest online footprint. It currently sits at 4.6 across 12 reviews. Amenities include breakfast, kitchen. Best for: travelers exploring this corner of Siargao.",9.7901444,126.1582759,https://www.google.com/maps/place/Manoy%27s+Lair+IAO/data=!4m11!3m10!1s0x3303f7b48d78abeb:0x40261dc2d61c159c!5m3!1s2026-10-31!4m1!1i2!8m2!3d9.7901444!4d126.1582759!16s%2Fg%2F11svmn8ncy!19sChIJ66t4jbT3AzMRnBUc1sIdJkA?authuser=0&hl=en&rclk=1,"bed and breakfast in General Luna, Siargao & Surigao, Philippines",General Luna
WADI Huts,5.0,(6),09065633463,https://wa.me/09065633463,,https://www.facebook.com/share,VillaOpen,"Poblacion 5, General Luna, 8419 Surigao del Norte",https://www.facebook.com/share/16KAHnmt7x/,https://lh3.googleusercontent.com/gps-cs-s/APNQkAHHuM4bwSPHSQ9YJQqrRHo12lPyo5zZLqKMLUvAQlCXhDpG4koWUY_aCA2og0_w6n8J4V3fxxPm4RBKraZaloznqTtu7iNs5REZJR9bNOSmzCOVHMY1lceZR_Nlu3i94-PUXgXcWXqmZkVp=w2048-h1536-k-no,,"A local villaopen in the heart of General Luna, Siargao's lively surf-town hub, WADI Huts serves travelers passing through. It currently sits at 5.0 across 6 reviews. Honest read: only a handful of reviews so far, but early feedback leans positive. Best for: travelers exploring this corner of Siargao.",9.7870739,126.1594673,https://www.google.com/maps/place/WADI+Huts/data=!4m11!3m10!1s0x3303f7805aa1b56b:0x294e5a7e5fb1d4ff!5m3!1s2026-10-31!4m1!1i2!8m2!3d9.7870739!4d126.1594673!16s%2Fg%2F11xdztrv6l!19sChIJa7WhWoD3AzMR_9SxX35aTik?authuser=0&hl=en&rclk=1,"bed and breakfast in General Luna, Siargao & Surigao, Philippines",General Luna
Verde Bungalows,3.8,(24),,,,https://www.facebook.com/verdesiargao,,"Old Tourism Rd, General Luna, Surigao del Norte",,https://lh3.googleusercontent.com/gps-cs-s/APNQkAGGWgNSw2lXUup92KYvIL9Du71DTl5er3zvvLvlForA8Q_P34-oMLGn-rqamZiWJOH3UAyuKSY6uDi0MJ9t7hk0zPcpdnGcPxAqAPRTNNtU2ErKI09VeQwjaUKxRs2Cp76dB3dx=w2048-h1536-k-no,"Free Wi-Fi, Parking","A low-key local spot in the heart of General Luna, Siargao's lively surf-town hub, Verde Bungalows keeps a modest online footprint. It currently sits at 3.8 across 24 reviews. Honest read: a solid-not-spectacular 3.8 rating, dependable rather than dazzling. Amenities include free wi-fi, parking. Best for: travelers exploring this corner of Siargao.",9.798258,126.157468,https://www.google.com/maps/place/Verde+Bungalows/data=!4m11!3m10!1s0x33040900d2431b93:0x3ba2381fd82ec46e!5m3!1s2026-10-31!4m1!1i2!8m2!3d9.798258!4d126.157468!16s%2Fg%2F11h7zrgw9q!19sChIJkxtD0gAJBDMRbsQu2B84ojs?authuser=0&hl=en&rclk=1,"bed and breakfast in General Luna, Siargao & Surigao, Philippines",General Luna
Jacking Horse Homestay,3.6,(13),,,,https://www.facebook.com/profile.php,,"R576+3MR, General Luna, Surigao del Norte",,https://lh3.googleusercontent.com/gps-cs-s/APNQkAEQ3ykUPKR_EALq2W0b60UTke0HxzY76iPUoCX6LVbNWMSVVllOfWpfWmcs0EaeJhuXpo4zwPyG6H3m-yqWk4umf4PnexgpqEeZ0QbGryyzzkho7dVzqnUgF2Qd0ayFYqTkZ7gdQw=w2048-h1536-k-no,Kitchen,"A low-key local spot in the heart of General Luna, Siargao's lively surf-town hub, Jacking Horse Homestay keeps a modest online footprint. It currently sits at 3.6 across 13 reviews. Honest read: reviews are mixed (around 3.6), so set expectations accordingly. Amenities include kitchen. Best for: travelers exploring this corner of Siargao.",9.8127262,126.1616418,https://www.google.com/maps/place/Jacking+Horse+Homestay/data=!4m11!3m10!1s0x330409f3e2509ad5:0xfc07f2889f8b9bb6!5m3!1s2026-10-31!4m1!1i2!8m2!3d9.8127262!4d126.1616418!16s%2Fg%2F11l2m07f8s!19sChIJ1ZpQ4vMJBDMRtpuLn4jyB_w?authuser=0&hl=en&rclk=1,"bed and breakfast in General Luna, Siargao & Surigao, Philippines",General Luna
Lubihan Siargao,4.5,(84),09295280817,https://wa.me/09295280817,https://instagram.com/lubihansiargao,http://www.facebook.com/lubihansiargao,,"General Luna, Surigao del Norte",http://www.lubihansiargao.com/,https://lh3.googleusercontent.com/gps-cs-s/APNQkAHLg6KbZAbDwKwFuWnt2tAJ2x0Bt2lgeR62mpxYqsco94QyJClwSYVoBQ8WYySNVCVTaVDwZOQfF1pVjNwzBKN3PlylNDgi0RBRzLKxbJGc68KMF8Ij1deEhL4rnlnL2BtSWoh1=w2048-h1536-k-no,"Free Wi-Fi, Air-conditioned, Pool, Fitness center, Parking, Airport shuttle, Pet-friendly","A low-key local spot in the heart of General Luna, Siargao's lively surf-town hub, Lubihan Siargao keeps a modest online footprint. It currently sits at 4.5 across 84 reviews. Amenities include free wi-fi, air-conditioned, pool, fitness center. Best for: travelers exploring this corner of Siargao.",9.791521,126.1610412,https://www.google.com/maps/place/Lubihan+Siargao/data=!4m11!3m10!1s0x3303f79c8878eb8d:0x3b807e76d64c086a!5m3!1s2026-10-31!4m1!1i2!8m2!3d9.791521!4d126.1610412!16s%2Fg%2F11h0tzwlmd!19sChIJjet4iJz3AzMRaghM1nZ-gDs?authuser=0&hl=en&rclk=1,"bed and breakfast in General Luna, Siargao & Surigao, Philippines",General Luna
Casa Basa Siargao,4.9,(66),09958190632,https://wa.me/09958190632,https://www.instagram.com/casabasasiargao/,https://www.facebook.com/siargaocasabasa/,,"Purok 1, Santa Rosa, Brgy Malinao Rd, General Luna, 8419 Surigao del Norte",https://casabasasiargao.com/,https://lh3.googleusercontent.com/gps-cs-s/APNQkAEOjDqVIfrysDwJ7D7ljnYd_sGB_fgSAFnmA4otNSHo1XnFhJ_XYvsk4sdEd-K5_UCqnKFJBVE4yjYKiwGKhu7AytmHSk-vA3ZcyhuKHH_W6nEs4X_xD-BPFtvkikSlYZraVXC9=w2048-h1536-k-no,"Free Wi-Fi, Free breakfast, Air-conditioned, Pool, Indoor pool, Fitness center, Free parking, Airport shuttle, Pet-friendly, Restaurant, Bar, Laundry service, Laundry","A low-key local spot in the heart of General Luna, Siargao's lively surf-town hub, Casa Basa Siargao keeps a modest online footprint. It currently sits at 4.9 across 66 reviews. Amenities include free wi-fi, free breakfast, air-conditioned, pool. Best for: travelers exploring this corner of Siargao.",9.7775322,126.1405146,https://www.google.com/maps/place/Casa+Basa+Siargao/data=!4m11!3m10!1s0x3303f774f4f2ae2d:0x3a7d5517e5ec0f26!5m3!1s2026-10-31!4m1!1i2!8m2!3d9.7775322!4d126.1405146!16s%2Fg%2F11s63x2zt4!19sChIJLa7y9HT3AzMRJg_s5RdVfTo?authuser=0&hl=en&rclk=1,"bed and breakfast in General Luna, Siargao & Surigao, Philippines",General Luna
Aggehanan Beach Resort,4.6,(9),09394569802,https://wa.me/09394569802,,https://www.facebook.com/people,,"Poblacion 1, General Luna, 8416 Surigao del Norte",,https://lh3.googleusercontent.com/gps-cs-s/APNQkAH4oYl0xJ1es6jzPmtPAIOVkQTfnt2exETlvbZVCsHOpXo0vjiV5bdzwdkiIjLWpfKECf5A2YQmmiRNpWK4viLK5oUbdL1E8neLE_tq0H4DA2xo1NSFQUqQ-IK3Iw39RapriyM2l8P8nok=w2048-h1536-k-no,"Free Wi-Fi, Breakfast, Air-conditioned, Pool, Fitness center, Free parking, Airport shuttle, Pet-friendly, Beach access, Accessible","A low-key local spot in the heart of General Luna, Siargao's lively surf-town hub, Aggehanan Beach Resort keeps a modest online footprint. It currently sits at 4.6 across 9 reviews. Honest read: only a handful of reviews so far, but early feedback leans positive. Amenities include free wi-fi, breakfast, air-conditioned, pool. Best for: travelers exploring this corner of Siargao.",9.7792586,126.1491485,https://www.google.com/maps/place/Aggehanan+Beach+Resort/data=!4m11!3m10!1s0x3303f75bf7c52b77:0xbcf5f5d4e84e546f!5m3!1s2026-10-31!4m1!1i2!8m2!3d9.7792586!4d126.1491485!16s%2Fg%2F11msx7txtr!19sChIJdyvF91v3AzMRb1RO6NT19bw?authuser=0&hl=en&rclk=1,"bed and breakfast in General Luna, Siargao & Surigao, Philippines",General Luna
The Kaza Siargao Boutique Hotel,4.4,(47),09176580156,https://wa.me/09176580156,https://www.instagram.com/thekazaboutiquehotel,https://www.facebook.com/kazasiargao,,"Purok 5 Tourism Rd, General Luna, Surigao del Norte",,https://lh3.googleusercontent.com/gps-cs-s/APNQkAHzKhlg8WOCwoCnBZc-qpnksSxKSfNUxrwAjKOSr829L9evnSvmgr7cRgmPLr1zH6xB2ubq3YWHoXAjCC9REWBBUi-aPndXoHxchnXScAM0elgQ2-YrnVknfulRQkJNZwO1dLf4=w2048-h1536-k-no,"Wi-Fi, Pool, Fitness center, Airport shuttle, Restaurant, Beach access","A low-key local spot in the heart of General Luna, Siargao's lively surf-town hub, The Kaza Siargao Boutique Hotel keeps a modest online footprint. It currently sits at 4.4 across 47 reviews. Amenities include wi-fi, pool, fitness center, airport shuttle. Best for: travelers exploring this corner of Siargao.",9.7926211,126.1620714,https://www.google.com/maps/place/The+Kaza+Siargao+Boutique+Hotel/data=!4m11!3m10!1s0x3303f79606c30f73:0xf7d466e6acd3469a!5m3!1s2026-10-31!4m1!1i2!8m2!3d9.7926211!4d126.1620714!16s%2Fg%2F11fflzn51v!19sChIJcw_DBpb3AzMRmkbTrOZm1Pc?authuser=0&hl=en&rclk=1,"bed and breakfast in General Luna, Siargao & Surigao, Philippines",General Luna
Charms Angels Homestay by RedDoorz,3.5,(6),09666933726,https://wa.me/09666933726,https://www.instagram.com/reddoorzid,https://www.facebook.com/reddoorzindonesia,,"Q5Q6+M5P, Poblacion 5, General Luna, 8419 Surigao del Norte",https://www.reddoorz.com/en-id/hotel/philippines/surigao-del-norte/general-luna/general-luna/charm-39-s-angels-homestay?utm_campaign=webclick&utm_medium=mybusiness&utm_source=google,https://lh3.googleusercontent.com/gps-cs-s/APNQkAFmglg7ijswBmZbzeohL68Jz_uyDExba8KlsTwThtFPhNnzSG6Oul8WTg6Nuf6TgCd_YkJgdpptXudntIB9yXGFWVlJwOmiqzE3Z-1NbCtGmD3aKZZfQROwQ_VGEy8ncmt1FBtYvQ=w2048-h1536-k-no,,"A low-key local spot in the heart of General Luna, Siargao's lively surf-town hub, Charms Angels Homestay by RedDoorz keeps a modest online footprint. It currently sits at 3.5 across 6 reviews. Honest read: reviews are mixed (around 3.5), so set expectations accordingly. Best for: travelers exploring this corner of Siargao.",9.7891875,126.1604375,https://www.google.com/maps/place/Charms+Angels+Homestay+by+RedDoorz/data=!4m11!3m10!1s0x3303f721be34c549:0xbcf0a31a49fa3977!5m3!1s2026-10-31!4m1!1i2!8m2!3d9.7891875!4d126.1604375!16s%2Fg%2F11v5dlhq57!19sChIJScU0viH3AzMRdzn6SRqj8Lw?authuser=0&hl=en&rclk=1,"bed and breakfast in General Luna, Siargao & Surigao, Philippines",General Luna
Hapitanan Siargao,4.4,(27),09605961445,https://wa.me/09605961445,,https://www.facebook.com/p,,"Poblacion 5 Gawad Kalinga Street, General Luna, 8419 Surigao del Norte",https://hapitan-siargao.com/,https://lh3.googleusercontent.com/gps-cs-s/APNQkAG4BqArhaxO27I3YyWMzfmw8COL_MF7-Umq_3xWKAtzkoBZp2oXkvARlx7mPlDHK7EzNMlMc2_zn5JnSZLaj6a7LDjzY6lhm2zpMHp5nXSrBPIPgrUh2HomHE-VZbqHU14cdYZPZPvvCkkQ=w2048-h1536-k-no,,"A low-key local spot in the heart of General Luna, Siargao's lively surf-town hub, Hapitanan Siargao keeps a modest online footprint. It currently sits at 4.4 across 27 reviews. It sits among the many small, locally-run spots that give Siargao its laid-back character. Best for: travelers exploring this corner of Siargao.",9.7921338,126.1541373,https://www.google.com/maps/place/Hapitanan+Siargao/data=!4m11!3m10!1s0x3303f78b85bd9967:0xaba7f9f612890a1a!5m3!1s2026-10-31!4m1!1i2!8m2!3d9.7921338!4d126.1541373!16s%2Fg%2F11v_9ynwk2!19sChIJZ5m9hYv3AzMRGgqJEvb5p6s?authuser=0&hl=en&rclk=1,"bed and breakfast in General Luna, Siargao & Surigao, Philippines",General Luna
Schönhouse Villa Siargao,5.0,(74),09065711528,https://wa.me/09065711528,https://www.instagram.com/schoenhousesiargao/,https://www.facebook.com/profile.php?id=61550536074449,,"Purok 5 Colon Street, General Luna, 8419 Surigao del Norte",https://www.schoenhousesiargao.com/,https://lh3.googleusercontent.com/gps-cs-s/APNQkAGi2-0Cu7cWhtcOfAWeO71HvXum6FjL7BKQjIK9nmkhEK4OD1o1eDM7Bs_7yFpEqA85gYlVv5n091KCCMBOqYkrLd7Yv3exQxzG5y7n5B5oTnXbccAkRo7BAMbn94cB2yvK5ydn=w2048-h1536-k-no,"Free Wi-Fi, Parking","A low-key local spot in the heart of General Luna, Siargao's lively surf-town hub, Schönhouse Villa Siargao keeps a modest online footprint. It currently sits at 5.0 across 74 reviews. Amenities include free wi-fi, parking. Best for: travelers exploring this corner of Siargao.",9.7928357,126.1600044,https://www.google.com/maps/place/Sch%C3%B6nhouse+Villa+Siargao/data=!4m11!3m10!1s0x3303f7a514b117f1:0x120846316eca5304!5m3!1s2026-10-31!4m1!1i2!8m2!3d9.7928357!4d126.1600044!16s%2Fg%2F11s7txwfy5!19sChIJ8RexFKX3AzMRBFPKbjFGCBI?authuser=0&hl=en&rclk=1,"bed and breakfast in General Luna, Siargao & Surigao, Philippines",General Luna
UNLTD Siargao,4.6,(82),09258886583,https://wa.me/09258886583,,https://www.facebook.com/UNLTDSiargao,,"Siargao Island, Old Tourism Rd, Catangnan, General Luna, 8419 Surigao del Norte",https://us2.cloudbeds.com/reservation/Ge2njf,https://lh3.googleusercontent.com/gps-cs-s/APNQkAGSpROo2OvPnKEJvzUrSVJzWskOGbIDxkFb6tXCUPiLmuPkSk6ZXMLPZ99Un0b5ku-G1pWv5U6oQ-jnWjUXgZ8uXD9ZyWeTxXJ1fHSKanj91B-6cZQeOqcjk5iyeTQFNqJTvefq=w2048-h1536-k-no,,"A low-key local spot in the heart of General Luna, Siargao's lively surf-town hub, UNLTD Siargao keeps a modest online footprint. It currently sits at 4.6 across 82 reviews. It sits among the many small, locally-run spots that give Siargao its laid-back character. Best for: travelers exploring this corner of Siargao.",9.8008589,126.1586191,https://www.google.com/maps/place/UNLTD+Siargao/data=!4m11!3m10!1s0x3303f7e13c008d99:0x393f52b6dab2b9e7!5m3!1s2026-10-31!4m1!1i2!8m2!3d9.8008589!4d126.1586191!16s%2Fg%2F11kpq3b476!19sChIJmY0APOH3AzMR57my2rZSPzk?authuser=0&hl=en&rclk=1,"bed and breakfast in General Luna, Siargao & Surigao, Philippines",General Luna
Siargao Residency,4.0,(86),09667624480,https://wa.me/09667624480,https://www.instagram.com/bookingcom/,https://www.facebook.com/bookingcom/,,"Tourism Rd, General Luna, 8419 Surigao del Norte",http://booking.com/,https://lh3.googleusercontent.com/gps-cs-s/APNQkAEfsw_1pQHcmXcfo5_D0Lvx-sXexg3LsQqzWfjR_0O0uAO7nSeo8ezkaxmPrjt9cwVlE5U98X46LN08d2KPwQcggNzu3NYLMjvCYkIuj6hPloS1HxlYApC2CvdAuwQYmdr-xpPnNpELeK_L=w2048-h1536-k-no,"Free Wi-Fi, Pool, Indoor pool, Fitness center, Free parking, Airport shuttle, Laundry service, Laundry, Beach access, Kid-friendly","A low-key local spot in the heart of General Luna, Siargao's lively surf-town hub, Siargao Residency keeps a modest online footprint. It currently sits at 4.0 across 86 reviews. Honest read: a solid-not-spectacular 4.0 rating, dependable rather than dazzling. Amenities include free wi-fi, pool, indoor pool, fitness center. Best for: travelers exploring this corner of Siargao.",9.8067344,126.1654464,https://www.google.com/maps/place/Siargao+Residency/data=!4m11!3m10!1s0x330409ed5e395555:0x6b9aeea7c353bf99!5m3!1s2026-10-31!4m1!1i2!8m2!3d9.8067344!4d126.1654464!16s%2Fg%2F11hb380t3x!19sChIJVVU5Xu0JBDMRmb9Tw6fumms?authuser=0&hl=en&rclk=1,"bed and breakfast in General Luna, Siargao & Surigao, Philippines",General Luna
Kalo Villa Siargao,4.8,(23),09171504202,https://wa.me/09171504202,,https://www.facebook.com/p,,"R592+F3F, General Luna, 8419 Surigao del Norte",,https://lh3.googleusercontent.com/gps-cs-s/APNQkAHIQFacZSg3xfl7cPk5nXAW3rtofF4E303ghV4QdHxixdrL91HQXrS8o4Sr58yHZsUv32-ydB5LxcCn_T1DY7He3kY53y9Ln_ZiANHI7X6FwGAnchBuQjoR74SwxQMFL5nwWdaTO1P0LBM=w2048-h1536-k-no,,"A low-key local spot in the heart of General Luna, Siargao's lively surf-town hub, Kalo Villa Siargao keeps a modest online footprint. It currently sits at 4.8 across 23 reviews. It sits among the many small, locally-run spots that give Siargao its laid-back character. Best for: travelers exploring this corner of Siargao.",9.8186184,126.1502368,https://www.google.com/maps/place/Kalo+Villa+Siargao/data=!4m11!3m10!1s0x330409004e500c25:0x18533284657b68c4!5m3!1s2026-10-31!4m1!1i2!8m2!3d9.8186184!4d126.1502368!16s%2Fg%2F11y7slqwt4!19sChIJJQxQTgAJBDMRxGh7ZYQyUxg?authuser=0&hl=en&rclk=1,"bed and breakfast in General Luna, Siargao & Surigao, Philippines",General Luna
Auntie’s Place aka Takbo Fab Guest House,5.0,(1),,,,https://www.facebook.com/Siary50,,"8419 Tourism Rd, General Luna, Surigao del Norte",,https://lh3.googleusercontent.com/gps-cs-s/APNQkAErWoVYWw7Mjlwd_7RxYhqy0dsJrs6sATanTJB0tUFKEauKjD4qTT7pvFzZGRYQhUGKhDvZjvt9yBu7i6DM85XtpXgKT4wI8ovhdoINWcCXfTfQzXUr6TOmheVmkKKqPymWyFSuRQ=w2048-h1536-k-no,,"A low-key local spot in the heart of General Luna, Siargao's lively surf-town hub, Auntie’s Place aka Takbo Fab Guest House keeps a modest online footprint. It currently sits at 5.0 across 1 review. Honest read: only a handful of reviews so far, but early feedback leans positive. Best for: travelers exploring this corner of Siargao.",9.7946751,126.1606683,https://www.google.com/maps/place/Auntie%E2%80%99s+Place+aka+Takbo+Fab+Guest+House/data=!4m11!3m10!1s0x3303f786e1b18c61:0x546ba7a92528a79b!5m3!1s2026-10-31!4m1!1i2!8m2!3d9.7946751!4d126.1606683!16s%2Fg%2F11fr7wm2j3!19sChIJYYyx4Yb3AzMRm6coJamna1Q?authuser=0&hl=en&rclk=1,"bed and breakfast in General Luna, Siargao & Surigao, Philippines",General Luna
MaverickK Inn Siargao,4.6,(58),09639104906,https://wa.me/09639104906,,https://www.facebook.com/100063974708411,,"Purok 3, Brgy - Poblacion 3 General Luna, Siargao, 8419 Surigao del Norte",,https://lh3.googleusercontent.com/gps-cs-s/APNQkAGGRYlMNZdPrx9nBakhJYd-bx0v0lzzvrmC_nRdK4l9cKI6XITRiTVGbDqXKt_Bv7_GzWSkPvmwSi3XSayRKNTd4oLvEBEb4wToC5NKzg-SvNaTng24riZaSE9zuCnPra9CVZpk=w2048-h1536-k-no,Free Wi-Fi,"A low-key local spot in the heart of General Luna, Siargao's lively surf-town hub, MaverickK Inn Siargao keeps a modest online footprint. It currently sits at 4.6 across 58 reviews. Amenities include free wi-fi. Best for: travelers exploring this corner of Siargao.",9.783772,126.1580934,https://www.google.com/maps/place/MaverickK+Inn+Siargao/data=!4m11!3m10!1s0x3303f70a0d3207c5:0xa627264799de80f6!5m3!1s2026-10-31!4m1!1i2!8m2!3d9.783772!4d126.1580934!16s%2Fg%2F11vzbkdy22!19sChIJxQcyDQr3AzMR9oDemUcmJ6Y?authuser=0&hl=en&rclk=1,"bed and breakfast in General Luna, Siargao & Surigao, Philippines",General Luna
OHANA Guesthouse,4.6,(14),09672599308,https://wa.me/09672599308,,https://www.facebook.com/OHANASIARGAO,,"Q5R2+JXQ, Brgy.5, General Luna, Surigao del Norte",https://elenastravelexperience.com/ohana-guesthouse-philippines,https://lh3.googleusercontent.com/gps-cs-s/APNQkAH3SBnc1bTnDkvHxOtAHJvGPlN_6kSor7rTDcDUdDlvCWUEhd_XdctPgMvT_Eq-6cWBe6Juyd3g3M-pdUaeKIofVhjGQ7LMg0XEFdWNTISvHD9uRgg1Bui3gDCwGT0gQgw2qEsP=w2048-h1536-k-no,Free parking,"A low-key local spot in the heart of General Luna, Siargao's lively surf-town hub, OHANA Guesthouse keeps a modest online footprint. It currently sits at 4.6 across 14 reviews. Amenities include free parking. Best for: travelers exploring this corner of Siargao.",9.7915768,126.1524754,https://www.google.com/maps/place/OHANA+Guesthouse/data=!4m11!3m10!1s0x3303f7c7092fb1df:0x8b98478d4f1f485f!5m3!1s2026-10-31!4m1!1i2!8m2!3d9.7915768!4d126.1524754!16s%2Fg%2F11fmnd0j_9!19sChIJ37EvCcf3AzMRX0gfT41HmIs?authuser=0&hl=en&rclk=1,"bed and breakfast in General Luna, Siargao & Surigao, Philippines",General Luna
TOBY HOUSE SIARGAO,4.9,(57),,,,https://www.facebook.com/Tobyhousesiargao,,"sta ines, General Luna, 8419 Surigao del Norte",,https://lh3.googleusercontent.com/gps-cs-s/APNQkAE1HP82v0VfI6maIIRtPiTWXl58LaGwZqK4pha21tMXYWgBwCL8ND2peyeXd-y8SSgpmpC_5UVKU2I3b9g_faiozSqmN4vImD2sKY4hbPr2yu2UvcltDlZhEyITK8TisCvfQeLT=w2048-h1536-k-no,"Free Wi-Fi, Breakfast, Air-conditioned, Pool, Fitness center, Free parking, Airport shuttle, Pet-friendly, Smoke-free, Beach access, Accessible","A low-key local spot in the heart of General Luna, Siargao's lively surf-town hub, TOBY HOUSE SIARGAO keeps a modest online footprint. It currently sits at 4.9 across 57 reviews. Amenities include free wi-fi, breakfast, air-conditioned, pool. Best for: travelers exploring this corner of Siargao.",9.8015353,126.1587934,https://www.google.com/maps/place/TOBY+HOUSE+SIARGAO/data=!4m11!3m10!1s0x330409cfa0ca835b:0x93a7b27280cd9da3!5m3!1s2026-10-31!4m1!1i2!8m2!3d9.8015353!4d126.1587934!16s%2Fg%2F11vhtgrstr!19sChIJW4PKoM8JBDMRo53NgHKyp5M?authuser=0&hl=en&rclk=1,"bed and breakfast in General Luna, Siargao & Surigao, Philippines",General Luna
Maharlika Siargao,4.4,(41),09985590527,https://wa.me/09985590527,,https://www.facebook.com/siargaoMaharlika,,"Q5P6+MXQ, Tourism Rd, General Luna, Surigao del Norte",,https://lh3.googleusercontent.com/gps-cs-s/APNQkAE8eiJDvuLqWuj7UTFoUcUwpZG-aQ5IdPK3EV5cKfdT_eMuMZd8USea8rdgdYimD8_vVqzq69WnRVHXcPre3H-RXQuDFjJVtIKXyVU6p0wr64FVEks2s2KC7mLsvH5Mhq07tW3w=w2048-h1536-k-no,"Free Wi-Fi, Air-conditioned, Pool, Fitness center, Free parking, Airport shuttle, Pet-friendly, Restaurant","A low-key local spot in the heart of General Luna, Siargao's lively surf-town hub, Maharlika Siargao keeps a modest online footprint. It currently sits at 4.4 across 41 reviews. Amenities include free wi-fi, air-conditioned, pool, fitness center. Best for: travelers exploring this corner of Siargao.",9.7867159,126.1624881,https://www.google.com/maps/place/Maharlika+Siargao/data=!4m11!3m10!1s0x3303f7810ff30855:0x6e9f054ad28b9709!5m3!1s2026-10-31!4m1!1i2!8m2!3d9.7867159!4d126.1624881!16s%2Fg%2F11h04kh9rz!19sChIJVQjzD4H3AzMRCZeL0koFn24?authuser=0&hl=en&rclk=1,"bed and breakfast in General Luna, Siargao & Surigao, Philippines",General Luna
JML homestay,4.8,(11),,,,https://www.facebook.com/Stonecutterszopp,,"Q5M4+F82, General Luna, Surigao del Norte",,https://lh3.googleusercontent.com/gps-cs-s/APNQkAGNfiyTqf5TDj-WWmNupOE4eSeOjsSmyjeNsp4GpE5wG5dF40j-pyHSN4mXYzo8TLAssGSgAhV_VOkpoZPCyw6_O-zPwGW88hQ23RwMDwLTbjIwFAtu4H6iEAncyfNqXeHYCro7=w2048-h1536-k-no,"Free Wi-Fi, Free parking, Wheelchair accessible, Wheelchair accessible entrance, Kitchen, Accessible","A low-key local spot in the heart of General Luna, Siargao's lively surf-town hub, JML homestay keeps a modest online footprint. It currently sits at 4.8 across 11 reviews. Honest read: only a handful of reviews so far, but early feedback leans positive. Amenities include free wi-fi, free parking, wheelchair accessible, wheelchair accessible entrance. Best for: travelers exploring this corner of Siargao.",9.7835913,126.1556747,https://www.google.com/maps/place/JML+homestay/data=!4m11!3m10!1s0x3303f7cd578ebe97:0xb807910aea2e77b8!5m3!1s2026-10-31!4m1!1i2!8m2!3d9.7835913!4d126.1556747!16s%2Fg%2F11tg3m2nsc!19sChIJl76OV833AzMRuHcu6gqRB7g?authuser=0&hl=en&rclk=1,"bed and breakfast in General Luna, Siargao & Surigao, Philippines",General Luna
Latagaw Residential Homestay,4.9,(12),09951991026,https://wa.me/09951991026,,https://www.facebook.com/rodulfomantilla,,"poblacion 1, General Luna, 8419 Surigao del Norte",,https://lh3.googleusercontent.com/gps-cs-s/APNQkAENB1FY3sl6I4aOMwUvyz6zcxVdvRrOAVZWk_iSKGkWbLSSj-uXNB81I4sakVE7CyM9499uCZA-PsuzdciBSiPpmeLr5zo9NE3TQSUichAdWY_Ku_aDM2i0M67jZkrbTHSyYDyINA=w2048-h1536-k-no,"Free Wi-Fi, Free breakfast, Air-conditioned, Pool, Fitness center, Free parking, Airport shuttle, Pet-friendly, Smoke-free, Accessible","A low-key local spot in the heart of General Luna, Siargao's lively surf-town hub, Latagaw Residential Homestay keeps a modest online footprint. It currently sits at 4.9 across 12 reviews. Amenities include free wi-fi, free breakfast, air-conditioned, pool. Best for: travelers exploring this corner of Siargao.",9.7794751,126.14621,https://www.google.com/maps/place/Latagaw+Residential+Homestay/data=!4m11!3m10!1s0x3303f78e3cf1b12f:0xebe59fc1b27ba997!5m3!1s2026-10-31!4m1!1i2!8m2!3d9.7794751!4d126.14621!16s%2Fg%2F11vyl_g9nh!19sChIJL7HxPI73AzMRl6l7ssGf5es?authuser=0&hl=en&rclk=1,"bed and breakfast in General Luna, Siargao & Surigao, Philippines",General Luna
Meraki,4.8,(27),09158200155,https://wa.me/09158200155,https://www.instagram.com/merakigt,,,"Q4GR+QH8, General Luna, Surigao del Norte",,https://lh3.googleusercontent.com/gps-cs-s/APNQkAE0q4vK4XWKwM6awjHL09tvR42G_31B6-w-a0U4Alq_lBCAWADtfnWXZMX8UhTD9NU8MjxmU4q34yG0_ThVtkQwUfVf1dkxiNtXOxBu1RXe52-AATwvkOuzEmzmv2mLcKbde1vKHA=w2048-h1536-k-no,,"A low-key local spot in the heart of General Luna, Siargao's lively surf-town hub, Meraki keeps a modest online footprint. It currently sits at 4.8 across 27 reviews. It sits among the many small, locally-run spots that give Siargao its laid-back character. Best for: travelers exploring this corner of Siargao.",9.7769319,126.1413551,https://www.google.com/maps/place/Meraki/data=!4m11!3m10!1s0x3303f7ed1861bafd:0x93898f5894f58f14!5m3!1s2026-10-31!4m1!1i2!8m2!3d9.7769319!4d126.1413551!16s%2Fg%2F11q4jqt8bx!19sChIJ_bphGO33AzMRFI_1lFiPiZM?authuser=0&hl=en&rclk=1,"bed and breakfast in General Luna, Siargao & Surigao, Philippines",General Luna
The Rover Siargao,5.0,(7),09474720110,https://wa.me/09474720110,,,,"Tourism Rd, Purok 3, General Luna, 8419 Surigao del Norte",http://www.theroversiargao.com/,https://lh3.googleusercontent.com/gps-cs-s/APNQkAGK5EvFJxgF8YTd7VPER4P3i7ytFhOda-QfIjAapecU35IgofXGhQDCK3HryiwDl4bVkFudIXZAFmOWxUeKBLyBS94YLjZAL7_Nvr-9LcJ7VsbmuX55ruEb0Jf_tg9GWhXQPfo=w2048-h1536-k-no,,"A low-key local spot in the heart of General Luna, Siargao's lively surf-town hub, The Rover Siargao keeps a modest online footprint. It currently sits at 5.0 across 7 reviews. Honest read: only a handful of reviews so far, but early feedback leans positive. Best for: travelers exploring this corner of Siargao.",9.7843432,126.1582047,https://www.google.com/maps/place/The+Rover+Siargao/data=!4m11!3m10!1s0x3303f708551c7065:0x4d3a72964363f15c!5m3!1s2026-10-31!4m1!1i2!8m2!3d9.7843432!4d126.1582047!16s%2Fg%2F11y4bw0wfh!19sChIJZXAcVQj3AzMRXPFjQ5ZyOk0?authuser=0&hl=en&rclk=1,"bed and breakfast in General Luna, Siargao & Surigao, Philippines",General Luna
Isla Linaw Siargao,4.2,(6),09300157769,https://wa.me/09300157769,,https://www.facebook.com/profile.php,,"3 Tourism Rd, General Luna, 8419 Surigao del Norte",,https://lh3.googleusercontent.com/gps-cs-s/APNQkAEA5IOUvGWn_dGzSvjTONiOqOji5gsRV7XE6p6nmFlkh59RrYp0T7SCCiJeSaAJgeghfYIgBy7p5PNY-u2QsmRqe28Z4Nv3BgiDHPlRzcOjopT8iKgkhqYZE_JNF7F9eqEdtkmgHQ=w2048-h1536-k-no,"Free Wi-Fi, Parking","A low-key local spot in the heart of General Luna, Siargao's lively surf-town hub, Isla Linaw Siargao keeps a modest online footprint. It currently sits at 4.2 across 6 reviews. Honest read: only a handful of reviews so far, but early feedback leans positive. Amenities include free wi-fi, parking. Best for: travelers exploring this corner of Siargao.",9.785664,126.1598897,https://www.google.com/maps/place/Isla+Linaw+Siargao/data=!4m11!3m10!1s0x3303f6172d09255d:0x33483c988e713f4b!5m3!1s2026-10-31!4m1!1i2!8m2!3d9.785664!4d126.1598897!16s%2Fg%2F11y7k23hpv!19sChIJXSUJLRf2AzMRSz9xjpg8SDM?authuser=0&hl=en&rclk=1,"bed and breakfast in General Luna, Siargao & Surigao, Philippines",General Luna
Lavillas Homestay,4.8,(23),09100446762,https://wa.me/09100446762,,https://www.facebook.com/lavillashomestay,,"saging-saging, General Luna, 8419 Surigao del Norte",,https://lh3.googleusercontent.com/gps-cs-s/APNQkAEWBt37SXK5jUJBucsgEiZ9j557Fk5tlOULs7inffUHNG7pUeXcAhqBYppD5J7_A7c_uVB__u_EhLDEs0NGIvPcqWASrDqI4K2FfvfhiRzuVudvYwyKxguFpSmw9CNIjL3q1wkm=w2048-h1536-k-no,"Free Wi-Fi, Pool, Fitness center, Free parking, Airport shuttle, Pet-friendly, Smoke-free, Laundry service, Laundry, Kid-friendly, Business center","A low-key local spot in the heart of General Luna, Siargao's lively surf-town hub, Lavillas Homestay keeps a modest online footprint. It currently sits at 4.8 across 23 reviews. Amenities include free wi-fi, pool, fitness center, free parking. Best for: travelers exploring this corner of Siargao.",9.8035857,126.1588223,https://www.google.com/maps/place/Lavillas+Homestay/data=!4m11!3m10!1s0x3304097f36b2c90f:0x323540a1cab533a9!5m3!1s2026-10-31!4m1!1i2!8m2!3d9.8035857!4d126.1588223!16s%2Fg%2F11h2fgl44s!19sChIJD8myNn8JBDMRqTO1yqFANTI?authuser=0&hl=en&rclk=1,"bed and breakfast in General Luna, Siargao & Surigao, Philippines",General Luna
Blue Gate Homestay,5.0,(2),09173025956,https://wa.me/09173025956,https://www.instagram.com/the.blue.gate,https://facebook.com/dreamynookiao,,"Blue Gate Homestay Purok V, General Luna, 8419 Surigao del Norte",https://facebook.com/dreamynookiao,https://lh3.googleusercontent.com/gps-cs-s/APNQkAFc1aN_DBwHoilSWjKREa1L_Mi18GWa8vFNu_ksebB-Q-XuTZ4UhyMI--kU53yXMXkn_jXvO4nsylRZc2-aiAtSpjPmhr48UL4PT9t5BNr0kaCyxnh8U7qKSfWO0dXwsTYXvq00bQ=w2048-h1536-k-no,Free Wi-Fi,"A low-key local spot in the heart of General Luna, Siargao's lively surf-town hub, Blue Gate Homestay keeps a modest online footprint. It currently sits at 5.0 across 2 reviews. Honest read: only a handful of reviews so far, but early feedback leans positive. Amenities include free wi-fi. Best for: travelers exploring this corner of Siargao.",9.7890294,126.1597737,https://www.google.com/maps/place/Blue+Gate+Homestay/data=!4m11!3m10!1s0x3303f754acec4bf9:0xb1fcace91433023!5m3!1s2026-10-31!4m1!1i2!8m2!3d9.7890294!4d126.1597737!16s%2Fg%2F11y3ktzs98!19sChIJ-UvsrFT3AzMRIzBDkc7KHws?authuser=0&hl=en&rclk=1,"bed and breakfast in General Luna, Siargao & Surigao, Philippines",General Luna
La Luna Villa Siargao,5.0,(29),09614873025,https://wa.me/09614873025,https://www.instagram.com/lalunavilla.siargao,https://www.facebook.com/LaLunaVillaSiargao,,"LuLu Street, General Luna, 8419 Surigao del Norte",http://www.lalunavilla.co/,https://lh3.googleusercontent.com/gps-cs-s/APNQkAFAlmj2WQD5-qGoL5KlMKpIVAYX-zyKRGlvDM7qidgCo4tgw0oHP5WiroETV0laV4aPFJ4pX3NCreZSA9STpQWuxCnux8yzKxuV-_4kxoHVEgf5BVJoycc7mR3pvrBhgly5z9qZAnwDdZE=w2048-h1536-k-no,,"A low-key local spot in the heart of General Luna, Siargao's lively surf-town hub, La Luna Villa Siargao keeps a modest online footprint. It currently sits at 5.0 across 29 reviews. It sits among the many small, locally-run spots that give Siargao its laid-back character. Best for: travelers exploring this corner of Siargao.",9.8098617,126.1606115,https://www.google.com/maps/place/La+Luna+Villa+Siargao/data=!4m11!3m10!1s0x3304090063085077:0xc4b85844b83860a4!5m3!1s2026-10-31!4m1!1i2!8m2!3d9.8098617!4d126.1606115!16s%2Fg%2F11x2y08zsn!19sChIJd1AIYwAJBDMRpGA4uERYuMQ?authuser=0&hl=en&rclk=1,"bed and breakfast in General Luna, Siargao & Surigao, Philippines",General Luna
Edward Patrecia Pension House,3.9,(28),09498705946,https://wa.me/09498705946,,https://www.facebook.com/edpathomestay,,"Tourism Rd, General Luna, Surigao del Norte",https://www.booking.com/hotel/ph/edward-patrecia-pension-house-siargao.html,https://lh3.googleusercontent.com/gps-cs-s/APNQkAHBCGiosWN1eyKIvD3ZaVZrNu9IcYoa5vEYmr5HVL7Sq1ll5DPemqAyNc927W888ASL76Bcl5alcd7RI35T73tBnn3dwUnyjgeGw7jzd2CpTEGwx6xBUFTp5B8GJ5_SMU9Jn6LQ8-isxAI5=w2048-h1536-k-no,,"A low-key local spot in the heart of General Luna, Siargao's lively surf-town hub, Edward Patrecia Pension House keeps a modest online footprint. It currently sits at 3.9 across 28 reviews. Honest read: a solid-not-spectacular 3.9 rating, dependable rather than dazzling. Best for: travelers exploring this corner of Siargao.",9.7862166,126.1610635,https://www.google.com/maps/place/Edward+Patrecia+Pension+House/data=!4m11!3m10!1s0x3303f7f0dc0f93f5:0x75f5c5682e25f74f!5m3!1s2026-10-31!4m1!1i2!8m2!3d9.7862166!4d126.1610635!16s%2Fg%2F11fd726s60!19sChIJ9ZMP3PD3AzMRT_clLmjF9XU?authuser=0&hl=en&rclk=1,"bed and breakfast in General Luna, Siargao & Surigao, Philippines",General Luna
Dean's Homestay Siargao,5.0,(3),09757951855,https://wa.me/09757951855,,https://www.facebook.com/profile.php,,"Beside Emelias Paluto Restobar, Tourism Rd, Poblacion 5, General Luna, 8419 Surigao del Norte",https://www.facebook.com/profile.php?id=100064009384784,https://lh3.googleusercontent.com/gps-cs-s/APNQkAHRSLpgUFa7kKKN1EZaBuwxRvNIZTKEl9tAe-_OI8CaZSRpbhsCkaE_L1n5Bw_6RcLXeAPf10WMf_qw8psvA7llbXRHb2Ppl_bfhkBlgHPH5eRqnPGObrfrbx7aHGw7-AfB5fx85TxZq3EC=w2048-h1536-k-no,,"A low-key local spot in the heart of General Luna, Siargao's lively surf-town hub, Dean's Homestay Siargao keeps a modest online footprint. It currently sits at 5.0 across 3 reviews. Honest read: only a handful of reviews so far, but early feedback leans positive. Best for: travelers exploring this corner of Siargao.",9.7892695,126.1596418,https://www.google.com/maps/place/Dean%27s+Homestay+Siargao/data=!4m11!3m10!1s0x3303f7b6a46116d3:0x6cb38bb25a8fcf84!5m3!1s2026-10-31!4m1!1i2!8m2!3d9.7892695!4d126.1596418!16s%2Fg%2F11yhysx94n!19sChIJ0xZhpLb3AzMRhM-PWrKLs2w?authuser=0&hl=en&rclk=1,"bed and breakfast in General Luna, Siargao & Surigao, Philippines",General Luna
NAYÀNAYÀ VILLAS SIARGAO,4.6,(17),,,,https://www.facebook.com/nayanayavillas,,"Q5P3+JRH, Espejon St. Poblacion, 4, General Luna, 8419 Surigao del Norte",https://www.zenrooms.com/hotel/zen-rooms-eunas-siargao-9750,https://lh3.googleusercontent.com/gps-cs-s/APNQkAHGdiB3AImiYnzTdeLCEkYiw9OhbD4bwZB4p6FiMHO0NIVAAA3o2CdEm8Ynmpr8VSNpwVtZXx3BKX4PU47uQMxue5QfHGmW1AhkogA-0FFwHf77Hfli5IcDdvN4ts8mnyCpOtc=w2048-h1536-k-no,,"A low-key local spot in the heart of General Luna, Siargao's lively surf-town hub, NAYÀNAYÀ VILLAS SIARGAO keeps a modest online footprint. It currently sits at 4.6 across 17 reviews. It sits among the many small, locally-run spots that give Siargao its laid-back character. Best for: travelers exploring this corner of Siargao.",9.7865713,126.1546012,https://www.google.com/maps/place/NAY%C3%80NAY%C3%80+VILLAS+SIARGAO/data=!4m11!3m10!1s0x330406ffffffe23f:0xf0811d8f4ac7b89b!5m3!1s2026-10-31!4m1!1i2!8m2!3d9.7865713!4d126.1546012!16s%2Fg%2F11hf097qkx!19sChIJP-L___8GBDMRm7jHSo8dgfA?authuser=0&hl=en&rclk=1,"bed and breakfast in General Luna, Siargao & Surigao, Philippines",General Luna
ROMLEN HOMESTAY,3.6,(5),09178179911,https://wa.me/09178179911,,https://www.facebook.com/DestinationSiargao,,"Purok 4 Poblacion 8419 National Road, General Luna, Surigao del Norte",,https://lh3.googleusercontent.com/gps-cs-s/APNQkAFWqwUlMTePdhmPv0HJBM7Gu5iOVX9zohe4ZUrL1CnKikIQCkmlXKrtXkcJgoiizV_2n3HgUnLDjoYAVjQkc7uuUCbaWBnTo5GiQ5m-VC88voQErBmxs4HqzNLrI8PzeFOsZEg=w2048-h1536-k-no,,"A low-key local spot in the heart of General Luna, Siargao's lively surf-town hub, ROMLEN HOMESTAY keeps a modest online footprint. It currently sits at 3.6 across 5 reviews. Honest read: reviews are mixed (around 3.6), so set expectations accordingly. Best for: travelers exploring this corner of Siargao.",9.7856899,126.1556266,https://www.google.com/maps/place/ROMLEN+HOMESTAY/data=!4m11!3m10!1s0x3303f7329edf4a93:0xa5d373615b6132e7!5m3!1s2026-10-31!4m1!1i2!8m2!3d9.7856899!4d126.1556266!16s%2Fg%2F11gl0z4nsm!19sChIJk0rfnjL3AzMR5zJhW2Fz06U?authuser=0&hl=en&rclk=1,"bed and breakfast in General Luna, Siargao & Surigao, Philippines",General Luna
Casa Luna Siargao,4.7,(7),09163148521,https://wa.me/09163148521,,https://www.facebook.com/CasaLunaSiargao,,"Tourism Rd, General Luna, 8419 Surigao del Norte",,https://lh3.googleusercontent.com/gps-cs-s/APNQkAFY_d0H-Gh7NDwpFp6TKwMTA7jcEl-KcRgBAwvkRNc9LFpiN63ZAGNeXJZWXpgU7rq1mapTLAe_Z9LTvqbcaIruNlXDz6NDYIkkgocxfkKBBrCkXEXUeguoBDt2xLw9S7mzMkbI=w2048-h1536-k-no,"Free Wi-Fi, Kid-friendly","A low-key local spot in the heart of General Luna, Siargao's lively surf-town hub, Casa Luna Siargao keeps a modest online footprint. It currently sits at 4.7 across 7 reviews. Honest read: only a handful of reviews so far, but early feedback leans positive. Amenities include free wi-fi, kid-friendly. Best for: travelers exploring this corner of Siargao.",9.7914302,126.1563709,https://www.google.com/maps/place/Casa+Luna+Siargao/data=!4m11!3m10!1s0x3303f7053a35f2af:0x6c6b03ecf410c5!5m3!1s2026-10-31!4m1!1i2!8m2!3d9.7914302!4d126.1563709!16s%2Fg%2F11hzjhsq8k!19sChIJr_I1OgX3AzMRxRD07ANrbAA?authuser=0&hl=en&rclk=1,"bed and breakfast in General Luna, Siargao & Surigao, Philippines",General Luna
DRB Siargao Room Apartments Homestay,4.2,(29),09177746011,https://wa.me/09177746011,,,,"Q5J2+84Q, General Luna, 8419 Surigao del Norte",https://siargaovacationrentals.com/homestay/drb-homestay-apartment-siargao-room/,https://lh3.googleusercontent.com/gps-cs-s/APNQkAGE3MNzGCbCneYHRPM6Ol8cxoOeFPLK6bZPuTJ0nxI-_evwOtDPtBYYBtopZoXJDX8ZcJMaP2Z5fMOPoTt4Y55NWgZdHgU-R5pSHI2C8JKwE2JdrcTPJjbsj_z9rgLeeNee47iR=w2048-h1536-k-no,,"A low-key local spot in the heart of General Luna, Siargao's lively surf-town hub, DRB Siargao Room Apartments Homestay keeps a modest online footprint. It currently sits at 4.2 across 29 reviews. Best for: travelers exploring this corner of Siargao.",9.780832,126.150372,https://www.google.com/maps/place/DRB+Siargao+Room+Apartments+Homestay/data=!4m11!3m10!1s0x3303f63f3d3f2709:0x2c2332cfa956bd4e!5m3!1s2026-10-31!4m1!1i2!8m2!3d9.780832!4d126.150372!16s%2Fg%2F11h1dg9nv_!19sChIJCSc_PT_2AzMRTr1Wqc8yIyw?authuser=0&hl=en&rclk=1,"guesthouses in General Luna, Siargao & Surigao, Philippines",General Luna
Ayman's Guest House,4.7,(20),09070902469,https://wa.me/09070902469,,https://www.facebook.com/p,Homestay,"san sebastian St, General Luna Surigao, 8419 Surigao del Norte",,https://lh3.googleusercontent.com/gps-cs-s/APNQkAG7MMb6bVKPmwSVeROdrKGQGTY6i17BZDpkiQ1UUol327RxQ3-iL96rFdB41yhIgbMNyl60CCkM6D4fGP1IyjfKpCliS6qWako_UijwTh1CuFN3NjzgMudtMT_tnOr3RcpIGi6T=w2048-h1536-k-no,,"A small, locally-run place to stay in the heart of General Luna, Siargao's lively surf-town hub, Ayman's Guest House offers a homier alternative to the big resorts. It currently sits at 4.7 across 20 reviews. Best for: travelers after a homier, locally-run stay.",9.7830885,126.1548027,https://www.google.com/maps/place/Ayman%27s+Guest+House/data=!4m7!3m6!1s0x3303f7d682ce5781:0x3d0f8fd28f3ea0b!8m2!3d9.7830885!4d126.1548027!16s%2Fg%2F11t5b00b9l!19sChIJgVfOgtb3AzMRC-rzKP340AM?authuser=0&hl=en&rclk=1,"guesthouses in General Luna, Siargao & Surigao, Philippines",General Luna
The Living Room Siargao,4.9,(105),09174188733,https://wa.me/09174188733,,,,"Poblacion V (Purok V), General Luna, 8419 Surigao del Norte",,https://lh3.googleusercontent.com/gps-cs-s/APNQkAH8AwXq3nIHmOaMS9DencoycnIVqCPUzI9qXkp37UquQ50rrG_Nbpo_73XYye75MxLFxMwHCGEwb0vTc8RidJtb5XeBFJfe2ozTHlPJvnh_BknD37Qqop7AFqfuKQlMPdWt7bTb=w2048-h1536-k-no,"Free Wi-Fi, Air-conditioned, Pool, Fitness center, Free parking, Airport shuttle, Pet-friendly, Bar, Laundry service, Laundry","An established spot in the heart of General Luna, Siargao's lively surf-town hub, The Living Room Siargao has clearly built a following with a sizeable review count. It currently sits at 4.9 across 105 reviews. Amenities include free wi-fi, air-conditioned, pool, fitness center. Best for: travelers exploring this corner of Siargao.",9.7927617,126.151604,https://www.google.com/maps/place/The+Living+Room+Siargao/data=!4m11!3m10!1s0x3303f765f496448b:0xb8f2b39f734232aa!5m3!1s2026-10-31!4m1!1i2!8m2!3d9.7927617!4d126.151604!16s%2Fg%2F11j86kv37b!19sChIJi0SW9GX3AzMRqjJCc5-z8rg?authuser=0&hl=en&rclk=1,"guesthouses in General Luna, Siargao & Surigao, Philippines",General Luna
Siargao Serene Guest House,5.0,(1),09562852712,https://wa.me/09562852712,,https://www.facebook.com/bayudboutiqueresort,Hotel,"Purok 5 Bayud, General Luna, Surigao City, 8419 Surigao del Norte",,https://lh3.googleusercontent.com/gps-cs-s/APNQkAF5bXWtpmyTFRTjaxO5DhvjhohW5hDHm7UGhBM3199tGvMON0xCmtqTM5mYTlZpp4O5IJjaX4eaZ0S25SitvDM3RzBO6xQTdz6bwi73bNUuTev0J-uBxC3vPx01W8LO8Fgztd1vzYVrCKDe=w2048-h1536-k-no,,"An island stay in the heart of General Luna, Siargao's lively surf-town hub, Siargao Serene Guest House pitches itself to travelers wanting a relaxed base. It currently sits at 5.0 across 1 review. Honest read: only a handful of reviews so far, but early feedback leans positive. Best for: travelers wanting comfort and a relaxed island stay.",9.7916686,126.154599,https://www.google.com/maps/place/Siargao+Serene+Guest+House/data=!4m7!3m6!1s0x3303f7000919c00f:0xc52d154dab77f1c0!8m2!3d9.7916686!4d126.154599!16s%2Fg%2F11ysfjhrfk!19sChIJD8AZCQD3AzMRwPF3q00VLcU?authuser=0&hl=en&rclk=1,"guesthouses in General Luna, Siargao & Surigao, Philippines",General Luna
Moonlight Homestay,3.6,(107),09465549017,https://wa.me/09465549017,,https://www.facebook.com/siargaomoonlight,,"Q5R4+7C7, Tourism Rd, General Luna, Surigao del Norte",,https://lh3.googleusercontent.com/gps-cs-s/APNQkAEfZFP-Jk4lVPmTq2u9-J5ETuWHhrh7a5sodIE_vmm9wcJFco35zPCv30s2SEPkP5TGJ5wJrNF0MpUo6tuhELQWVDVYyDVmsRjWgTcb13AVMzs5smpeS9FpOkKCrK7hd95UeJlm=w2048-h1536-k-no,"Free Wi-Fi, Air-conditioned, Pool, Fitness center, Free parking, Airport shuttle, Pet-friendly, Kid-friendly","An established spot in the heart of General Luna, Siargao's lively surf-town hub, Moonlight Homestay has clearly built a following with a sizeable review count. It currently sits at 3.6 across 107 reviews. Honest read: reviews are mixed (around 3.6), so set expectations accordingly. Amenities include free wi-fi, air-conditioned, pool, fitness center. Best for: travelers exploring this corner of Siargao.",9.7906546,126.1560486,https://www.google.com/maps/place/Moonlight+Homestay/data=!4m11!3m10!1s0x3303f618f28be1c7:0x663b7dd6cea17a47!5m3!1s2026-10-31!4m1!1i2!8m2!3d9.7906546!4d126.1560486!16s%2Fg%2F11g6bjx600!19sChIJx-GL8hj2AzMRR3qhztZ9O2Y?authuser=0&hl=en&rclk=1,"guesthouses in General Luna, Siargao & Surigao, Philippines",General Luna
Tahanan Homestay,4.4,(13),09566508186,https://wa.me/09566508186,,https://www.facebook.com/tahananhomestay,,"Old Tourism Rd Purok 5 General Luna, Siargao, 8419 Surigao del Norte",,https://lh3.googleusercontent.com/gps-cs-s/APNQkAEklAa6WdVDSUn7alW6CgzvXDsWiXu6Dyau7palt78Gl1JtWBYzwJjvL_PP7MZa0o2OU8Rkig8BvDc_-3eHxlpKB5BK5302uszC0DrT_ffK27NcC7F66nj3vx_qcgHXClm_SEKbGA=w2048-h1536-k-no,"Free Wi-Fi, Spa","A low-key local spot in the heart of General Luna, Siargao's lively surf-town hub, Tahanan Homestay keeps a modest online footprint. It currently sits at 4.4 across 13 reviews. Amenities include free wi-fi, spa. Best for: travelers exploring this corner of Siargao.",9.7942643,126.1554886,https://www.google.com/maps/place/Tahanan+Homestay/data=!4m11!3m10!1s0x3303f76665d36b9b:0xfc3c26fbf2401380!5m3!1s2026-10-31!4m1!1i2!8m2!3d9.7942643!4d126.1554886!16s%2Fg%2F11tcv_sk6w!19sChIJm2vTZWb3AzMRgBNA8vsmPPw?authuser=0&hl=en&rclk=1,"guesthouses in General Luna, Siargao & Surigao, Philippines",General Luna
Matanjak Guesthouse Siargao,4.4,(64),09544485751,https://wa.me/09544485751,https://www.instagram.com/matanjaksiargao,https://www.facebook.com/61574422022912,,"Tourism Rd, General Luna, 8419 Surigao del Norte",,https://lh3.googleusercontent.com/gps-cs-s/APNQkAGqXiLb-znXnwpsryUofTzdj_0YWVXtkufD4U3W16ZUX709a0brPhCz-96uROgL3pdpT5OaQ8v2NMfWtpBJAS127ZKC36SP1V-Fj18rEHSf-KB6wLIKpAndNy-PoJExGzI5jpEViu-ifzA=w2048-h1536-k-no,"Free Wi-Fi, Air-conditioned, Pool, Fitness center, Free parking, Restaurant, Bar, Room service, Beach access, Kid-friendly","A low-key local spot in the heart of General Luna, Siargao's lively surf-town hub, Matanjak Guesthouse Siargao keeps a modest online footprint. It currently sits at 4.4 across 64 reviews. Amenities include free wi-fi, air-conditioned, pool, fitness center. Best for: travelers exploring this corner of Siargao.",9.7966012,126.1602849,https://www.google.com/maps/place/Matanjak+Guesthouse+Siargao/data=!4m11!3m10!1s0x330409e2008c9cb3:0x6347d4840fdf1bd3!5m3!1s2026-10-31!4m1!1i2!8m2!3d9.7966012!4d126.1602849!16s%2Fg%2F1ptxwzhpw!19sChIJs5yMAOIJBDMR0xvfD4TUR2M?authuser=0&hl=en&rclk=1,"guesthouses in General Luna, Siargao & Surigao, Philippines",General Luna
Lubunacos VillaLunaSiargao,4.7,(35),09177245314,https://wa.me/09177245314,https://www.instagram.com/villalunasiargao,https://facebook.com/villalunasiargao,,"Main back, Landmark (across GL firestation, Purok 5 Tourism Rd, General Luna, 8419 Surigao del Norte",https://www.villaluna-siargao.com/en/,https://lh3.googleusercontent.com/gps-cs-s/APNQkAHrCTG5NhPWABcfGFJvXEwol_Z4NYbojJflUi9aS_-YU3QbrwDjfCRu7iT8ytUgfA2vcoGYi2tkjyfulsRpCu83oBpc2j5Zo0zgLwO6wYlQh3S3uEsv1Va_u_zWSnPFmd-xBB5q=w2048-h1536-k-no,,"A low-key local spot in the heart of General Luna, Siargao's lively surf-town hub, Lubunacos VillaLunaSiargao keeps a modest online footprint. It currently sits at 4.7 across 35 reviews. It sits among the many small, locally-run spots that give Siargao its laid-back character. Best for: travelers exploring this corner of Siargao.",9.7937312,126.1568224,https://www.google.com/maps/place/Lubunacos+VillaLunaSiargao/data=!4m11!3m10!1s0x3303f7dbb4c12a6f:0x5cfc4974dc33e680!5m3!1s2026-10-31!4m1!1i2!8m2!3d9.7937312!4d126.1568224!16s%2Fg%2F11sk8s5w22!19sChIJbyrBtNv3AzMRgOYz3HRJ_Fw?authuser=0&hl=en&rclk=1,"guesthouses in General Luna, Siargao & Surigao, Philippines",General Luna
The Triangles Siargao,4.9,(31),,,,https://www.facebook.com/thetriangles.siargao,Hotel,"Back road purok 5, General Luna, 8419 Surigao del Norte",,https://lh3.googleusercontent.com/gps-cs-s/APNQkAGKiZqFv63nMIFPYbZAK-3pCM6aOcNJb-xsid_ToydKljs0CroRO85W1S27Fi_ccaOfxlYcRYL-upaH3aYgBgp9qNIQyKIOwZ3I0hW3shs7eigHkMiN5gl2GckwAT-Pooo7-XiD=w2048-h1536-k-no,"Bar, Garden","An island stay in the heart of General Luna, Siargao's lively surf-town hub, The Triangles Siargao pitches itself to travelers wanting a relaxed base. It currently sits at 4.9 across 31 reviews. Amenities include bar, garden. Best for: travelers wanting comfort and a relaxed island stay.",9.7930605,126.1568935,https://www.google.com/maps/place/The+Triangles+Siargao/data=!4m7!3m6!1s0x3303f61f25f2fb63:0x85dc46522e770f94!8m2!3d9.7930605!4d126.1568935!16s%2Fg%2F11hd1vq96k!19sChIJY_vyJR_2AzMRlA93LlJG3IU?authuser=0&hl=en&rclk=1,"guesthouses in General Luna, Siargao & Surigao, Philippines",General Luna
Happy Feet Siargao Homestay - General Luna,5.0,(22),09056558754,https://wa.me/09056558754,,https://www.facebook.com/happyfeetsiargao,,"Poblacion 1 Dapa - General Luna Rd, General Luna, 8419 Surigao del Norte",https://www.facebook.com/happyfeetsiargao,https://lh3.googleusercontent.com/gps-cs-s/APNQkAF8H5DzgzH3M9_NggdYG7lWleyyorm3sm1yB0b6p4s4iPjnru7B9oc3sXjLg1JIF5Dc1gGe48xAK56epMgqJzaCE2qDJcfQ3FSN_Esp-qWIiOMvjby8m7gr5S95tzaRubMbwsKhfKlnCu8-=w2048-h1536-k-no,"Free Wi-Fi, Breakfast, Air-conditioned, Pool, Fitness center, Parking, Airport shuttle, Pet-friendly, Restaurant","A low-key local spot in the heart of General Luna, Siargao's lively surf-town hub, Happy Feet Siargao Homestay - General Luna keeps a modest online footprint. It currently sits at 5.0 across 22 reviews. Amenities include free wi-fi, breakfast, air-conditioned, pool. Best for: travelers exploring this corner of Siargao.",9.7821776,126.15533,https://www.google.com/maps/place/Happy+Feet+Siargao+Homestay+-+General+Luna/data=!4m11!3m10!1s0x3303f7807595c195:0xe2d9707bb502a7b0!5m3!1s2026-10-31!4m1!1i2!8m2!3d9.7821776!4d126.15533!16s%2Fg%2F11x6ygx30m!19sChIJlcGVdYD3AzMRsKcCtXtw2eI?authuser=0&hl=en&rclk=1,"guesthouses in General Luna, Siargao & Surigao, Philippines",General Luna
Sing Siargao,4.6,(23),09156617150,https://wa.me/09156617150,https://www.instagram.com/singsiargao,https://www.facebook.com/people,Holiday apartment rental,"Purok 1, Barangay, Malinao - Union Rd, General Luna, Surigao del Norte",,https://lh3.googleusercontent.com/gps-cs-s/APNQkAGZDDqJ9s5nzbiPFCaumP3SwXt9fmg1zrpwvPY0XGhmUkRHHGKNeXCHV5rU0iRkS_1ADDv5oFXLot7hb3SpbF3IzZ_XKBOPhJQ8xPpMZzS4VS7sy9pDdlRT2j2OMEp9P4weKoo5aA=w2048-h1536-k-no,,"A small, locally-run place to stay in the heart of General Luna, Siargao's lively surf-town hub, Sing Siargao offers a homier alternative to the big resorts. It currently sits at 4.6 across 23 reviews. Best for: travelers after a homier, locally-run stay.",9.7707411,126.1271488,https://www.google.com/maps/place/Sing+Siargao/data=!4m7!3m6!1s0x3303f7f8e4a86307:0x5d394690c4b03193!8m2!3d9.7707411!4d126.1271488!16s%2Fg%2F11pb9lbdqh!19sChIJB2Oo5Pj3AzMRkzGwxJBGOV0?authuser=0&hl=en&rclk=1,"guesthouses in General Luna, Siargao & Surigao, Philippines",General Luna
LAGKAW SIARGAO GUESTHOUSE,5.0,(2),09488334880,https://wa.me/09488334880,https://www.instagram.com/lagkawsiargaovillas,https://www.facebook.com/LagkawSiargao,Lodging,"Q5R3+W3Q, General Luna, Surigao del Norte",,https://streetviewpixels-pa.googleapis.com/v1/thumbnail?panoid=X-TWvo9z-WELhxdA8L7v2g&cb_client=search.gws-prod.gps&w=80&h=92&yaw=84.97788&pitch=0&thumbfov=100,,"A local lodging in the heart of General Luna, Siargao's lively surf-town hub, LAGKAW SIARGAO GUESTHOUSE serves travelers passing through. It currently sits at 5.0 across 2 reviews. Honest read: only a handful of reviews so far, but early feedback leans positive. Best for: travelers exploring this corner of Siargao.",9.7923437,126.1527348,https://www.google.com/maps/place/LAGKAW+SIARGAO+GUESTHOUSE/data=!4m7!3m6!1s0x3303f79edd3577db:0x783687e1bc6dd542!8m2!3d9.7923437!4d126.1527348!16s%2Fg%2F11j2g6kk4z!19sChIJ23c13Z73AzMRQtVtvOGHNng?authuser=0&hl=en&rclk=1,"guesthouses in General Luna, Siargao & Surigao, Philippines",General Luna
Camanolo Homestay,4.5,(35),09167609639,https://wa.me/09167609639,,https://www.facebook.com/profile.php,,"Purok 5, General Luna, 8419 Surigao del Norte",,https://lh3.googleusercontent.com/gps-cs-s/APNQkAE_MVMi0JyhHQ_cS4bn_UoJbN_AFT06HqMsgcuO4rPhO3YEcgPrk4pJotNUfxHGigIoXnyWEYVtAnRtZFOprpiWd3xTXHbs9ZsCXsZht74wL8eTiyJ-viiCswTO7grbY3TYO2YI=w2048-h1536-k-no,,"A low-key local spot in the heart of General Luna, Siargao's lively surf-town hub, Camanolo Homestay keeps a modest online footprint. It currently sits at 4.5 across 35 reviews. It sits among the many small, locally-run spots that give Siargao its laid-back character. Best for: travelers exploring this corner of Siargao.",9.7875736,126.1615247,https://www.google.com/maps/place/Camanolo+Homestay/data=!4m11!3m10!1s0x3303f73149ccb9cb:0x5cdc83821338e4eb!5m3!1s2026-10-31!4m1!1i2!8m2!3d9.7875736!4d126.1615247!16s%2Fg%2F11tj6l3sqs!19sChIJy7nMSTH3AzMR6-Q4E4KD3Fw?authuser=0&hl=en&rclk=1,"guesthouses in General Luna, Siargao & Surigao, Philippines",General Luna
Yayay Homestay,4.5,(104),09173026576,https://wa.me/09173026576,,https://www.facebook.com/people,Holiday apartment,"Malinao Rd, General Luna, Surigao del Norte",https://hannahlovestotravel.com/white-villa-siargao-1-philippines,https://lh3.googleusercontent.com/gps-cs-s/APNQkAEI9QjpuAx14UJ5zVX4MtwvYnSdXnrh1EZq7bFxIlv4IIeMKZLJVMdK7VPkw82Zmf2Yp8syNMDoXZ0oeDUblmLx30_aDuUrXRCJqVN6hg2Lckx-k7lXFNxcms8aqXHAbjdtFy0NRw=w2048-h1536-k-no,"Beach access, Kitchen","A small, locally-run place to stay in the heart of General Luna, Siargao's lively surf-town hub, Yayay Homestay offers a homier alternative to the big resorts. It currently sits at 4.5 across 104 reviews. Amenities include beach access, kitchen. Best for: travelers after a homier, locally-run stay.",9.7694435,126.128008,https://www.google.com/maps/place/Yayay+Homestay/data=!4m7!3m6!1s0x3303f7ac2526794f:0x2d312fa00334cfcf!8m2!3d9.7694435!4d126.128008!16s%2Fg%2F11f4pc3hl5!19sChIJT3kmJaz3AzMRz880A6AvMS0?authuser=0&hl=en&rclk=1,"guesthouses in General Luna, Siargao & Surigao, Philippines",General Luna
Salig Inn (with Starlink Wi-Fi!),4.6,(121),09985381685,https://wa.me/09985381685,https://www.instagram.com/saliginnsiargao,https://www.facebook.com/saliginnsiargao,Hostel,"Poblacion (Purok) 5, General Luna, Surigao del Norte",,https://lh3.googleusercontent.com/gps-cs-s/APNQkAGx4Xr_KwQiPebdj71BPqEjrzTZgQkLNJh74ZPMEyHUfsjNcWJOVArodz3_ELMbx0ZLlTZbgpchzeOW4xez8s0ebh2-sKZ2c_cwQxWueVe3i6fo3ej193fiz3wgSs5O4ZaP5WI9=w2048-h1536-k-no,"Wi-Fi, Kitchen","A small, locally-run place to stay in the heart of General Luna, Siargao's lively surf-town hub, Salig Inn (with Starlink Wi-Fi!) offers a homier alternative to the big resorts. It currently sits at 4.6 across 121 reviews. Amenities include wi-fi, kitchen. Best for: budget and social travelers wanting a friendly base.",9.7940603,126.1568768,https://www.google.com/maps/place/Salig+Inn+%28with+Starlink+Wi-Fi!%29/data=!4m7!3m6!1s0x3303f7469ba782f3:0xa0e7fb9093ddc253!8m2!3d9.7940603!4d126.1568768!16s%2Fg%2F11g0jd4znv!19sChIJ84Knm0b3AzMRU8Ldk5D756A?authuser=0&hl=en&rclk=1,"guesthouses in General Luna, Siargao & Surigao, Philippines",General Luna
Mango Tango Villas,5.0,(43),,,https://www.instagram.com/mangotango.siargao,https://www.facebook.com/mangotango.siargao,,"Bayod Street, PangPang, Backroad General Luna, Siargao Island General Luna, Siargao Island, 8419 Surigao del Norte",,https://lh3.googleusercontent.com/gps-cs-s/APNQkAEvhm-hBW8Up8KkU3ZSK9KIA1WwHZtx1LTfG-2SH1Z46y6axXB7J-dpSgIvhSPOzV1uDXMd5W9Xlt9lbVwSkVtCbawyXWtcIjv9diGxfhZg7qbwb0encSru3zn7JZ0kXae9AhtQ=w2048-h1536-k-no,"Free Wi-Fi, Parking","A low-key local spot in the heart of General Luna, Siargao's lively surf-town hub, Mango Tango Villas keeps a modest online footprint. It currently sits at 5.0 across 43 reviews. Amenities include free wi-fi, parking. Best for: travelers exploring this corner of Siargao.",9.8012955,126.1560692,https://www.google.com/maps/place/Mango+Tango+Villas/data=!4m11!3m10!1s0x3304094802d6cb5f:0xf86df9c555fe3b24!5m3!1s2026-10-31!4m1!1i2!8m2!3d9.8012955!4d126.1560692!16s%2Fg%2F11rxj90l7w!19sChIJX8vWAkgJBDMRJDv-VcX5bfg?authuser=0&hl=en&rclk=1,"guesthouses in General Luna, Siargao & Surigao, Philippines",General Luna
Domu Mia villa,4.7,(23),,,,https://www.facebook.com/100314702960480,,"Malinao Rd, Siargao Island, General Luna, 8411 Surigao del Norte",,https://lh3.googleusercontent.com/gps-cs-s/APNQkAGFt9foagALmVku_B0cLjZJWVVjNK2I29jNyU5qMEDZpxDbQW4HgMP7A4d9XxV36oW8v8f2ardAYXL6g733PggMYjPQTbM4LWQVcsAmUmk4v-OA68Tk_ygj-NrrlRfE1CKQQlA=w2048-h1536-k-no,Free parking,"A low-key local spot in the heart of General Luna, Siargao's lively surf-town hub, Domu Mia villa keeps a modest online footprint. It currently sits at 4.7 across 23 reviews. Amenities include free parking. Best for: travelers exploring this corner of Siargao.",9.7722022,126.1290423,https://www.google.com/maps/place/Domu+Mia+villa/data=!4m11!3m10!1s0x3303f7529abc79f3:0x6731bfbb0f2a6213!5m3!1s2026-10-31!4m1!1i2!8m2!3d9.7722022!4d126.1290423!16s%2Fg%2F11j8k46b60!19sChIJ83m8mlL3AzMRE2IqD7u_MWc?authuser=0&hl=en&rclk=1,"guesthouses in General Luna, Siargao & Surigao, Philippines",General Luna
Jing's Place Homestay siargao,3.9,(101),09102596493,https://wa.me/09102596493,,https://www.facebook.com/jingsplace,,"5 Purok, General Luna, 8419 Surigao del Norte",,https://lh3.googleusercontent.com/gps-cs-s/APNQkAGU7tMD_loFjaDxw6fJyMLfBRy4Yp6WcCEWuqHVau6wru3HQCKfpjzPwNZC3HKJ3S2CbdFRZ4X2ZkvjGtFMk9sZcoXJZQVRjXfAEmOLTkt2YYmbAmMmBHT8V9EOH1E1ngjRswE=w2048-h1536-k-no,"Free Wi-Fi, Air-conditioned, Pool, Fitness center, Airport shuttle, Pet-friendly, Restaurant, Kid-friendly","An established spot in the heart of General Luna, Siargao's lively surf-town hub, Jing's Place Homestay siargao has clearly built a following with a sizeable review count. It currently sits at 3.9 across 101 reviews. Honest read: a solid-not-spectacular 3.9 rating, dependable rather than dazzling. Amenities include free wi-fi, air-conditioned, pool, fitness center. Best for: travelers exploring this corner of Siargao.",9.7899658,126.1589905,https://www.google.com/maps/place/Jing%27s+Place+Homestay+siargao/data=!4m11!3m10!1s0x3303f61c728b67d5:0x662946365dfd1d90!5m3!1s2026-10-31!4m1!1i2!8m2!3d9.7899658!4d126.1589905!16s%2Fg%2F11fml3gyqw!19sChIJ1WeLchz2AzMRkB39XTZGKWY?authuser=0&hl=en&rclk=1,"guesthouses in General Luna, Siargao & Surigao, Philippines",General Luna
Abby Homestay Siargao,4.9,(8),,,,https://www.facebook.com/abbyhomestay,Homestay,"Q5P5+CXM, General Luna, Surigao del Norte",https://www.facebook.com/abbyhomestay/,https://lh3.googleusercontent.com/gps-cs-s/APNQkAH1fVB9gGwaU-wyL1AUr6JGV9NwyLlsxsjoXaAL5sq7rZD4ATpKqC9gXf2Bv3XUg0uR8O6w_y4fE4pAnT8vbcdvt7vpR4WOg0a4HL7vHgdDCh5uY3dfygzTbj8DFg3kEv2MsyA=w2048-h1536-k-no,,"A small, locally-run place to stay in the heart of General Luna, Siargao's lively surf-town hub, Abby Homestay Siargao offers a homier alternative to the big resorts. It currently sits at 4.9 across 8 reviews. Honest read: only a handful of reviews so far, but early feedback leans positive. Best for: travelers after a homier, locally-run stay.",9.7860879,126.1599363,https://www.google.com/maps/place/Abby+Homestay+Siargao/data=!4m7!3m6!1s0x3303f7627fb13113:0xa83061f7ef2b6014!8m2!3d9.7860879!4d126.1599363!16s%2Fg%2F11mpcbqsk5!19sChIJEzGxf2L3AzMRFGAr7_dhMKg?authuser=0&hl=en&rclk=1,"guesthouses in General Luna, Siargao & Surigao, Philippines",General Luna
Alma Siargao,4.9,(655),09452336544,https://wa.me/09452336544,https://www.instagram.com/almaphilippines/,https://www.facebook.com/almamakatiph,Restaurant,"Purok 1, Siargao Island, General Luna, 8419 Surigao del Norte",http://www.almaphilippines.com/,https://lh3.googleusercontent.com/gps-cs-s/APNQkAEkKkz6PdqQfTxPeeSXQBSPqzPJL0-pvetbzoIpkGoD5H8ZR-uHaKaTD85YuEzgx28J80A3jlQS-2iYSc85PLKwhvY6NckxqMkExQBwqCjpPeARxgo1DXOFsfWfi9MCFGLlY5Q=w2048-h1536-k-no,"Restaurant, Sea view, Garden","Often crowned Siargao's best restaurant, Alma serves Spanish-inspired tapas and paellas with a local touch and sweeping sunset sea views from General Luna. Grilled snapper, stuffed piquillo peppers, sangria and Mediterranean G&Ts get top marks, with gourmet plates at fair prices and warm, family-friendly service. Honest note: corkage and pet rules are strict. With 650-plus reviews at 4.9, expectations are high and usually met. Best for: a memorable sunset dinner worth booking ahead.",9.7812844,126.154202,https://www.google.com/maps/place/Alma+Siargao/data=!4m7!3m6!1s0x3303f7fc5355c349:0xad1ec730edda2bf8!8m2!3d9.7812844!4d126.154202!16s%2Fg%2F11mpcw5xqv!19sChIJScNVU_z3AzMR-Cva7TDHHq0?authuser=0&hl=en&rclk=1,"restaurants in General Luna, Siargao & Surigao, Philippines",General Luna
Happiness Restaurant Siargao,4.7,(704),09660264679,https://wa.me/09660264679,https://www.instagram.com/happinessphilippines/,https://www.facebook.com/happinesshostelsiargao,Restaurant,"Siargao Island, Tourism Rd, Catangnan, General Luna, 8419 Surigao del Norte",https://linktr.ee/happinessphilippines,https://lh3.googleusercontent.com/gps-cs-s/APNQkAFk6W6aU3nk6gj8Z8HYP8qpilGlH-_ReAVovhUwRE_d9WOzGD0WWY4QUtmU8EWXxVSeNG89abKWO8jEl1VCFNLeDffZwBUEGjl_GzH3e2uiszjMvaHwZt8WyxRv-lSJ4L3Zhuk-V5M_UVX4=w2048-h1536-k-no,"Pool, Restaurant, Bar","A standout Restaurant restaurant in the heart of General Luna, Siargao's lively surf-town hub, Happiness Restaurant Siargao earns a high 4.7 from 704 reviews. Locals and travelers rate it for consistent, flavorful island dining. Amenities include pool, restaurant, bar. Best for: a casual island meal.",9.8017982,126.1596303,https://www.google.com/maps/place/Happiness+Restaurant+Siargao/data=!4m7!3m6!1s0x3303f7ecd6061105:0x90b8ee64e0ee39df!8m2!3d9.8017982!4d126.1596303!16s%2Fg%2F11kby2vc4w!19sChIJBREG1uz3AzMR3znu4GTuuJA?authuser=0&hl=en&rclk=1,"restaurants in General Luna, Siargao & Surigao, Philippines",General Luna
Sagana Restaurant Siargao,4.9,(113),09569268053,https://wa.me/09569268053,,https://www.facebook.com/saganasiargao,Restaurant,"Q5V3+83 Purok V, General Luna, 8419 Surigao del Norte",,https://lh3.googleusercontent.com/gps-cs-s/APNQkAEm3HUHhHCewAXQbnwoxTZ8i5aLBNGsKPHqy0jwPCtXimrEbtGbGzSERTh552PJaH2GT6QGbn0fnCM4WHpIc8SRMgVvROwyuv4zH3lVMmII9zZMkHkxJIFxDOuArdnZCqPfBUsyJxzxb4w=w2048-h1536-k-no,Restaurant,"A casual eatery in the heart of General Luna, Siargao's lively surf-town hub, Sagana Restaurant Siargao serves up everyday island dining. It currently sits at 4.9 across 113 reviews. Amenities include restaurant. Set in Siargao's easygoing dining scene, it leans casual and local rather than polished. Best for: a casual island meal.",9.7933125,126.1526875,https://www.google.com/maps/place/Sagana+Restaurant+Siargao/data=!4m7!3m6!1s0x3303f779cafcc6d9:0x538f5bc74864a06!8m2!3d9.7933125!4d126.1526875!16s%2Fg%2F11y_s_9313!19sChIJ2cb8ynn3AzMRBkqGdLz1OAU?authuser=0&hl=en&rclk=1,"restaurants in General Luna, Siargao & Surigao, Philippines",General Luna
NĀGA Siargao,4.5,(662),09664115969,https://wa.me/09664115969,https://instagram.com/naga.siargao,https://www.facebook.com/naga.siargao,Restaurant,"Across Callbox / Siargao, Island Villas, Tourism Rd, General Luna, 8419 Surigao del Norte",https://www.nagaconcepts.co/,https://lh3.googleusercontent.com/gps-cs-s/APNQkAETjIN72dtijAE74e0dQ6HBxy87cEB2Sg_U9ELZ1Aj6ymhu1sX2B77uxhj96Y2IxpvU2uAUOJF6i8hmO5V5rlzRIXt9eyc3a41PF7FtGCP__ZMkj_c-C69eP5Jis7OeEQst-IeK4TF9jP4=w2048-h1536-k-no,"Pool, Restaurant","A standout Restaurant restaurant in the heart of General Luna, Siargao's lively surf-town hub, NĀGA Siargao earns a high 4.5 from 662 reviews. Locals and travelers rate it for consistent, flavorful island dining. Amenities include pool, restaurant. Best for: a casual island meal.",9.7958557,126.1603145,https://www.google.com/maps/place/N%C4%80GA+Siargao/data=!4m7!3m6!1s0x3303f765a72347cf:0x992550a4830a8756!8m2!3d9.7958557!4d126.1603145!16s%2Fg%2F11k4139q_s!19sChIJz0cjp2X3AzMRVocKg6RQJZk?authuser=0&hl=en&rclk=1,"restaurants in General Luna, Siargao & Surigao, Philippines",General Luna
Big Belly Siargao,4.8,"(4,052)",09185400815,https://wa.me/09185400815,,https://www.facebook.com/BigBellySiargao,Restaurant,"Siargao Island, Tourism Rd, Purok 3, General Luna, 8419 Surigao del Norte",,https://lh3.googleusercontent.com/gps-cs-s/APNQkAHE5iXU5emS4T14zUuVqDRp7tpW2ZBpQMpNUanIIXLjmRLYJuT_HWFjTJDyAE0vY0bmp38Iz6ssc9KSLjB93isb2kz9lBh-eNqlbwOi6GQwgjnAeHFPC7GZKNrlJPO81XW8jddGtShkLtas=w2048-h1536-k-no,Restaurant,"A casual eatery in the heart of General Luna, Siargao's lively surf-town hub, Big Belly Siargao serves up everyday island dining. It currently sits at 4.8 across 4 reviews. Honest read: only a handful of reviews so far, but early feedback leans positive. Amenities include restaurant. Best for: a casual island meal.",9.788267,126.1624881,https://www.google.com/maps/place/Big+Belly+Siargao/data=!4m7!3m6!1s0x3303f78740316f39:0x6dedc75b759deb11!8m2!3d9.788267!4d126.1624881!16s%2Fg%2F11lh0jkgms!19sChIJOW8xQIf3AzMREeuddVvH7W0?authuser=0&hl=en&rclk=1,"restaurants in General Luna, Siargao & Surigao, Philippines",General Luna
Lyma Siargao,4.8,(340),09297561379,https://wa.me/09297561379,https://www.instagram.com/lymasiargao,https://www.facebook.com/lymasiargao,Restaurant,"Purok 5 Tourism Rd, General Luna, 8419 Surigao del Norte",https://www.lymasiargao.com/,https://lh3.googleusercontent.com/gps-cs-s/APNQkAFB6M3hcz6I3ItJ5UAupZ71jH_42V-JpTmDxR26_ekuSUVziU_wGWR5YnqhzczGwrPmiYLZqWHIaOemHWhczXhh6dsKpVvo-J2yoC9X6k-VfD7uRbWJ39SKdU0pebGddBzPbs8U996Ifzc=w2048-h1536-k-no,"Wheelchair accessible, Wheelchair accessible entrance, Accessible","A standout Restaurant restaurant in the heart of General Luna, Siargao's lively surf-town hub, Lyma Siargao earns a high 4.8 from 340 reviews. Locals and travelers rate it for consistent, flavorful island dining. Amenities include wheelchair accessible, wheelchair accessible entrance, accessible. Best for: a casual island meal.",9.7927367,126.1620833,https://www.google.com/maps/place/Lyma+Siargao/data=!4m7!3m6!1s0x3303f7e87b4fa789:0xae8253fde11d4f8a!8m2!3d9.7927367!4d126.1620833!16s%2Fg%2F11xs35g2y4!19sChIJiadPe-j3AzMRik8d4f1Tgq4?authuser=0&hl=en&rclk=1,"restaurants in General Luna, Siargao & Surigao, Philippines",General Luna
La Mesa,4.7,(770),09629568657,https://wa.me/09629568657,https://www.instagram.com/lamesa_siargao,https://www.facebook.com/lamesasiargao,Restaurant,"Tourism Rd, General Luna, 8419 Surigao del Norte",https://www.instagram.com/lamesa_siargao?igsh=MTk4d2c4bXNqcmkxMg%3D%3D&utm_source=qr,https://lh3.googleusercontent.com/gps-cs-s/APNQkAHe0r7sMLVYNlT7l34rbUTjR_AdxtJzxTAibdfBKwqhBxNqO-k5jTpGngJGH4COOCBaUGD1RlD1sKI26jOmY_Y-TPGx9CPyo1ALS2sZ18sJypukbflgJ38NuKTX5DbPhSIrFZtP=w2048-h1536-k-no,Restaurant,"A standout Restaurant restaurant in the heart of General Luna, Siargao's lively surf-town hub, La Mesa earns a high 4.7 from 770 reviews. Locals and travelers rate it for consistent, flavorful island dining. Amenities include restaurant. Best for: a casual island meal.",9.7881094,126.1624814,https://www.google.com/maps/place/La+Mesa/data=!4m7!3m6!1s0x3303f70e2ab7f1db:0x2a8b7e4dd83b4ceb!8m2!3d9.7881094!4d126.1624814!16s%2Fg%2F11tdbjy6lw!19sChIJ2_G3Kg73AzMR60w72E1-iyo?authuser=0&hl=en&rclk=1,"restaurants in General Luna, Siargao & Surigao, Philippines",General Luna
Cabuntog Surf Shop & Café,4.9,(666),09474857402,https://wa.me/09474857402,https://www.instagram.com/cabuntog.goldenbellsiargao,https://www.facebook.com/p,Breakfast restaurant,"General Luna, Surigao del Norte",,https://lh3.googleusercontent.com/gps-cs-s/APNQkAFbkHpZMnUNhNwSTZXTmvjp3_ReEpm9OEUxinpuiso3a7Jsgqk3XqF7WLkyJLHRo_hyckLZFEYoXRwsTr-wAe5wk8HvovSqnwRwDhAmxBJhiV6nZgAatsud5xtkr-3ukSQFzqWvDMc7NJM=w2048-h1536-k-no,Restaurant,"A standout Breakfast restaurant in the heart of General Luna, Siargao's lively surf-town hub, Cabuntog Surf Shop & Café earns a high 4.9 from 666 reviews. Locals and travelers rate it for consistent, flavorful island dining. Amenities include restaurant. Best for: a casual island meal.",9.7858877,126.1617135,https://www.google.com/maps/place/Cabuntog+Surf+Shop+%26+Caf%C3%A9/data=!4m7!3m6!1s0x3303f7d82191520b:0x9f031826761894d6!8m2!3d9.7858877!4d126.1617135!16s%2Fg%2F11sbxl07cf!19sChIJC1KRIdj3AzMR1pQYdiYYA58?authuser=0&hl=en&rclk=1,"restaurants in General Luna, Siargao & Surigao, Philippines",General Luna
Little Rotti Siargao,4.8,(197),09171458282,https://wa.me/09171458282,https://www.instagram.com/littlerottisiargao,https://www.facebook.com/tr?id=1468314176675614&ev=PageView&noscript=1,Indian restaurant,"Barangay, Malinao Rd, Malinao, General Luna, 8419 Surigao del Norte",https://utak.io/store/little_rotti_hostel_bajala_siargao,https://lh3.googleusercontent.com/gps-cs-s/APNQkAEX8KPlwFF4wRyDUaRv-Db7Vby0UgFudFieRjG-RCoXP4iW2z35BvpP3QA8eDhFITN2rK_idk1dV7nHlcoWdWe-Y9721O8v_h0GxqqRZ3EPNBbBieZ5Cqm3zUPVtyubaF6hIZA6=w2048-h1536-k-no,"Restaurant, Wheelchair accessible, Wheelchair accessible entrance, Sea view, Accessible","A standout Indian restaurant in the heart of General Luna, Siargao's lively surf-town hub, Little Rotti Siargao earns a high 4.8 from 197 reviews. Locals and travelers rate it for consistent, flavorful island dining. Amenities include restaurant, wheelchair accessible, wheelchair accessible entrance, sea view. Best for: a casual island meal.",9.7660507,126.1273754,https://www.google.com/maps/place/Little+Rotti+Siargao/data=!4m7!3m6!1s0x3303f7edd9e64b5d:0xd54a699afb8e6cdf!8m2!3d9.7660507!4d126.1273754!16s%2Fg%2F11vqstj_11!19sChIJXUvm2e33AzMR32yO-5ppStU?authuser=0&hl=en&rclk=1,"restaurants in General Luna, Siargao & Surigao, Philippines",General Luna
Cumin Siargao,4.7,(842),09671332145,https://wa.me/09671332145,http://www.instagram.com/cuminsiargao,https://www.facebook.com/cuminsiargao,Middle Eastern restaurant,"Q5R6+2QH, Tourism Rd, General Luna, Surigao del Norte",http://www.instagram.com/cuminsiargao,https://lh3.googleusercontent.com/gps-cs-s/APNQkAH09Fl-Wf6jK6GqhUPZiSA5zgHyMSbfPgO8VDfhYZ00U96V19pWgxVek7h20aRkI6cYBfKFLVNbZ5_Z2PkvtVjeWl8RL2DA7fBjbIwQs_yCZgwbBLYUjJRXsY_TmgqmE-qp9IXT=w2048-h1536-k-no,Restaurant,"A standout Middle Eastern restaurant in the heart of General Luna, Siargao's lively surf-town hub, Cumin Siargao earns a high 4.7 from 842 reviews. Locals and travelers rate it for consistent, flavorful island dining. Amenities include restaurant. Best for: a casual island meal.",9.7899282,126.161995,https://www.google.com/maps/place/Cumin+Siargao/data=!4m7!3m6!1s0x3303f7235333418d:0x5d0f97c2e9c28ddb!8m2!3d9.7899282!4d126.161995!16s%2Fg%2F11tnxcpdl3!19sChIJjUEzUyP3AzMR243C6cKXD10?authuser=0&hl=en&rclk=1,"restaurants in General Luna, Siargao & Surigao, Philippines",General Luna
Yugto Siargao,4.8,(502),09171840753,https://wa.me/09171840753,https://www.instagram.com/surfitgym_siargao,https://www.facebook.com/EggwichAngono,Restaurant,"Tourism Rd, Catangnan, General Luna, 8419 Surigao del Norte",,https://lh3.googleusercontent.com/gps-cs-s/APNQkAHMxLhoD3G9CHuanwpaDBEJ5MqUjsA77uk5hNZQYvkAfZg6zHNGdWNXRDl-XQEHsyGDD83g5aLE8H_8wwfrrdtZgUJmJpmq_A815RkDSfyYE9zUya6FsvX6J0FrZN0eyFQzgx9zmBxrBKa_=w2048-h1536-k-no,"Pool, Restaurant","A standout Restaurant restaurant in the heart of General Luna, Siargao's lively surf-town hub, Yugto Siargao earns a high 4.8 from 502 reviews. Locals and travelers rate it for consistent, flavorful island dining. Amenities include pool, restaurant. Best for: a casual island meal.",9.807394,126.1665921,https://www.google.com/maps/place/Yugto+Siargao/data=!4m7!3m6!1s0x3304090006ff3ec5:0x1fa50f485309de47!8m2!3d9.807394!4d126.1665921!16s%2Fg%2F11vzc5wcj7!19sChIJxT7_BgAJBDMRR94JU0gPpR8?authuser=0&hl=en&rclk=1,"restaurants in General Luna, Siargao & Surigao, Philippines",General Luna
Isla Panciteria Siargao,4.9,(383),09956485557,https://wa.me/09956485557,https://www.instagram.com/islapanciteria.siargao,https://www.facebook.com/islapanciteria.siargao,Restaurant,"R535+HW3, Tourism Rd, General Luna, Surigao del Norte",http://www.islapanciteria.com/,https://lh3.googleusercontent.com/gps-cs-s/APNQkAGAGKZSjxPuw9tJE60RoNfypgaB0lBxLx24AG4kVGItbxl7E_kg7c6Uks0Xktw7EFXm150DPsb1l3ioetcFw1QP-HBOPKfJ55IxKhOmYrDKK5o7-MyltnvQ9QkfkMpQ7x7ttfv0dM-4wFNM=w2048-h1536-k-no,Restaurant,"A standout Restaurant restaurant in the heart of General Luna, Siargao's lively surf-town hub, Isla Panciteria Siargao earns a high 4.9 from 383 reviews. Locals and travelers rate it for consistent, flavorful island dining. Amenities include restaurant. Best for: a casual island meal.",9.8038939,126.1595071,https://www.google.com/maps/place/Isla+Panciteria+Siargao/data=!4m7!3m6!1s0x3304090075d119c7:0xf5f43a20fc32600b!8m2!3d9.8038939!4d126.1595071!16s%2Fg%2F11lzwsn5gm!19sChIJxxnRdQAJBDMRC2Ay_CA69PU?authuser=0&hl=en&rclk=1,"restaurants in General Luna, Siargao & Surigao, Philippines",General Luna
YOLKED SIARGAO,4.9,(231),,,https://www.instagram.com/yolked.siargao,https://www.facebook.com/bingleconsistente.silvosa.9,Restaurant,"Cabitoonan road, General Luna, 8419 Surigao del Norte",,https://lh3.googleusercontent.com/gps-cs-s/APNQkAGpLDZ7kz1o6CUnm6SBUbW6iJsR78UeEBtRZcRJK3f_AQNXlOWjck0KAStBREQu7n17Ic02h3TbW9ZOxAVnAfUhe2eaKnMpPSFFS0oP89OWBtVhrnFAvAUYGznkcCrCLjgbjFmvMouHg6k=w2048-h1536-k-no,,"A standout Restaurant restaurant in the heart of General Luna, Siargao's lively surf-town hub, YOLKED SIARGAO earns a high 4.9 from 231 reviews. Locals and travelers rate it for consistent, flavorful island dining. Best for: a casual island meal.",9.8158023,126.1500877,https://www.google.com/maps/place/YOLKED+SIARGAO/data=!4m7!3m6!1s0x330409004ac63401:0x4df37ce61ae566a0!8m2!3d9.8158023!4d126.1500877!16s%2Fg%2F11xrkj43lk!19sChIJATTGSgAJBDMRoGblGuZ8800?authuser=0&hl=en&rclk=1,"restaurants in General Luna, Siargao & Surigao, Philippines",General Luna
Wild Siargao Restaurant,4.8,(906),09859694147,https://wa.me/09859694147,https://www.instagram.com/wild.siargao,https://www.facebook.com/wild.siargao/,Restaurant,"Tourism Rd, General Luna, Surigao del Norte",https://wildsiargao.ph/,https://lh3.googleusercontent.com/gps-cs-s/APNQkAETjIN72dtijAE74e0dQ6HBxy87cEB2Sg_U9ELZ1Aj6ymhu1sX2B77uxhj96Y2IxpvU2uAUOJF6i8hmO5V5rlzRIXt9eyc3a41PF7FtGCP__ZMkj_c-C69eP5Jis7OeEQst-IeK4TF9jP4=w2048-h1536-k-no,Restaurant,"Progressive Filipino cuisine in a candle-lit, open-air space on Tourism Road, with a DJ on weekends and beautifully plated dishes built on top-notch ingredients. Standouts include the miso-grilled beef tenderloin, tuna carpaccio, porchetta kare-kare and salpicado de vaca, plus handcrafted cocktails. Servers Raffy and Deniche earn repeat praise, and there's a resident dog named Moka. Open evenings from 4pm. Best for: a special dinner that's stylish without being stuffy.",9.8034107,126.1586747,https://www.google.com/maps/place/Wild+Siargao+Restaurant/data=!4m7!3m6!1s0x33040901f2e931a3:0x875be3fb94a52ba8!8m2!3d9.8034107!4d126.1586747!16s%2Fg%2F11j3lfmz1r!19sChIJozHp8gEJBDMRqCullPvjW4c?authuser=0&hl=en&rclk=1,"restaurants in General Luna, Siargao & Surigao, Philippines",General Luna
Dao Chow Siargao,4.7,(477),09774817571,https://wa.me/09774817571,https://www.instagram.com/daochow.siargao,https://www.facebook.com/daochow.siargao,Restaurant,"Siargao, Tourism Rd, General Luna, 8419 Surigao del Norte",https://www.instagram.com/daochow.siargao/,https://lh3.googleusercontent.com/gps-cs-s/APNQkAHebpC1cvxFXTsiershqlAYJ3RmKSArRDOAg09u5LjNt3dz3Ksqwkr2hMf57OC7yLfP_siCA1euNIwyoggAAtJRu7-9tFlwTJFuBJQRX5yAV2_eT4AMrVHEkp_vb4VqrVIrW19pWl0YC4BU=w2048-h1536-k-no,"Restaurant, Bar","A standout Restaurant restaurant in the heart of General Luna, Siargao's lively surf-town hub, Dao Chow Siargao earns a high 4.7 from 477 reviews. Locals and travelers rate it for consistent, flavorful island dining. Amenities include restaurant, bar. Best for: a casual island meal.",9.7915239,126.1615346,https://www.google.com/maps/place/Dao+Chow+Siargao/data=!4m7!3m6!1s0x33040912fff91101:0x4ad81d7f0cebc4f1!8m2!3d9.7915239!4d126.1615346!16s%2Fg%2F11rjz46fhf!19sChIJARH5_xIJBDMR8cTrDH8d2Eo?authuser=0&hl=en&rclk=1,"restaurants in General Luna, Siargao & Surigao, Philippines",General Luna
Borracho Siargao,4.9,(29),,,,https://www.facebook.com/borracho.siargao,Restaurant,"Tourism Rd, General Luna, Surigao del Norte",https://www.facebook.com/borracho.siargao?mibextid=LQQJ4d,https://lh3.googleusercontent.com/gps-cs-s/APNQkAFAQE0y_BnnQ_CQhMEmmwcvvT3Aar0mFU5MbLBqQZbxXPs57ymt9Y_yLEcTlMDwGKhu0ACUpLF_DVH0W7s7scGBbTEEwWxPGz5_eOE2h20PiK8lsAx7B0SRN20FLOTAlPZ8PxJE=w2048-h1536-k-no,"Restaurant, Bar","A casual eatery in the heart of General Luna, Siargao's lively surf-town hub, Borracho Siargao serves up everyday island dining. It currently sits at 4.9 across 29 reviews. Amenities include restaurant, bar. Set in Siargao's easygoing dining scene, it leans casual and local rather than polished. Best for: a casual island meal.",9.7872226,126.162194,https://www.google.com/maps/place/Borracho+Siargao/data=!4m7!3m6!1s0x3303f7af7ba8ab59:0x33adeb424efb3cb0!8m2!3d9.7872226!4d126.162194!16s%2Fg%2F11tg965nlf!19sChIJWauoe6_3AzMRsDz7TkLrrTM?authuser=0&hl=en&rclk=1,"restaurants in General Luna, Siargao & Surigao, Philippines",General Luna
The Hub by Lokal Lab- General Luna,4.7,(297),09064659882,https://wa.me/09064659882,https://www.instagram.com/lokallab/,https://www.facebook.com/lokal.lab/,Restaurant,"Purok 2, Q5M3+4JG Siargao Island, Near Marc & Lawrence, san sebastian St, General Luna, 8419 Surigao del Norte",http://www.lokallab.org/,https://lh3.googleusercontent.com/gps-cs-s/APNQkAGUzQC1Cxt5Qztk_bS_sEXm5mWOhyiMnDUtScJ0Uacx-5fpAMvenurxjyIgVgnJnOjIgFjD5FCr3KHQbkV6lv6Cz5T8MnvPwAuqXvGNQYkUU3NoXlEDgIndhUBrqRdk66ibhH8110aCBq1p=w2048-h1536-k-no,"Restaurant, Bar","A standout Restaurant restaurant in the heart of General Luna, Siargao's lively surf-town hub, The Hub by Lokal Lab- General Luna earns a high 4.7 from 297 reviews. Locals and travelers rate it for consistent, flavorful island dining. Amenities include restaurant, bar. Best for: a casual island meal.",9.7827791,126.1540921,https://www.google.com/maps/place/The+Hub+by+Lokal+Lab-+General+Luna/data=!4m7!3m6!1s0x3303f7bbeff7f22d:0x9560c17f985f96bd!8m2!3d9.7827791!4d126.1540921!16s%2Fg%2F11s47csr8c!19sChIJLfL377v3AzMRvZZfmH_BYJU?authuser=0&hl=en&rclk=1,"restaurants in General Luna, Siargao & Surigao, Philippines",General Luna
Prana Garden Restaurant,4.9,(163),09661786705,https://wa.me/09661786705,,https://www.facebook.com/61556039280307,Restaurant,"Tourism Rd, Poblacion 3, General Luna, 8419 Surigao del Norte",,https://lh3.googleusercontent.com/gps-cs-s/APNQkAHHcPphkzAcjSgHQ3-xyiOPmPUVFBU7dDUnbr79YeWyL8uOvy8wx2Ke9BR4Xwtg7RlpFhDS0ukWgwBKwMDXDPnYtOp1O3c1tUfvHfOTZuPzQY-5-1cMB-nszWj630sbyhN4zCR7EsN36_hM=w2048-h1536-k-no,"Pool, Restaurant, Garden","A standout Restaurant restaurant in the heart of General Luna, Siargao's lively surf-town hub, Prana Garden Restaurant earns a high 4.9 from 163 reviews. Locals and travelers rate it for consistent, flavorful island dining. Amenities include pool, restaurant, garden. Best for: a casual island meal.",9.7858904,126.1594835,https://www.google.com/maps/place/Prana+Garden+Restaurant/data=!4m7!3m6!1s0x3303f74951ddb8fd:0xa65ae3cbdd1b0d83!8m2!3d9.7858904!4d126.1594835!16s%2Fg%2F11vqq6s8rq!19sChIJ_bjdUUn3AzMRgw0b3cvjWqY?authuser=0&hl=en&rclk=1,"restaurants in General Luna, Siargao & Surigao, Philippines",General Luna
CARINDELIA siargao,5.0,(104),09610610599,https://wa.me/09610610599,https://www.instagram.com/carindelia.siargao,https://www.facebook.com/carinDELia,Filipino restaurant,"Poblacion III, Purok III, General Luna, Surigao del Norte",https://www.instagram.com/carindelia.siargao?igsh=MThtd2hhaDNmM2FkbA==,https://lh3.googleusercontent.com/gps-cs-s/APNQkAFl9Ec8KpHLfJm0WY_Q9f2IO5txlZQsSrgdXc0LiQMo9WUY9qxV-eD08kWVaIUbPDHVsIBus-6ddQYWFgHnu1zVYSyA2sPURsJMHpe7tPuizAO5NMUHkyLT1OzEJ8q9bk86Pquu3Xeqm_m9=w2048-h1536-k-no,,"A casual eatery in the heart of General Luna, Siargao's lively surf-town hub, CARINDELIA siargao serves up everyday island dining. It currently sits at 5.0 across 104 reviews. Set in Siargao's easygoing dining scene, it leans casual and local rather than polished. Best for: a casual island meal.",9.7838947,126.1566745,https://www.google.com/maps/place/CARINDELIA+siargao/data=!4m7!3m6!1s0x3303f7002c51e62f:0x4bfee8fdce6be59a!8m2!3d9.7838947!4d126.1566745!16s%2Fg%2F11x8fckvyr!19sChIJL-ZRLAD3AzMRmuVrzv3o_ks?authuser=0&hl=en&rclk=1,"restaurants in General Luna, Siargao & Surigao, Philippines",General Luna
Green Waves Café,4.7,(544),09194904198,https://wa.me/09194904198,,https://www.facebook.com/greenwavescafesiargao,Coffee shop,"Purok 3 Tourism Rd, General Luna, 8419 Surigao del Norte",https://www.facebook.com/greenwavescafesiargao,https://lh3.googleusercontent.com/gps-cs-s/APNQkAGy39Qu_PZFLoysyKtHKrQuH7TMVPVwjzJCV03QCMChUVc8I26bn7wuiNPEVV6FD1DvPD9ig8RbhV_hAt8xcC9SpoAFE-yu9vNeoN2ytHl9XKaoxXgHm6HvBN_xpu22aaisrqcXqw=w2048-h1536-k-no,"Pool, Restaurant","One of the area's favorite cafes in the heart of General Luna, Siargao's lively surf-town hub, Green Waves Café has built a loyal following with 544 reviews at 4.7. A reliable pick for good coffee, easy brunch plates and a relaxed place to linger. Amenities include pool, restaurant. Best for: a relaxed coffee, brunch or work session.",9.7843233,126.1580796,https://www.google.com/maps/place/Green+Waves+Caf%C3%A9/data=!4m7!3m6!1s0x3303f9c9bc362ac7:0xca285dac62b24de9!8m2!3d9.7843233!4d126.1580796!16s%2Fg%2F11pcq0ksyh!19sChIJxyo2vMn5AzMR6U2yYqxdKMo?authuser=0&hl=en&rclk=1,"restaurants in General Luna, Siargao & Surigao, Philippines",General Luna
La Playa Siargao,4.8,(48),09956644623,https://wa.me/09956644623,https://www.instagram.com/laplayasiargao,https://www.facebook.com/playasiargao,Restaurant,"Q5R3+GQ9, General Luna, Surigao del Norte",,https://lh3.googleusercontent.com/gps-cs-s/APNQkAHBE7bn7cE_5jTafLnwtDUViVZ1f6AgnkWF9QMqM-m_P6qr9YgDPqKlaAX-fZJv6ZCeX6Ze23diCBMcKr23QmL3M250s9cC2lzatSEYuw75vSmSODcTOuBnnG0eXJjeZUlAjcmHsElfUan5=w2048-h1536-k-no,"Restaurant, Sea view","A casual eatery in the heart of General Luna, Siargao's lively surf-town hub, La Playa Siargao serves up everyday island dining. It currently sits at 4.8 across 48 reviews. Amenities include restaurant, sea view. Set in Siargao's easygoing dining scene, it leans casual and local rather than polished. Best for: a casual island meal.",9.7820022,126.1580095,https://www.google.com/maps/place/La+Playa+Siargao/data=!4m7!3m6!1s0x3303f700332467c1:0x9c3130243829001e!8m2!3d9.7820022!4d126.1580095!16s%2Fg%2F11lzn923d2!19sChIJwWckMwD3AzMRHgApOCQwMZw?authuser=0&hl=en&rclk=1,"restaurants in General Luna, Siargao & Surigao, Philippines",General Luna
Ferns Siargao,5.0,(189),09397569635,https://wa.me/09397569635,,https://www.facebook.com/61578538104634,Restaurant,"Tourism Rd, Poblacion 3, General Luna, 8419 Surigao del Norte",,https://lh3.googleusercontent.com/gps-cs-s/APNQkAFcFwy_D1OeITmW4dEUeAXyOb_W06eZm9vcU7bh0o20xOF_Cynw39MEXsdVMCkRQOYSwBd8b5B6Y3e6ZxvmaYJJSIg8cdoA3PdMI6Lmh-RwBuaMoWHR86IS9JTay3wlprvhPRyEzPqMI1E=w2048-h1536-k-no,,"A standout Restaurant restaurant in the heart of General Luna, Siargao's lively surf-town hub, Ferns Siargao earns a high 5.0 from 189 reviews. Locals and travelers rate it for consistent, flavorful island dining. Best for: a casual island meal.",9.7869508,126.1619281,https://www.google.com/maps/place/Ferns+Siargao/data=!4m7!3m6!1s0x3303f77fa654a03b:0x9dc1c33fd5bdd7ff!8m2!3d9.7869508!4d126.1619281!16s%2Fg%2F11xrz7j42l!19sChIJO6BUpn_3AzMR_9e91T_DwZ0?authuser=0&hl=en&rclk=1,"restaurants in General Luna, Siargao & Surigao, Philippines",General Luna
Romantic Beach Villas Restaurant & Bar,4.8,(451),09772957065,https://wa.me/09772957065,https://www.instagram.com/romanticbeachvillasiargao,https://www.facebook.com/tr?id=4157617557804237&ev=PageView&noscript=1,Thai restaurant,"Romantic Road, Road to Romantic, Barangay 5, General Luna, 8419 Surigao del Norte",http://www.islandsiargao.com/,https://lh3.googleusercontent.com/gps-cs-s/APNQkAFGsxMxFU5_amX-H4aQtkz8hZxei2g4BPVb3oIVyab93BuFM7Bk56PWcG737qDcGbbrV0X4byQMJPo6b8GRKfM_u4M9OxIf1ALEi66WJc31YZEtao1SzXVwUFZjp9d9kNiCWiO-on19lNPI=w2048-h1536-k-no,"Pool, Restaurant, Bar","A standout Thai restaurant in the heart of General Luna, Siargao's lively surf-town hub, Romantic Beach Villas Restaurant & Bar earns a high 4.8 from 451 reviews. Locals and travelers rate it for consistent, flavorful island dining. Amenities include pool, restaurant, bar. Best for: a casual island meal.",9.7896564,126.1634376,https://www.google.com/maps/place/Romantic+Beach+Villas+Restaurant+%26+Bar/data=!4m7!3m6!1s0x3303f7cd8773c1af:0xb2ff76d83aa2e34d!8m2!3d9.7896564!4d126.1634376!16s%2Fg%2F11v08ymgvv!19sChIJr8Fzh833AzMRTeOiOth2_7I?authuser=0&hl=en&rclk=1,"restaurants in General Luna, Siargao & Surigao, Philippines",General Luna
Anju Rinna Pastry & Resto Cafe Siargao,4.7,(56),09543940894,https://wa.me/09543940894,https://www.instagram.com/anjurinnasiargao,https://www.facebook.com/61571901538432,Restaurant,"〒8419 Surigao del Norte, General Luna",,https://lh3.googleusercontent.com/gps-cs-s/APNQkAEOFipGM7oX4gRHQmUh-zk43gjezXXnvIKPrNMcioHwIeHpsc6-7tAa0FWLCI-IW8SS-_9thlsw4oUZV0jHVy8xg14pGCHzCNiw568ESP56kmepWFXaXFF10eJLn4adPf7PzFIk35G9pv4=w2048-h1536-k-no,Restaurant,"A casual eatery in the heart of General Luna, Siargao's lively surf-town hub, Anju Rinna Pastry & Resto Cafe Siargao serves up everyday island dining. It currently sits at 4.7 across 56 reviews. Amenities include restaurant. Best for: a casual island meal.",9.7816896,126.1572193,https://www.google.com/maps/place/Anju+Rinna+Pastry+%26+Resto+Cafe+Siargao/data=!4m7!3m6!1s0x3303f7e279e8af89:0x9709ad48c7bb3e39!8m2!3d9.7816896!4d126.1572193!16s%2Fg%2F11wtw06lb3!19sChIJia_oeeL3AzMROT67x0itCZc?authuser=0&hl=en&rclk=1,"restaurants in General Luna, Siargao & Surigao, Philippines",General Luna
Salami Karajaw Siargao,4.9,(303),09683396305,https://wa.me/09683396305,https://www.instagram.com/salamikarajaw,https://www.facebook.com/profile.php,Italian restaurant,"Purok 3, Siargao Island, Tourism Rd, General Luna, 8419 Surigao del Norte",https://www.instagram.com/salamikarajaw/,https://lh3.googleusercontent.com/gps-cs-s/APNQkAHZiBiXc_X4AUX3BFANf3Kj_XAYcfnT_WQHNk-j27It10qXM_huann18MgQy_uPyrlVYNKw7V1ypgrde4Jd_fT9JM3CHt-zBsi9dCrgpon3ykF_iwz0n4TrjzYsRWNs2uG4TIQurrt1_Zl7=w2048-h1536-k-no,"Bar, Wheelchair accessible, Wheelchair accessible entrance, Accessible","A standout Italian restaurant in the heart of General Luna, Siargao's lively surf-town hub, Salami Karajaw Siargao earns a high 4.9 from 303 reviews. Locals and travelers rate it for consistent, flavorful island dining. Amenities include bar, wheelchair accessible, wheelchair accessible entrance, accessible. Best for: a casual island meal.",9.7859667,126.1616643,https://www.google.com/maps/place/Salami+Karajaw+Siargao/data=!4m7!3m6!1s0x3303f7ab1454a0e3:0x62d1f6ff669e7f8a!8m2!3d9.7859667!4d126.1616643!16s%2Fg%2F11xyqxyrzp!19sChIJ46BUFKv3AzMRin-eZv_20WI?authuser=0&hl=en&rclk=1,"restaurants in General Luna, Siargao & Surigao, Philippines",General Luna
TP’s food house,4.8,(30),,,https://www.instagram.com/tp_foodhouse,https://www.facebook.com/TPsFoodHouse,Asian restaurant,"General Luna, Surigao del Norte",,https://lh3.googleusercontent.com/gps-cs-s/APNQkAGYvam-CHV6U5smLEFrU8dpJe1fL28JmjqdSbHkaZRU-5IDkJpP0vj-v0QzYPFZ1kSV1x_wpZvIwQ8SZrGktRqerw2eE6KJ0YjW-iYEe-0RnXzXT9hq8o79bhFjEmM4rBcT62_iuuDo7g2w=w2048-h1536-k-no,Restaurant,"A casual eatery in the heart of General Luna, Siargao's lively surf-town hub, TP’s food house serves up everyday island dining. It currently sits at 4.8 across 30 reviews. Amenities include restaurant. Set in Siargao's easygoing dining scene, it leans casual and local rather than polished. Best for: a casual island meal.",9.7825259,126.1539229,https://www.google.com/maps/place/TP%E2%80%99s+food+house/data=!4m7!3m6!1s0x3303f73a95c9512b:0x2ab2f09b37250052!8m2!3d9.7825259!4d126.1539229!16s%2Fg%2F11tns7trbw!19sChIJK1HJlTr3AzMRUgAlN5vwsio?authuser=0&hl=en&rclk=1,"restaurants in General Luna, Siargao & Surigao, Philippines",General Luna
Inbox Siargao Restaurant,4.6,(11),09275059110,https://wa.me/09275059110,,https://www.facebook.com/profile.php,Restaurant,"Malinao Rd, General Luna, Surigao del Norte",,https://lh3.googleusercontent.com/gps-cs-s/APNQkAH16n-DlTGoZUoIVVPRQRGaJZcDBbM7EUIEUp2GDwmtw_Z18iTmOmNvjecMQk9YMqW0WOfZk8o42cn-VOXMUmaX5eYZ4ZYvsz-LrvffKG6m7mFdqKyhAJPTf243r44wsbBn_i-NfxZuZBnI=w2048-h1536-k-no,Restaurant,"A casual eatery in the heart of General Luna, Siargao's lively surf-town hub, Inbox Siargao Restaurant serves up everyday island dining. It currently sits at 4.6 across 11 reviews. Honest read: only a handful of reviews so far, but early feedback leans positive. Amenities include restaurant. Best for: a casual island meal.",9.7734103,126.1249968,https://www.google.com/maps/place/Inbox+Siargao+Restaurant/data=!4m7!3m6!1s0x3303f7007f7befbd:0xda4d26932bd6df5b!8m2!3d9.7734103!4d126.1249968!16s%2Fg%2F11mlq402bf!19sChIJve97fwD3AzMRW9_WK5MmTdo?authuser=0&hl=en&rclk=1,"restaurants in General Luna, Siargao & Surigao, Philippines",General Luna
La Carinderia,4.5,"(1,368)",09063955908,https://wa.me/09063955908,,,Italian restaurant,"Tourism Rd, Poblacion V (Purok V), Siargao, General Luna, 8419 Surigao del Norte",,https://lh3.googleusercontent.com/gps-cs-s/APNQkAEYvEQQhPpgdVTTb2fePO-aYWyHGPn7bDf4LpVcHBw8aM87r3KLriK3Bwc77dbTbiGYZi4JcrmXNzGy8IkyFFqEQc_51tip_zYPgj_qoghSc1BoE2gtLKLEg7RWgnQvjghhHWc-mg=w2048-h1536-k-no,"Restaurant, Bar","A casual eatery in the heart of General Luna, Siargao's lively surf-town hub, La Carinderia serves up everyday island dining. It currently sits at 4.5 across 1 review. Honest read: only a handful of reviews so far, but early feedback leans positive. Amenities include restaurant, bar. Best for: a casual island meal.",9.7919547,126.1614279,https://www.google.com/maps/place/La+Carinderia/data=!4m7!3m6!1s0x3303f61c753e9fe9:0xdf59523e3a71ef48!8m2!3d9.7919547!4d126.1614279!16s%2Fg%2F11c0xd3kqt!19sChIJ6Z8-dRz2AzMRSO9xOj5SWd8?authuser=0&hl=en&rclk=1,"restaurants in General Luna, Siargao & Surigao, Philippines",General Luna
Nattribu Siargao,4.6,(274),09514020582,https://wa.me/09514020582,,https://www.facebook.com/NattribuSiargao,Restaurant,"Purok 5 Tourism Rd, Siargao island, General Luna, 8419 Surigao del Norte",,https://lh3.googleusercontent.com/gps-cs-s/APNQkAGCv2GuChr6GlKSY3JiPnb-GdVFCE1piiL_jA5LYV4y2jGv229suZGIsDTZiypc45WOL6qqz0flzPEUzOpK55hqHSS-A3QYqGwbIuYJ4qx_NjOM0UVnoOFmozgw0IVyGW65C6LR=w2048-h1536-k-no,Restaurant,"A standout Restaurant restaurant in the heart of General Luna, Siargao's lively surf-town hub, Nattribu Siargao earns a high 4.6 from 274 reviews. Locals and travelers rate it for consistent, flavorful island dining. Amenities include restaurant. Best for: a casual island meal.",9.7904839,126.1617438,https://www.google.com/maps/place/Nattribu+Siargao/data=!4m7!3m6!1s0x3303f72821410875:0x523ed7e6b637e584!8m2!3d9.7904839!4d126.1617438!16s%2Fg%2F11txcqcbr4!19sChIJdQhBISj3AzMRhOU3tubXPlI?authuser=0&hl=en&rclk=1,"restaurants in General Luna, Siargao & Surigao, Philippines",General Luna
Meze Grill Siargao,4.6,(195),09622484121,https://wa.me/09622484121,https://www.instagram.com/meze.siargao,https://www.facebook.com/profile.php,Restaurant,"Tourism Rd, Poblacion, General Luna, 8419 Surigao del Norte",https://www.instagram.com/meze.siargao/,https://lh3.googleusercontent.com/gps-cs-s/APNQkAEQgpgVa9HYUAUzu1wQgIuLQA4_39fW21VwtkmZ5F8ZxkvAgW5cdaYquRF3RpXgnskeBURVVpHlRkJWRzZrH5cLRCsG3uIGQm67kI-zHtUbSrm0UBtMXdSwB-7fc2ndjsN4CPQhoA=w2048-h1536-k-no,Restaurant,"A standout Restaurant restaurant in the heart of General Luna, Siargao's lively surf-town hub, Meze Grill Siargao earns a high 4.6 from 195 reviews. Locals and travelers rate it for consistent, flavorful island dining. Amenities include restaurant. Best for: a casual island meal.",9.789944,126.1619801,https://www.google.com/maps/place/Meze+Grill+Siargao/data=!4m7!3m6!1s0x3303f7002d0353cd:0x6ca05ff9face8b71!8m2!3d9.789944!4d126.1619801!16s%2Fg%2F11vy5f1c7j!19sChIJzVMDLQD3AzMRcYvO-vlfoGw?authuser=0&hl=en&rclk=1,"restaurants in General Luna, Siargao & Surigao, Philippines",General Luna
Hapag Siargao,4.6,(214),,,,https://www.facebook.com/hapag.siargao,Filipino restaurant,"Tourism Rd, General Luna, Surigao del Norte",,https://lh3.googleusercontent.com/gps-cs-s/APNQkAFNq6kV5O_3OowhAbBOah45IzbH3GRS0jVKNYVxGTccDHtwoJsKTPqM8hQDwRyrJEEo-YJX7ZtWbvJPl6_1LO6jImcNcoZyCLRibpQ0Eym9TU_R8dC9wDvGw3sIy33CU3H9OST6PA=w2048-h1536-k-no,Restaurant,"A standout Filipino restaurant in the heart of General Luna, Siargao's lively surf-town hub, Hapag Siargao earns a high 4.6 from 214 reviews. Locals and travelers rate it for consistent, flavorful island dining. Amenities include restaurant. Best for: a casual island meal.",9.7864081,126.161666,https://www.google.com/maps/place/Hapag+Siargao/data=!4m7!3m6!1s0x3303f7f740f5f18d:0x681fab15d13c5759!8m2!3d9.7864081!4d126.161666!16s%2Fg%2F11tdf1kn5r!19sChIJjfH1QPf3AzMRWVc80RWrH2g?authuser=0&hl=en&rclk=1,"restaurants in General Luna, Siargao & Surigao, Philippines",General Luna
Tiki Hut Siargao,4.7,(201),09566091049,https://wa.me/09566091049,https://www.instagram.com/tikihut_siargao,https://www.facebook.com/tikihut.siargao,Caribbean restaurant,"R535+75, General Luna, Surigao del Norte",https://www.instagram.com/tikihut_siargao/,https://lh3.googleusercontent.com/gps-cs-s/APNQkAE1F1ka4hRFJlseJMBTmL2fh3sou9D4s9HcA2rYxNUpDm62ca9V4zmAtdvjd2duvv2gCw0e8GNBeWHD1T1i7KQn4WzciI4d6z9re_pWbp-ZMDQJlmTI2SJBCx2LoAxjCw4x4Nu-=w2048-h1536-k-no,"Restaurant, Bar","A standout Caribbean restaurant in the heart of General Luna, Siargao's lively surf-town hub, Tiki Hut Siargao earns a high 4.7 from 201 reviews. Locals and travelers rate it for consistent, flavorful island dining. Amenities include restaurant, bar. Best for: a casual island meal.",9.8031581,126.1578808,https://www.google.com/maps/place/Tiki+Hut+Siargao/data=!4m7!3m6!1s0x330409838be0bf8b:0x162c83217fa816cc!8m2!3d9.8031581!4d126.1578808!16s%2Fg%2F11t4xvmw7f!19sChIJi7_gi4MJBDMRzBaofyGDLBY?authuser=0&hl=en&rclk=1,"restaurants in General Luna, Siargao & Surigao, Philippines",General Luna
Maniaca Pizza & Esquina,4.9,(82),09295942553,https://wa.me/09295942553,https://www.instagram.com/maniaca.pizza,https://www.facebook.com/100075986421899,Restaurant,"General Luna, Surigao del Norte",,https://lh3.googleusercontent.com/gps-cs-s/APNQkAERDDekeE59Z96agzpJYOPXPkpYe-oatOnvTRRDwIEQecc0w0jLYgrwG1fRpemqyqiicW6_xo2ubanaVKB4KzyfjCHIcRR8eTPY4p1jACNrEykq51L6YU0HZJ_c6P8c9jmWHW78cA=w2048-h1536-k-no,"Breakfast, Sea view","A casual eatery in the heart of General Luna, Siargao's lively surf-town hub, Maniaca Pizza & Esquina serves up everyday island dining. It currently sits at 4.9 across 82 reviews. Amenities include breakfast, sea view. Best for: a casual island meal.",9.8231373,126.1441811,https://www.google.com/maps/place/Maniaca+Pizza+%26+Esquina/data=!4m7!3m6!1s0x330409efb3005bc3:0x4db9c1b6d20bcecc!8m2!3d9.8231373!4d126.1441811!16s%2Fg%2F11tf2ktrq4!19sChIJw1sAs-8JBDMRzM4L0rbBuU0?authuser=0&hl=en&rclk=1,"restaurants in General Luna, Siargao & Surigao, Philippines",General Luna
Sibol Siargao,4.3,(277),,,,,Bistro,"Tourism Rd, Purok III, General Luna, 8419 Surigao del Norte",,https://lh3.googleusercontent.com/gps-cs-s/APNQkAEuIOXE5Yyfj_FApef5VHN88oBR8VMz0CPJTZZpJBH-288aUcCGOrjH0j-iNlL8QW1EHwM4qLap3JFgebm9JS9WqjIkG0cI9o8FHPQaAazraa7rmBFNwfrXIcXVDl3Kq9BZiDS86g=w2048-h1536-k-no,Restaurant,"A local bistro in the heart of General Luna, Siargao's lively surf-town hub, Sibol Siargao serves travelers passing through. It currently sits at 4.3 across 277 reviews. Amenities include restaurant. Best for: travelers exploring this corner of Siargao.",9.787052,126.1623369,https://www.google.com/maps/place/Sibol+Siargao/data=!4m7!3m6!1s0x3303f75b96d590a9:0x6712ccb8036114b7!8m2!3d9.787052!4d126.1623369!16s%2Fg%2F11s1c4gkyw!19sChIJqZDVllv3AzMRtxRhA7jMEmc?authuser=0&hl=en&rclk=1,"restaurants in General Luna, Siargao & Surigao, Philippines",General Luna
Cabrones Siargao,4.6,(29),09543296341,https://wa.me/09543296341,https://www.instagram.com/cabronesph,https://www.facebook.com/GeneralLunaTourismOffice,Restaurant,"R547+W48, Tourism Rd, General Luna, Surigao del Norte",,https://lh3.googleusercontent.com/gps-cs-s/APNQkAEuOJzg3Gf97IATLjGYmPI9wjsLk86qQB6tv1VT1oM3lsSMn2KMVRXsNFiYJFxgzIgkPs5imw5MkaWl2AuizwD7ni1xWB6Dm_fBTT7-3QKp1BWM0GaVj8QBCap8dtGXFr9JSnjX=w2048-h1536-k-no,Restaurant,"A casual eatery in the heart of General Luna, Siargao's lively surf-town hub, Cabrones Siargao serves up everyday island dining. It currently sits at 4.6 across 29 reviews. Amenities include restaurant. Set in Siargao's easygoing dining scene, it leans casual and local rather than polished. Best for: a casual island meal.",9.8076936,126.1632022,https://www.google.com/maps/place/Cabrones+Siargao/data=!4m7!3m6!1s0x330409005c0720d9:0x6fc842064501872f!8m2!3d9.8076936!4d126.1632022!16s%2Fg%2F11w7l6p3rs!19sChIJ2SAHXAAJBDMRL4cBRQZCyG8?authuser=0&hl=en&rclk=1,"restaurants in General Luna, Siargao & Surigao, Philippines",General Luna
Pangpang Sizzling House,4.8,(152),09476117565,https://wa.me/09476117565,,https://www.facebook.com/profile.php,Restaurant,"Q5X4+8XH, Tourism Rd, General Luna, Surigao del Norte",,https://lh3.googleusercontent.com/gps-cs-s/APNQkAGDs_xxGH01f2nb46ALgSoJ-gF0YGgrBvZ01t7gD3_exm0Kdfm7n7x3x4oOE5sJtgXOb155QmnFT790btPaFZ51EH0G4DyFUGZRLY27ytML661ZIw3J0cAje53OMi2CYqo7mMs3=w2048-h1536-k-no,"Restaurant, Bar","A standout Restaurant restaurant in the heart of General Luna, Siargao's lively surf-town hub, Pangpang Sizzling House earns a high 4.8 from 152 reviews. Locals and travelers rate it for consistent, flavorful island dining. Amenities include restaurant, bar. Best for: a casual island meal.",9.79913,126.1575967,https://www.google.com/maps/place/Pangpang+Sizzling+House/data=!4m7!3m6!1s0x330409b7a949a5ad:0x9c32c177ef997be4!8m2!3d9.79913!4d126.1575967!16s%2Fg%2F11v3qf1y78!19sChIJraVJqbcJBDMR5HuZ73fBMpw?authuser=0&hl=en&rclk=1,"restaurants in General Luna, Siargao & Surigao, Philippines",General Luna
Noods Wok Bar,4.5,"(1,018)",09624455065,https://wa.me/09624455065,https://www.instagram.com/noodswokbar,https://www.facebook.com/100085120602745,Asian restaurant,"Q5R6+PG5, Tourism Rd, General Luna, Surigao del Norte",,https://lh3.googleusercontent.com/gps-cs-s/APNQkAHGs-r1sjG8vwaOAYWHXb4iCld84V5dCBAMrcokHJ65G1xw5pXHFMtmSERimhqeOKQnSKN1eTzy-O2sAmevi3axjCtgeLCMp7ah2_YnPFE7Tygk3vkvWrUJ4OYNzrQ5UjafZGRftO-sRUBx=w2048-h1536-k-no,"Restaurant, Bar","A casual eatery in the heart of General Luna, Siargao's lively surf-town hub, Noods Wok Bar serves up everyday island dining. It currently sits at 4.5 across 1 review. Honest read: only a handful of reviews so far, but early feedback leans positive. Amenities include restaurant, bar. Best for: a casual island meal.",9.7917753,126.1614269,https://www.google.com/maps/place/Noods+Wok+Bar/data=!4m7!3m6!1s0x330409e2273266ab:0xbbd1ceb3433891c4!8m2!3d9.7917753!4d126.1614269!16s%2Fg%2F11txpnlm1v!19sChIJq2YyJ-IJBDMRxJE4Q7PO0bs?authuser=0&hl=en&rclk=1,"restaurants in General Luna, Siargao & Surigao, Philippines",General Luna
"My Greek Taverna, The Best Mediterranean Greek Restaurant, Siargao",4.4,(557),09958192715,https://wa.me/09958192715,https://www.instagram.com/mygreektavernasiargao,https://www.facebook.com/MyGreekTaverna.Siargao,Mediterranean restaurant,"Q5Q6+GRF, Tourism Rd, General Luna, Surigao del Norte",https://www.instagram.com/mygreektavernasiargao/,https://lh3.googleusercontent.com/gps-cs-s/APNQkAF0rYgwoaDdahLfFOtCgzA1R9muCy58_Vd_jpiRbNRfOaWe0siL2fuv9Z42UEEIrTVFe3nuv_IEvP7UCBtlVz1WYuGgcUSbRtiIf9DFkITVPJJP_lcnzDfzd2mPfZjIOR1XvlL44A=w2048-h1536-k-no,"Restaurant, Garden","A casual eatery in the heart of General Luna, Siargao's lively surf-town hub, My Greek Taverna, The Best Mediterranean Greek Restaurant, Siargao serves up everyday island dining. It currently sits at 4.4 across 557 reviews. Amenities include restaurant, garden. Best for: a casual island meal.",9.7888299,126.1620531,"https://www.google.com/maps/place/My+Greek+Taverna,+The+Best+Mediterranean+Greek+Restaurant,+Siargao/data=!4m7!3m6!1s0x3303f7a442f8b9db:0x720124d9bf97b21c!8m2!3d9.7888299!4d126.1620531!16s%2Fg%2F11krh36hxk!19sChIJ27n4QqT3AzMRHLKXv9kkAXI?authuser=0&hl=en&rclk=1","restaurants in General Luna, Siargao & Surigao, Philippines",General Luna
Alya Cafe,4.9,(62),,,,https://www.facebook.com/lamarisiargao,Restaurant,"Siargao Island, Tuazon Point, Catangnan Road, General Luna, 8419 Surigao del Norte",,https://lh3.googleusercontent.com/gps-cs-s/APNQkAGYLjsR3v0IY-l1rLCNe4oOMcSadXRVzNUoI08fA1_jUPAM5YH_qznZlJ3UrMhBlA_f-iMUA6C4vU-JYv8gOdqoS3jqO0EnnrkxIzP6_YwEUpczUhq1Iu7SHhkFw5adAAy95hwoTyinprSr=w2048-h1536-k-no,,"A casual eatery in the heart of General Luna, Siargao's lively surf-town hub, Alya Cafe serves up everyday island dining. It currently sits at 4.9 across 62 reviews. Set in Siargao's easygoing dining scene, it leans casual and local rather than polished. Best for: a casual island meal.",9.8081335,126.1667988,https://www.google.com/maps/place/Alya+Cafe/data=!4m7!3m6!1s0x330409b481669861:0x173a33761c35412a!8m2!3d9.8081335!4d126.1667988!16s%2Fg%2F11xg74vvmg!19sChIJYZhmgbQJBDMRKkE1HHYzOhc?authuser=0&hl=en&rclk=1,"restaurants in General Luna, Siargao & Surigao, Philippines",General Luna
Daluyong Restaurant,4.5,(18),,,,https://www.facebook.com/Daluyongsiargaoresort,Japanese restaurant,"R536+VF7, General Luna, Surigao del Norte",,https://lh3.googleusercontent.com/gps-cs-s/APNQkAEu1Leu3ykvg00ViMexyOwUI9AX49gxdHdhbjfprqi5JuFE6afLfBFb9cmNcNvSbjq9bCiPd72E_pUQTjUYdh4OAjrqlWFKSx6GJsjN52jBpqn_IFf6EAEcmnq2VZVpyzf1JS82=w2048-h1536-k-no,Restaurant,"A casual eatery in the heart of General Luna, Siargao's lively surf-town hub, Daluyong Restaurant serves up everyday island dining. It currently sits at 4.5 across 18 reviews. Amenities include restaurant. Set in Siargao's easygoing dining scene, it leans casual and local rather than polished. Best for: a casual island meal.",9.8047109,126.1610783,https://www.google.com/maps/place/Daluyong+Restaurant/data=!4m7!3m6!1s0x330409e11bcb3dc9:0x2117d04894c881cd!8m2!3d9.8047109!4d126.1610783!16s%2Fg%2F11qbt1dfzq!19sChIJyT3LG-EJBDMRzYHIlEjQFyE?authuser=0&hl=en&rclk=1,"restaurants in General Luna, Siargao & Surigao, Philippines",General Luna
Silk Road,4.8,(104),09549820888,https://wa.me/09549820888,https://www.instagram.com/silkroadsiargao/,https://www.facebook.com/help/instagram/261704639352628,Restaurant,"Siargao Island, Buddha Resort, Tourism Rd, Catangnan, General Luna, 8419 Surigao del Norte",https://silkroad.ph/,https://lh3.googleusercontent.com/gps-cs-s/APNQkAECHZGnNJ_HTT7f48eeS35IdATPcUbTzuC-Fi-0gmsi1jL_SI6eqt3Z62hhQdVXBe6dLpjtVcCCpncJ-WFPoy3eMSBWPgUauCaHf34mw-C7QDRb9ykzuwJ_FHVfgeEXhMOK0InoqCW-ysPZ=w2048-h1536-k-no,,"A casual eatery in the heart of General Luna, Siargao's lively surf-town hub, Silk Road serves up everyday island dining. It currently sits at 4.8 across 104 reviews. Set in Siargao's easygoing dining scene, it leans casual and local rather than polished. Best for: a casual island meal.",9.7964474,126.1603088,https://www.google.com/maps/place/Silk+Road/data=!4m7!3m6!1s0x3303f71fb08e75e7:0xf300f325a893d01f!8m2!3d9.7964474!4d126.1603088!16s%2Fg%2F11xfgxwbvt!19sChIJ53WOsB_3AzMRH9CTqCXzAPM?authuser=0&hl=en&rclk=1,"restaurants in General Luna, Siargao & Surigao, Philippines",General Luna
Basilyo Seafoods Restaurant,4.5,(80),,,,https://www.facebook.com/BasilyoRestaurant,Asian restaurant,"Q5P4+JFF, Tourism Rd, General Luna, Surigao del Norte",,https://lh3.googleusercontent.com/gps-cs-s/APNQkAFackFoy93jNC844FYlwjVh1Rv476GrBWA4PZ6ywgGzWm-b2YMs5Nd3d_I80p-WnNyAzJspwBC7NSBVzErmm2p3KbblRCLu2dbPyUZ00TMy81MAVIg6r_iTiAA8f0JYXbMKr9c-W4bIezEW=w2048-h1536-k-no,Restaurant,"A casual eatery in the heart of General Luna, Siargao's lively surf-town hub, Basilyo Seafoods Restaurant serves up everyday island dining. It currently sits at 4.5 across 80 reviews. Amenities include restaurant. Set in Siargao's easygoing dining scene, it leans casual and local rather than polished. Best for: a casual island meal.",9.7865657,126.1561812,https://www.google.com/maps/place/Basilyo+Seafoods+Restaurant/data=!4m7!3m6!1s0x3303f7b22bf3ab6f:0x2b09f06624eb2928!8m2!3d9.7865657!4d126.1561812!16s%2Fg%2F11tcwv2k9z!19sChIJb6vzK7L3AzMRKCnrJGbwCSs?authuser=0&hl=en&rclk=1,"restaurants in General Luna, Siargao & Surigao, Philippines",General Luna
LangLangBao,4.8,(52),09959076640,https://wa.me/09959076640,,https://www.facebook.com/people,Restaurant,"Matcha Hostel, Purok 3 Tourism Rd, General Luna, 8419 Surigao del Norte",,https://lh3.googleusercontent.com/gps-cs-s/APNQkAHTH8GAfsNW0UwOhA5P51uK605198a2rCxLuyJwTmGn0OIZKMHC9FKmatoUiaCm3ECGQ_HGDWFNJHWzbHRTLKnLV5PkupvIqb3G8z-5wZ0tV2UoQusn0Yrnp5_7N_Oqj9mVQyR6Ow=w2048-h1536-k-no,Restaurant,"A casual eatery in the heart of General Luna, Siargao's lively surf-town hub, LangLangBao serves up everyday island dining. It currently sits at 4.8 across 52 reviews. Amenities include restaurant. Set in Siargao's easygoing dining scene, it leans casual and local rather than polished. Best for: a casual island meal.",9.7849034,126.1595957,https://www.google.com/maps/place/LangLangBao/data=!4m7!3m6!1s0x3303f781a484019d:0xcd31010b357402ef!8m2!3d9.7849034!4d126.1595957!16s%2Fg%2F11y3hh34lt!19sChIJnQGEpIH3AzMR7wJ0NQsBMc0?authuser=0&hl=en&rclk=1,"restaurants in General Luna, Siargao & Surigao, Philippines",General Luna
Neng's Eatery,5.0,(46),,,,https://www.facebook.com/profile.php,Filipino restaurant,"Q5M3+5RG, General Luna, Surigao del Norte",,https://lh3.googleusercontent.com/gps-cs-s/APNQkAFm2fou_t8DrH5McHx0eQQiLxvXmU0Benp7FRcdkY0iQRimlws0ULRZlX-DjHMxEwGVGBbpWnugbopBEs3l5USx2I5RJzjHyzUgYQyA2AxtkjdNNS5FoOopkEe4eJTumYcPkyU9=w2048-h1536-k-no,Restaurant,"A casual eatery in the heart of General Luna, Siargao's lively surf-town hub, Neng's Eatery serves up everyday island dining. It currently sits at 5.0 across 46 reviews. Amenities include restaurant. Set in Siargao's easygoing dining scene, it leans casual and local rather than polished. Best for: a casual island meal.",9.7827529,126.1545498,https://www.google.com/maps/place/Neng%27s+Eatery/data=!4m7!3m6!1s0x3303f7c39151c509:0x81aed66845562738!8m2!3d9.7827529!4d126.1545498!16s%2Fg%2F11vf50c40z!19sChIJCcVRkcP3AzMROCdWRWjWroE?authuser=0&hl=en&rclk=1,"restaurants in General Luna, Siargao & Surigao, Philippines",General Luna
The Beachbaby Cafe,4.5,(161),,,https://www.instagram.com/thebeachbabycafe.siargao,https://www.facebook.com/p,Restaurant,"Tourism Rd, General Luna, Surigao del Norte",https://www.instagram.com/thebeachbabycafe.siargao,https://lh3.googleusercontent.com/gps-cs-s/APNQkAGdnHEANwfmiQwkXkvFQXkgxzp4mu_CUC1lyzRvUS2xElZto_19P2dkdu5CpVriHTYsAksOvncXWpilewd9mSQeZRgINkWxptVwCFAc27nVGiPoKwcSlPWQQLdPp0zW3SVRYep_arsYZqS5=w2048-h1536-k-no,Breakfast,"A standout Restaurant restaurant in the heart of General Luna, Siargao's lively surf-town hub, The Beachbaby Cafe earns a high 4.5 from 161 reviews. Locals and travelers rate it for consistent, flavorful island dining. Amenities include breakfast. Best for: a casual island meal.",9.7921957,126.1615892,https://www.google.com/maps/place/The+Beachbaby+Cafe/data=!4m7!3m6!1s0x3303f7274a8e2417:0x5c66cca0ce6cd9d7!8m2!3d9.7921957!4d126.1615892!16s%2Fg%2F11r7cz62w8!19sChIJFySOSif3AzMR19lszqDMZlw?authuser=0&hl=en&rclk=1,"restaurants in General Luna, Siargao & Surigao, Philippines",General Luna
Senona’s Siargao,4.1,(68),09276716366,https://wa.me/09276716366,,https://www.facebook.com/senonasfoodhouse,Restaurant,"Q5P6+FRR, General Luna, Surigao del Norte",,https://lh3.googleusercontent.com/gps-cs-s/APNQkAHDNCSequy-Hcd_xLdFCrLWcFWmqQePUUFi9cq3HR19btJQ6xAN5MufqF-fAXrFAu5fkFEd_xeOBzAnKkquy70AyE9oNaXnJDHCybiPejl5xCo5JBuSqhABGCuNSNjAfzFjn-CE=w2048-h1536-k-no,"Restaurant, Wheelchair accessible, Wheelchair accessible entrance, Accessible","A casual eatery in the heart of General Luna, Siargao's lively surf-town hub, Senona’s Siargao serves up everyday island dining. It currently sits at 4.1 across 68 reviews. Honest read: a solid-not-spectacular 4.1 rating, dependable rather than dazzling. Amenities include restaurant, wheelchair accessible, wheelchair accessible entrance, accessible. Best for: a casual island meal.",9.7861401,126.1618722,https://www.google.com/maps/place/Senona%E2%80%99s+Siargao/data=!4m7!3m6!1s0x3303f7cf2fd77a27:0x4bde2c56a6f724c5!8m2!3d9.7861401!4d126.1618722!16s%2Fg%2F11tf4_5_7n!19sChIJJ3rXL8_3AzMRxST3plYs3ks?authuser=0&hl=en&rclk=1,"restaurants in General Luna, Siargao & Surigao, Philippines",General Luna
Las Palmas Restaurant,4.7,(49),09178777088,https://wa.me/09178777088,http://instagram.com/laspalmas.siargao/,https://www.facebook.com/laspalmasvillasandcasitas/,Restaurant,"R525+RVP, Tourism Rd, General Luna, Surigao del Norte",http://laspalmassiargao.com/,https://lh3.googleusercontent.com/gps-cs-s/APNQkAHpVhTAcLYk4U2UtZ5wxdKhiJ4QeLHfodAntdHlvETL6yprtspBHyvGMG128RfDhmu5OHSi8Bi_RQot_I3c7OgP8hafsCR67ylNvKi9ekY-GBbpImmJczoEGdJu574DGsMGKOLNiD1LUg_-=w2048-h1536-k-no,Restaurant,"A casual eatery in the heart of General Luna, Siargao's lively surf-town hub, Las Palmas Restaurant serves up everyday island dining. It currently sits at 4.7 across 49 reviews. Amenities include restaurant. Set in Siargao's easygoing dining scene, it leans casual and local rather than polished. Best for: a casual island meal.",9.8020299,126.1595397,https://www.google.com/maps/place/Las+Palmas+Restaurant/data=!4m7!3m6!1s0x330409001bec8427:0xd5233fe86d5ae9c8!8m2!3d9.8020299!4d126.1595397!16s%2Fg%2F11ychgdqqp!19sChIJJ4TsGwAJBDMRyOlabeg_I9U?authuser=0&hl=en&rclk=1,"restaurants in General Luna, Siargao & Surigao, Philippines",General Luna
amore.,4.6,(165),09610103874,https://wa.me/09610103874,,https://www.facebook.com/reel,Restaurant,"Brgy, Tourism Rd, Catangnan, General Luna, 8419 Surigao del Norte",,https://lh3.googleusercontent.com/gps-cs-s/APNQkAFdMKJed7NYsRH2Fc4vLQundzndCVvHZwKKisGE_xomSdbk1JiZ_dbVwZKh1khi5-SzdzpymX3yAvIY3KxqZjxaesMNBE-oI7pTZygrnxeyTDZxDjo99fpDP9gjxYdkMNgSt0Npipu_ufis=w2048-h1536-k-no,Restaurant,"A standout Restaurant restaurant in the heart of General Luna, Siargao's lively surf-town hub, amore. earns a high 4.6 from 165 reviews. Locals and travelers rate it for consistent, flavorful island dining. Amenities include restaurant. Best for: a casual island meal.",9.8070265,126.1630168,https://www.google.com/maps/place/amore./data=!4m7!3m6!1s0x330409001d4ac8c9:0x422a227864b8b388!8m2!3d9.8070265!4d126.1630168!16s%2Fg%2F11m68cyhx2!19sChIJychKHQAJBDMRiLO4ZHgiKkI?authuser=0&hl=en&rclk=1,"restaurants in General Luna, Siargao & Surigao, Philippines",General Luna
Catangnan BBQ,4.5,(185),,,,https://www.facebook.com/EaTravelsbyTBON,Barbecue restaurant,"R565+3R5, General Luna, Surigao del Norte",,https://lh3.googleusercontent.com/gps-cs-s/APNQkAEVBjuvt_aGq7ZGuU24O-2Fe81jiRj70TQ4web116tvQNSnZfvQPFsg6dT3s88dK1SILkIMtYfr5CFwSjuwo0C9VnOfQ7gT1LHuk3B0ZZTGvw3a-vnkOi19GewrjNS2YOJqI1_N=w2048-h1536-k-no,Restaurant,"A standout Barbecue restaurant in the heart of General Luna, Siargao's lively surf-town hub, Catangnan BBQ earns a high 4.5 from 185 reviews. Locals and travelers rate it for consistent, flavorful island dining. Amenities include restaurant. Best for: a casual island meal.",9.8095451,126.1597967,https://www.google.com/maps/place/Catangnan+BBQ/data=!4m7!3m6!1s0x330409d02b728d6d:0xbcd39056eaff7a76!8m2!3d9.8095451!4d126.1597967!16s%2Fg%2F11q92jrgcj!19sChIJbY1yK9AJBDMRdnr_6laQ07w?authuser=0&hl=en&rclk=1,"restaurants in General Luna, Siargao & Surigao, Philippines",General Luna
Backside Burger,4.7,(431),09154015421,https://wa.me/09154015421,https://www.instagram.com/backside_burger,https://www.facebook.com/100084744139712,Hamburger restaurant,"Tourism Rd, General Luna, Surigao del Norte",,https://lh3.googleusercontent.com/gps-cs-s/APNQkAGx11ICjChRZlZrwwfsLCx3v72ie0soxKXbWkXUg9X43F6Tr3EBc8SOdSOoHDAzswrDENa7jRjBxGm2uIDC1wL-vdL2sW_IMrsKxKeEyHUjNqRQ-fPT2xk0m5HmwWd3-tRFIVctE2XbGeU=w2048-h1536-k-no,"Restaurant, Outdoor seating","A standout Hamburger restaurant in the heart of General Luna, Siargao's lively surf-town hub, Backside Burger earns a high 4.7 from 431 reviews. Locals and travelers rate it for consistent, flavorful island dining. Amenities include restaurant, outdoor seating. Best for: a casual island meal.",9.7900192,126.161768,https://www.google.com/maps/place/Backside+Burger/data=!4m7!3m6!1s0x3303f74f529749cb:0x367803e82b057f3e!8m2!3d9.7900192!4d126.161768!16s%2Fg%2F11tp491zf3!19sChIJy0mXUk_3AzMRPn8FK-gDeDY?authuser=0&hl=en&rclk=1,"restaurants in General Luna, Siargao & Surigao, Philippines",General Luna
Pore’s Restobar/Carenderia/siargao,4.5,(34),,,,https://www.facebook.com/RootsSiargao,Family restaurant,"Q5P6+49R, General Luna, Surigao del Norte",,https://lh3.googleusercontent.com/gps-cs-s/APNQkAGXRFQeYj2YmxP7-Ti7OX72y0g_numVp1MGvEAN5VuUhArpY11URaxRzSjvOP6iPkdesmUJayuEpJZuul8a_Y_3WV6pMCVkXJyMWwnYIbwOv0GQ7zWbts2FoG8j6ShKRWc88i51=w2048-h1536-k-no,,"A casual eatery in the heart of General Luna, Siargao's lively surf-town hub, Pore’s Restobar/Carenderia/siargao serves up everyday island dining. It currently sits at 4.5 across 34 reviews. Set in Siargao's easygoing dining scene, it leans casual and local rather than polished. Best for: a casual island meal.",9.7853369,126.1608385,https://www.google.com/maps/place/Pore%E2%80%99s+Restobar%2FCarenderia%2Fsiargao/data=!4m7!3m6!1s0x3303f7003bbd091b:0xb1d44fa563de05b2!8m2!3d9.7853369!4d126.1608385!16s%2Fg%2F11y3nxqgtc!19sChIJGwm9OwD3AzMRsgXeY6VP1LE?authuser=0&hl=en&rclk=1,"restaurants in General Luna, Siargao & Surigao, Philippines",General Luna
Nanay Elsie’s food Services (branch 1),4.6,(110),,,,https://www.facebook.com/profile.php,Family restaurant,"Boulevard, Purok 1, General Luna surigao del norte Siargao, General Luna, 8419 Surigao del Norte",,https://lh3.googleusercontent.com/gps-cs-s/APNQkAHsQgeR4KIr1DpWc7RotiTPRi_G6Bl5wioySqFZau05PoyUwyHYORVZFByGVyranq6L-9aOhy1rNWeQQvPjDaPGyEgGvpsNZHmFkOaaIUYeZC5ndL05J2saxuFnbsLeiQRea38D7A=w2048-h1536-k-no,Restaurant,"A casual eatery in the heart of General Luna, Siargao's lively surf-town hub, Nanay Elsie’s food Services (branch 1) serves up everyday island dining. It currently sits at 4.6 across 110 reviews. Amenities include restaurant. Best for: a casual island meal.",9.7823922,126.1554677,https://www.google.com/maps/place/Nanay+Elsie%E2%80%99s+food+Services+%28branch+1%29/data=!4m7!3m6!1s0x3303f737c804d1c5:0xb9c7b1efaab686d!8m2!3d9.7823922!4d126.1554677!16s%2Fg%2F11tc2x3qpg!19sChIJxdEEyDf3AzMRbWir-h57nAs?authuser=0&hl=en&rclk=1,"restaurants in General Luna, Siargao & Surigao, Philippines",General Luna
The Cat & Gun,4.6,(249),09620403853,https://wa.me/09620403853,https://www.instagram.com/the_cat_n_gun,https://www.facebook.com/people,Coffee shop,"Catangnan, General Luna, Surigao del Norte",,https://lh3.googleusercontent.com/gps-cs-s/APNQkAH_GO07-9OJv8GqfT2YzXLzwFrsi6H9EfJ4th40rDz0Bt63wQeS1szHh8qlpVtLPOGBLzBy-afwiYf2CKrATu4jaq-0KopmpQay2Wb0Iw3rpBs1NE3Ot4UYkr6Mtva7ZTVPubFIaR-dZgnD=w2048-h1536-k-no,,"One of the area's favorite cafes in the heart of General Luna, Siargao's lively surf-town hub, The Cat & Gun has built a loyal following with 249 reviews at 4.6. A reliable pick for good coffee, easy brunch plates and a relaxed place to linger. Best for: a relaxed coffee, brunch or work session.",9.8093625,126.1598564,https://www.google.com/maps/place/The+Cat+%26+Gun/data=!4m7!3m6!1s0x3304098fdf608eb1:0x342cfff6547178bc!8m2!3d9.8093625!4d126.1598564!16s%2Fg%2F11l2bybzr5!19sChIJsY5g348JBDMRvHhxVPb_LDQ?authuser=0&hl=en&rclk=1,"restaurants in General Luna, Siargao & Surigao, Philippines",General Luna
Alegreya Homestay + Cafe,4.5,(27),,,https://www.instagram.com/alegreyahomestaycafe,https://www.facebook.com/profile.php,,"Q5Q6+H9Q, General Luna, Surigao del Norte",,https://lh3.googleusercontent.com/gps-cs-s/APNQkAFZ8dWiWWnoCmYT5H9vszjJ9r5NLCDdzRInoN2I-Nv3qPPuU5KpN9_xoPk05f_ZmCmpyoyIc9ArxsU0a4LnpzI5Svm8KfFQVgPwDVCFOzOseJQSrAQef_JluCLZsyoNfeqWgSQ=w2048-h1536-k-no,Free Wi-Fi,"A low-key local spot in the heart of General Luna, Siargao's lively surf-town hub, Alegreya Homestay + Cafe keeps a modest online footprint. It currently sits at 4.5 across 27 reviews. Amenities include free wi-fi. Best for: travelers exploring this corner of Siargao.",9.7889546,126.1609874,https://www.google.com/maps/place/Alegreya+Homestay+%2B+Cafe/data=!4m11!3m10!1s0x3303f777a8bbdc6b:0xcf4713035471359b!5m3!1s2026-10-31!4m1!1i2!8m2!3d9.7889546!4d126.1609874!16s%2Fg%2F11vlsdjs66!19sChIJa9y7qHf3AzMRmzVxVAMTR88?authuser=0&hl=en&rclk=1,"restaurants in General Luna, Siargao & Surigao, Philippines",General Luna
SURFING TEMPLE RESTO,4.5,(51),09193957461,https://wa.me/09193957461,,,Restaurant,"R556+VV4, General Luna, Surigao del Norte",,https://lh3.googleusercontent.com/gps-cs-s/APNQkAFhfXp-XxVNaWUZJIe285xdiy-Zwx8owtUALTLahUmJ_ReYFk798Ee7cU79x03A-M25rrjICz9wZK-koFiSZ26eXAxXhN407kw7DLl8UJ7RoYNNiksX6kF-NHj9GC57nseaApZv=w2048-h1536-k-no,"Pool, Restaurant","A casual eatery in the heart of General Luna, Siargao's lively surf-town hub, SURFING TEMPLE RESTO serves up everyday island dining. It currently sits at 4.5 across 51 reviews. Amenities include pool, restaurant. Set in Siargao's easygoing dining scene, it leans casual and local rather than polished. Best for: a casual island meal.",9.8092605,126.1616795,https://www.google.com/maps/place/SURFING+TEMPLE+RESTO/data=!4m7!3m6!1s0x3304090004093f1b:0x2bde9e3ea496701d!8m2!3d9.8092605!4d126.1616795!16s%2Fg%2F11y3qnht2h!19sChIJGz8JBAAJBDMRHXCWpD6e3is?authuser=0&hl=en&rclk=1,"restaurants in General Luna, Siargao & Surigao, Philippines",General Luna
Buonana,4.8,(105),,,https://www.instagram.com/buonana,https://www.facebook.com/buonanaph,Vegan restaurant,"Q5P6+8JF, General Luna, Surigao del Norte",https://www.facebook.com/buonanaph/?epa=SEARCH_BOX,https://lh3.googleusercontent.com/gps-cs-s/APNQkAGBINjB8wjC3seikNukZVAycbSQ6IdPIrTMJRbqJArT7Kuzgp43oaItsN7uGgm5dQetfOz1guMP1OL5jzzDLKBciGz8zRq9OnBHPynHTDzMQmVnn4UXTY_Q6mLB5xBohMJwK5pr=w2048-h1536-k-no,"Restaurant, Garden","A casual eatery in the heart of General Luna, Siargao's lively surf-town hub, Buonana serves up everyday island dining. It currently sits at 4.8 across 105 reviews. Amenities include restaurant, garden. Set in Siargao's easygoing dining scene, it leans casual and local rather than polished. Best for: a casual island meal.",9.7858073,126.1615527,https://www.google.com/maps/place/Buonana/data=!4m7!3m6!1s0x3303f72b944b4b37:0x5c261f5a185cb740!8m2!3d9.7858073!4d126.1615527!16s%2Fg%2F11h6vqgtxw!19sChIJN0tLlCv3AzMRQLdcGFofJlw?authuser=0&hl=en&rclk=1,"restaurants in General Luna, Siargao & Surigao, Philippines",General Luna
Broncos Siargao,4.6,(29),09524567949,https://wa.me/09524567949,https://www.instagram.com/broncos_siargao,https://www.facebook.com/Broncos.Siargao,Restaurant,"Barangay, Tourism Rd, General Luna, 8419 Surigao del Norte",,https://lh3.googleusercontent.com/gps-cs-s/APNQkAF9SIj4ekb8-91u-GFxvEB2JLVk7OW3W1jHZFS1CYhB8wJiOW9kZ2tZgltI9VtpoaRWYsJHAnHsVf2kNvQD14Y20yr2seTIVCqe9iGxRhUEoO4ilIcRDBmBOT0T7qa1z0ebJ8VFJaaM4PiL=w2048-h1536-k-no,,"A casual eatery in the heart of General Luna, Siargao's lively surf-town hub, Broncos Siargao serves up everyday island dining. It currently sits at 4.6 across 29 reviews. Set in Siargao's easygoing dining scene, it leans casual and local rather than polished. Best for: a casual island meal.",9.8001533,126.1602669,https://www.google.com/maps/place/Broncos+Siargao/data=!4m7!3m6!1s0x330409a58ab33a93:0xe8789df75a1a7e90!8m2!3d9.8001533!4d126.1602669!16s%2Fg%2F11kjr7cq94!19sChIJkzqziqUJBDMRkH4aWvedeOg?authuser=0&hl=en&rclk=1,"restaurants in General Luna, Siargao & Surigao, Philippines",General Luna
Jorene's Homemade Ice Cream,4.8,(120),09338239362,https://wa.me/09338239362,https://www.instagram.com/jorenessiargao,https://www.facebook.com/people/Jorenes-Homemade-Ice-Cream/100078282519630/,Fast food restaurant,"Poblacion I (Purok 1, General Luna, Surigao del Norte",https://web.facebook.com/Jorenes-Homemade-Ice-Cream-101491218955801/,https://lh3.googleusercontent.com/gps-cs-s/APNQkAGSrCYvOa0IA0AsSMpuPVcVIrMUfPU4meycpV3HBvXcaY-mDtrjver2H2m-esW2E7SJiLWflrX0u14imhvjxQAmZOqhQRSxiJ3v4g0UxF4oWoSMzQzqi2MblpYdwuMoKaMSSQbHIQ=w2048-h1536-k-no,Restaurant,"A casual eatery in the heart of General Luna, Siargao's lively surf-town hub, Jorene's Homemade Ice Cream serves up everyday island dining. It currently sits at 4.8 across 120 reviews. Amenities include restaurant. Set in Siargao's easygoing dining scene, it leans casual and local rather than polished. Best for: a casual island meal.",9.7825586,126.1553985,https://www.google.com/maps/place/Jorene%27s+Homemade+Ice+Cream/data=!4m7!3m6!1s0x3303f7bc6dc4e885:0xefbba84ee8e9e8d1!8m2!3d9.7825586!4d126.1553985!16s%2Fg%2F11mwl3lwvj!19sChIJhejEbbz3AzMR0ejp6E6ou-8?authuser=0&hl=en&rclk=1,"restaurants in General Luna, Siargao & Surigao, Philippines",General Luna
Isla Cusina Restaurant,3.9,"(1,004)",09695980522,https://wa.me/09695980522,,https://www.facebook.com/islacusinasiargao,Restaurant,"General Luna, Surigao del Norte",,https://lh3.googleusercontent.com/gps-cs-s/APNQkAEBdCnD_4ljI4JNxwqtrXDQT0P7BQGueLgwSXkqQ-1SMJKGs2f_woMovy0F4V_u4GWB6TxqjAWGxOGmEbRZedPkdwLU9lsGNJ7sxv2CpnZEeX2Hh8Xx7EZSSntMBMV-i1g9JaSMBg=w2048-h1536-k-no,"Restaurant, Wheelchair accessible, Wheelchair accessible entrance, Accessible","A casual eatery in the heart of General Luna, Siargao's lively surf-town hub, Isla Cusina Restaurant serves up everyday island dining. It currently sits at 3.9 across 1 review. Honest read: only a handful of reviews so far, but early feedback leans positive. Amenities include restaurant, wheelchair accessible, wheelchair accessible entrance, accessible. Best for: a casual island meal.",9.7895256,126.1620163,https://www.google.com/maps/place/Isla+Cusina+Restaurant/data=!4m7!3m6!1s0x3303f770241ed9b7:0x5bed0c0aa3b7b1bf!8m2!3d9.7895256!4d126.1620163!16s%2Fg%2F11h4fjgx53!19sChIJt9keJHD3AzMRv7G3owoM7Vs?authuser=0&hl=en&rclk=1,"restaurants in General Luna, Siargao & Surigao, Philippines",General Luna
COCO FRÍO,4.9,(454),,,,,Coffee shop,"Tourism Rd, General Luna, 8419 Surigao del Norte",,https://lh3.googleusercontent.com/gps-cs-s/APNQkAEEWN9_SiQb3WFYoX0I88ieh4OwsCN7pVlFfViqOzE3J1DUn-7qJ-qDW7iRYFqhRLFkjusNh3bCrFq3iiTb6gwNFtlvidMawpI5nZa4d9pt_CNRHNEPzq7T-g5rrqcJhmvRaBymnoZg9bE=w2048-h1536-k-no,Outdoor seating,"One of the area's favorite cafes in the heart of General Luna, Siargao's lively surf-town hub, COCO FRÍO has built a loyal following with 454 reviews at 4.9. A reliable pick for good coffee, easy brunch plates and a relaxed place to linger. Amenities include outdoor seating. Best for: a relaxed coffee, brunch or work session.",9.7895668,126.1618366,https://www.google.com/maps/place/COCO+FR%C3%8DO/data=!4m7!3m6!1s0x3303f7f80eea9f61:0x7922b96badde8e67!8m2!3d9.7895668!4d126.1618366!16s%2Fg%2F11h1dxzx6d!19sChIJYZ_qDvj3AzMRZ47erWu5Ink?authuser=0&hl=en&rclk=1,"restaurants in General Luna, Siargao & Surigao, Philippines",General Luna
Trattoria Altrove Siargao,4.3,(272),09178229871,https://wa.me/09178229871,,https://www.facebook.com/altrove.siargao,Pizza restaurant,"Tourism Rd, Siargao, General Luna, Surigao del Norte",https://www.facebook.com/altrove.siargao/,https://lh3.googleusercontent.com/gps-cs-s/APNQkAEsYIWf-9JfZauf8KzFZdY2ZAsijuPhF58m_-YJs4pCrJ7Lx2tRtyV8TO2QF-MU2wKaQRsX5LmQW0WUTBSsgWOZ3Bd2WkHqZ6IFUUBcOQgszaKtaCnwefCbumtzXxO4Fur-GgXs=w2048-h1536-k-no,"Restaurant, Bar","A casual eatery in the heart of General Luna, Siargao's lively surf-town hub, Trattoria Altrove Siargao serves up everyday island dining. It currently sits at 4.3 across 272 reviews. Amenities include restaurant, bar. Set in Siargao's easygoing dining scene, it leans casual and local rather than polished. Best for: a casual island meal.",9.7879454,126.1625614,https://www.google.com/maps/place/Trattoria+Altrove+Siargao/data=!4m7!3m6!1s0x3303f781397419d3:0x6f983ecd07df59a3!8m2!3d9.7879454!4d126.1625614!16s%2Fg%2F11gh81qgc0!19sChIJ0xl0OYH3AzMRo1nfB80-mG8?authuser=0&hl=en&rclk=1,"restaurants in General Luna, Siargao & Surigao, Philippines",General Luna
Secret Garden Siargao,5.0,(1),09663974269,https://wa.me/09663974269,,,Restaurant,"Q5J4+PCG, General Luna, 8419 Surigao del Norte",,https://lh3.googleusercontent.com/gps-cs-s/APNQkAF_3a3jfqMmWdWz9x22mZc7qrj_5Q0ZcU1q2dX7GwCcJxmzR7401eDDJXHP-RGPj_lw4uFJbA3Lf8wvlEUMkInVjM10kZmmQMxtUE1L_79Mk55S_trJ7OfY7tLR4UnuQnldSR-o=w2048-h1536-k-no,"Restaurant, Garden","A casual eatery in the heart of General Luna, Siargao's lively surf-town hub, Secret Garden Siargao serves up everyday island dining. It currently sits at 5.0 across 1 review. Honest read: only a handful of reviews so far, but early feedback leans positive. Amenities include restaurant, garden. Best for: a casual island meal.",9.7818001,126.1560888,https://www.google.com/maps/place/Secret+Garden+Siargao/data=!4m7!3m6!1s0x3303f7196c509361:0xb80242bef8df5f25!8m2!3d9.7818001!4d126.1560888!16s%2Fg%2F11p0wtf94g!19sChIJYZNQbBn3AzMRJV_f-L5CArg?authuser=0&hl=en&rclk=1,"restaurants in General Luna, Siargao & Surigao, Philippines",General Luna
Derecho,4.5,(177),,,,,Restaurant,"Q5P6+FRR, General Luna, Surigao del Norte",,https://lh3.googleusercontent.com/gps-cs-s/APNQkAG4BLDmPlDNgFDHTfdtkDLyDxTMweRicfUvyTp4Wq3tqit3Vc0udsf8R0ploF3oMBq3x1_QpmcIxjHFM1BYRMVHnbVjZfYTjMx1K712jYOBmkyygQ5Qr6J3AqtmMTQ1pVYu9Z6U=w2048-h1536-k-no,Restaurant,"A standout Restaurant restaurant in the heart of General Luna, Siargao's lively surf-town hub, Derecho earns a high 4.5 from 177 reviews. Locals and travelers rate it for consistent, flavorful island dining. Amenities include restaurant. Best for: a casual island meal.",9.7863511,126.1619227,https://www.google.com/maps/place/Derecho/data=!4m7!3m6!1s0x3303f71edee5cf8f:0x174e0a74b8bed8e8!8m2!3d9.7863511!4d126.1619227!16s%2Fg%2F11sk8wmms7!19sChIJj8_l3h73AzMR6Ni-uHQKThc?authuser=0&hl=en&rclk=1,"restaurants in General Luna, Siargao & Surigao, Philippines",General Luna
Mama's Grill,4.2,(759),,,,https://www.facebook.com/Mamas-Grill-General-Luna-surigao-del-norte-2047796915502551,Grill,"8419 Tourism Rd, General Luna, Surigao del Norte",,https://lh3.googleusercontent.com/gps-cs-s/APNQkAELCJlNdVGTIe1fFdWMXIDoFTlCO_UXvG2y2OntF2Y38Came9GERfOv_ZApaIgOy5GzJX0FkTw3X5jTwNP6MThh0H_yZe6SPRUxVFAuO8IDD80jRrpLPl8-JGSbXY745caqGI39=w2048-h1536-k-no,"Restaurant, Bar","A casual eatery in the heart of General Luna, Siargao's lively surf-town hub, Mama's Grill serves up everyday island dining. It currently sits at 4.2 across 759 reviews. Amenities include restaurant, bar. Best for: travelers exploring this corner of Siargao.",9.7934769,126.1610876,https://www.google.com/maps/place/Mama%27s+Grill/data=!4m7!3m6!1s0x3303f61c73c0e27b:0x70532f8f7e8f80d5!8m2!3d9.7934769!4d126.1610876!16s%2Fg%2F11dylymyyh!19sChIJe-LAcxz2AzMR1YCPfo8vU3A?authuser=0&hl=en&rclk=1,"restaurants in General Luna, Siargao & Surigao, Philippines",General Luna
Nanay Nalyn's Food Hauz,4.7,(12),,,,https://www.facebook.com/people,Restaurant,"Q5Q5+CW7, General Luna, Surigao del Norte",,https://lh3.googleusercontent.com/gps-cs-s/APNQkAEu_7W-F7zcEP434N4wcyWnzT_NyvpkPRfnnc7MEfCNwalNL3HdgDQc4wI1wNSIf9HQva4Quyro1NiLpBLftZll9wnChNNjcZ4umoUCDCzckvR9WH98TqHChA65W9g8jaLlYtze0ngSAoI=w2048-h1536-k-no,Restaurant,"A casual eatery in the heart of General Luna, Siargao's lively surf-town hub, Nanay Nalyn's Food Hauz serves up everyday island dining. It currently sits at 4.7 across 12 reviews. Amenities include restaurant. Set in Siargao's easygoing dining scene, it leans casual and local rather than polished. Best for: a casual island meal.",9.7885276,126.1597878,https://www.google.com/maps/place/Nanay+Nalyn%27s+Food+Hauz/data=!4m7!3m6!1s0x3303f7ab62d80b5f:0x9946eb56362bc199!8m2!3d9.7885276!4d126.1597878!16s%2Fg%2F11gtylhgxk!19sChIJXwvYYqv3AzMRmcErNlbrRpk?authuser=0&hl=en&rclk=1,"restaurants in General Luna, Siargao & Surigao, Philippines",General Luna
Miguel's Taqueria,4.2,(323),09772474182,https://wa.me/09772474182,,,Restaurant,"Q5J2+JQX, General Luna, Surigao del Norte",,https://lh3.googleusercontent.com/gps-cs-s/APNQkAH7-WtRPmlM--ewDW67wA9rkUxE7_16i97F6S85BTySu5d4k9iy-pBx9FIUJjdf50c4bk6-Ky6_AS7Tm-zYL9KeyIrKowyA0T73JBgIsWwSw_DNmeavRSo9EM4cd_KzHaxWMvAQdg=w2048-h1536-k-no,"Restaurant, Wheelchair accessible, Wheelchair accessible entrance, Accessible","A casual eatery in the heart of General Luna, Siargao's lively surf-town hub, Miguel's Taqueria serves up everyday island dining. It currently sits at 4.2 across 323 reviews. Amenities include restaurant, wheelchair accessible, wheelchair accessible entrance, accessible. Best for: a casual island meal.",9.7864215,126.1619439,https://www.google.com/maps/place/Miguel%27s+Taqueria/data=!4m7!3m6!1s0x3303f615c129d9ab:0x5e2951cf7b529f10!8m2!3d9.7864215!4d126.1619439!16s%2Fg%2F11c55vvk9z!19sChIJq9kpwRX2AzMREJ9Se89RKV4?authuser=0&hl=en&rclk=1,"restaurants in General Luna, Siargao & Surigao, Philippines",General Luna
Chef Marquin Burgers Siargao,4.5,(137),,,https://www.instagram.com/chef_marquin_siargao,https://www.facebook.com/share,Hamburger restaurant,"Q5p6+jrp, General Luna, Surigao del Norte",https://www.facebook.com/share/HDrnk8b1ffy2ZjGe/?mibextid=LQQJ4d,https://lh3.googleusercontent.com/gps-cs-s/APNQkAG3oE2M2p9TDoqrYv78kSVnm-7EDIFYsAHqZ-HYIPGqoq6TbfqevbUnjlIoiHYCyH_PXxCog5oAy0who1tT5LqE8XTrDnwqx-ri7GfY0sF677D3-83TTLKjusYSkEy4MOx5GSs49Q=w2048-h1536-k-no,Restaurant,"A casual eatery in the heart of General Luna, Siargao's lively surf-town hub, Chef Marquin Burgers Siargao serves up everyday island dining. It currently sits at 4.5 across 137 reviews. Amenities include restaurant. Set in Siargao's easygoing dining scene, it leans casual and local rather than polished. Best for: a casual island meal.",9.7865146,126.1622574,https://www.google.com/maps/place/Chef+Marquin+Burgers+Siargao/data=!4m7!3m6!1s0x3303f70052eccb53:0x9eb978c3768646e0!8m2!3d9.7865146!4d126.1622574!16s%2Fg%2F11w92njw5n!19sChIJU8vsUgD3AzMR4EaGdsN4uZ4?authuser=0&hl=en&rclk=1,"restaurants in General Luna, Siargao & Surigao, Philippines",General Luna
Emelia's Restobar & Seafoods Paluto,4.5,(201),09064592802,https://wa.me/09064592802,,https://www.facebook.com/EmeliasRestobar,Restaurant,"Q5Q5+PVR, General Luna, Surigao del Norte",,https://lh3.googleusercontent.com/gps-cs-s/APNQkAGi7fUKXbR3dTdHaNO7Sx1eH8E5qFRkV5VOvRAkd3J6ZlNmOVcbtBGyYQFQWwCoTMlEiqXSCCwDtG2VdwIA758xBfLclC4AqxsJalIa2A5N7EzNdl4XqdwM95TpRtwWUdVT-I2p4Q=w2048-h1536-k-no,Restaurant,"A standout Restaurant restaurant in the heart of General Luna, Siargao's lively surf-town hub, Emelia's Restobar & Seafoods Paluto earns a high 4.5 from 201 reviews. Locals and travelers rate it for consistent, flavorful island dining. Amenities include restaurant. Best for: a casual island meal.",9.7893691,126.159647,https://www.google.com/maps/place/Emelia%27s+Restobar+%26+Seafoods+Paluto/data=!4m7!3m6!1s0x3303f61986a65e85:0xdd360a11b0472e44!8m2!3d9.7893691!4d126.159647!16s%2Fg%2F11g03qh6yg!19sChIJhV6mhhn2AzMRRC5HsBEKNt0?authuser=0&hl=en&rclk=1,"restaurants in General Luna, Siargao & Surigao, Philippines",General Luna
MASA Seafood Bar & Grill,4.3,(69),09273764955,https://wa.me/09273764955,https://www.instagram.com/masa.siargao,https://www.facebook.com/masa.siargao,Restaurant,"Barangay, Tourism Rd, General Luna, 8419 Surigao del Norte",https://www.instagram.com/masa.siargao/?utm_source=ig_web_button_share_sheet,https://lh3.googleusercontent.com/gps-cs-s/APNQkAGDK507oKXFE5cbQYi71oHmZbTJJI2IK962bQkj9uJG9Ecd7agMUkPVG0VuVxa8HiapkaCj1_Yu1yGYssbcLf4N7SH4Rtql8mgEbvinHLPDXUzwKz8G1ymKzEy-sUdFmFQOxbHaBRbEPlzf=w2048-h1536-k-no,"Restaurant, Bar","A casual eatery in the heart of General Luna, Siargao's lively surf-town hub, MASA Seafood Bar & Grill serves up everyday island dining. It currently sits at 4.3 across 69 reviews. Amenities include restaurant, bar. Set in Siargao's easygoing dining scene, it leans casual and local rather than polished. Best for: a casual island meal.",9.7960352,126.1602776,https://www.google.com/maps/place/MASA+Seafood+Bar+%26+Grill/data=!4m7!3m6!1s0x3304090b33d6b2ab:0x234d3569ea28c665!8m2!3d9.7960352!4d126.1602776!16s%2Fg%2F11yb8nnh48!19sChIJq7LWMwsJBDMRZcYo6mk1TSM?authuser=0&hl=en&rclk=1,"restaurants in General Luna, Siargao & Surigao, Philippines",General Luna
Yassi's Siargao,4.1,(139),09171307113,https://wa.me/09171307113,,https://www.facebook.com/yassissiargao,Barbecue restaurant,"Tourism Rd, Brgy. Catangnan, General Luna, 8419 Surigao del Norte",,https://lh3.googleusercontent.com/gps-cs-s/APNQkAH4AkDnq_73l_tzfDZJv4ZnoVsK3TFxbV2F_rFXXPoJVaqxHPFm7sY4w62ynwGwedUg6VBhX4L_pghlS696FyXXRlo_K8NcCGDWWJSSxPUIt0eMgcuTGK-DtXiVOYxXAdCF-CqA=w2048-h1536-k-no,,"A casual eatery in the heart of General Luna, Siargao's lively surf-town hub, Yassi's Siargao serves up everyday island dining. It currently sits at 4.1 across 139 reviews. Honest read: a solid-not-spectacular 4.1 rating, dependable rather than dazzling. Best for: a casual island meal.",9.7998987,126.1603219,https://www.google.com/maps/place/Yassi%27s+Siargao/data=!4m7!3m6!1s0x3303f7a17acfd011:0x92f78e2eef45b570!8m2!3d9.7998987!4d126.1603219!16s%2Fg%2F11rxzdprf9!19sChIJEdDPeqH3AzMRcLVF7y6O95I?authuser=0&hl=en&rclk=1,"restaurants in General Luna, Siargao & Surigao, Philippines",General Luna
Sidlakan Siargao,4.5,(70),09466186290,https://wa.me/09466186290,https://www.instagram.com/sidlakansiargao,https://www.facebook.com/people,Restaurant,"R4PQ+CJX, General Luna, Surigao del Norte",,https://lh3.googleusercontent.com/gps-cs-s/APNQkAH9uDUdp6sSP9sAlyETVGJqgZKMgpGMBrLdpCqokTOtmtPPBfmouHUedmeaKkwMivNHl6SD9AIAyb_ccMTG2Q7OQX2Wm8GQkDVA3h4SszDRSse4L7MkyiE-Ogjd0kVi7FPy8fUn6JY3_TXx=w2048-h1536-k-no,"Restaurant, Garden","A casual eatery in the heart of General Luna, Siargao's lively surf-town hub, Sidlakan Siargao serves up everyday island dining. It currently sits at 4.5 across 70 reviews. Amenities include restaurant, garden. Set in Siargao's easygoing dining scene, it leans casual and local rather than polished. Best for: a casual island meal.",9.8361138,126.1390952,https://www.google.com/maps/place/Sidlakan+Siargao/data=!4m7!3m6!1s0x33040911529ce8fd:0x26fd15ebe9564a83!8m2!3d9.8361138!4d126.1390952!16s%2Fg%2F11sr_5x9gw!19sChIJ_eicUhEJBDMRg0pW6esV_SY?authuser=0&hl=en&rclk=1,"restaurants in General Luna, Siargao & Surigao, Philippines",General Luna
Annattos,4.5,(85),09603151814,https://wa.me/09603151814,https://www.instagram.com/annattos_siargao,https://www.facebook.com/p,Barbecue restaurant,"Q5W6+C4C, Tourism Rd, General Luna, Surigao del Norte",,https://lh3.googleusercontent.com/gps-cs-s/APNQkAHxwII4lNOIpv4PaIfqED6HPaC4tMQFSyVvnObredW8PtijxNUrsEn5_o32xYwgTXohTSBj1tVo2wjsOpRVKzcYBOF_Wf1K_Vv1FZFWAe8bMoLHPFn6B0s_0FDhg5YC70mpXLo0=w2048-h1536-k-no,"Restaurant, Bar","A casual eatery in the heart of General Luna, Siargao's lively surf-town hub, Annattos serves up everyday island dining. It currently sits at 4.5 across 85 reviews. Amenities include restaurant, bar. Set in Siargao's easygoing dining scene, it leans casual and local rather than polished. Best for: a casual island meal.",9.7961134,126.1602873,https://www.google.com/maps/place/Annattos/data=!4m7!3m6!1s0x3303f79bb604fb95:0x256c93fb2b3fec2a!8m2!3d9.7961134!4d126.1602873!16s%2Fg%2F11sdskjdz2!19sChIJlfsEtpv3AzMRKuw_K_uTbCU?authuser=0&hl=en&rclk=1,"restaurants in General Luna, Siargao & Surigao, Philippines",General Luna
Sus Comfort Food,4.1,(62),09177107111,https://wa.me/09177107111,https://www.instagram.com/suscomfortfoodsiargao,https://www.facebook.com/suspastilansiargao,Restaurant,"Poblacion 3 Tourism Rd, General Luna, 8419 Surigao del Norte",,https://lh3.googleusercontent.com/gps-cs-s/APNQkAEQu3A7IVWjVnHZasJdSO_LnOLMKnxhBSIyfVyhGSaXBq5-TK_e68HACo9PKCsdy8zCjxlPEV-PAenL1dOKqUG_6tl1HMBvt-0mxqC0Y8qyk9MfK7wTbL5UDg6hnTZxWxyg_Efz=w2048-h1536-k-no,Restaurant,"A casual eatery in the heart of General Luna, Siargao's lively surf-town hub, Sus Comfort Food serves up everyday island dining. It currently sits at 4.1 across 62 reviews. Honest read: a solid-not-spectacular 4.1 rating, dependable rather than dazzling. Amenities include restaurant. Best for: a casual island meal.",9.7871313,126.1623501,https://www.google.com/maps/place/Sus+Comfort+Food/data=!4m7!3m6!1s0x3304097493a154a5:0x29ca3a1dff2c483c!8m2!3d9.7871313!4d126.1623501!16s%2Fg%2F11t7tpg_xl!19sChIJpVShk3QJBDMRPEgs_x06yik?authuser=0&hl=en&rclk=1,"restaurants in General Luna, Siargao & Surigao, Philippines",General Luna
Drunken Sushi Siargao,4.1,(197),09667624411,https://wa.me/09667624411,http://instagram.com/drunkensushi.siargao,https://www.facebook.com/p,Restaurant,"Sta. Ines (Backroad near Eloida, General Luna, 8419 Surigao del Norte",http://instagram.com/drunkensushi.siargao,https://lh3.googleusercontent.com/gps-cs-s/APNQkAHYLAwCWfM-t7dgP9AJBOxhLbD98Y-MshZhdEGZZCkpd6URg7jX1RRec9H_Jy5cLulvDxL3RQtiZu_3l5anhHZHuJgSYQ88otM1udkFO48Zbl1DDEttsmfHoPMJv77kjkIuBdFf=w2048-h1536-k-no,Restaurant,"A casual eatery in the heart of General Luna, Siargao's lively surf-town hub, Drunken Sushi Siargao serves up everyday island dining. It currently sits at 4.1 across 197 reviews. Honest read: a solid-not-spectacular 4.1 rating, dependable rather than dazzling. Amenities include restaurant. Best for: a casual island meal.",9.7990548,126.1577679,https://www.google.com/maps/place/Drunken+Sushi+Siargao/data=!4m7!3m6!1s0x3304094bf89b327b:0x5d76fc02695a2ab1!8m2!3d9.7990548!4d126.1577679!16s%2Fg%2F11jskc355y!19sChIJezKb-EsJBDMRsSpaaQL8dl0?authuser=0&hl=en&rclk=1,"restaurants in General Luna, Siargao & Surigao, Philippines",General Luna
Isla Cabana Seafood Restaurant,4.1,(174),09391387267,https://wa.me/09391387267,https://www.instagram.com/islacabanaresort?igsh=ajBiM2E3dnM0ODhh,,Restaurant,"Brgy. Cambutuanon, Purok 5 Tourism Rd, General Luna, 8419 Surigao del Norte",http://www.islacabanaresort.com/,https://lh3.googleusercontent.com/gps-cs-s/APNQkAFDkDebFd-kEVVL4NVxAEU3fqSkV6uE08rWB3cj6oueRmj3c6A_co2jolazskGRfjhLjnJbZur0wqupkxW5HdZI2Dvxw_H6l6UieL_blsu7RoeyxYts8h3hLFtA4NjLyDA2GgNo=w2048-h1536-k-no,"Restaurant, Sea view","A casual eatery in the heart of General Luna, Siargao's lively surf-town hub, Isla Cabana Seafood Restaurant serves up everyday island dining. It currently sits at 4.1 across 174 reviews. Honest read: a solid-not-spectacular 4.1 rating, dependable rather than dazzling. Amenities include restaurant, sea view. Best for: a casual island meal.",9.7901727,126.1631251,https://www.google.com/maps/place/Isla+Cabana+Seafood+Restaurant/data=!4m7!3m6!1s0x3303f61bacc28f0f:0x9071c72e9bc05b4a!8m2!3d9.7901727!4d126.1631251!16s%2Fg%2F12hsnn4_x!19sChIJD4_CrBv2AzMRSlvAmy7HcZA?authuser=0&hl=en&rclk=1,"restaurants in General Luna, Siargao & Surigao, Philippines",General Luna
Nattribu by the sea,4.4,(18),09514020582,https://wa.me/09514020582,,https://www.facebook.com/NattribuSiargao,Restaurant,"purok 1 boardwalk boulevard Mindanao, Surigao Del Norte, General Luna, Poblacion V, General Luna, 8419 Surigao del Norte",,https://lh3.googleusercontent.com/gps-cs-s/APNQkAGzcfwIjSAv9XpBqy0nbbRLRSyEziq7YlYEoWJIeGOGTQv5Ntt_q5WhaotQcz5mGiec_11_gs0aR2WxnNBaHMOATM-D67C9vym5TqdCJLePYBHy9t9_GfHTiNIihC2MoAoaLhUYDP2j7m1U=w2048-h1536-k-no,,"A casual eatery in the heart of General Luna, Siargao's lively surf-town hub, Nattribu by the sea serves up everyday island dining. It currently sits at 4.4 across 18 reviews. Set in Siargao's easygoing dining scene, it leans casual and local rather than polished. Best for: a casual island meal.",9.7817006,126.1572634,https://www.google.com/maps/place/Nattribu+by+the+sea/data=!4m7!3m6!1s0x3303f7dc30ebb77d:0x4685d0dd42e97d92!8m2!3d9.7817006!4d126.1572634!16s%2Fg%2F11xdx7_s8t!19sChIJfbfrMNz3AzMRkn3pQt3QhUY?authuser=0&hl=en&rclk=1,"restaurants in General Luna, Siargao & Surigao, Philippines",General Luna
AJ Eatery,5.0,(1),,,,https://www.facebook.com/100094443067336,Family restaurant,"Purok 5 General Luna, Siargao, Surigao del Norte",,https://lh3.googleusercontent.com/gps-cs-s/APNQkAG0B4vnshJYUT7VVDNhDoJYWTEZAsTv0EhJcU3ZSYVnhSy54lerjD7FAed0f448iKVK3AifBkcg2UWPE7KzOiiU6AB9LOXdXKUeTx22REzEzF5cGtHawFsSjuYsEAZYlJ0py5pga93fAgKd=w2048-h1536-k-no,,"A casual eatery in the heart of General Luna, Siargao's lively surf-town hub, AJ Eatery serves up everyday island dining. It currently sits at 5.0 across 1 review. Honest read: only a handful of reviews so far, but early feedback leans positive. Best for: a casual island meal.",9.7886155,126.1597852,https://www.google.com/maps/place/AJ+Eatery/data=!4m7!3m6!1s0x3303f7003ff1a12d:0x94dc03a1c6f832e6!8m2!3d9.7886155!4d126.1597852!16s%2Fg%2F11yvt9wxzp!19sChIJLaHxPwD3AzMR5jL4xqED3JQ?authuser=0&hl=en&rclk=1,"restaurants in General Luna, Siargao & Surigao, Philippines",General Luna
Kanin Baboy,4.4,(286),09853244913,https://wa.me/09853244913,,https://www.facebook.com/kaninbaboysiargao,Restaurant,"Unnamed Road, General Luna, Surigao del Norte",,https://lh3.googleusercontent.com/gps-cs-s/APNQkAGXJfr4ARnarUmwNNd9V1NRumPkdkxCVmN7HDq5SuF6f1tamA3Rt8Wa4d-8AjwJNeNa_FEmrXvnxL143qMoyxlgC4VB7CUmG5yQ2BnUaQH8Jbz861OS9VL9aC-XMOr7Gvh4ilcKpB40z18P=w2048-h1536-k-no,Restaurant,"A casual eatery in the heart of General Luna, Siargao's lively surf-town hub, Kanin Baboy serves up everyday island dining. It currently sits at 4.4 across 286 reviews. Amenities include restaurant. Set in Siargao's easygoing dining scene, it leans casual and local rather than polished. Best for: a casual island meal.",9.792102,126.1616449,https://www.google.com/maps/place/Kanin+Baboy/data=!4m7!3m6!1s0x3303f714ba0fe7bd:0x8460265a23cde1e9!8m2!3d9.792102!4d126.1616449!16s%2Fg%2F11fkyxg525!19sChIJvecPuhT3AzMR6eHNI1omYIQ?authuser=0&hl=en&rclk=1,"restaurants in General Luna, Siargao & Surigao, Philippines",General Luna
Doner shawarma and kebabs my falafel-siargao islandحلال,4.6,(132),09567130157,https://wa.me/09567130157,https://www.instagram.com/donershawarmamyfalafel,https://www.facebook.com/siargaokebabs,Shawarma restaurant,"siargao island, Tourism road, park 3, next to little nap hotel, and SBC General luna, Surigao del northe, 8419 Surigao del Norte",,https://lh3.googleusercontent.com/gps-cs-s/APNQkAEEDaRiLywy9GB2L1Ueu_w9rAP7uzDH1rt0MyZ15874Gb-4U77no_laMFBRnuCosQjwGQwsfPXtYb4-P5i-d99JHCL9rIOKyqtDJda8wWbnd9HRUVja9MMFaPbFnVxvEE2OHtAt7V7Irs28=w2048-h1536-k-no,,"A casual eatery in the heart of General Luna, Siargao's lively surf-town hub, Doner shawarma and kebabs my falafel-siargao islandحلال serves up everyday island dining. It currently sits at 4.6 across 132 reviews. Set in Siargao's easygoing dining scene, it leans casual and local rather than polished. Best for: a casual island meal.",9.7859023,126.1616474,https://www.google.com/maps/place/Doner+shawarma+and+kebabs+my+falafel-siargao+island%D8%AD%D9%84%D8%A7%D9%84%E2%80%AD/data=!4m7!3m6!1s0x3304094f8fb10a93:0xd46ac8e17d80117!8m2!3d9.7859023!4d126.1616474!16s%2Fg%2F11l1yt3h9x!19sChIJkwqxj08JBDMRFwHYF46sRg0?authuser=0&hl=en&rclk=1,"restaurants in General Luna, Siargao & Surigao, Philippines",General Luna
Tagpuan,4.6,(20),,,,https://www.facebook.com/people,Filipino restaurant,"R546+JV7, Tourism Rd, General Luna, Surigao del Norte",,https://lh3.googleusercontent.com/gps-cs-s/APNQkAFGWPUfBex1LuNAedNT3uLDAareiIMhWd1dLyOTXAfrZ5y7jkuHcXz7cKjiTd4X3DSqFtHuaDQcGOvM--tpnwIp71Fd1c64G4tjM7UoqiYNrEYFs-etXu2wilocBIj1lIPgIafNAA=w2048-h1536-k-no,Restaurant,"A casual eatery in the heart of General Luna, Siargao's lively surf-town hub, Tagpuan serves up everyday island dining. It currently sits at 4.6 across 20 reviews. Amenities include restaurant. Set in Siargao's easygoing dining scene, it leans casual and local rather than polished. Best for: a casual island meal.",9.8066805,126.1622522,https://www.google.com/maps/place/Tagpuan/data=!4m7!3m6!1s0x330409b98c2efc7f:0x971c116b39203cbc!8m2!3d9.8066805!4d126.1622522!16s%2Fg%2F11s9cz893b!19sChIJf_wujLkJBDMRvDwgOWsRHJc?authuser=0&hl=en&rclk=1,"restaurants in General Luna, Siargao & Surigao, Philippines",General Luna
Ronaldo's Inn & Restaurant,3.9,(272),,,,https://www.facebook.com/CocotelRonaldos,Restaurant,"Tourism Rd, General Luna, Surigao del Norte",,https://lh3.googleusercontent.com/gps-cs-s/APNQkAH3Qcka5zUFkF-cwRhgPxiDZPhq1W4jGSIBQgYOCwTIM9JTaYNnaUH4vU-K38LYDdCvPNWeGhBHtx1kevCiycbSOYU7bNbiSt4ppW4RJsyOx-5ycP4DaVpJGmu6w4TUlJbV24D0qXSXYOZO=w2048-h1536-k-no,"Air conditioning, Restaurant, Wheelchair accessible, Wheelchair accessible entrance, Accessible","A casual eatery in the heart of General Luna, Siargao's lively surf-town hub, Ronaldo's Inn & Restaurant serves up everyday island dining. It currently sits at 3.9 across 272 reviews. Honest read: a solid-not-spectacular 3.9 rating, dependable rather than dazzling. Amenities include air conditioning, restaurant, wheelchair accessible, wheelchair accessible entrance. Best for: a casual island meal.",9.7850877,126.1597415,https://www.google.com/maps/place/Ronaldo%27s+Inn+%26+Restaurant/data=!4m7!3m6!1s0x3303f610b553820b:0x6a7242c79c59c86a!8m2!3d9.7850877!4d126.1597415!16s%2Fg%2F11cn047jxn!19sChIJC4JTtRD2AzMRashZnMdCcmo?authuser=0&hl=en&rclk=1,"restaurants in General Luna, Siargao & Surigao, Philippines",General Luna
"Herbivore's Cafe Siargao ( Vegan Food, Vegan Cakes and Pastries, vegan breakfast and meals, vegan smoothie)",4.5,(112),09459949247,https://wa.me/09459949247,https://instagram.com/herbivorescafesiargao,https://www.facebook.com/theherbivorescakessds,Cafe,"Old Tourism Rd, Catangnan, General Luna, Surigao del Norte",https://instagram.com/herbivorescafesiargao?igshid=YmMyMTA2M2Y=,https://lh3.googleusercontent.com/gps-cs-s/APNQkAHC72w7TVfLogYK5O5m_-MFTFhtUZWWr89mmTuxAw5n8Fzc5DLG3nqL7xLPn0I5482CJrx6zdwnU7zZZKJY-u5FM5eLK_MtLQP0_yeimt-ntynpzXr9PW5eI9YCVsEwejjg4KJYnA=w2048-h1536-k-no,Restaurant,"A neighborhood cafe in the heart of General Luna, Siargao's lively surf-town hub, Herbivore's Cafe Siargao ( Vegan Food, Vegan Cakes and Pastries, vegan breakfast and meals, vegan smoothie) is an easy spot for coffee and a bite. It currently sits at 4.5 across 112 reviews. Amenities include restaurant. Best for: a relaxed coffee, brunch or work session.",9.8024028,126.1587958,"https://www.google.com/maps/place/Herbivore%27s+Cafe+Siargao+%28+Vegan+Food,+Vegan+Cakes+and+Pastries,+vegan+breakfast+and+meals,+vegan+smoothie%29/data=!4m7!3m6!1s0x3304090025575fd5:0x99478ab95695c4b5!8m2!3d9.8024028!4d126.1587958!16s%2Fg%2F11tx728z8t!19sChIJ1V9XJQAJBDMRtcSVVrmKR5k?authuser=0&hl=en&rclk=1","restaurants in General Luna, Siargao & Surigao, Philippines",General Luna
BINGWIT-KUSINA DE SIARGAO,4.0,(34),09398999156,https://wa.me/09398999156,,https://www.facebook.com/profile.php,Restaurant,"PUROK 5, BRGY, POBLACION, Tourism Rd, General Luna, 8419 Surigao del Norte",,https://lh3.googleusercontent.com/gps-cs-s/APNQkAHp7fBYD8-FoGqPwIi__-nwgCuNCD12Pv1u_JF3uGf3E2Eb0YNbY8T1QZ0QhP8fsMwUOcKUqWTqg2JA0FZ4rHsLAtVbuvR7MFL47EKDgJk_G74rLtTKvxCl01ANWttRDneoZJ005Q=w2048-h1536-k-no,"Breakfast, Restaurant","A casual eatery in the heart of General Luna, Siargao's lively surf-town hub, BINGWIT-KUSINA DE SIARGAO serves up everyday island dining. It currently sits at 4.0 across 34 reviews. Honest read: a solid-not-spectacular 4.0 rating, dependable rather than dazzling. Amenities include breakfast, restaurant. Best for: a casual island meal.",9.7898948,126.1617791,https://www.google.com/maps/place/BINGWIT-KUSINA+DE+SIARGAO/data=!4m7!3m6!1s0x3303f7ed2d58c0d9:0x13ec21ce18e47c96!8m2!3d9.7898948!4d126.1617791!16s%2Fg%2F11tdm9l69r!19sChIJ2cBYLe33AzMRlnzkGM4h7BM?authuser=0&hl=en&rclk=1,"restaurants in General Luna, Siargao & Surigao, Philippines",General Luna
Tuna Road Carenderia,4.5,(43),,,,https://www.facebook.com/UNLTDSiargao,Family restaurant,"Q5P6+57X, Tourism Rd, General Luna, Surigao del Norte",,https://lh3.googleusercontent.com/gps-cs-s/APNQkAEi_gOF__bPQ71e3-lTov6D4awzjFeQIvsJNrhYwHMBxwhCnKLYpxlxt3kGdNJLi3VH_bSLlA9bq1StwHWLlwJrvhSN-dJWDohgp4NFIi3W1QrkGfjSt3iljb9AVryyI5sWnXzgJbaNQdI=w2048-h1536-k-no,"Restaurant, Bar","A casual eatery in the heart of General Luna, Siargao's lively surf-town hub, Tuna Road Carenderia serves up everyday island dining. It currently sits at 4.5 across 43 reviews. Amenities include restaurant, bar. Set in Siargao's easygoing dining scene, it leans casual and local rather than polished. Best for: a casual island meal.",9.7854783,126.1607318,https://www.google.com/maps/place/Tuna+Road+Carenderia/data=!4m7!3m6!1s0x3303f70078f51b7f:0x3e2307bc179ed4ff!8m2!3d9.7854783!4d126.1607318!16s%2Fg%2F11y56mhfp1!19sChIJfxv1eAD3AzMR_9SeF7wHIz4?authuser=0&hl=en&rclk=1,"restaurants in General Luna, Siargao & Surigao, Philippines",General Luna
Sunset Coffee Roasters,4.8,(109),,,https://www.instagram.com/sunset.coffeeroasters,https://www.facebook.com/sunsecoffee.iao,Coffee shop,"Tourism Rd, General Luna, Surigao del Norte",,https://lh3.googleusercontent.com/gps-cs-s/APNQkAGIhhr9PMYNMlgaFEQC_JVAyqtgv3cQjScAo3SJCCR7I3vJKEUsdlXORhyTTPwy4ZtsINwXOD9GlyVE7VNhfEJkEUuWGDd8aiGClwH-ln7RQmf45w7IAkFnHaC67nXb5DTXTxMwPUGKL2Ge=w2048-h1536-k-no,,"A neighborhood cafe in the heart of General Luna, Siargao's lively surf-town hub, Sunset Coffee Roasters is an easy spot for coffee and a bite. It currently sits at 4.8 across 109 reviews. Like much of the island's cafe scene, expect a relaxed pace and a casual island setting. Best for: a relaxed coffee, brunch or work session.",9.8097452,126.1560991,https://www.google.com/maps/place/Sunset+Coffee+Roasters/data=!4m7!3m6!1s0x330409002e60da53:0x54e737c219e318b3!8m2!3d9.8097452!4d126.1560991!16s%2Fg%2F11w1qbhj6l!19sChIJU9pgLgAJBDMRsxjjGcI351Q?authuser=0&hl=en&rclk=1,"cafes in General Luna, Siargao & Surigao, Philippines",General Luna
Shanti Shanty Café Siargao,4.8,(211),09622483679,https://wa.me/09622483679,https://www.instagram.com/om.shantishanty,https://www.facebook.com/groups,Cafe,"General Luna, 8419 Surigao del Norte",https://www.instagram.com/om.shantishanty/,https://lh3.googleusercontent.com/gps-cs-s/APNQkAHVK4AQXEE3wAYXyOa1xFUr3F-9-H7BIOdqNr_5F4AkKQi1TUJqL20FJCCWP6w1EKxYoCd298hN_O_teZ0dS5LSL6p7F3DQ7B5Wz8-7SJZA0_hMlPVwNtT4S8lnBeT5eSB9Si71=w2048-h1536-k-no,"Pool, Wheelchair accessible, Wheelchair accessible entrance, Accessible","One of the area's favorite cafes in the heart of General Luna, Siargao's lively surf-town hub, Shanti Shanty Café Siargao has built a loyal following with 211 reviews at 4.8. A reliable pick for good coffee, easy brunch plates and a relaxed place to linger. Amenities include pool, wheelchair accessible, wheelchair accessible entrance, accessible. Best for: a relaxed coffee, brunch or work session.",9.7905483,126.1506912,https://www.google.com/maps/place/Shanti+Shanty+Caf%C3%A9+Siargao/data=!4m7!3m6!1s0x3303f72260a54439:0x7280f2fdde7457af!8m2!3d9.7905483!4d126.1506912!16s%2Fg%2F11t_lrt351!19sChIJOUSlYCL3AzMRr1d03v3ygHI?authuser=0&hl=en&rclk=1,"cafes in General Luna, Siargao & Surigao, Philippines",General Luna
Amon Cafe,4.6,(281),09178329544,https://wa.me/09178329544,https://www.instagram.com/amon.iao,https://www.facebook.com/profile.php,Coffee shop,"Aman Sinaya, Siargao Island, General Luna, 8419 Surigao del Norte",https://www.instagram.com/amon.iao/,https://lh3.googleusercontent.com/gps-cs-s/APNQkAG-C2d0B4rkacpOPOZ0B0toHWbk3pYg6w7Hi4LDq03LSiEZ6rn1tuBvDu0euVz-zHN2SyfnJ_FByWU4wl8y-80QcRrSyxVDKWuQwpQrz0Zz7FPBTHpF_JkB19JDriBwrGKVIrcX=w2048-h1536-k-no,,"One of the area's favorite cafes in the heart of General Luna, Siargao's lively surf-town hub, Amon Cafe has built a loyal following with 281 reviews at 4.6. A reliable pick for good coffee, easy brunch plates and a relaxed place to linger. Best for: a relaxed coffee, brunch or work session.",9.7832465,126.1556426,https://www.google.com/maps/place/Amon+Cafe/data=!4m7!3m6!1s0x3303f713245674b3:0x8ee7e69f2caa17c4!8m2!3d9.7832465!4d126.1556426!16s%2Fg%2F11kqtlq828!19sChIJs3RWJBP3AzMRxBeqLJ_m544?authuser=0&hl=en&rclk=1,"cafes in General Luna, Siargao & Surigao, Philippines",General Luna
mondayyy's siargao cafe,4.6,(237),09606432505,https://wa.me/09606432505,https://www.instagram.com/mondayyys.siargao,https://www.facebook.com/p,Cafe,"Catangnan, General Luna, 8419 Surigao del Norte",,https://lh3.googleusercontent.com/gps-cs-s/APNQkAEn_KRmGyhpT60rPTzQPv2INCedbti_qMJyLyFLSg7Ck_vOWX3JDG9c3ErZbi3p1tKlDXuo4si2w8iatUgYt1AJNXH3HMN4GRlEKTbcJ9b01fNMTcKkNm-5HTPhzmsPU1UajvJUJC6P-sc=w2048-h1536-k-no,"Breakfast, Pool","One of the area's favorite cafes in the heart of General Luna, Siargao's lively surf-town hub, mondayyy's siargao cafe has built a loyal following with 237 reviews at 4.6. A reliable pick for good coffee, easy brunch plates and a relaxed place to linger. Amenities include breakfast, pool. Best for: a relaxed coffee, brunch or work session.",9.8074418,126.1599579,https://www.google.com/maps/place/mondayyy%27s+siargao+cafe/data=!4m7!3m6!1s0x3303f781105a300b:0x3f055f9b7cf8af35!8m2!3d9.8074418!4d126.1599579!16s%2Fg%2F11v_bkpk3c!19sChIJCzBaEIH3AzMRNa_4fJtfBT8?authuser=0&hl=en&rclk=1,"cafes in General Luna, Siargao & Surigao, Philippines",General Luna
Sanabowl Superfood Café,4.6,(997),09602213852,https://wa.me/09602213852,https://www.instagram.com/sanabowl.siargao,https://www.facebook.com/61555270782325,Coffee shop,"Tourism Rd, Purok 5, General Luna, 8419 Surigao del Norte",https://www.instagram.com/sanabowl.siargao?igsh=YmkxcjcyZmI0bXpy,https://lh3.googleusercontent.com/gps-cs-s/APNQkAFgN6Z0k8yBlEnCEcupqTp8mDg5htA3RSxVXfTWE_b8gycGsbe5ukcZq5A2bpXZHHhKRElpmbG3Z9VAmKTJVxs4hG0kNk0m_SKCbNN49mvoDhpJl7hF46VDeUuc4cTg7XcAaVaC=w2048-h1536-k-no,"Restaurant, Outdoor seating","Billed as the healthiest cafe in General Luna, Sanabowl turns out organic acai and smoothie bowls, poke bowls, toasts and protein shakes from a breezy outdoor space on Tourism Road, open 7am to 11pm daily. The acai bowls draw the loudest praise; honest note: portions run small for the price, so come hungry-ish. With 900-plus reviews at 4.6, it's a reliable post-surf refuel. Best for: health-minded travelers craving a bright, fresh breakfast or recovery bowl.",9.7858964,126.1613686,https://www.google.com/maps/place/Sanabowl+Superfood+Caf%C3%A9/data=!4m7!3m6!1s0x3303f7de3ea0c8d1:0x212ba9d1951c33e0!8m2!3d9.7858964!4d126.1613686!16s%2Fg%2F11stvq1rzt!19sChIJ0cigPt73AzMR4DMcldGpKyE?authuser=0&hl=en&rclk=1,"cafes in General Luna, Siargao & Surigao, Philippines",General Luna
Gaya Rooftop Space,4.9,(76),09541579198,https://wa.me/09541579198,https://www.instagram.com/gayasiargao,https://www.facebook.com/lexiasSiargao,Cafe,"Siargao, Lexias Hostel and Workspace, Tourism Rd, Catangan, Siargao, Surigao del Norte",https://www.instagram.com/gayasiargao/,https://lh3.googleusercontent.com/gps-cs-s/APNQkAEdcFoRSS9weW8R6jXa1U9k_jHksAqzW0vMxlQqQpA3iiZlj1enydA25vlMI8Nxg67lm8zIy_R96GxVEibrBkKb4Sk5pJru0EYgDNwq7-1D-2DQbb4Kx7YJszGJBKazpnrkAFTRLnH9kMQ=w2048-h1536-k-no,"Wheelchair accessible, Wheelchair accessible entrance, Accessible","A neighborhood cafe in the heart of General Luna, Siargao's lively surf-town hub, Gaya Rooftop Space is an easy spot for coffee and a bite. It currently sits at 4.9 across 76 reviews. Amenities include wheelchair accessible, wheelchair accessible entrance, accessible. Best for: a relaxed coffee, brunch or work session.",9.8028095,126.1568589,https://www.google.com/maps/place/Gaya+Rooftop+Space/data=!4m7!3m6!1s0x330409739f306f83:0x50d1f36fdf7129ac!8m2!3d9.8028095!4d126.1568589!16s%2Fg%2F11x8v5jpwb!19sChIJg28wn3MJBDMRrClx32_z0VA?authuser=0&hl=en&rclk=1,"cafes in General Luna, Siargao & Surigao, Philippines",General Luna
Coco Cafe,5.0,(174),09491562501,https://wa.me/09491562501,https://www.instagram.com/cocospace.io/,https://www.facebook.com/cocospaceio,Coffee shop,"Siargao Island, Gasang, Libertad, General Luna, 8419 Surigao del Norte",https://cocospace.io/coco-cafe-siargao-menu/,https://lh3.googleusercontent.com/gps-cs-s/APNQkAFxE-o2d4tNgfKAkpPkySyU9zpuyCe5dsJZedkx6JBLl2osMwi0RKkxOeKEUa2RzDqYfLdeZdbURcwl8VmeHniqHCPyQb2l_AccSebyDC73hj8_axMm5pGf_aQ2X8ZJIZE9ZGx6MQEdGkZ2=w2048-h1536-k-no,,"One of the area's favorite cafes in the heart of General Luna, Siargao's lively surf-town hub, Coco Cafe has built a loyal following with 174 reviews at 5.0. A reliable pick for good coffee, easy brunch plates and a relaxed place to linger. Best for: a relaxed coffee, brunch or work session.",9.8306574,126.1317226,https://www.google.com/maps/place/Coco+Cafe/data=!4m7!3m6!1s0x330409b5facf6461:0x9990c710f003ec67!8m2!3d9.8306574!4d126.1317226!16s%2Fg%2F11vsp_2hrh!19sChIJYWTP-rUJBDMRZ-wD8BDHkJk?authuser=0&hl=en&rclk=1,"cafes in General Luna, Siargao & Surigao, Philippines",General Luna
This is Siargao Café,4.3,(85),,,https://www.instagram.com/mondayyys.siargao,https://www.facebook.com/people,Coffee shop,"Main Tourism Rd, Catangnan, General Luna, 8419 Surigao del Norte",,https://lh3.googleusercontent.com/gps-cs-s/APNQkAEuOJzg3Gf97IATLjGYmPI9wjsLk86qQB6tv1VT1oM3lsSMn2KMVRXsNFiYJFxgzIgkPs5imw5MkaWl2AuizwD7ni1xWB6Dm_fBTT7-3QKp1BWM0GaVj8QBCap8dtGXFr9JSnjX=w2048-h1536-k-no,Bar,"A neighborhood cafe in the heart of General Luna, Siargao's lively surf-town hub, This is Siargao Café is an easy spot for coffee and a bite. It currently sits at 4.3 across 85 reviews. Amenities include bar. Best for: a relaxed coffee, brunch or work session.",9.8119386,126.1629736,https://www.google.com/maps/place/This+is+Siargao+Caf%C3%A9/data=!4m7!3m6!1s0x33040900290136ff:0x25b7916094470cdc!8m2!3d9.8119386!4d126.1629736!16s%2Fg%2F11x2kb14d6!19sChIJ_zYBKQAJBDMR3AxHlGCRtyU?authuser=0&hl=en&rclk=1,"cafes in General Luna, Siargao & Surigao, Philippines",General Luna
Brunch Spot,4.7,(516),09625543695,https://wa.me/09625543695,https://www.instagram.com/brunchspotsiargao,https://www.facebook.com/100091895451559,Restaurant,"Barangay 5, Poblacion, General Luna, Surigao del Norte",https://www.instagram.com/brunchspotsiargao/,https://lh3.googleusercontent.com/gps-cs-s/APNQkAHE6YiZ0lKtkZ34Mwkglq8wj1vO67kEUUW2ItB4BrxjKAelAqQpUBrRv1_0942Kp5JewvM_vHbFytHiOC1mr9YfufpDaVAiDwGIN4XskXJeRcGu76_SVvAPJJW3Jd1corrLNGwh4gi6IA=w2048-h1536-k-no,"Breakfast, Pool, Restaurant","A standout Restaurant restaurant in the heart of General Luna, Siargao's lively surf-town hub, Brunch Spot earns a high 4.7 from 516 reviews. Locals and travelers rate it for consistent, flavorful island dining. Amenities include breakfast, pool, restaurant. Best for: a casual island meal.",9.7898246,126.1622017,https://www.google.com/maps/place/Brunch+Spot/data=!4m7!3m6!1s0x3303f78f14eecef5:0x95f37761c06aaf6f!8m2!3d9.7898246!4d126.1622017!16s%2Fg%2F11khmd9q4n!19sChIJ9c7uFI_3AzMRb69qwGF385U?authuser=0&hl=en&rclk=1,"cafes in General Luna, Siargao & Surigao, Philippines",General Luna
Takam Cafe & Bistro,5.0,(236),09052013927,https://wa.me/09052013927,https://www.instagram.com/takamcafeandbistro.siargao,https://www.facebook.com/profile.php,Cafe,"Tourism Rd, Poblacion V (Purok V), General Luna, 8419 Surigao del Norte",https://www.instagram.com/takamcafeandbistro.siargao/,https://lh3.googleusercontent.com/gps-cs-s/APNQkAGjfK1zvyFVgUyviQ7a5lCj9Kssc2zZXaEpRhBZF99ZkUNFZ2UH1W7MFipGSGHNOHpbVWAdHUQNq9dnftopE2exYm2adXGyzzLfAVdPzyKkRskraz3nPk5G3GJn35-X6oOQYOQ3=w2048-h1536-k-no,Restaurant,"One of the area's favorite cafes in the heart of General Luna, Siargao's lively surf-town hub, Takam Cafe & Bistro has built a loyal following with 236 reviews at 5.0. A reliable pick for good coffee, easy brunch plates and a relaxed place to linger. Amenities include restaurant. Best for: a relaxed coffee, brunch or work session.",9.7923068,126.1619657,https://www.google.com/maps/place/Takam+Cafe+%26+Bistro/data=!4m7!3m6!1s0x3303f7e01d2da39f:0x5c4c025611229310!8m2!3d9.7923068!4d126.1619657!16s%2Fg%2F11kry4bm_t!19sChIJn6MtHeD3AzMREJMiEVYCTFw?authuser=0&hl=en&rclk=1,"cafes in General Luna, Siargao & Surigao, Philippines",General Luna
Good Times Coffee,4.7,(65),09190048295,https://wa.me/09190048295,https://www.instagram.com/goodtimescoffeeph,https://www.facebook.com/61571978833948,Coffee shop,"GWAPITOS Main, Tourism Rd, General Luna, 8419 Surigao del Norte",,https://lh3.googleusercontent.com/gps-cs-s/APNQkAELJu_ywCrWO2oevTgMMg51KvsEIViwesUPSvvKzGup2Y_wc-9F2VkqahcAzEn-N04JGAglGgff6hyfaESodaA5yavG7jcPhJnAWOtenIIiTmAvAh-GnrTxIkWdUV8Fx-Mbx1ligQ=w2048-h1536-k-no,,"A neighborhood cafe in the heart of General Luna, Siargao's lively surf-town hub, Good Times Coffee is an easy spot for coffee and a bite. It currently sits at 4.7 across 65 reviews. Like much of the island's cafe scene, expect a relaxed pace and a casual island setting. Best for: a relaxed coffee, brunch or work session.",9.7918155,126.1616281,https://www.google.com/maps/place/Good+Times+Coffee/data=!4m7!3m6!1s0x3303f7854ef4f8bf:0x549d1c1704b89bb7!8m2!3d9.7918155!4d126.1616281!16s%2Fg%2F11vy0z9r2x!19sChIJv_j0ToX3AzMRt5u4BBccnVQ?authuser=0&hl=en&rclk=1,"cafes in General Luna, Siargao & Surigao, Philippines",General Luna
Lujo Cafe Siargao,4.9,(80),09275827040,https://wa.me/09275827040,http://www.instagram.com/lujocafe.siargao,https://www.facebook.com/VroomVroomNiDondon,Vietnamese restaurant,"Saging, near La Fuga, Dungganon-Mendoza Property, Sitio Saging, General Luna, 8419 Surigao del Norte",http://www.instagram.com/lujocafe.siargao,https://lh3.googleusercontent.com/gps-cs-s/APNQkAFiD2xV-X6AVHRMw7-TPH7Gl4uEb8hA9ZGVbuUi7G14nKeGXCkMz6ykhTzehvnHKjx1XQMVChG7p9TkJ5V2kyMbF0O8J1Tr-4IlILB9KxjCJTfN0H6-UmHtyr_9PtmGgRtNy3q1GssFjMo=w2048-h1536-k-no,Garden,"A casual eatery in the heart of General Luna, Siargao's lively surf-town hub, Lujo Cafe Siargao serves up everyday island dining. It currently sits at 4.9 across 80 reviews. Amenities include garden. Set in Siargao's easygoing dining scene, it leans casual and local rather than polished. Best for: a casual island meal.",9.8040703,126.1592625,https://www.google.com/maps/place/Lujo+Cafe+Siargao/data=!4m7!3m6!1s0x330409006ab96335:0x58ee91ed2b92eab6!8m2!3d9.8040703!4d126.1592625!16s%2Fg%2F11xngct89f!19sChIJNWO5agAJBDMRtuqSK-2R7lg?authuser=0&hl=en&rclk=1,"cafes in General Luna, Siargao & Surigao, Philippines",General Luna
Sea Green Cafe,4.8,(44),,,https://www.instagram.com/seagreencafe.siargao,https://www.facebook.com/seagreencafe,Cafe,"R546+JV7, Tourism Rd, General Luna, Surigao del Norte",,https://lh3.googleusercontent.com/gps-cs-s/APNQkAGxJNdZ7U9B01JH7y2b-fCMyqDBAKq_bBcEgHEldRrCeRM9zaS0xII_Gwsk4XtvRHBpNIZTdwXrcMu5gqnKWPtd_osEdDjx-ePQB0Lytc_kqZxQ7szFBNG9___IA6yxgqhBvkfi7sWXJNAG=w2048-h1536-k-no,,"A neighborhood cafe in the heart of General Luna, Siargao's lively surf-town hub, Sea Green Cafe is an easy spot for coffee and a bite. It currently sits at 4.8 across 44 reviews. Like much of the island's cafe scene, expect a relaxed pace and a casual island setting. Best for: a relaxed coffee, brunch or work session.",9.8066621,126.1622182,https://www.google.com/maps/place/Sea+Green+Cafe/data=!4m7!3m6!1s0x3304090025e130d9:0x305a4b9a8ec0c609!8m2!3d9.8066621!4d126.1622182!16s%2Fg%2F11xf_kzq0n!19sChIJ2TDhJQAJBDMRCcbAjppLWjA?authuser=0&hl=en&rclk=1,"cafes in General Luna, Siargao & Surigao, Philippines",General Luna
Lunares cafe,4.4,(291),09369792384,https://wa.me/09369792384,,https://www.facebook.com/general.luna5,Cafe,"Q5R6+PM6, Tourism Rd, General Luna, Surigao del Norte",,https://lh3.googleusercontent.com/gps-cs-s/APNQkAGy39Qu_PZFLoysyKtHKrQuH7TMVPVwjzJCV03QCMChUVc8I26bn7wuiNPEVV6FD1DvPD9ig8RbhV_hAt8xcC9SpoAFE-yu9vNeoN2ytHl9XKaoxXgHm6HvBN_xpu22aaisrqcXqw=w2048-h1536-k-no,Restaurant,"A neighborhood cafe in the heart of General Luna, Siargao's lively surf-town hub, Lunares cafe is an easy spot for coffee and a bite. It currently sits at 4.4 across 291 reviews. Amenities include restaurant. Best for: a relaxed coffee, brunch or work session.",9.791796,126.161628,https://www.google.com/maps/place/Lunares+cafe/data=!4m7!3m6!1s0x3303f61b8a187147:0x1b9f469726ad7642!8m2!3d9.791796!4d126.161628!16s%2Fg%2F11c58fnx08!19sChIJR3EYihv2AzMRQnatJpdGnxs?authuser=0&hl=en&rclk=1,"cafes in General Luna, Siargao & Surigao, Philippines",General Luna
Love Coco Cafe,4.7,(184),09224917913,https://wa.me/09224917913,,,Cafe,"Purok 2 General Luna Street, General Luna, 8419 Surigao del Norte",,https://lh3.googleusercontent.com/gps-cs-s/APNQkAGrESfa0eDn8C7Zpp56xyzgh35xJe0l8s5KZohZALaFYZXskGpVIcos2sO75Nnuc1Oq-mUpysbMt_2QGr-NWYofl3RnqC5KxtBd3cTDUcHKqVEGxNsNTLKbQzQZ07gewue6Ekiw5A=w2048-h1536-k-no,,"One of the area's favorite cafes in the heart of General Luna, Siargao's lively surf-town hub, Love Coco Cafe has built a loyal following with 184 reviews at 4.7. A reliable pick for good coffee, easy brunch plates and a relaxed place to linger. Best for: a relaxed coffee, brunch or work session.",9.781702,126.1563512,https://www.google.com/maps/place/Love+Coco+Cafe/data=!4m7!3m6!1s0x3303f7f18f31570d:0xe577b71aea043d0e!8m2!3d9.781702!4d126.1563512!16s%2Fg%2F11vj29kwzv!19sChIJDVcxj_H3AzMRDj0E6hq3d-U?authuser=0&hl=en&rclk=1,"cafes in General Luna, Siargao & Surigao, Philippines",General Luna
MILKY START SIARGAO,4.9,(169),09277758336,https://wa.me/09277758336,,https://www.facebook.com/profile.php,Cafe,"Purok1 Market area, General Luna, Surigao del Norte",,https://lh3.googleusercontent.com/gps-cs-s/APNQkAFWVPX94N3W6A-XXQz6h8sZUKjurT38bJkn4D5axxjivdoF3rpGMTRBr753XyfmiFrfmJx7J2XHho3v9UYJXBFToK2erverrHZ9eGgEnFWC6KAi-0Dx_Gkznhg86bHNG4RI3P5L=w2048-h1536-k-no,Restaurant,"One of the area's favorite cafes in the heart of General Luna, Siargao's lively surf-town hub, MILKY START SIARGAO has built a loyal following with 169 reviews at 4.9. A reliable pick for good coffee, easy brunch plates and a relaxed place to linger. Amenities include restaurant. Best for: a relaxed coffee, brunch or work session.",9.7812353,126.1556977,https://www.google.com/maps/place/MILKY+START+SIARGAO/data=!4m7!3m6!1s0x3303f708f0c48881:0xd5110f7af1b491b6!8m2!3d9.7812353!4d126.1556977!16s%2Fg%2F11l3800l6f!19sChIJgYjE8Aj3AzMRtpG08XoPEdU?authuser=0&hl=en&rclk=1,"cafes in General Luna, Siargao & Surigao, Philippines",General Luna
Mellows Café Siargao,5.0,(29),09692485772,https://wa.me/09692485772,,https://www.facebook.com/708939315625814,Cafe,"2nd Floor, Building 1, Paseo de Cabuntog, Poblacion 1, General Luna, 8419 Surigao del Norte",,https://lh3.googleusercontent.com/gps-cs-s/APNQkAFjQRoAWva7Va8vVkyid35juW9n0x5qoMJtIDbPB6utNN5ADYcTm0cj4pquQDiGZr9bMgJDh1kabToYCRxkAhsepga70oyFjJG7Leh4kqMGpTFvLK6v9ZqIzMaVdIqdVwRostZ-abUtitTG=w2048-h1536-k-no,,"A neighborhood cafe in the heart of General Luna, Siargao's lively surf-town hub, Mellows Café Siargao is an easy spot for coffee and a bite. It currently sits at 5.0 across 29 reviews. Like much of the island's cafe scene, expect a relaxed pace and a casual island setting. Best for: a relaxed coffee, brunch or work session.",9.781665,126.1572596,https://www.google.com/maps/place/Mellows+Caf%C3%A9+Siargao/data=!4m7!3m6!1s0x3303f71b5d6805e3:0x459e14a6105b319b!8m2!3d9.781665!4d126.1572596!16s%2Fg%2F11yfrx7c_3!19sChIJ4wVoXRv3AzMRmzFbEKYUnkU?authuser=0&hl=en&rclk=1,"cafes in General Luna, Siargao & Surigao, Philippines",General Luna
Big Mama Café • Siargao,4.6,(117),09280271081,https://wa.me/09280271081,https://www.instagram.com/_bigmamamo,https://www.facebook.com/100093270621706,Cafe,"Tourism Rd, Poblacion 3, General Luna, 8419 Surigao del Norte",https://www.instagram.com/_bigmamamo/,https://lh3.googleusercontent.com/gps-cs-s/APNQkAEdQ0O2NyJ29p4oIczw0625pEUQmvsW7YuZ234_1F37fUujuGfBYAb73UpJ6SnEzqgSsFiD0E2AxS9NPJpIjNw512GyNSoFIhH6BOGJXPV4RWOO3YiWI1GAq5prGOAwNK5eWkA=w2048-h1536-k-no,"Bar, Laundry service, Laundry","A neighborhood cafe in the heart of General Luna, Siargao's lively surf-town hub, Big Mama Café • Siargao is an easy spot for coffee and a bite. It currently sits at 4.6 across 117 reviews. Amenities include bar, laundry service, laundry. Best for: a relaxed coffee, brunch or work session.",9.8050529,126.1590268,https://www.google.com/maps/place/Big+Mama+Caf%C3%A9+%E2%80%A2+Siargao/data=!4m7!3m6!1s0x330409bc12255b25:0xf5f2f1aa0324303f!8m2!3d9.8050529!4d126.1590268!16s%2Fg%2F11kq3cp3__!19sChIJJVslErwJBDMRPzAkA6rx8vU?authuser=0&hl=en&rclk=1,"cafes in General Luna, Siargao & Surigao, Philippines",General Luna
Bum Brew,4.7,(31),,,https://www.instagram.com/bumbrew,https://www.facebook.com/radtattoosiargao,Coffee shop,"Q5R6+2QH, Tourism Rd, General Luna, Surigao del Norte",,https://lh3.googleusercontent.com/gps-cs-s/APNQkAG9rgkmlO7JWgNNsoy8MEthtmpsTP2E2F8v2xR3mgYQtsNtX6A5Hr3dceKbPLXHn5-BKQRYCMg77c0_jwzMkXq8l8oelhZ2jPT1wAowmPyWcAiGpcDYmDDAdUFBrLuNCe5fijKVk_adQYxM=w2048-h1536-k-no,,"A neighborhood cafe in the heart of General Luna, Siargao's lively surf-town hub, Bum Brew is an easy spot for coffee and a bite. It currently sits at 4.7 across 31 reviews. Like much of the island's cafe scene, expect a relaxed pace and a casual island setting. Best for: a relaxed coffee, brunch or work session.",9.7900671,126.1619845,https://www.google.com/maps/place/Bum+Brew/data=!4m7!3m6!1s0x3303f7001d9ba693:0x2c093394acb027f0!8m2!3d9.7900671!4d126.1619845!16s%2Fg%2F11x13gzfjf!19sChIJk6abHQD3AzMR8CewrJQzCSw?authuser=0&hl=en&rclk=1,"cafes in General Luna, Siargao & Surigao, Philippines",General Luna
Strum Music Cafe,4.9,(243),,,http://instagram.com/strum_siargao,,Live music bar,"Q5P6+HQF, General Luna, Surigao del Norte",http://instagram.com/strum_siargao,https://lh3.googleusercontent.com/gps-cs-s/APNQkAGCwxbwXIGM3TZrtQ5leMczaRt6EdyYRDDlsg6wwXs444vNx6VPTOxEkpME2KN-m5fnUiLUJ7Zk7KDc-uCg7x-On1VqXauSlzpIbMuf4mk1GgXjJIi0toYch6WeeVyfz3Hnyx9bUSu47589=w2048-h1536-k-no,"Restaurant, Bar, Beachfront","A popular bar in the heart of General Luna, Siargao's lively surf-town hub, Strum Music Cafe keeps a 4.9 rating over 243 reviews. Good for drinks, a social crowd and easygoing island nights. Amenities include restaurant, bar, beachfront. Best for: an easygoing drink and good vibes.",9.7864493,126.1619516,https://www.google.com/maps/place/Strum+Music+Cafe/data=!4m7!3m6!1s0x3303f731eb9d0db1:0x5f52e8f0b608b440!8m2!3d9.7864493!4d126.1619516!16s%2Fg%2F11sgvfc6kf!19sChIJsQ2d6zH3AzMRQLQItvDoUl8?authuser=0&hl=en&rclk=1,"cafes in General Luna, Siargao & Surigao, Philippines",General Luna
Bànay Bakery + Cafe,4.6,(86),09053533360,https://wa.me/09053533360,,https://www.facebook.com/banaysiargao,Bakery,"Tourism Rd, General Luna, Surigao del Norte",,https://lh3.googleusercontent.com/gps-cs-s/APNQkAHnBQm6mub2BVB2srWK0G2-TrRbp3j_GNsGKxBHuzS5CmTaA4hMaT4GcZ47pn0GEusDVmu1eiQxHp5fYuQRkE5CWHGXXIv5oX_TfkW_Fl1ecQ6gnGwagIpUL2sDdTZcVJ40bEa67w=w2048-h1536-k-no,,"A local bakery in the heart of General Luna, Siargao's lively surf-town hub, Bànay Bakery + Cafe serves travelers passing through. It currently sits at 4.6 across 86 reviews. It sits among the many small, locally-run spots that give Siargao its laid-back character. Best for: travelers exploring this corner of Siargao.",9.7903209,126.161913,https://www.google.com/maps/place/B%C3%A0nay+Bakery+%2B+Cafe/data=!4m7!3m6!1s0x3303f7e5dcf5f577:0x4db142da0464f27c!8m2!3d9.7903209!4d126.161913!16s%2Fg%2F11lcbtxfp2!19sChIJd_X13OX3AzMRfPJkBNpCsU0?authuser=0&hl=en&rclk=1,"cafes in General Luna, Siargao & Surigao, Philippines",General Luna
Grwnd Siargao,4.0,(127),09623462745,https://wa.me/09623462745,,https://www.facebook.com/profile.php,Cafe,"Siargao Island, Tourism Rd, General Luna, 8419 Surigao del Norte",,https://lh3.googleusercontent.com/gps-cs-s/APNQkAE1a4z_t2mMNTfNYXnnpeGSZYOAsB3jMJWp7gtcOfTb_v9MOZFNF21_zaQAA2eCAoRXfttYangln7AyF_PWTpOHD_UcTLhO1ARTZjXjqcycEZhweTeTga0mCo2lHCeZmk7rfc1a6y2i5IU5=w2048-h1536-k-no,,"A neighborhood cafe in the heart of General Luna, Siargao's lively surf-town hub, Grwnd Siargao is an easy spot for coffee and a bite. It currently sits at 4.0 across 127 reviews. Honest read: a solid-not-spectacular 4.0 rating, dependable rather than dazzling. Best for: a relaxed coffee, brunch or work session.",9.7869418,126.1619649,https://www.google.com/maps/place/Grwnd+Siargao/data=!4m7!3m6!1s0x3303f7859be9a6ef:0xdadd87d2d93b165e!8m2!3d9.7869418!4d126.1619649!16s%2Fg%2F11y51ljdyz!19sChIJ76bpm4X3AzMRXhY72dKH3do?authuser=0&hl=en&rclk=1,"cafes in General Luna, Siargao & Surigao, Philippines",General Luna
Don Macchiatos - Siargao,4.5,(44),09677741343,https://wa.me/09677741343,https://www.instagram.com/don_macchiatos_siargao,https://www.facebook.com/people,Coffee shop,"Beside Siargao Pharmacy, Tourism Rd, Poblacion 2, General Luna, 8419 Surigao del Norte",,https://lh3.googleusercontent.com/gps-cs-s/APNQkAH2TfWux4Ri0ffk_4X6HBLLDE7X1pIETmEk-E1TgdBVR99VXaSWFo6ng2bDHVHUXWLR7B3LlHPmKKehvQoiYG1g0G5XGa2Yg6v2hR4NzTe8dsGqS7PZ930c3kLo4h_sDZFKVU01=w2048-h1536-k-no,,"A neighborhood cafe in the heart of General Luna, Siargao's lively surf-town hub, Don Macchiatos - Siargao is an easy spot for coffee and a bite. It currently sits at 4.5 across 44 reviews. Like much of the island's cafe scene, expect a relaxed pace and a casual island setting. Best for: a relaxed coffee, brunch or work session.",9.7836781,126.1562465,https://www.google.com/maps/place/Don+Macchiatos+-+Siargao/data=!4m7!3m6!1s0x3303f76a8b02b129:0xc881acd15791a5f6!8m2!3d9.7836781!4d126.1562465!16s%2Fg%2F11l6216f96!19sChIJKbECi2r3AzMR9qWRV9Gsgcg?authuser=0&hl=en&rclk=1,"cafes in General Luna, Siargao & Surigao, Philippines",General Luna
Seijaku - Coffee and Matcha Bar Siargao,4.9,(47),09766586073,https://wa.me/09766586073,https://www.instagram.com/seijaku_matcha,https://www.facebook.com/profile.php,Store,"Purple House, Tourism Rd, General Luna, 8419 Surigao del Norte",,https://lh3.googleusercontent.com/gps-cs-s/APNQkAGfVjgfA8zSSShsSOibDEu2OHXEEVF-zLEmF4ZTNgXqrAuNI9HXX1c8-2XV1sFWCmMsRzvmOY9f-BO6pH110DebkpRHZgKrolZ-cFEhLTHpQjONDKrv1xXvY2LGwPKiotO8mH14PAorDvw=w2048-h1536-k-no,Bar,"A local store in the heart of General Luna, Siargao's lively surf-town hub, Seijaku - Coffee and Matcha Bar Siargao serves travelers passing through. It currently sits at 4.9 across 47 reviews. Amenities include bar. Best for: travelers exploring this corner of Siargao.",9.7852672,126.1604917,https://www.google.com/maps/place/Seijaku+-+Coffee+and+Matcha+Bar+Siargao/data=!4m7!3m6!1s0x3303f7ecf771227b:0x1d078cbe67aad5a9!8m2!3d9.7852672!4d126.1604917!16s%2Fg%2F11xw6s6mkw!19sChIJeyJx9-z3AzMRqdWqZ76MBx0?authuser=0&hl=en&rclk=1,"cafes in General Luna, Siargao & Surigao, Philippines",General Luna
Good Cup Siargao (Formerly Kahatea Siargao),4.7,(29),09694666229,https://wa.me/09694666229,https://www.instagram.com/goodcupsiargao,https://www.facebook.com/profile.php,Bubble tea store,"Purok 3, Beside Bebie's BBQ, General Luna, Surigao del Norte",,https://lh3.googleusercontent.com/gps-cs-s/APNQkAFbiWreznqcjv4rHbPNAbxRrvTmuA7KSDLeWPIXubuCPl6-3J5rZDVmNfMwHQHVHoVleMA-J_S1FlnpGcOTnxVRyhnjafus9zVGyT8jR03Tgy-gwdwBTa2LR7lU08Lm8pfARrMNLieXEZg9=w2048-h1536-k-no,Bar,"A local bubble tea store in the heart of General Luna, Siargao's lively surf-town hub, Good Cup Siargao (Formerly Kahatea Siargao) serves travelers passing through. It currently sits at 4.7 across 29 reviews. Amenities include bar. Best for: travelers exploring this corner of Siargao.",9.7847889,126.1603803,https://www.google.com/maps/place/Good+Cup+Siargao+%28Formerly+Kahatea+Siargao%29/data=!4m7!3m6!1s0x3303f75fcd9cff2b:0xdb966fe50aa3f24a!8m2!3d9.7847889!4d126.1603803!16s%2Fg%2F11rjj8h5_k!19sChIJK_-czV_3AzMRSvKjCuVvlts?authuser=0&hl=en&rclk=1,"cafes in General Luna, Siargao & Surigao, Philippines",General Luna
James Cafe,4.6,(35),,,,https://www.facebook.com/chmecakesandpastriessiargao,Cafe,"R545+VX3, Barangay, General Luna, Surigao del Norte",,https://lh3.googleusercontent.com/gps-cs-s/APNQkAETxBMCzqCcStYKK96wcSRes0pHwIP8kSstiI_sa1YdhbRk0gp9zyKivDB9ICVvAvQBsfCcsU92m4jI9jvdRATjn1qogo-Z9QwKF6t55BeHm47D2Su-Hyq7EmxbsIA4zrufzBFm4g=w2048-h1536-k-no,,"A neighborhood cafe in the heart of General Luna, Siargao's lively surf-town hub, James Cafe is an easy spot for coffee and a bite. It currently sits at 4.6 across 35 reviews. Like much of the island's cafe scene, expect a relaxed pace and a casual island setting. Best for: a relaxed coffee, brunch or work session.",9.8072674,126.159829,https://www.google.com/maps/place/James+Cafe/data=!4m7!3m6!1s0x330409b8e367a9cf:0x4ebc4b70888eb6b0!8m2!3d9.8072674!4d126.159829!16s%2Fg%2F11jz_cdt2l!19sChIJz6ln47gJBDMRsLaOiHBLvE4?authuser=0&hl=en&rclk=1,"cafes in General Luna, Siargao & Surigao, Philippines",General Luna
Sinag Snack Bar,5.0,(180),09672255368,https://wa.me/09672255368,https://www.instagram.com/sinagsnackbar,https://www.facebook.com/sinaghostel,Cafe,"Sinag Hostel, Brgy Catangnan, Siargao, General Luna, 8419 Surigao del Norte",https://www.instagram.com/sinagsnackbar/,https://lh3.googleusercontent.com/gps-cs-s/APNQkAEzwWq-gQjMEOgxucPEqTpbx3rMO2frcqZ67SyfH4lXx1itzN4xipjEMKTQsCqsrEUIRzIZKC0RuZ_oOsc85iOxGJtOFJgWhF-WYJhzk6j6qYx-fNbTfbpzo_YqCNXDHVTRuL5q7vfDk7Tt=w2048-h1536-k-no,"Restaurant, Bar","One of the area's favorite cafes in the heart of General Luna, Siargao's lively surf-town hub, Sinag Snack Bar has built a loyal following with 180 reviews at 5.0. A reliable pick for good coffee, easy brunch plates and a relaxed place to linger. Amenities include restaurant, bar. Best for: a relaxed coffee, brunch or work session.",9.8075167,126.1603197,https://www.google.com/maps/place/Sinag+Snack+Bar/data=!4m7!3m6!1s0x3304094f230bc5c9:0xa214fef9f50db09e!8m2!3d9.8075167!4d126.1603197!16s%2Fg%2F11w4n9kb4b!19sChIJycULI08JBDMRnrAN9fn-FKI?authuser=0&hl=en&rclk=1,"cafes in General Luna, Siargao & Surigao, Philippines",General Luna
Dayō Cafe Siargao,3.6,(32),,,https://www.instagram.com/dayocafe.elnido,https://www.facebook.com/reel,Cafe,"Goodcoast, General Luna, 8417 Metro Manila",,https://lh3.googleusercontent.com/gps-cs-s/APNQkAGr4jBgn1AHl0MHBe24gUWnuOm-UVDOC7WcxkV5GQEihU26zygPGJnQQyQer_QCKunsvstVMw271b04796Lxqd0EaCMQg3fTCWyErnnr25eLO6WPt8r2ztWilF6twm-CbmuuZJwvD5C7OSW=w2048-h1536-k-no,,"A neighborhood cafe in the heart of General Luna, Siargao's lively surf-town hub, Dayō Cafe Siargao is an easy spot for coffee and a bite. It currently sits at 3.6 across 32 reviews. Honest read: reviews are mixed (around 3.6), so set expectations accordingly. Best for: a relaxed coffee, brunch or work session.",9.8006188,126.160401,https://www.google.com/maps/place/Day%C5%8D+Cafe+Siargao/data=!4m7!3m6!1s0x330409003b2d64e3:0xa779f1152105c8cc!8m2!3d9.8006188!4d126.160401!16s%2Fg%2F11mz4hmpf0!19sChIJ42QtOwAJBDMRzMgFIRXxeac?authuser=0&hl=en&rclk=1,"cafes in General Luna, Siargao & Surigao, Philippines",General Luna
CFS CAFE,4.8,(5),,,,https://www.facebook.com/GeneralLunaTourismOffice,Coffee shop,"Tourism Rd, General Luna, Surigao del Norte",,https://lh3.googleusercontent.com/gps-cs-s/APNQkAENZHxpIzBcFIZICWhh0-xZSF_FMLvHpE4zeIy4NFupjV7tVAQN-ApB57Ou6RGCeZtz8gnnx2a8AFPHhKcyiSomufvDN0xrbty1ZUVo7bjHfdR-BHoHwnSzD07vv7Ssh32LmXhYMXARri30=w2048-h1536-k-no,,"A neighborhood cafe in the heart of General Luna, Siargao's lively surf-town hub, CFS CAFE is an easy spot for coffee and a bite. It currently sits at 4.8 across 5 reviews. Honest read: only a handful of reviews so far, but early feedback leans positive. Best for: a relaxed coffee, brunch or work session.",9.7914812,126.160518,https://www.google.com/maps/place/CFS+CAFE/data=!4m7!3m6!1s0x3304099442634ecf:0xa89183f0abb58cf2!8m2!3d9.7914812!4d126.160518!16s%2Fg%2F11khr_9xdd!19sChIJz05jQpQJBDMR8oy1q_CDkag?authuser=0&hl=en&rclk=1,"cafes in General Luna, Siargao & Surigao, Philippines",General Luna
MARMALADE,4.9,(116),,,https://instagram.com/marmalade.iao,https://www.facebook.com/p,Coffee shop,"Barangay, Santa Fe, General Luna, Surigao del Norte",https://instagram.com/marmalade.iao,https://lh3.googleusercontent.com/gps-cs-s/APNQkAGy39Qu_PZFLoysyKtHKrQuH7TMVPVwjzJCV03QCMChUVc8I26bn7wuiNPEVV6FD1DvPD9ig8RbhV_hAt8xcC9SpoAFE-yu9vNeoN2ytHl9XKaoxXgHm6HvBN_xpu22aaisrqcXqw=w2048-h1536-k-no,,"A neighborhood cafe in the heart of General Luna, Siargao's lively surf-town hub, MARMALADE is an easy spot for coffee and a bite. It currently sits at 4.9 across 116 reviews. Like much of the island's cafe scene, expect a relaxed pace and a casual island setting. Best for: a relaxed coffee, brunch or work session.",9.8400992,126.1374131,https://www.google.com/maps/place/MARMALADE/data=!4m7!3m6!1s0x33040900584e0885:0xe0253c6d608fe97e!8m2!3d9.8400992!4d126.1374131!16s%2Fg%2F11wy1_m2wk!19sChIJhQhOWAAJBDMRfumPYG08JeA?authuser=0&hl=en&rclk=1,"cafes in General Luna, Siargao & Surigao, Philippines",General Luna
Halika Siargao,4.9,"(1,065)",,,http://www.instagram.com/halika_siargao,https://www.facebook.com/100063910247413,Ice cream shop,"Surigao del Norte, General Luna, PH",http://www.instagram.com/halika_siargao,https://lh3.googleusercontent.com/gps-cs-s/APNQkAEu7KtNtp8iHQfVZ8diLwE9XaW6-hA68F_HQ3-J-ELJ732iuoraLmf1O5MJCgeHZ9nW4FK6SrVpFjYp9TKtlqMpRjVaTD8E-xHW35xepfcZIUMyDSeTiUmCrxc090qsONpbzGZT-f18Y03K=w2048-h1536-k-no,"Wheelchair accessible, Wheelchair accessible entrance, Accessible","A local ice cream shop in the heart of General Luna, Siargao's lively surf-town hub, Halika Siargao serves travelers passing through. It currently sits at 4.9 across 1 review. Honest read: only a handful of reviews so far, but early feedback leans positive. Amenities include wheelchair accessible, wheelchair accessible entrance, accessible. Best for: travelers exploring this corner of Siargao.",9.7842688,126.1576056,https://www.google.com/maps/place/Halika+Siargao/data=!4m7!3m6!1s0x3303f76bf7551c35:0xf1d31712fe838198!8m2!3d9.7842688!4d126.1576056!16s%2Fg%2F11fl5g_tzw!19sChIJNRxV92v3AzMRmIGD_hIX0_E?authuser=0&hl=en&rclk=1,"cafes in General Luna, Siargao & Surigao, Philippines",General Luna
Lawod Café,5.0,(3),09660262243,https://wa.me/09660262243,,https://www.facebook.com/61557601896337,Cafe,"Tourism Rd, Catangnan, General Luna, 8419 Surigao del Norte",,https://lh3.googleusercontent.com/gps-cs-s/APNQkAH_0eBh8d3vj2Wp2hrTe4cW962t2vxrqKNs_lWf--axjBIBuASVKJ2dPgQRgbaWZwpldzPwV8zD_7yAd5QkBui0An2J1sJ8VBK_bon6mm3Ztk945g4wgBaQTOxSfLK_EUNmD65bqg=w2048-h1536-k-no,"Breakfast, Bar","A neighborhood cafe in the heart of General Luna, Siargao's lively surf-town hub, Lawod Café is an easy spot for coffee and a bite. It currently sits at 5.0 across 3 reviews. Honest read: only a handful of reviews so far, but early feedback leans positive. Amenities include breakfast, bar. Best for: a relaxed coffee, brunch or work session.",9.8069821,126.1633104,https://www.google.com/maps/place/Lawod+Caf%C3%A9/data=!4m7!3m6!1s0x330409ae079a0d1f:0x6a37842844267af7!8m2!3d9.8069821!4d126.1633104!16s%2Fg%2F11vwl5nnwn!19sChIJHw2aB64JBDMR93omRCiEN2o?authuser=0&hl=en&rclk=1,"cafes in General Luna, Siargao & Surigao, Philippines",General Luna
Surf Cycles Surf and Bike Cafe,5.0,(1),09760425208,https://wa.me/09760425208,,https://www.facebook.com/surf.cycles,Cafe,"R567+CMP Surf Cycles Cafe, General Luna, 8419 Surigao del Norte",,https://streetviewpixels-pa.googleapis.com/v1/thumbnail?panoid=JhRj22rKYw_twZ0YesItzg&cb_client=search.gws-prod.gps&w=80&h=92&yaw=226.7535&pitch=0&thumbfov=100,,"A neighborhood cafe in the heart of General Luna, Siargao's lively surf-town hub, Surf Cycles Surf and Bike Cafe is an easy spot for coffee and a bite. It currently sits at 5.0 across 1 review. Honest read: only a handful of reviews so far, but early feedback leans positive. Best for: a relaxed coffee, brunch or work session.",9.8110956,126.1642025,https://www.google.com/maps/place/Surf+Cycles+Surf+and+Bike+Cafe/data=!4m7!3m6!1s0x3304094b06e1f887:0x86d3b978eead4817!8m2!3d9.8110956!4d126.1642025!16s%2Fg%2F11nmj5fvy_!19sChIJh_jhBksJBDMRF0it7ni504Y?authuser=0&hl=en&rclk=1,"cafes in General Luna, Siargao & Surigao, Philippines",General Luna
RAD Tattoo & Cafe Siargao,4.9,(51),09276734257,https://wa.me/09276734257,,https://www.facebook.com/radtattoosiargao,Tattoo and piercing shop,"Poblacion 5 Tourism Rd, General Luna, Surigao del Norte",https://web.facebook.com/radtattoosiargao,https://lh3.googleusercontent.com/gps-cs-s/APNQkAEVhu3-XPFQeeDWhpZsDBB_KLjT9hgwyyOy2s08KzJx941_Z_nmI4xkCTVJgyC7j4J1joGSVA763CTty7ETeMb5QvUPnQwjfDGp6UgZcNhYI9_bUJCJc0_-Lehuu8paogvV9G1l=w2048-h1536-k-no,,"A local tattoo and piercing shop in the heart of General Luna, Siargao's lively surf-town hub, RAD Tattoo & Cafe Siargao serves travelers passing through. It currently sits at 4.9 across 51 reviews. Best for: travelers exploring this corner of Siargao.",9.7880801,126.1623391,https://www.google.com/maps/place/RAD+Tattoo+%26+Cafe+Siargao/data=!4m7!3m6!1s0x3303f78c705989e5:0x3e8bed6c401b39e3!8m2!3d9.7880801!4d126.1623391!16s%2Fg%2F11j0rvb82b!19sChIJ5YlZcIz3AzMR4zkbQGztiz4?authuser=0&hl=en&rclk=1,"cafes in General Luna, Siargao & Surigao, Philippines",General Luna
The Boardwalk @ The Boulevard,4.4,(476),09101670181,https://wa.me/09101670181,,https://www.facebook.com/61573993708705,Tourist attraction,"Q5J4+CPF, General Luna, Surigao del Norte",,https://lh3.googleusercontent.com/gps-cs-s/APNQkAHkfBkjRJm-LNvi11Hwkz-gjia8N04qG2O91JlOzk7lsV_2Ld6z7zyzKm_umQzzndiQEyJJNMEh6MIzy8cuYy8uyO3pIuh5kSdDsh7X8t0-S7VhRozRA2fwYXcJfmTHWchBlsIuqBRTd__S=w2048-h1536-k-no,"Wheelchair accessible, Wheelchair accessible entrance, Accessible","A spot worth a look in the heart of General Luna, Siargao's lively surf-town hub, The Boardwalk @ The Boulevard draws travelers exploring the area. It currently sits at 4.4 across 476 reviews. Amenities include wheelchair accessible, wheelchair accessible entrance, accessible. Best for: travelers booking island hops and day trips.",9.7810734,126.1567871,https://www.google.com/maps/place/The+Boardwalk+@+The+Boulevard/data=!4m7!3m6!1s0x3303f615aee605d3:0xa89f79076aa9daec!8m2!3d9.7810734!4d126.1567871!16s%2Fg%2F11g6_6941m!19sChIJ0wXmrhX2AzMR7Nqpagd5n6g?authuser=0&hl=en&rclk=1,"things to do in General Luna, Siargao & Surigao, Philippines",General Luna
Love Beach,4.6,(22),,,,https://www.facebook.com/ILoveSiargao,Tourist attraction,"Q5P6+2GW, General Luna, Surigao del Norte",,https://lh3.googleusercontent.com/gps-cs-s/APNQkAFuoex--RE6cqbu9-KQT-xbaAcp_n6XhMU23B22AqoXNyeCMjS5x3yLO4S5UfkgZGvZoFQbjyljDXRL7d6jW6BbmPNqc6UwK5Zew3EEqM_YxycX2RMtYkZdq06nZ-XUU9_MND8=w2048-h1536-k-no,,"A spot worth a look in the heart of General Luna, Siargao's lively surf-town hub, Love Beach draws travelers exploring the area. It currently sits at 4.6 across 22 reviews. As with most island operators here, booking ahead in peak season is wise. Best for: travelers booking island hops and day trips.",9.7850098,126.1612321,https://www.google.com/maps/place/Love+Beach/data=!4m7!3m6!1s0x3303f737226a8599:0x6f4450d905ee1060!8m2!3d9.7850098!4d126.1612321!16s%2Fg%2F11sjtd2vxc!19sChIJmYVqIjf3AzMRYBDuBdlQRG8?authuser=0&hl=en&rclk=1,"things to do in General Luna, Siargao & Surigao, Philippines",General Luna
Discover Siargao,4.6,(9),09159182325,https://wa.me/09159182325,https://www.instagram.com/discoversiargaoph/,https://www.facebook.com/discoversiagao,Tourist attraction,"Q5Q6+MVP, General Luna, Surigao del Norte",http://www.discoversiargao.com/,https://lh3.googleusercontent.com/gps-cs-s/APNQkAFKJ23kCms69ZEe2c5K4uugsNEdauzKSCah4ZxYpAMAiOCbqwBhYy0Jej-MmbErHxYkOrrHpRadTZsTLG4EZijOJoUZ_RLezV-z2X0VbNK6tx76heDYCI-7GGfXUodwV7TQ-3HcLI8itTgQ=w2048-h1536-k-no,,"A spot worth a look in the heart of General Luna, Siargao's lively surf-town hub, Discover Siargao draws travelers exploring the area. It currently sits at 4.6 across 9 reviews. Honest read: only a handful of reviews so far, but early feedback leans positive. Best for: travelers booking island hops and day trips.",9.7892231,126.162191,https://www.google.com/maps/place/Discover+Siargao/data=!4m7!3m6!1s0x3303f61a53ac4fc7:0xf9d5defae7aee636!8m2!3d9.7892231!4d126.162191!16s%2Fg%2F12hmr52yz!19sChIJx0-sUxr2AzMRNuau5_re1fk?authuser=0&hl=en&rclk=1,"things to do in General Luna, Siargao & Surigao, Philippines",General Luna
Malinao Beach,4.0,(41),,,,https://www.facebook.com/MalinaoViewBeachResort,Tourist attraction,"Q48H+427, Malinao - Union Rd, General Luna, Surigao del Norte",,https://lh3.googleusercontent.com/gps-cs-s/APNQkAHhmQyBnVwQPG5IXLyNWil5n75DN95lkCxbMgNYeXWFumE-0rFptte0_vUv9dicuLS-MaNTllJq6MjSnyW_EQZL7pVJwRVS05HUsKeV_spIkAHuWRGxnpRrq89ld7oNjvo0zRAQKW5fiLNG=w2048-h1536-k-no,"Beachfront, Wheelchair accessible, Wheelchair accessible entrance, Accessible","A spot worth a look in the heart of General Luna, Siargao's lively surf-town hub, Malinao Beach draws travelers exploring the area. It currently sits at 4.0 across 41 reviews. Honest read: a solid-not-spectacular 4.0 rating, dependable rather than dazzling. Amenities include beachfront, wheelchair accessible, wheelchair accessible entrance, accessible. Best for: travelers booking island hops and day trips.",9.7653,126.127548,https://www.google.com/maps/place/Malinao+Beach/data=!4m7!3m6!1s0x3303f79914353697:0xfee18a8d5b82cea9!8m2!3d9.7653!4d126.127548!16s%2Fg%2F11ks1mxvq4!19sChIJlzY1FJn3AzMRqc6CW42K4f4?authuser=0&hl=en&rclk=1,"things to do in General Luna, Siargao & Surigao, Philippines",General Luna
Big Goose Sightseeing Spot,4.5,(2),,,,https://www.facebook.com/GeneralLunaTourismOffice,Tourist attraction,"R535+858, General Luna, Surigao del Norte",,https://lh3.googleusercontent.com/grass-cs/ANxoTn3IF9NzrHXmgo1SVHAnAABk3LXhhUoicRP3chU67Suhpex2WlaUuD2Q22DzFwxQ3ujT5BR68OGtpvz-VYEtyRDA45sGKh9rt71IW2Mus56LsoyLWRD4B300GVAbdh1YBxGtUUywRsXln5tI=w2048-h1536-k-no,,"A spot worth a look in the heart of General Luna, Siargao's lively surf-town hub, Big Goose Sightseeing Spot draws travelers exploring the area. It currently sits at 4.5 across 2 reviews. Honest read: only a handful of reviews so far, but early feedback leans positive. Best for: travelers booking island hops and day trips.",9.8032751,126.1579592,https://www.google.com/maps/place/Big+Goose+Sightseeing+Spot/data=!4m7!3m6!1s0x3304090062846b87:0x9e454db4e763cb72!8m2!3d9.8032751!4d126.1579592!16s%2Fg%2F11x6spwhy2!19sChIJh2uEYgAJBDMRcstj57RNRZ4?authuser=0&hl=en&rclk=1,"things to do in General Luna, Siargao & Surigao, Philippines",General Luna
Secret Beach,4.5,(184),09081624987,https://wa.me/09081624987,,https://www.facebook.com/jheng.triasaral,Beach pavillion,"Q448+RHJ, Dapa, Surigao del Norte",,https://lh3.googleusercontent.com/gps-cs-s/APNQkAEgkV6Zs_Xlqy-Sk75wSzvr6knXh4BCCoLnQkiyaEfmlmVjFsFKGmkn1zMGqaxcRtR39hTaGIyFWuUD8_86OS7OZ-qAzY_09VQRw-ykjoX6OkK52xBAp7-ao5tRtXGgbce6qeM=w2048-h1536-k-no,"Bar, Wheelchair accessible, Wheelchair accessible entrance, Accessible","A tucked-away cove reached through a rocky gap, trading easy access for calm, clear water and a quieter slice of coast away from the main crowds. Conditions depend on tide, and footing can be sharp, so reef shoes help. A nice add-on for explorers piecing together their own day. Best for: travelers who like hunting down hidden, low-key swim spots.",9.7564043,126.1167504,https://www.google.com/maps/place/Secret+Beach/data=!4m7!3m6!1s0x3303f7b698a06fa9:0x3da2c49aa2353468!8m2!3d9.7564043!4d126.1167504!16s%2Fg%2F11kq3cmkb2!19sChIJqW-gmLb3AzMRaDQ1oprEoj0?authuser=0&hl=en&rclk=1,"things to do in General Luna, Siargao & Surigao, Philippines",General Luna
Bugak Cold Spring,4.1,(69),,,,https://www.facebook.com/watch,Park,"Sta. Cruz General Luna Siargao, 8419 Surigao del Norte",,https://lh3.googleusercontent.com/gps-cs-s/APNQkAH2nFih6jTPJ2tY0yWvtVLX-JfPcw96NsiGPfJvt--osvU5gXRNRZxeTnxjNdaQ3spR7i54eCbskuWTlmniNSnRGBGuRmXg2bxIOtLCfiuMxq2tQ9syXEYYOWpUBLGzgss8bcsxbA=w2048-h1536-k-no,"Pool, Wheelchair accessible, Wheelchair accessible entrance, Accessible","A spot worth a look in the heart of General Luna, Siargao's lively surf-town hub, Bugak Cold Spring draws travelers exploring the area. It currently sits at 4.1 across 69 reviews. Honest read: a solid-not-spectacular 4.1 rating, dependable rather than dazzling. Amenities include pool, wheelchair accessible, wheelchair accessible entrance, accessible. Best for: day-trippers and nature lovers.",9.8283729,126.1153874,https://www.google.com/maps/place/Bugak+Cold+Spring/data=!4m7!3m6!1s0x330409c7b474b919:0xfd7e7b98267d3df1!8m2!3d9.8283729!4d126.1153874!16s%2Fg%2F11sy0sqtrr!19sChIJGbl0tMcJBDMR8T19Jph7fv0?authuser=0&hl=en&rclk=1,"things to do in General Luna, Siargao & Surigao, Philippines",General Luna
Secret sand bar near Guyam island,4.8,(46),,,,https://www.facebook.com/Tribunglaagan,Tourist attraction,"Q587+5MR, General Luna, Surigao del Norte",,https://lh3.googleusercontent.com/gps-cs-s/APNQkAHxfVieweDXSnOGZZoSq1HPmxHEH0KxR3fbL_E443gfiVfFlDaJXhOWIX350eaJtmVkw0UB3V69ktyFo_TOdRy2uLIM1E55rl8HIVMq7HEgrUqrVj4xRL7sMgvYd3V-FF-c03xc=w2048-h1536-k-no,"Bar, Wheelchair accessible, Wheelchair accessible entrance, Accessible","A spot worth a look in the heart of General Luna, Siargao's lively surf-town hub, Secret sand bar near Guyam island draws travelers exploring the area. It currently sits at 4.8 across 46 reviews. Amenities include bar, wheelchair accessible, wheelchair accessible entrance, accessible. Best for: travelers booking island hops and day trips.",9.765478,126.164133,https://www.google.com/maps/place/Secret+sand+bar+near+Guyam+island/data=!4m7!3m6!1s0x3303f77a73380a41:0xa3786b53b5db9a1c!8m2!3d9.765478!4d126.164133!16s%2Fg%2F11hzym9j5c!19sChIJQQo4c3r3AzMRHJrbtVNreKM?authuser=0&hl=en&rclk=1,"things to do in General Luna, Siargao & Surigao, Philippines",General Luna
Siargao Wakepark,4.9,"(1,898)",09567752409,https://wa.me/09567752409,https://www.instagram.com/siargaowakepark/,https://www.facebook.com/siargaowakepark,Sports club,"Purok 7, Consuelo, General Luna, 8425 Surigao del Norte",http://www.siargaowakepark.com/,https://lh3.googleusercontent.com/gps-cs-s/APNQkAG0XsMWsCr3eGB9tK9G_d1Wvsao0Rb-A4sW_8IAMNIORAUm7qw5NHcaI0bFi5JLQkCj9LMEsYfD79h-xC3z-fJNX8MXsWvOYtipYcBLTgEWSRe1DdjZRCIJgH40RuR4Oh02sxKg4BPBu1k=w2048-h1536-k-no,"Pool, Wheelchair accessible, Wheelchair accessible entrance, Accessible","A local sports club in the heart of General Luna, Siargao's lively surf-town hub, Siargao Wakepark serves travelers passing through. It currently sits at 4.9 across 1 review. Honest read: only a handful of reviews so far, but early feedback leans positive. Amenities include pool, wheelchair accessible, wheelchair accessible entrance, accessible. Best for: travelers exploring this corner of Siargao.",9.8013324,126.1132557,https://www.google.com/maps/place/Siargao+Wakepark/data=!4m7!3m6!1s0x3303f740f0320e65:0xdaa405b912c4948b!8m2!3d9.8013324!4d126.1132557!16s%2Fg%2F11gj71rz21!19sChIJZQ4y8ED3AzMRi5TEErkFpNo?authuser=0&hl=en&rclk=1,"things to do in General Luna, Siargao & Surigao, Philippines",General Luna
General Luna Port,4.4,(23),,,,https://www.facebook.com/people,Boat ramp,"Q5J4+V3R General Luna Covered Court, General Luna, Surigao del Norte",,https://lh3.googleusercontent.com/gps-cs-s/APNQkAEwIv_e5cmYQC7gabf8xr8S_IV8ULX9plxjPFxFEmtHrgw_zwZObt0Z0uipbrVRQsVVexwITjwvwwqYqf36ZV0pwY0DcDN_QW7a6xi5Njl5M7Q80R0Fh87JBezKtUpeBFS4qiug=w2048-h1536-k-no,"Wheelchair accessible, Wheelchair accessible entrance, Accessible","A local operator in the heart of General Luna, Siargao's lively surf-town hub, General Luna Port helps travelers sort island trips and transfers. It currently sits at 4.4 across 23 reviews. Amenities include wheelchair accessible, wheelchair accessible entrance, accessible. Best for: travelers booking island hops and day trips.",9.7810105,126.1568439,https://www.google.com/maps/place/General+Luna+Port/data=!4m7!3m6!1s0x3303f7456342b0e9:0xa36c2ce4ea6f64d!8m2!3d9.7810105!4d126.1568439!16s%2Fg%2F11h9k8_kpd!19sChIJ6bBCY0X3AzMRTfamTs7CNgo?authuser=0&hl=en&rclk=1,"things to do in General Luna, Siargao & Surigao, Philippines",General Luna
Guyam Island,4.6,(332),09196476677,https://wa.me/09196476677,,https://www.facebook.com/guyamisland,Tourist attraction,"General Luna, Surigao del Norte",,https://lh3.googleusercontent.com/gps-cs-s/APNQkAG81HvSXqz5bwdgtTg3c4EOV3NDxdn87hkFS21QJWMRp1_-Sebfa5GFXhjfGAQZcNbBAQW7iD_6K_7kKjpimVReuU7Ts_8KATnH8OHbgHycedMAOBRjo6-S2l0UZhEnpjPtmrkNS5_pye2X=w2048-h1536-k-no,"Bar, Wheelchair accessible, Wheelchair accessible entrance, Accessible","A tiny picture-perfect islet ringed by palm trees and white sand, the classic first stop on Siargao's three-island hopping tour (with Daku and Naked). You can stroll the whole thing in minutes; it's all about the swim, the snorkel and the castaway photos. Bring cash for the small landing fee. Best for: island-hoppers wanting the quintessential palm-fringed desert-island shot.",9.7653856,126.1677399,https://www.google.com/maps/place/Guyam+Island/data=!4m7!3m6!1s0x3303f67afddd22c1:0xf58c88ef8cd981d1!8m2!3d9.7653856!4d126.1677399!16s%2Fg%2F11dz_nf6w_!19sChIJwSLd_Xr2AzMR0YHZjO-IjPU?authuser=0&hl=en&rclk=1,"things to do in General Luna, Siargao & Surigao, Philippines",General Luna
Siargao Watersports Kitesurfing & Wingfoiling,4.9,(39),09271545983,https://wa.me/09271545983,https://www.instagram.com/siargao.watersports/,https://www.facebook.com/siargao.watersports,Kite shop,"Bravo Beach Resort, Tourism Rd, Purok 5, General Luna, 8419 Surigao del Norte",http://www.siargaowatersports.com/,https://lh3.googleusercontent.com/gps-cs-s/APNQkAEU7_9PyH876aswOk7YbO4XgsxZ7Rf-I74-alr3LeL7fdOBT0rbVOBF9MHqByG2HnH1ekNSDNWa8IOrUyHdcDjcQdDm16KF-4hqgdc5xWIPp3komXWykyCqa8NGANKsz5ryIxWUGGJslcOJ=w2048-h1536-k-no,,"A local kite shop in the heart of General Luna, Siargao's lively surf-town hub, Siargao Watersports Kitesurfing & Wingfoiling serves travelers passing through. It currently sits at 4.9 across 39 reviews. Best for: travelers exploring this corner of Siargao.",9.7919552,126.1624534,https://www.google.com/maps/place/Siargao+Watersports+Kitesurfing+%26+Wingfoiling/data=!4m7!3m6!1s0x3303f76a21d97cc9:0x734f7db7d59ee37d!8m2!3d9.7919552!4d126.1624534!16s%2Fg%2F11n0j7pkwt!19sChIJyXzZIWr3AzMRfeOe1bd9T3M?authuser=0&hl=en&rclk=1,"things to do in General Luna, Siargao & Surigao, Philippines",General Luna
Mahaybo,4.2,(20),,,,https://www.facebook.com/GeneralLunaTourismOffice,Tourist attraction,"R4JV+4CG, General Luna, Surigao del Norte",,https://lh3.googleusercontent.com/gps-cs-s/APNQkAGNEly3LvPhcFLIN95bLdCIMgHDt9D47Cl4QiQW01-YFCI3eaUFyYSjEHYOEaa0WzW4OohE6lvzk0zZiOvdb3nWAnvPjpjaSXH0R3aGFDvphASf5PMBLQTpW1iun8gWWifOstY=w2048-h1536-k-no,,"A spot worth a look in the heart of General Luna, Siargao's lively surf-town hub, Mahaybo draws travelers exploring the area. It currently sits at 4.2 across 20 reviews. As with most island operators here, booking ahead in peak season is wise. Best for: travelers booking island hops and day trips.",9.8303219,126.1435812,https://www.google.com/maps/place/Mahaybo/data=!4m7!3m6!1s0x330409a4294860d5:0x7734410afcb0ccab!8m2!3d9.8303219!4d126.1435812!16s%2Fg%2F11shcqk6q5!19sChIJ1WBIKaQJBDMRq8yw_ApBNHc?authuser=0&hl=en&rclk=1,"things to do in General Luna, Siargao & Surigao, Philippines",General Luna
Naked Island,4.5,(690),09196476677,https://wa.me/09196476677,https://instagram.com/siargaophilippines,https://facebook.com/siargaoislandph,Tourist attraction,"Siargao Island, Union Road, Dapa, Surigao del Norte",https://www.siargaoislandphilippines.com/,https://lh3.googleusercontent.com/gps-cs-s/APNQkAEIpusFniqHHl40tlT7pyxOjk-oXN7SVj26GoDAZYTGzsT2jhgJmmQirnxXaXKIgwV6wAkVE2Es8YPABqaVGKiIFAkq_pqICWuMWmm_mzKgLPCbdrfZlmb7FKMuE0zPR-Y_si0E=w2048-h1536-k-no,"Pool, Wheelchair accessible, Wheelchair accessible entrance, Accessible","A pure white sandbar with zero trees or shade, marooned in turquoise water and the bare-bones star of the three-island hopping tour. There's nothing here but blinding sand and sea, which is exactly the appeal, so bring sun protection and water. Best for: day-trippers chasing the surreal empty-sandbar photo and a quick dazzling swim.",9.7348585,126.1260153,https://www.google.com/maps/place/Naked+Island/data=!4m7!3m6!1s0x3303f725e486864d:0xfed1580ca1d75fe!8m2!3d9.7348585!4d126.1260153!16s%2Fg%2F11g6twcctq!19sChIJTYaG5CX3AzMR_nUdyoAV7Q8?authuser=0&hl=en&rclk=1,"things to do in General Luna, Siargao & Surigao, Philippines",General Luna
Catangnan Beach,4.2,(16),,,,https://www.facebook.com/payagsuitessiargao,Park,"R565+9PC, General Luna, Surigao del Norte",,https://lh3.googleusercontent.com/gps-cs-s/APNQkAHLcnKL5ekt1ee3g74ba6ykl-hUcPmwoj6da7r5LNVxgnOrecUWzVa-A9oMMNnnH8RMYs0oKRUALE82wi6q6-YCB_ZPhH_xk_CaLBGcZTYGNX8k8MZcNlRGmW5fx7DVw52y4Ehn=w2048-h1536-k-no,,"A spot worth a look in the heart of General Luna, Siargao's lively surf-town hub, Catangnan Beach draws travelers exploring the area. It currently sits at 4.2 across 16 reviews. Worth pairing with nearby stops on an island land or boat tour. Best for: day-trippers and nature lovers.",9.811187,126.1591568,https://www.google.com/maps/place/Catangnan+Beach/data=!4m7!3m6!1s0x3304095951926e19:0xf7a36de69d813a0e!8m2!3d9.811187!4d126.1591568!16s%2Fg%2F11srh7mgm2!19sChIJGW6SUVkJBDMRDjqBneZto_c?authuser=0&hl=en&rclk=1,"things to do in General Luna, Siargao & Surigao, Philippines",General Luna
Malinao Paradise,4.8,(69),09154023335,https://wa.me/09154023335,,https://www.facebook.com/profile.php,Tourist attraction,"Q447+QVG Union, General Luna, Surigao del Norte",,https://lh3.googleusercontent.com/gps-cs-s/APNQkAHhmQyBnVwQPG5IXLyNWil5n75DN95lkCxbMgNYeXWFumE-0rFptte0_vUv9dicuLS-MaNTllJq6MjSnyW_EQZL7pVJwRVS05HUsKeV_spIkAHuWRGxnpRrq89ld7oNjvo0zRAQKW5fiLNG=w2048-h1536-k-no,Beachfront,"A spot worth a look in the heart of General Luna, Siargao's lively surf-town hub, Malinao Paradise draws travelers exploring the area. It currently sits at 4.8 across 69 reviews. Amenities include beachfront. Best for: travelers booking island hops and day trips.",9.7569406,126.1147086,https://www.google.com/maps/place/Malinao+Paradise/data=!4m7!3m6!1s0x3303f78bcd8b70a9:0xaf9bff65b424be28!8m2!3d9.7569406!4d126.1147086!16s%2Fg%2F11h71h_cg5!19sChIJqXCLzYv3AzMRKL4ktGX_m68?authuser=0&hl=en&rclk=1,"things to do in General Luna, Siargao & Surigao, Philippines",General Luna
Beto Cold Spring,4.5,(215),,,,https://www.facebook.com/longlong.bendanillo,Tourist attraction,"R3HR+H9, Pilar, Surigao del Norte",,https://lh3.googleusercontent.com/gps-cs-s/APNQkAG-aiJiyyXz0Rr4FJgq0sRlcLszgV8syX0XhiITKGKCfMEv6TS8sxesrOuLQcRjkrPVpCfZWw5irr1jk4vqE5pZ_q0kjPQUmJtEzaeYgpoJo6HoRCA9Z3tBsb1mf1fbJDwxaoP7U_AzebqD=w2048-h1536-k-no,"Wheelchair accessible, Wheelchair accessible entrance, Accessible","A well-loved Siargao stop in the heart of General Luna, Siargao's lively surf-town hub, Beto Cold Spring pulls a strong 4.5 rating across 215 reviews. Expect the kind of natural setting travelers keep coming back to photograph and swim. Amenities include wheelchair accessible, wheelchair accessible entrance, accessible. Best for: travelers booking island hops and day trips.",9.8289278,126.0909713,https://www.google.com/maps/place/Beto+Cold+Spring/data=!4m7!3m6!1s0x330409f02c067a5f:0xacd5df58626bd21d!8m2!3d9.8289278!4d126.0909713!16s%2Fg%2F11thg09qg_!19sChIJX3oGLPAJBDMRHdJrYljf1aw?authuser=0&hl=en&rclk=1,"things to do in General Luna, Siargao & Surigao, Philippines",General Luna
General Luna Local Market,4.1,(512),,,,https://www.facebook.com/GeneralLunaTourismOffice,Market,"Q5J4+C9X, General Luna, Surigao del Norte",,https://lh3.googleusercontent.com/gps-cs-s/APNQkAEHUihHCirpWFQQj3oIQn_PWl_DleY8r5c8FPgbJOLr_st19XhBV4_-EA0oUHBmuGt2zas0xohYU2NVI8LdYt09aR14XXXmxNY62J7M91iP3sRgRfh3a77MQx1LjikqRfCocrIB=w2048-h1536-k-no,,"A local market in the heart of General Luna, Siargao's lively surf-town hub, General Luna Local Market serves travelers passing through. It currently sits at 4.1 across 512 reviews. Honest read: a solid-not-spectacular 4.1 rating, dependable rather than dazzling. Best for: travelers exploring this corner of Siargao.",9.7811167,126.1559881,https://www.google.com/maps/place/General+Luna+Local+Market/data=!4m7!3m6!1s0x3303f615a5f21f99:0x4f095ec4f14675a!8m2!3d9.7811167!4d126.1559881!16s%2Fg%2F1tg9kngs!19sChIJmR_ypRX2AzMRWmcUT-yV8AQ?authuser=0&hl=en&rclk=1,"things to do in General Luna, Siargao & Surigao, Philippines",General Luna
The River Hideaway,4.8,(23),,,,,VillaOpen,"R4H8+GCM, General Luna, Surigao del Norte",,https://lh3.googleusercontent.com/gps-cs-s/APNQkAG64k5iBF85ZJWNSN35ncpiBzeSJG2C7CVovIcUdYRveRc6rTrmgoSLd7eJVvhF9K6maTXvilGJA5f3qFK-Q35HIEzS-iicLViH2aZSOvUjPXcuNTdU_3FzNS24f0966yeHNmKbZQ=w2048-h1536-k-no,,"A local villaopen in the heart of General Luna, Siargao's lively surf-town hub, The River Hideaway serves travelers passing through. It currently sits at 4.8 across 23 reviews. It sits among the many small, locally-run spots that give Siargao its laid-back character. Best for: travelers exploring this corner of Siargao.",9.828838,126.1160526,https://www.google.com/maps/place/The+River+Hideaway/data=!4m11!3m10!1s0x330409b654401b0d:0xba38e81345a74f0f!5m3!1s2026-10-31!4m1!1i2!8m2!3d9.828838!4d126.1160526!16s%2Fg%2F11tfbs0rvv!19sChIJDRtAVLYJBDMRD0-nRRPoOLo?authuser=0&hl=en&rclk=1,"things to do in General Luna, Siargao & Surigao, Philippines",General Luna
Guyam Is. Beachscape,4.8,(31),09489735020,https://wa.me/09489735020,,https://www.facebook.com/guyamisland,Tourist attraction,"Q589+662 Guyam Island, General Luna, Surigao del Norte",,https://lh3.googleusercontent.com/gps-cs-s/APNQkAG5vqh-tCF3cU3q7o0-tPvqbj0Thj-FlKTMc1bvM6rI5ROi8m13727wp8ccRTxr5duLRq7ASgWJJHXLdIz9fle0lxq6kBElG45byI_jZllATohE867lOg-9XtV02YdRAML7SYhHAg=w2048-h1536-k-no,Bar,"A spot worth a look in the heart of General Luna, Siargao's lively surf-town hub, Guyam Is. Beachscape draws travelers exploring the area. It currently sits at 4.8 across 31 reviews. Amenities include bar. Best for: travelers booking island hops and day trips.",9.7655247,126.1680158,https://www.google.com/maps/place/Guyam+Is.+Beachscape/data=!4m7!3m6!1s0x3303f74769d4460f:0x5b2da871b9cb9f7d!8m2!3d9.7655247!4d126.1680158!16s%2Fg%2F11g07z51yx!19sChIJD0bUaUf3AzMRfZ_LuXGoLVs?authuser=0&hl=en&rclk=1,"things to do in General Luna, Siargao & Surigao, Philippines",General Luna
Jose and Lumen Minglana Park,4.9,(7),,,,https://www.facebook.com/100083156297868,Park,"R4HR+2P9, General Luna, Surigao del Norte",,https://lh3.googleusercontent.com/gps-cs-s/APNQkAHAyIuN4j1JegLUwXKd3RhKxM6WoL28Qd8M_oyKPYba1TRm4qCZ6np97euF6Si0HwjIu4OvbHzxSXE-nYLvMAlekmfqicrm5fIEbF-PqPQddCOHcCldyeYv3Xtu4pIc-K33YI8h=w2048-h1536-k-no,Garden,"A spot worth a look in the heart of General Luna, Siargao's lively surf-town hub, Jose and Lumen Minglana Park draws travelers exploring the area. It currently sits at 4.9 across 7 reviews. Honest read: only a handful of reviews so far, but early feedback leans positive. Amenities include garden. Best for: day-trippers and nature lovers.",9.8275267,126.1418466,https://www.google.com/maps/place/Jose+and+Lumen+Minglana+Park/data=!4m7!3m6!1s0x33040962659f1b45:0x9c837a5c322305ca!8m2!3d9.8275267!4d126.1418466!16s%2Fg%2F11t4mj694s!19sChIJRRufZWIJBDMRygUjMlx6g5w?authuser=0&hl=en&rclk=1,"things to do in General Luna, Siargao & Surigao, Philippines",General Luna
Fat Lips Surfshop,4.6,(253),,,https://www.instagram.com/fatlips_surfco/,http://www.facebook.com/10156685375485656,Surf shop,"Fat Lips Surfshop, Brgy 5, General Luna, 8425 Surigao del Norte",http://surfsiargao.com/,https://lh3.googleusercontent.com/gps-cs-s/APNQkAFjX2E-SnjV1iqoiqeInncRk1RtGwpUCPlggCZswNBy_h8lX5hbaTgb3PHohpVtqihrrmm99S6eDIidrfkmyXi4KfObF_MnAuoQzLW3SOlpgxsY5j6BGxcQRFgwiZWh9nuAGhoZ=w2048-h1536-k-no,"Wheelchair accessible, Wheelchair accessible entrance, Accessible","A trusted surf operation in the heart of General Luna, Siargao's lively surf-town hub, Fat Lips Surfshop carries a 4.6 rating across 253 reviews. Reviewers highlight patient coaching and getting you up and riding. Amenities include wheelchair accessible, wheelchair accessible entrance, accessible. Best for: surfers of all levels.",9.7918636,126.161416,https://www.google.com/maps/place/Fat+Lips+Surfshop/data=!4m7!3m6!1s0x3303f61980acfb69:0x7dcd4004a7669793!8m2!3d9.7918636!4d126.161416!16s%2Fg%2F11bvct_ttm!19sChIJafusgBn2AzMRk5dmpwRAzX0?authuser=0&hl=en&rclk=1,"things to do in General Luna, Siargao & Surigao, Philippines",General Luna
Ulap Surf,5.0,(137),09085163456,https://wa.me/09085163456,https://www.instagram.com/ulapsurf,https://www.facebook.com/ulapsiyam,Surf school,"General Luna, 8419 Surigao del Norte",https://bit.ly/ulap-siyam-surf-classes-application-form,https://lh3.googleusercontent.com/gps-cs-s/APNQkAHdAU_RLtb7ckjx-A68R43JM_XQ3yPS8au5P7_rnw2g3jN78QSOluyHbHsLn5dAAOcYwcX_klcyIDps51XiPuHAk8TuK0PM3RnYgkHMmMp2Cx1uDISGRrM6koNwiUAoA6MX2i4TZwj6wI8=w2048-h1536-k-no,,"A local surf option in the heart of General Luna, Siargao's lively surf-town hub, Ulap Surf caters to travelers chasing waves. It currently sits at 5.0 across 137 reviews. Conditions and lessons depend on the swell, so check timing before you commit. Best for: surfers of all levels.",9.8090841,126.1617666,https://www.google.com/maps/place/Ulap+Surf/data=!4m7!3m6!1s0x330409788b41537d:0x6345e500cbf665a7!8m2!3d9.8090841!4d126.1617666!16s%2Fg%2F11nnz8m113!19sChIJfVNBi3gJBDMRp2X2ywDlRWM?authuser=0&hl=en&rclk=1,"things to do in General Luna, Siargao & Surigao, Philippines",General Luna
MUJO Ice Bath x Juicery,5.0,(591),09956488156,https://wa.me/09956488156,https://www.instagram.com/mujo.ph,https://www.facebook.com/MujoSiargao,Spa,"Tourism Rd, General Luna, 8419 Surigao del Norte",https://www.instagram.com/mujo.ph,https://lh3.googleusercontent.com/gps-cs-s/APNQkAF5mCHGhnN7zEqVlDUH9lme2n1Mm1EUJecPuCpRxN85oQOXKHw7rLwKqWyREKoqdxkhWgzn34bnXl4xw3yUVvE8J1xfGrwbe_ABpo1sKFWaCVoCtiyxK-qVYlTYyWgrFTkwxX3tkQ=w2048-h1536-k-no,"Spa, Restaurant","A favorite for unwinding in the heart of General Luna, Siargao's lively surf-town hub, MUJO Ice Bath x Juicery earns 5.0 from 591 reviews. Just the thing to soothe sore muscles after a day on the water. Amenities include spa, restaurant. Best for: anyone after a post-surf reset.",9.7897725,126.1620035,https://www.google.com/maps/place/MUJO+Ice+Bath+x+Juicery/data=!4m7!3m6!1s0x3303f7e7110d29e1:0x9e52c7864bff38c!8m2!3d9.7897725!4d126.1620035!16s%2Fg%2F11vcr7vplb!19sChIJ4SkNEef3AzMRjPO_ZHgs5Qk?authuser=0&hl=en&rclk=1,"things to do in General Luna, Siargao & Surigao, Philippines",General Luna
FIREFLY WATCHING - DONDON BUNGA,4.8,(20),09274056360,https://wa.me/09274056360,,https://www.facebook.com/japz.balague,Tourist attraction,"SITIO LISOB, SECRET BEACH MALINAO, General Luna, 8419 Surigao del Norte",,https://lh3.googleusercontent.com/gps-cs-s/APNQkAEisf4jYx6YPpkSsTETd-c4Eq6BE0NwD54aqnSWFeHnl7MhO-Bn1UdUaF-aRbJ3Ga7FafCC9-x9TNqLQYhC7EKiJIUa-gn6ij61F_BXAJ-4m6W6wwOFkAbZJ0X-Hl5OaKKrHq1vAQ=w2048-h1536-k-no,Beachfront,"A spot worth a look in the heart of General Luna, Siargao's lively surf-town hub, FIREFLY WATCHING - DONDON BUNGA draws travelers exploring the area. It currently sits at 4.8 across 20 reviews. Amenities include beachfront. Best for: travelers booking island hops and day trips.",9.7564086,126.1172858,https://www.google.com/maps/place/FIREFLY+WATCHING+-+DONDON+BUNGA/data=!4m7!3m6!1s0x3303f760063dd107:0xa4588dd0b0c15b22!8m2!3d9.7564086!4d126.1172858!16s%2Fg%2F11x2k2284x!19sChIJB9E9BmD3AzMRIlvBsNCNWKQ?authuser=0&hl=en&rclk=1,"things to do in General Luna, Siargao & Surigao, Philippines",General Luna
Uya Mina Homestay,4.9,(8),,,https://www.instagram.com/uyaminahomestay,https://www.facebook.com/61573930440608,Tourist attraction,"R4QQ+CV6, General Luna, Surigao del Norte",,https://lh3.googleusercontent.com/gps-cs-s/APNQkAE7BvsvzyAt0L19CO7lVxRfYXJFJ_pnCOns4HmMzQB5IkOtKRWcm8u0Kjh5baZtci0FcmK3wmo6QHl9Np0rq8I9vXln6vlr0VPubXBkHr0-aNANz3F8z1-_26Iv3QmcktjOgZoJ=w2048-h1536-k-no,,"A spot worth a look in the heart of General Luna, Siargao's lively surf-town hub, Uya Mina Homestay draws travelers exploring the area. It currently sits at 4.9 across 8 reviews. Honest read: only a handful of reviews so far, but early feedback leans positive. Best for: travelers booking island hops and day trips.",9.8387214,126.1396575,https://www.google.com/maps/place/Uya+Mina+Homestay/data=!4m7!3m6!1s0x330409649e3c4cad:0xecb6e7e871df367d!8m2!3d9.8387214!4d126.1396575!16s%2Fg%2F11txlb2gvr!19sChIJrUw8nmQJBDMRfTbfcejntuw?authuser=0&hl=en&rclk=1,"things to do in General Luna, Siargao & Surigao, Philippines",General Luna
Pangitlogan,5.0,(4),,,,https://www.facebook.com/61576601735826,Tourist attraction,"R4XW+P27, Santa Cruz, General Luna, Surigao del Norte",,https://lh3.googleusercontent.com/gps-cs-s/APNQkAGMCeWZz7R3r0TFBaWruCLVo8QgFsYxiDu7aFQUDV1VFLsgaoYhZG9FwnxOKo0z2xo_ouh3whb5ZwtAAKY3pDFwVSiZhkJcw7V1NJ7NCRHRPLkoGJhFOUH7UqOy5JY-atZjWW3uP1ZrZoVs=w2048-h1536-k-no,,"A spot worth a look in the heart of General Luna, Siargao's lively surf-town hub, Pangitlogan draws travelers exploring the area. It currently sits at 5.0 across 4 reviews. Honest read: only a handful of reviews so far, but early feedback leans positive. Best for: travelers booking island hops and day trips.",9.8492784,126.1450393,https://www.google.com/maps/place/Pangitlogan/data=!4m7!3m6!1s0x330409002ee07a93:0x7c8d1af24f1e5dfe!8m2!3d9.8492784!4d126.1450393!16s%2Fg%2F11ltmh3h2n!19sChIJk3rgLgAJBDMR_l0eT_IajXw?authuser=0&hl=en&rclk=1,"things to do in General Luna, Siargao & Surigao, Philippines",General Luna
Siargao Island Tours PH,4.7,(19),09753917041,https://wa.me/09753917041,,https://www.facebook.com/siargaoislandtourscom,Hotel,"Q5M4+FHV, General Luna, Surigao del Norte",,https://lh3.googleusercontent.com/gps-cs-s/APNQkAEYg4ntUG0TGdFxD5X7QW7mJLSw2l-mhdTBuRxapCzWCG82kzM7mM-WCckvz-nYkFSJvKfUIqS9t_HZQ6v2NFxmE5dhNu5tvxMTMIVbkl2s_cI6kjtGhUdqcBTnLBZIF-A_Qw0=w2048-h1536-k-no,,"An island stay in the heart of General Luna, Siargao's lively surf-town hub, Siargao Island Tours PH pitches itself to travelers wanting a relaxed base. It currently sits at 4.7 across 19 reviews. Best for: travelers wanting comfort and a relaxed island stay.",9.7837477,126.1564155,https://www.google.com/maps/place/Siargao+Island+Tours+PH/data=!4m7!3m6!1s0x3303f77bc4ff4b67:0x3ffad4fb2150cbfd!8m2!3d9.7837477!4d126.1564155!16s%2Fg%2F11fsd6xrlr!19sChIJZ0v_xHv3AzMR_ctQIfvU-j8?authuser=0&hl=en&rclk=1,"things to do in General Luna, Siargao & Surigao, Philippines",General Luna
Travel Essentials Siargao,4.8,(145),09352979495,https://wa.me/09352979495,,https://www.facebook.com/TRAVELessentialsSIARGAO,Tour operator,"Brgy.Poblacion General luna, Siargao island, Surigao del Norte",,https://lh3.googleusercontent.com/gps-cs-s/APNQkAF-hqVHHtq7qiWk7mMYtZskTx3I3upH622IsD5GQQ1S75JqrwC66j-m9J5Gwrr4LTal6QXQbEI-v610E6F_1Sywkr3imj2BXC7snFr79BcADboE5IN1DulC1t7ssFJBkJEMLaGJ=w2048-h1536-k-no,,"A local operator in the heart of General Luna, Siargao's lively surf-town hub, Travel Essentials Siargao helps travelers sort island trips and transfers. It currently sits at 4.8 across 145 reviews. Best for: travelers booking island hops and day trips.",9.7900051,126.1617764,https://www.google.com/maps/place/Travel+Essentials+Siargao/data=!4m7!3m6!1s0x3303f7b1777ae74d:0x97ae818c00dc4bf7!8m2!3d9.7900051!4d126.1617764!16s%2Fg%2F11qmmnvdf0!19sChIJTed6d7H3AzMR90vcAIyBrpc?authuser=0&hl=en&rclk=1,"tours in General Luna, Siargao & Surigao, Philippines",General Luna
siargaoislandtour,5.0,(49),09178342526,https://wa.me/09178342526,https://www.instagram.com/siargaoislandgetaway/,https://www.facebook.com/siargaotouroperator,Tour agency,"Barangay, Malinao Rd, Malinao, General Luna, 8419 Surigao del Norte",https://www.siargaoislandtour.com/,https://lh3.googleusercontent.com/gps-cs-s/APNQkAG489mUEy16yOSiio7JnJrlV1gRatYh6OTqFo8yX2-ilnBp4lF-GZPItJasiHiWAv_6GgDGE4D8dwOnDZEZVWpfIuKPHtTwTQimjva98fw56DWqPwiD5BoxbnVuOEtv0LNLxWIIyc6iGhih=w2048-h1536-k-no,,"A local operator in the heart of General Luna, Siargao's lively surf-town hub, siargaoislandtour helps travelers sort island trips and transfers. It currently sits at 5.0 across 49 reviews. As with most island operators here, booking ahead in peak season is wise. Best for: travelers booking island hops and day trips.",9.7763811,126.1252592,https://www.google.com/maps/place/siargaoislandtour/data=!4m7!3m6!1s0x3303f71640a8cc25:0xc186448053273923!8m2!3d9.7763811!4d126.1252592!16s%2Fg%2F11y3k27nxf!19sChIJJcyoQBb3AzMRIzknU4BEhsE?authuser=0&hl=en&rclk=1,"tours in General Luna, Siargao & Surigao, Philippines",General Luna
GL Siargao International Travel and Tours Corp.,3.7,(22),09260438569,https://wa.me/09260438569,,https://www.facebook.com/glsiargaotravel?mibextid=LQQJ4d,Travel agency,"Purok 3 Tourism Rd, General Luna, 8419 Surigao del Norte",https://www.facebook.com/glsiargaotravel?mibextid=LQQJ4d,https://lh3.googleusercontent.com/gps-cs-s/APNQkAF4lLmeqLBfJhkCQDkqriazx338K2bfaRErASYKDs1ZFTyFOH8d1tT3ZJVfgbugMjiBvVcGTCg2wsZJqBVeCeTaHvhhKT1h8CHB8gUztM6F1lWE3Ky1gx09YSaGfaT1kla4wTAMbA=w2048-h1536-k-no,,"A local operator in the heart of General Luna, Siargao's lively surf-town hub, GL Siargao International Travel and Tours Corp. helps travelers sort island trips and transfers. It currently sits at 3.7 across 22 reviews. Honest read: reviews are mixed (around 3.7), so set expectations accordingly. Best for: travelers booking island hops and day trips.",9.7856069,126.1610806,https://www.google.com/maps/place/GL+Siargao+International+Travel+and+Tours+Corp./data=!4m7!3m6!1s0x3303f74f566ddd05:0x9f2311b01929c106!8m2!3d9.7856069!4d126.1610806!16s%2Fg%2F11sjhgldsh!19sChIJBd1tVk_3AzMRBsEpGbARI58?authuser=0&hl=en&rclk=1,"tours in General Luna, Siargao & Surigao, Philippines",General Luna
Shapeshifter Tours,4.8,(316),09764064082,https://wa.me/09764064082,,,Boat tour agency,"Back Road next to Tropical Temple, General Luna, Surigao del Norte",http://www.shapeshifter.surf/,https://lh3.googleusercontent.com/gps-cs-s/APNQkAGC3uNtXMFdCu33KrymNSc_11M5S2izhh8qinf7tDHxBhiuYz9NoA8UDR6x_szED1v2EhiPq_uzsM_0EjjWtwD-2I83VUWNx1XDQnL2ehfC5J0ZuMUG2-jyhCeEmKt4N57ta2TGa0IL4BU=w2048-h1536-k-no,,"A go-to for getting around the islands, Shapeshifter Tours sits at 4.8 across 316 reviews in the heart of General Luna, Siargao's lively surf-town hub. Travelers rate it for smooth island-hopping and day-trip logistics. Best for: travelers booking island hops and day trips.",9.8013419,126.158494,https://www.google.com/maps/place/Shapeshifter+Tours/data=!4m7!3m6!1s0x330409bf0966e993:0x97573e903e814816!8m2!3d9.8013419!4d126.158494!16s%2Fg%2F11s0y_z9v8!19sChIJk-lmCb8JBDMRFkiBPpA-V5c?authuser=0&hl=en&rclk=1,"tours in General Luna, Siargao & Surigao, Philippines",General Luna
MC Travel & Tour Siargao,3.8,(41),09217340390,https://wa.me/09217340390,https://www.instagram.com/mctravelandtoursiargao,https://www.facebook.com/mctravelandtoursiargao/,Travel agency,"Brgy, Tourism Rd, Catangnan, General Luna, Surigao del Norte",https://www.facebook.com/mctravelandtoursiargao/,https://lh3.googleusercontent.com/gps-cs-s/APNQkAFg6rofkZQX2gTxvE-KWK9VYFPfOffnlJGn_elsi0Y2B9dUFmigoynmVaPuHJZXDVIIOop73BNg-Miwou4eQsJl3R0odq53l-5R6gDcUM3NyqSko1Dm12XL9ugQUO3vk7CBjZsAvaXcXsy4=w2048-h1536-k-no,,"A local operator in the heart of General Luna, Siargao's lively surf-town hub, MC Travel & Tour Siargao helps travelers sort island trips and transfers. It currently sits at 3.8 across 41 reviews. Honest read: a solid-not-spectacular 3.8 rating, dependable rather than dazzling. Best for: travelers booking island hops and day trips.",9.8076609,126.1666352,https://www.google.com/maps/place/MC+Travel+%26+Tour+Siargao/data=!4m7!3m6!1s0x330409caff684ec5:0x8cc8e2601eb0617d!8m2!3d9.8076609!4d126.1666352!16s%2Fg%2F11h1yvnxkc!19sChIJxU5o_8oJBDMRfWGwHmDiyIw?authuser=0&hl=en&rclk=1,"tours in General Luna, Siargao & Surigao, Philippines",General Luna
Maricel Tours,4.8,(434),09453279302,https://wa.me/09453279302,,https://www.facebook.com/profile.php,Tour operator,"Poblacion 2 Dapa - General Luna Rd, General Luna, Surigao del Norte",,https://lh3.googleusercontent.com/gps-cs-s/APNQkAHSagBtOpbv3_qW9dFzFuzNYLYLOxTsxmSM7VAslCiPnmGA7r_jKm9Ipf4n7IFG0tr-19nipLDo0b8VLcvGq0El2RWe8MG39Sh2p2qFBcQc1b6mhY39TUbOSyfaYi7cPbECy72m=w2048-h1536-k-no,,"A go-to for getting around the islands, Maricel Tours sits at 4.8 across 434 reviews in the heart of General Luna, Siargao's lively surf-town hub. Travelers rate it for smooth island-hopping and day-trip logistics. Best for: travelers booking island hops and day trips.",9.7835913,126.1565311,https://www.google.com/maps/place/Maricel+Tours/data=!4m7!3m6!1s0x3303f72a46b39609:0x8c5f7d12b646f7b8!8m2!3d9.7835913!4d126.1565311!16s%2Fg%2F11krjxdrd6!19sChIJCZazRir3AzMRuPdGthJ9X4w?authuser=0&hl=en&rclk=1,"tours in General Luna, Siargao & Surigao, Philippines",General Luna
Galatea Tours Siargao,4.6,(29),09209093725,https://wa.me/09209093725,,https://www.facebook.com/GalateaSiargao,Tour operator,"Galatea, Dapa - General Luna Rd, Poblacion 5, General Luna, 8419 Surigao del Norte",,https://lh3.googleusercontent.com/gps-cs-s/APNQkAFmZ21fKjXdSyF9G56mnnrRvQB09ZEwVoVIj4f2IBqxkPLVE0QH5-zQ5YQRSH4MpqYl1_kuFK90lloGettUtcUMmME56uR0N-sViety9ypIQyUQ4gIc9Tvs817nB_jQ0vDcnbth=w2048-h1536-k-no,,"A local operator in the heart of General Luna, Siargao's lively surf-town hub, Galatea Tours Siargao helps travelers sort island trips and transfers. It currently sits at 4.6 across 29 reviews. As with most island operators here, booking ahead in peak season is wise. Best for: travelers booking island hops and day trips.",9.7866058,126.1554969,https://www.google.com/maps/place/Galatea+Tours+Siargao/data=!4m7!3m6!1s0x3303f617e9b22c47:0x88edffa393d3eb36!8m2!3d9.7866058!4d126.1554969!16s%2Fg%2F11d_274h20!19sChIJRyyy6Rf2AzMRNuvTk6P_7Yg?authuser=0&hl=en&rclk=1,"tours in General Luna, Siargao & Surigao, Philippines",General Luna
Boozey Tour Services,4.7,(13),09209279270,https://wa.me/09209279270,https://www.instagram.com/boozey.siargao/,https://www.facebook.com/profile.php,Boat tour agency,"Tourism Rd, General Luna, Surigao del Norte",https://www.instagram.com/boozey.siargao/,https://lh3.googleusercontent.com/gps-cs-s/APNQkAHAqNDYI6VkE5Avaqqy75mGSRlO-2yv9KvHRcmZYWehxKZ0ph3dr8hW6bYQZJPWKMDGRDnHeIoDe-yfOKaJ_L84kQFHzDjZzfIZZDB1n_aHR_A6DNNKLZByN7Z6m6ON_B_cMX6B9vvw9jSs=w2048-h1536-k-no,,"A local operator in the heart of General Luna, Siargao's lively surf-town hub, Boozey Tour Services helps travelers sort island trips and transfers. It currently sits at 4.7 across 13 reviews. As with most island operators here, booking ahead in peak season is wise. Best for: travelers booking island hops and day trips.",9.7852216,126.1614192,https://www.google.com/maps/place/Boozey+Tour+Services/data=!4m7!3m6!1s0x3303f70024c92fc5:0xa87890a9a7b79b5d!8m2!3d9.7852216!4d126.1614192!16s%2Fg%2F11z7_q54tn!19sChIJxS_JJAD3AzMRXZu3p6mQeKg?authuser=0&hl=en&rclk=1,"tours in General Luna, Siargao & Surigao, Philippines",General Luna
Paradise Tours Philippines,3.7,(3),09060315303,https://wa.me/09060315303,,https://www.facebook.com/paradisosurfandtoursiargao,Tour operator,"Siargao Island, Purok 3 Tourism Rd, General Luna, 8419 Surigao del Norte",http://www.siargaotours.ph/,https://lh3.googleusercontent.com/gps-cs-s/APNQkAH6LUT7IlT1DeN23W0Z_hdFcdMmWst3q93Iz23OKo9-E-0KyED1qsAqH5gEvEEdUq5Kv6aQFd326rz3pxFUwQNoG78NIHGw4NEw9HX7rbXZv9sShs_JjI8243BKW6TFbT2umEz4=w2048-h1536-k-no,,"A local operator in the heart of General Luna, Siargao's lively surf-town hub, Paradise Tours Philippines helps travelers sort island trips and transfers. It currently sits at 3.7 across 3 reviews. Honest read: reviews are mixed (around 3.7), so set expectations accordingly. Best for: travelers booking island hops and day trips.",9.7853844,126.1605443,https://www.google.com/maps/place/Paradise+Tours+Philippines/data=!4m7!3m6!1s0x3303f7542b26a6b1:0xdd870e98cab1509f!8m2!3d9.7853844!4d126.1605443!16s%2Fg%2F11sdwnqctb!19sChIJsaYmK1T3AzMRn1CxypgOh90?authuser=0&hl=en&rclk=1,"tours in General Luna, Siargao & Surigao, Philippines",General Luna
"Marthon Travel & Tours Services, Siargao",5.0,(1),09515514848,https://wa.me/09515514848,https://www.instagram.com/marthontravels,https://www.facebook.com/search/top?q=marthon%20travel%20%26%20tours%20services%2C%20siargao,Travel agency,"Q5J4+RC3 SIARGAO ISLAND, General Luna, 8419 Surigao del Norte",https://www.facebook.com/search/top?q=marthon%20travel%20%26%20tours%20services%2C%20siargao,https://lh3.googleusercontent.com/gps-cs-s/APNQkAF1mNny-_SjYPGsJQzRmBto_v68s6uiCW-X1yAoIin00Jqv-EFkYpvjyfB7sZzp_SKwZpLVBX3PpHE8bVSk-U8mGp7lYMTxPclWQPk8vkdl1E8TJGhQKy25c8YYaiM129nMzbes=w2048-h1536-k-no,,"A local operator in the heart of General Luna, Siargao's lively surf-town hub, Marthon Travel & Tours Services, Siargao helps travelers sort island trips and transfers. It currently sits at 5.0 across 1 review. Honest read: only a handful of reviews so far, but early feedback leans positive. Best for: travelers booking island hops and day trips.",9.7820141,126.1560583,"https://www.google.com/maps/place/Marthon+Travel+%26+Tours+Services,+Siargao/data=!4m7!3m6!1s0x3303f7da06df9ff1:0x51971b3932165933!8m2!3d9.7820141!4d126.1560583!16s%2Fg%2F11v9yfbrtj!19sChIJ8Z_fBtr3AzMRM1kWMjkbl1E?authuser=0&hl=en&rclk=1","tours in General Luna, Siargao & Surigao, Philippines",General Luna
Coastal Reef Adventure,4.8,(161),09613378788,https://wa.me/09613378788,,https://www.facebook.com/CoastalReefAdventureSiargao,Car rental agency,"Purok 5, Poblacion 5, General Luna, 8419 Surigao del Norte",,https://lh3.googleusercontent.com/gps-cs-s/APNQkAGA0YehwE5N4Nke-GgPrMc6wYtvnbDRELTQJNOVpO4kMGRQzAW_pu1rafB6_PNLSiPUFnqwkZt3JriclxdNOU41wJgO7mFobeSedvfcx7CKzxEdi6rkfsQfZmlXCWFjMVTSlSEazHiCzgGj=w2048-h1536-k-no,,"A well-reviewed car rental agency in the heart of General Luna, Siargao's lively surf-town hub, Coastal Reef Adventure holds a 4.8 rating over 161 reviews. A dependable choice for what it does on the island. Best for: travelers sorting their island wheels.",9.7907169,126.1517359,https://www.google.com/maps/place/Coastal+Reef+Adventure/data=!4m7!3m6!1s0x3303f76c941fb619:0xb34e13aa1a4d71bd!8m2!3d9.7907169!4d126.1517359!16s%2Fg%2F11hf77kthc!19sChIJGbYflGz3AzMRvXFNGqoTTrM?authuser=0&hl=en&rclk=1,"tours in General Luna, Siargao & Surigao, Philippines",General Luna
Xargao Travel and Tours,4.9,(18),09369821016,https://wa.me/09369821016,https://www.instagram.com/xargaotours,https://www.facebook.com/xargaotoursph,Travel agency,"General Luna, 8419 Surigao del Norte",https://www.facebook.com/xargaotoursph,https://lh3.googleusercontent.com/gps-cs-s/APNQkAGYfB5dbWx3g4aYet-bbz3MKQEaLJn4WrqYyrFsAzIiMwj8QTw1wgpW0HYcskAnpcrmKXsQYQgBA5Qc3VMiAIRlG5ttBy8gL423AyyWC6agmyMUFw54RdW7-RcskR9ZmfE-L4o-1akC6n8=w2048-h1536-k-no,"Wheelchair accessible, Wheelchair accessible entrance, Accessible","A local operator in the heart of General Luna, Siargao's lively surf-town hub, Xargao Travel and Tours helps travelers sort island trips and transfers. It currently sits at 4.9 across 18 reviews. Amenities include wheelchair accessible, wheelchair accessible entrance, accessible. Best for: travelers booking island hops and day trips.",9.8072922,126.1628311,https://www.google.com/maps/place/Xargao+Travel+and+Tours/data=!4m7!3m6!1s0x3303f78f5838d455:0x6a679642a7a42f05!8m2!3d9.8072922!4d126.1628311!16s%2Fg%2F11sjdqczwc!19sChIJVdQ4WI_3AzMRBS-kp0KWZ2o?authuser=0&hl=en&rclk=1,"tours in General Luna, Siargao & Surigao, Philippines",General Luna
I'm Here Travels,5.0,(32),09089116978,https://wa.me/09089116978,https://www.instagram.com/imheretravels,https://www.facebook.com/imheretravels,Travel agency,"Catangnan, General Luna, 8400 Surigao del Norte",http://www.imheretravels.com/,https://lh3.googleusercontent.com/gps-cs-s/APNQkAFYjkxVweygTLE5MXgnQxYP1bAOpf0UfCC-QTvv4eOX0S5-vffSd-MB4QYU_T9uQ3gs7brXZu_gRKMhxmSa0kz0hTKOAsA_IgvWVV3fy61ijG7wLrScS7-XTWIeb7KRnVta-1aWOVBL4Xqh=w2048-h1536-k-no,,"A local operator in the heart of General Luna, Siargao's lively surf-town hub, I'm Here Travels helps travelers sort island trips and transfers. It currently sits at 5.0 across 32 reviews. As with most island operators here, booking ahead in peak season is wise. Best for: travelers booking island hops and day trips.",9.8063979,126.1623414,https://www.google.com/maps/place/I%27m+Here+Travels/data=!4m7!3m6!1s0x330409014220e807:0x2da4491ce500737e!8m2!3d9.8063979!4d126.1623414!16s%2Fg%2F11srl3w9kc!19sChIJB-ggQgEJBDMRfnMA5RxJpC0?authuser=0&hl=en&rclk=1,"tours in General Luna, Siargao & Surigao, Philippines",General Luna
Javalava Tours,4.6,(23),09062042672,https://wa.me/09062042672,https://www.instagram.com/javalavatours/,https://www.facebook.com/javalavatours,Travel agency,"Tourism Rd, General Luna, 8419 Surigao del Norte",https://gojavalava.com/,https://lh3.googleusercontent.com/gps-cs-s/APNQkAGzImQz_s4CHSoRvU5ANE9LgzKqxhaZmV_qM6SAjPjzpX2PX8JFi9esnl9IBDacOKF0_eTOBClN3GxsK_OCWg-RN2mBXlufbbu9kE4RuVJm_arnhv-gDi1NHdZs6LkKBvJgrh9WWQ=w2048-h1536-k-no,,"A local operator in the heart of General Luna, Siargao's lively surf-town hub, Javalava Tours helps travelers sort island trips and transfers. It currently sits at 4.6 across 23 reviews. As with most island operators here, booking ahead in peak season is wise. Best for: travelers booking island hops and day trips.",9.7836083,126.1565257,https://www.google.com/maps/place/Javalava+Tours/data=!4m7!3m6!1s0x3397b7ebd07c3acd:0xdf129fb1897fb2c3!8m2!3d9.7836083!4d126.1565257!16s%2Fg%2F1tp1wbp3!19sChIJzTp80Ou3lzMRw7J_ibGfEt8?authuser=0&hl=en&rclk=1,"tours in General Luna, Siargao & Surigao, Philippines",General Luna
Siargao Wonders Travel & Tours,5.0,(2),09533472165,https://wa.me/09533472165,,https://www.facebook.com/siargaowonders,Travel agency,"Q5P4+MFF, Tourism Rd, General Luna, 8419 Surigao del Norte",http://siargaowonder.com/,https://lh3.googleusercontent.com/gps-cs-s/APNQkAEe8VtSZ6S2_pe_s0LnzJqDKIOK0q3Fs_3WlyvjzJf8R9vRHIOPDlYKaPIWwFsiEiha1jiL9U1HEImFb6dqKD22Qy6ahtZ3fflFcC0KYqVvmGUGs1bBeSWquRReEPMHRz6ldm3Lw6w4S-ed=w2048-h1536-k-no,,"A local operator in the heart of General Luna, Siargao's lively surf-town hub, Siargao Wonders Travel & Tours helps travelers sort island trips and transfers. It currently sits at 5.0 across 2 reviews. Honest read: only a handful of reviews so far, but early feedback leans positive. Best for: travelers booking island hops and day trips.",9.7865625,126.1561875,https://www.google.com/maps/place/Siargao+Wonders+Travel+%26+Tours/data=!4m7!3m6!1s0x33013105aaa52eb1:0x8862e05c0099925!8m2!3d9.7865625!4d126.1561875!16s%2Fg%2F11lyz_839j!19sChIJsS6lqgUxATMRJZkJwAUuhgg?authuser=0&hl=en&rclk=1,"tours in General Luna, Siargao & Surigao, Philippines",General Luna
Coconut Cruisers Siargao,5.0,(33),09059990935,https://wa.me/09059990935,https://www.instagram.com/coconutcruisers.siargao,https://www.facebook.com/coconutcruisers.siargao,Car rental agency,"Sitio Santa Ines, Barangay Catangnan, General Luna, 8419 Surigao del Norte",https://www.facebook.com/coconutcruisers.siargao,https://lh3.googleusercontent.com/gps-cs-s/APNQkAEtAjJ62W52BTE_tVccTdMpOuXOf_H0j9g6Kl55NDVuh0jQD5PBxcrR1ODBkGVEPw240-a3jn65lNMnOXHHppM2PhGWOuZVI68-MkUT7_NbWhMyxW4MrSJ2a4Xk_NIUReCZOLmdlEWvq4M=w2048-h1536-k-no,,"A local car rental agency in the heart of General Luna, Siargao's lively surf-town hub, Coconut Cruisers Siargao serves travelers passing through. It currently sits at 5.0 across 33 reviews. It sits among the many small, locally-run spots that give Siargao its laid-back character. Best for: travelers sorting their island wheels.",9.7985473,126.1577849,https://www.google.com/maps/place/Coconut+Cruisers+Siargao/data=!4m7!3m6!1s0x33040970d63f15e7:0x8f6619fdb00ce0f2!8m2!3d9.7985473!4d126.1577849!16s%2Fg%2F11lddp30dp!19sChIJ5xU_1nAJBDMR8uAMsP0ZZo8?authuser=0&hl=en&rclk=1,"tours in General Luna, Siargao & Surigao, Philippines",General Luna
Siargao Island Getaway,4.7,(13),09233488333,https://wa.me/09233488333,https://www.instagram.com/siargaoislandgetaway/,https://www.facebook.com/siargaotouroperator,Hotel,"Q5J2+8QX, General Luna, Surigao del Norte",http://www.siargaoislandtour.com/,https://lh3.googleusercontent.com/gps-cs-s/APNQkAECAIE7PkXZzn68pWZCZXAwsHvsDl13tpy72K7l6q8n66xGScvSjTPhfaHpa3U3Y9WtmenuhRKY8Jt-HixSOGisOp8LpEC2ZoIgmlU4B7D6HnEPaAMVad099bB8sJ9VODIDW_bT=w2048-h1536-k-no,,"An island stay in the heart of General Luna, Siargao's lively surf-town hub, Siargao Island Getaway pitches itself to travelers wanting a relaxed base. It currently sits at 4.7 across 13 reviews. Best for: travelers wanting comfort and a relaxed island stay.",9.780868,126.1519776,https://www.google.com/maps/place/Siargao+Island+Getaway/data=!4m7!3m6!1s0x3303f63fa9732585:0x34db0037dcc8540a!8m2!3d9.780868!4d126.1519776!16s%2Fg%2F11g7zhb9n1!19sChIJhSVzqT_2AzMRClTI3DcA2zQ?authuser=0&hl=en&rclk=1,"tours in General Luna, Siargao & Surigao, Philippines",General Luna
DJR Siargao travel & tours,5.0,(3),09120489597,https://wa.me/09120489597,,https://www.facebook.com/profile.php?id=61561130905038&mibextid=ZbWKwL,Travel agency,"DJR office, Poblacion 3 Dapa - General Luna Rd, Poblacion 3, General Luna, 8419 Surigao del Norte",https://www.facebook.com/profile.php?id=61561130905038&mibextid=ZbWKwL,https://lh3.googleusercontent.com/gps-cs-s/APNQkAGAKtlED-8UsyS63sbVN50yRDRWX6hKpn1mDc15GwZODc-2NHruiNO0rXlL5V7qHs9_dyvSUQYXldpXGuFc73M0gJhKJBxb4cdN2pDD2Skw_oSIxUpmubW8EXPHlS_NRBlvtMUz=w2048-h1536-k-no,,"A local operator in the heart of General Luna, Siargao's lively surf-town hub, DJR Siargao travel & tours helps travelers sort island trips and transfers. It currently sits at 5.0 across 3 reviews. Honest read: only a handful of reviews so far, but early feedback leans positive. Best for: travelers booking island hops and day trips.",9.7839385,126.1580674,https://www.google.com/maps/place/DJR+Siargao+travel+%26+tours/data=!4m7!3m6!1s0x3303f781f57ae6e5:0xddf7a5c66f383d37!8m2!3d9.7839385!4d126.1580674!16s%2Fg%2F11w3m7lvnk!19sChIJ5eZ69YH3AzMRNz04b8al990?authuser=0&hl=en&rclk=1,"tours in General Luna, Siargao & Surigao, Philippines",General Luna
LoghousePh / Surflogs Private Tour Siargao,4.8,(53),09178059285,https://wa.me/09178059285,https://www.instagram.com/surflogsphilippines,https://www.facebook.com/profile.php?id=100092007669044,Tour agency,"Siargao Island, Brgy Libertad, General Luna, 8419 Surigao del Norte",https://surflogsph.com/,https://lh3.googleusercontent.com/gps-cs-s/APNQkAEymw3id_7dujWyv7Cayq_bHyLuvR6uLONOdDtY8hdkOAftMsI-qTWDh7ugGkh7vvCO9BWJ1mDghpENVdUkNPafl4bKnN8gSSAPxEPIVeQqMIoydJ80mmborWeS_FWTcue4Kajj=w2048-h1536-k-no,,"A local operator in the heart of General Luna, Siargao's lively surf-town hub, LoghousePh / Surflogs Private Tour Siargao helps travelers sort island trips and transfers. It currently sits at 4.8 across 53 reviews. Best for: travelers booking island hops and day trips.",9.8275778,126.1416518,https://www.google.com/maps/place/LoghousePh+%2F+Surflogs+Private+Tour+Siargao/data=!4m11!3m10!1s0x3303f7993f3cf389:0x516e4b1a7bcfde17!5m3!1s2026-10-31!4m1!1i2!8m2!3d9.8275778!4d126.1416518!16s%2Fg%2F11y2gnh96f!19sChIJifM8P5n3AzMRF97PexpLblE?authuser=0&hl=en&rclk=1,"tours in General Luna, Siargao & Surigao, Philippines",General Luna
General Luna Tourism Office,3.7,(33),,,,https://www.facebook.com/GeneralLunaTourismOffice,Tourist information center,"Q5J4+CPF, General Luna, Surigao del Norte",,https://lh3.googleusercontent.com/gps-cs-s/APNQkAFtFWv4dD0RPhAUNDWV7n8h12zTgLOhnP7hQUXKo1TRnkXWYoep_6L7Lin4Z8LgL6S2pKohmzuvvLWyezKgJGd2XMP_USmrVLjt2dT78kmKwOHiO7xfjlJ54R515kim0sdKmA9r5w=w2048-h1536-k-no,"Wheelchair accessible, Wheelchair accessible entrance, Accessible","A local operator in the heart of General Luna, Siargao's lively surf-town hub, General Luna Tourism Office helps travelers sort island trips and transfers. It currently sits at 3.7 across 33 reviews. Honest read: reviews are mixed (around 3.7), so set expectations accordingly. Amenities include wheelchair accessible, wheelchair accessible entrance, accessible. Best for: travelers booking island hops and day trips.",9.7810785,126.1566533,https://www.google.com/maps/place/General+Luna+Tourism+Office/data=!4m7!3m6!1s0x3303f7e664700e13:0xf6d94cdae21a57ed!8m2!3d9.7810785!4d126.1566533!16s%2Fg%2F11txjlpj1x!19sChIJEw5wZOb3AzMR7Vca4tpM2fY?authuser=0&hl=en&rclk=1,"tours in General Luna, Siargao & Surigao, Philippines",General Luna
Suroy' Gao Travel & Tours,5.0,(1),09489749425,https://wa.me/09489749425,,https://www.facebook.com/profile.php,Travel agency,"Pob.3, General Luna, 8417 Surigao del Norte",,https://lh3.googleusercontent.com/gps-cs-s/APNQkAGtGhhtHED1affO3i4JULeJn4aFR0MDHPAaxDY8RfT9WWykyrMacUrHm7TPXLrxPQQyb_fN3A-9WBhu_hRWFzPVkTbykRck7tLdxecxxT9WwHPyoa8T-qtghtP1l0HpK04XlQEEag=w2048-h1536-k-no,,"A local operator in the heart of General Luna, Siargao's lively surf-town hub, Suroy' Gao Travel & Tours helps travelers sort island trips and transfers. It currently sits at 5.0 across 1 review. Honest read: only a handful of reviews so far, but early feedback leans positive. Best for: travelers booking island hops and day trips.",9.7836082,126.157995,https://www.google.com/maps/place/Suroy%27+Gao+Travel+%26+Tours/data=!4m7!3m6!1s0x3303f758e3ccc749:0xee8082ebc5fb6597!8m2!3d9.7836082!4d126.157995!16s%2Fg%2F11v19m5f15!19sChIJScfM41j3AzMRl2X7xeuCgO4?authuser=0&hl=en&rclk=1,"tours in General Luna, Siargao & Surigao, Philippines",General Luna
Arman - Holmes Siargao Tour Organizer and Accommodation Packages,3.7,(3),09070902469,https://wa.me/09070902469,,https://www.facebook.com/armanholmessiargaotourorganizer,Tour operator,"san sebastian St, Pob. 2, General Luna, 8419 Surigao del Norte",,https://lh3.googleusercontent.com/gps-cs-s/APNQkAEVawgkUbpF7jRHQTGak1JD0n7zB3VI2rFGpytZu-Heh-FharTVl9XXcFIy6OLvCC97JtOfasY3Tiq8Wcwzcndz8CLze1WHZXl7iJDPBUCn5YsZ8JywNLMZ4PQT903AXuXVwXM=w2048-h1536-k-no,,"A local operator in the heart of General Luna, Siargao's lively surf-town hub, Arman - Holmes Siargao Tour Organizer and Accommodation Packages helps travelers sort island trips and transfers. It currently sits at 3.7 across 3 reviews. Honest read: reviews are mixed (around 3.7), so set expectations accordingly. Best for: travelers booking island hops and day trips.",9.7831098,126.1547601,https://www.google.com/maps/place/Arman+-+Holmes+Siargao+Tour+Organizer+and+Accommodation+Packages/data=!4m7!3m6!1s0x33040942d5f487a7:0xc59e0dc5b9587cb7!8m2!3d9.7831098!4d126.1547601!16s%2Fg%2F11j00m27d1!19sChIJp4f01UIJBDMRt3xYucUNnsU?authuser=0&hl=en&rclk=1,"tours in General Luna, Siargao & Surigao, Philippines",General Luna
ISLA TURON DELUXE SIARGAO,4.7,(163),09524706639,https://wa.me/09524706639,https://www.instagram.com/islaturon.ph,https://www.facebook.com/SiargaoTuron,Kiosk,"Purok 3 Tourism Rd, General Luna, 8419 Surigao del Norte",,https://lh3.googleusercontent.com/gps-cs-s/APNQkAFDkDebFd-kEVVL4NVxAEU3fqSkV6uE08rWB3cj6oueRmj3c6A_co2jolazskGRfjhLjnJbZur0wqupkxW5HdZI2Dvxw_H6l6UieL_blsu7RoeyxYts8h3hLFtA4NjLyDA2GgNo=w2048-h1536-k-no,Restaurant,"A well-regarded kiosk in the heart of General Luna, Siargao's lively surf-town hub, ISLA TURON DELUXE SIARGAO carries a strong 4.7 rating from 163 reviews. Consistently positive feedback marks it as a dependable local pick. Amenities include restaurant. Best for: travelers exploring this corner of Siargao.",9.7871268,126.1620459,https://www.google.com/maps/place/ISLA+TURON+DELUXE+SIARGAO/data=!4m7!3m6!1s0x3303f74ee9b1a505:0x107b6bd22932545d!8m2!3d9.7871268!4d126.1620459!16s%2Fg%2F11sc0h3494!19sChIJBaWx6U73AzMRXVQyKdJrexA?authuser=0&hl=en&rclk=1,"tours in General Luna, Siargao & Surigao, Philippines",General Luna
Mao Mao surf,4.7,(292),09206017269,https://wa.me/09206017269,https://www.instagram.com/maomaosurf/,https://www.facebook.com/maomaosurf,Surf school,"Sta. Ines, General Luna, 8419 Surigao del Norte",https://www.instagram.com/maomaosurf/,https://lh3.googleusercontent.com/gps-cs-s/APNQkAGESpTeMwKKm36pv6ucT1JPAF9VKwYyW0qOxt9ABqWJ91yHrNo5KLuz1j2Oz9XxlY8NyfX0T8kfJAfkn9M9jB-fmncgEReAvIM6dnXbGwKSB2f4vZppU7W7zrrSvqpLMIExfedv_GFgjfQ=w2048-h1536-k-no,"Free Wi-Fi, Pool, Fitness center, Free parking, Airport shuttle, Laundry service, Laundry, Kid-friendly","A trusted surf operation in the heart of General Luna, Siargao's lively surf-town hub, Mao Mao surf carries a 4.7 rating across 292 reviews. Reviewers highlight patient coaching and getting you up and riding. Amenities include free wi-fi, pool, fitness center, free parking. Best for: surfers of all levels.",9.8017711,126.1566465,https://www.google.com/maps/place/Mao+Mao+surf/data=!4m11!3m10!1s0x330409f079a736ad:0xdcc467a10818785e!5m3!1s2026-10-31!4m1!1i2!8m2!3d9.8017711!4d126.1566465!16s%2Fg%2F11fj_j7lrk!19sChIJrTanefAJBDMRXngYCKFnxNw?authuser=0&hl=en&rclk=1,"tours in General Luna, Siargao & Surigao, Philippines",General Luna
Daltans Home Stay Siargao,4.5,(29),09764059195,https://wa.me/09764059195,,https://www.facebook.com/daltanshomestayofficialpage,Tour agency,"Barangay 5 Old Tourism Rd, General Luna, 8419 Surigao del Norte",,https://lh3.googleusercontent.com/gps-cs-s/APNQkAG71snMGzP7d6YTtMWTCVnGrAsGbwBJpulPTVOJSPlaEyMoY3bhJsFmQDnsPm0M-LmHPPnHp82wIa4Ar1G-pe7ajZ3I544QPDx1-K1gccQnV0SY8dNfJoldFxDRjZqe0nUTlOvl=w2048-h1536-k-no,"Free Wi-Fi, Breakfast, Air-conditioned, Pool, Fitness center, Free parking, Airport shuttle, Smoke-free, Restaurant","A local operator in the heart of General Luna, Siargao's lively surf-town hub, Daltans Home Stay Siargao helps travelers sort island trips and transfers. It currently sits at 4.5 across 29 reviews. Amenities include free wi-fi, breakfast, air-conditioned, pool. Best for: travelers booking island hops and day trips.",9.7907138,126.1558044,https://www.google.com/maps/place/Daltans+Home+Stay+Siargao/data=!4m11!3m10!1s0x3303f72a529fd763:0x5d80d3e67ad37436!5m3!1s2026-10-31!4m1!1i2!8m2!3d9.7907138!4d126.1558044!16s%2Fg%2F11fnrbgs3d!19sChIJY9efUir3AzMRNnTTeubTgF0?authuser=0&hl=en&rclk=1,"tours in General Luna, Siargao & Surigao, Philippines",General Luna
Secret Villa Siargao,4.4,(34),09692278665,https://wa.me/09692278665,,https://www.facebook.com/secretspotsiargao,Cottage village,"Siargao island, Población 5, General Luna, 8419 Surigao del Norte",,https://lh3.googleusercontent.com/gps-cs-s/APNQkAEnjpYngG6p-bcLTbE_2y7rFuanIzb4GztDC_GvsZGotQKYhWWs0DVPkvG-7MfoQSgU5kcbwYO-FTDdm7kebZNkgI3WfNTav5gVw7VEvuobFYeHTwgTKX_QKx3GAldRzU-hx1wVAg=w2048-h1536-k-no,,"A local cottage village in the heart of General Luna, Siargao's lively surf-town hub, Secret Villa Siargao serves travelers passing through. It currently sits at 4.4 across 34 reviews. It sits among the many small, locally-run spots that give Siargao its laid-back character. Best for: travelers exploring this corner of Siargao.",9.7932335,126.1521527,https://www.google.com/maps/place/Secret+Villa+Siargao/data=!4m11!3m10!1s0x3303f7b269eb0669:0x78a3d57d00c3e24d!5m3!1s2026-10-31!4m1!1i2!8m2!3d9.7932335!4d126.1521527!16s%2Fg%2F11rwxjfs_h!19sChIJaQbrabL3AzMRTeLDAH3Vo3g?authuser=0&hl=en&rclk=1,"tours in General Luna, Siargao & Surigao, Philippines",General Luna
Siargao Siren,5.0,(2),,,,https://www.facebook.com/p,Boat rental service,"Q448+RHJ, General Luna, Surigao del Norte",,https://lh3.googleusercontent.com/gps-cs-s/APNQkAEUNWaORSDo8ouXCOX7nYtajRnBiZh8lFvCcCzNetfi-VDizppU2IMJJspMaoHTH_YkQrSXg1WcS2j8SdbCiAxulL4PqBbV4hor7bUqKPAS3GBIT6t9wyqV_-o2Yac6TNloZzAUWQ=w2048-h1536-k-no,,"A local operator in the heart of General Luna, Siargao's lively surf-town hub, Siargao Siren helps travelers sort island trips and transfers. It currently sits at 5.0 across 2 reviews. Honest read: only a handful of reviews so far, but early feedback leans positive. Best for: travelers booking island hops and day trips.",9.7570956,126.1176825,https://www.google.com/maps/place/Siargao+Siren/data=!4m7!3m6!1s0x3303f7835116c46f:0x7c602cfa6b2789d3!8m2!3d9.7570956!4d126.1176825!16s%2Fg%2F11shjs1xny!19sChIJb8QWUYP3AzMR04kna_osYHw?authuser=0&hl=en&rclk=1,"tours in General Luna, Siargao & Surigao, Philippines",General Luna
CRA Car Rental,4.8,(145),09613378788,https://wa.me/09613378788,,https://web.facebook.com/CoastalReefAdventureSiargao,Car rental agency,"Purok 5, Poblacion 5, Siargao Island, General Luna, 8419 Surigao del Norte",https://web.facebook.com/CoastalReefAdventureSiargao,https://lh3.googleusercontent.com/gps-cs-s/APNQkAFPmE7pD5a5Kz6I4AoiaVgF5LLWMCHgZrIQ-SDvAz1gj9RdfZHbihPPEAwzRK_CyUdkCG0aPZAN1uJ39rXF25nntIGN11XGEDxprLZknSBWk55BGACOgya63TnAXc-xpQZTML8I8ERXBKY=w2048-h1536-k-no,"Wheelchair accessible, Wheelchair accessible entrance, Accessible","A local car rental agency in the heart of General Luna, Siargao's lively surf-town hub, CRA Car Rental serves travelers passing through. It currently sits at 4.8 across 145 reviews. Amenities include wheelchair accessible, wheelchair accessible entrance, accessible. Best for: travelers sorting their island wheels.",9.7907045,126.1518481,https://www.google.com/maps/place/CRA+Car+Rental/data=!4m7!3m6!1s0x330409cf132a33a5:0xbd35d18012821b2c!8m2!3d9.7907045!4d126.1518481!16s%2Fg%2F11t4jxbc6w!19sChIJpTMqE88JBDMRLBuCEoDRNb0?authuser=0&hl=en&rclk=1,"tours in General Luna, Siargao & Surigao, Philippines",General Luna
IAO Surf Camp,4.7,(23),09274069859,https://wa.me/09274069859,https://www.instagram.com/iao.surfcamp,https://www.facebook.com/people,Homestay,"Sitio Sta. Ines, Old Tourism Rd, General Luna, 8419 Surigao del Norte",,https://lh3.googleusercontent.com/gps-cs-s/APNQkAFiDxVt_Ngm1wIzozbJ0mqH8QIrSlkejl7nNz7V8jwwcXEoI1PMVzL5vxI9dq7tqOoRA79mW8KhDoWZkjJTPJsIJtG2baRAjSR0MpueYUvxXo9N784oP-SH6fI6u8BiFHQjACzh=w2048-h1536-k-no,,"A small, locally-run place to stay in the heart of General Luna, Siargao's lively surf-town hub, IAO Surf Camp offers a homier alternative to the big resorts. It currently sits at 4.7 across 23 reviews. Best for: travelers after a homier, locally-run stay.",9.7975394,126.157577,https://www.google.com/maps/place/IAO+Surf+Camp/data=!4m11!3m10!1s0x3304098df71f8941:0x45c6af4b777d8dd2!5m3!1s2026-10-31!4m1!1i2!8m2!3d9.7975394!4d126.157577!16s%2Fg%2F11fp8cqyc9!19sChIJQYkf940JBDMR0o19d0uvxkU?authuser=0&hl=en&rclk=1,"tours in General Luna, Siargao & Surigao, Philippines",General Luna
Siargao Car Rentals,4.9,(301),+61499598497,https://wa.me/61499598497,,https://www.facebook.com/siargaocarrentals,Car rental agency,"General Luna, Surigao del Norte",https://www.carrentalsiargao.com/,https://lh3.googleusercontent.com/gps-cs-s/APNQkAHQn-2QfwuyNcby5U6SAdWpoT8_16rMLh2oOi81osA6TdWu9iNmxDn2EG-O8ibG32vigSAt3sB94Z0FfvjnTMVMM227CXYJeSpAUU1kdIWiv_kghkeNS17uPlY4eJv9GY8mRAPEr9wdP6YV=w2048-h1536-k-no,"Wheelchair accessible, Wheelchair accessible entrance, Accessible","A well-reviewed car rental agency in the heart of General Luna, Siargao's lively surf-town hub, Siargao Car Rentals holds a 4.9 rating over 301 reviews. A dependable choice for what it does on the island. Amenities include wheelchair accessible, wheelchair accessible entrance, accessible. Best for: travelers sorting their island wheels.",9.7997562,126.1602617,https://www.google.com/maps/place/Siargao+Car+Rentals/data=!4m7!3m6!1s0x3303f6144a9536bd:0xf775f5b8c4d18c5c!8m2!3d9.7997562!4d126.1602617!16s%2Fg%2F11g6nt2jry!19sChIJvTaVShT2AzMRXIzRxLj1dfc?authuser=0&hl=en&rclk=1,"tours in General Luna, Siargao & Surigao, Philippines",General Luna
Sun and Sand Siargao,4.5,(12),09189416051,https://wa.me/09189416051,https://www.instagram.com/sun.and.sand_siargao,https://www.facebook.com/sunandsandsiargao,Homestay,"R4MR+C3Q, General Luna, Surigao del Norte",,https://lh3.googleusercontent.com/gps-cs-s/APNQkAG8S0ChqECekJBHmYhMNBhElTHOW_hsfng3vDuf_WAG8_S83fQ8RHJeIBewYn4rc2ds1Bch41Ehctfej8Xrmt3W2sWN8FVh2v-VikFTJL7jFGPhoQOidZtwh8AhvyaREfw4eooz=w2048-h1536-k-no,,"A small, locally-run place to stay in the heart of General Luna, Siargao's lively surf-town hub, Sun and Sand Siargao offers a homier alternative to the big resorts. It currently sits at 4.5 across 12 reviews. Best for: travelers after a homier, locally-run stay.",9.8335809,126.1402374,https://www.google.com/maps/place/Sun+and+Sand+Siargao/data=!4m7!3m6!1s0x3304092759977e99:0x6873ab68c462548a!8m2!3d9.8335809!4d126.1402374!16s%2Fg%2F11n8vfkpv6!19sChIJmX6XWScJBDMRilRixGirc2g?authuser=0&hl=en&rclk=1,"tours in General Luna, Siargao & Surigao, Philippines",General Luna
Harana Surf School - Siargao,4.5,(59),09976048493,https://wa.me/09976048493,https://www.instagram.com/haranasurf/?hl=en,https://www.facebook.com/haranasurf/?,Surf school,"Harana Surf Resort, Tuason point, General Luna, 8419 Surigao del Norte",http://haranasurf.com/surf-school/,https://lh3.googleusercontent.com/gps-cs-s/APNQkAHkzg3W-iyrfOhJ5v0nZTXJl99-ZnbHQTbYrfy1TV76Dtphs1ZzXgR9l7jOUdjfmP8ZGHrVmZfxEQY6xLRIqDdC-IzgUU3ynoXdlY3UihQQA8CgZa66bK-k5FnkAc484daPywSnRHZVeRE=w2048-h1536-k-no,,"A local surf option in the heart of General Luna, Siargao's lively surf-town hub, Harana Surf School - Siargao caters to travelers chasing waves. It currently sits at 4.5 across 59 reviews. Conditions and lessons depend on the swell, so check timing before you commit. Best for: surfers of all levels.",9.8070217,126.1671479,https://www.google.com/maps/place/Harana+Surf+School+-+Siargao/data=!4m7!3m6!1s0x33040970bbfaff83:0x443dd316d2eba21d!8m2!3d9.8070217!4d126.1671479!16s%2Fg%2F11fn41sr5t!19sChIJg__6u3AJBDMRHaLr0hbTPUQ?authuser=0&hl=en&rclk=1,"tours in General Luna, Siargao & Surigao, Philippines",General Luna
Maximum Freediving Siargao,4.9,(152),09174827514,https://wa.me/09174827514,https://instagram.com/siargao.maximumfreediving,https://www.facebook.com/maximumfreediving.siargao%20%20%20https://instagram.com/siargao.maximumfreediving?igshid=NGVhN2U2NjQ0Yg%3D%3D&utm_source=qr,Diving center,"Villa Paler, Pob 5, General Luna, 8419 Surigao del Norte",https://www.facebook.com/maximumfreediving.siargao%20%20%20https://instagram.com/siargao.maximumfreediving?igshid=NGVhN2U2NjQ0Yg%3D%3D&utm_source=qr,https://lh3.googleusercontent.com/gps-cs-s/APNQkAGpCV_DDtwVsJ3EwI5lJPDfAVvpyfa9PSZ16BkGvZIO60nLNFD4EcB00g3mDV0oy3SQS_BjRtqYXTU5oGBW76MyGq93AAUjRR5TDgnH5dYA2Wo2qU806hcvkGrdfSNxnHug9N6C1w=w2048-h1536-k-no,,"A highly rated dive center in the heart of General Luna, Siargao's lively surf-town hub, Maximum Freediving Siargao holds a 4.9 from 152 reviews. Expect professional, safety-first guidance for beginners and certified divers alike. Best for: divers and the dive-curious.",9.7950255,126.1563191,https://www.google.com/maps/place/Maximum+Freediving+Siargao/data=!4m7!3m6!1s0x3303f7f9f4ea38d7:0x241349a377640798!8m2!3d9.7950255!4d126.1563191!16s%2Fg%2F11tt6g5mzy!19sChIJ1zjq9Pn3AzMRmAdkd6NJEyQ?authuser=0&hl=en&rclk=1,"dive shops in General Luna, Siargao & Surigao, Philippines",General Luna
Sea Serenity Diving Center,5.0,(55),09693024709,https://wa.me/09693024709,https://www.instagram.com/seaserenity2025,https://www.facebook.com/61575896672395,SCUBA instructor,"Tourism Rd, Catangnan, General Luna, 8419 Surigao del Norte",http://seaserenitydiving.com/,https://lh3.googleusercontent.com/gps-cs-s/APNQkAFXWg3O3COV6LNqKRmiolWiBKaFZIVdNYYxmxljcKdOY7aIPsJCUevvvykeZBbJzXcKznG7VmP_jb77ootLBLE_z8CrCkE1VCA3QQxbHsnhyIWIDUi7uvsBQdvGBEAlG9sHXbDm-CBD9Sk=w2048-h1536-k-no,,"A local scuba instructor in the heart of General Luna, Siargao's lively surf-town hub, Sea Serenity Diving Center serves travelers passing through. It currently sits at 5.0 across 55 reviews. It sits among the many small, locally-run spots that give Siargao its laid-back character. Best for: travelers exploring this corner of Siargao.",9.8078864,126.160306,https://www.google.com/maps/place/Sea+Serenity+Diving+Center/data=!4m7!3m6!1s0xad25b2f3dd4226ad:0x8edcb2ff38e2d121!8m2!3d9.8078864!4d126.160306!16s%2Fg%2F11mdp70yrk!19sChIJrSZC3fOyJa0RIdHiOP-y3I4?authuser=0&hl=en&rclk=1,"dive shops in General Luna, Siargao & Surigao, Philippines",General Luna
Balaka,5.0,(1),,,,https://www.facebook.com/people,Diving center,"General Luna Covered Court, General Luna, Surigao del Norte",,https://lh3.googleusercontent.com/gps-cs-s/APNQkAED34ghx_Rxc_WvA0psFRwSxdC5piPvZrN5mgr7RNLGRza7Yrho2B8MJ0topf10TzSQuQIObAOkvrwlJVmcXUbJZFAM_wVjTUN3eZwQZ2yQO6vWIPgtc6aGmaNS_dN1_sKjHsY=w2048-h1536-k-no,,"A local diving center in the heart of General Luna, Siargao's lively surf-town hub, Balaka serves travelers passing through. It currently sits at 5.0 across 1 review. Honest read: only a handful of reviews so far, but early feedback leans positive. Best for: divers and the dive-curious.",9.7810596,126.1562818,https://www.google.com/maps/place/Balaka/data=!4m7!3m6!1s0x3303f7e57a5fac13:0x73fe731d8f18e983!8m2!3d9.7810596!4d126.1562818!16s%2Fg%2F11fn623x_n!19sChIJE6xfeuX3AzMRg-kYjx1z_nM?authuser=0&hl=en&rclk=1,"dive shops in General Luna, Siargao & Surigao, Philippines",General Luna
Green Room Wine Bar & Bistro Siargao,5.0,(61),09496303956,https://wa.me/09496303956,https://www.instagram.com/greenroomwine.siargao,https://www.facebook.com/profile.php,Wine bar,"Tuason Point, Tourism Rd, Brgy Catangnan, General Luna, 8419 Surigao del Norte",https://www.instagram.com/greenroomwine.siargao/,https://lh3.googleusercontent.com/gps-cs-s/APNQkAFX3SF-d51ydIJxzsKeuZSzcR5cred6JhgMIFejX6gZz__-G8Z3D_fzydXRPYgEs293hhCI0Bzyjy6WKslmMVjylIrxgLY-fqvivBZC5QVcE4rU_3cjHdXpnYziGa3aAVO-Q6VfY7RmEXcD=w2048-h1536-k-no,Bar,"A local bar in the heart of General Luna, Siargao's lively surf-town hub, Green Room Wine Bar & Bistro Siargao is a laid-back spot for a drink. It currently sits at 5.0 across 61 reviews. Amenities include bar. Best for: an easygoing drink and good vibes.",9.8073179,126.1661056,https://www.google.com/maps/place/Green+Room+Wine+Bar+%26+Bistro+Siargao/data=!4m7!3m6!1s0x330409abdd2a4721:0x507a2433ec2d2777!8m2!3d9.8073179!4d126.1661056!16s%2Fg%2F11yjyrljbc!19sChIJIUcq3asJBDMRdyct7DMkelA?authuser=0&hl=en&rclk=1,"bars in General Luna, Siargao & Surigao, Philippines",General Luna
Hideaway,4.9,(95),0868093122,https://wa.me/0868093122,,https://www.facebook.com/Cloud9SiargaoIsland,Bar,"Boardwalk, General Luna, 8419 Surigao del Norte",,https://lh3.googleusercontent.com/gps-cs-s/APNQkAGCNwc0Huaa1tJKSE1-S5ygLha6Uh4n8yuFjf08MV6ky_Lks9xuJK4ciITRdt2Z4AGbB9JBK1h5Vv7LgTfcgSUxzvHbaHZU7Wvcb2xIiMHMFmbokY5QZHT_fI_rB0832v1hit2AWaJ9Fqse=w2048-h1536-k-no,Pool,"A local bar in the heart of General Luna, Siargao's lively surf-town hub, Hideaway is a laid-back spot for a drink. It currently sits at 4.9 across 95 reviews. Amenities include pool. It fits Siargao's relaxed, sociable nightlife rather than anything flashy. Best for: an easygoing drink and good vibes.",9.7819938,126.1578632,https://www.google.com/maps/place/Hideaway/data=!4m7!3m6!1s0x3303f7a2f7559083:0xabea5f773edbcf5f!8m2!3d9.7819938!4d126.1578632!16s%2Fg%2F11ycrmvsvw!19sChIJg5BV96L3AzMRX8_bPndf6qs?authuser=0&hl=en&rclk=1,"bars in General Luna, Siargao & Surigao, Philippines",General Luna
Brow,4.9,(32),,,,https://www.facebook.com/5JS1EPrintshop,Bar,"Poblacion V (Purok V), General Luna, 8419 Surigao del Norte",,https://lh3.googleusercontent.com/gps-cs-s/APNQkAHbMEvDQuZ12QcywZT8oHLO-vlLpssIfhYqRJI3qcBH8xbdBIAJlHTe_DKYonARbYGxqzlXdpPBbC2IIe_VmnoV9rjGYLiwGcIeVZWPER-QtpgugMbxaeE7v6GGzsHgh7Q8qvhyzg=w2048-h1536-k-no,Bar,"A local bar in the heart of General Luna, Siargao's lively surf-town hub, Brow is a laid-back spot for a drink. It currently sits at 4.9 across 32 reviews. Amenities include bar. It fits Siargao's relaxed, sociable nightlife rather than anything flashy. Best for: an easygoing drink and good vibes.",9.7890393,126.1619709,https://www.google.com/maps/place/Brow/data=!4m7!3m6!1s0x3303f7b1055932ef:0x5ab6bbe47221dabe!8m2!3d9.7890393!4d126.1619709!16s%2Fg%2F11srqmnn6f!19sChIJ7zJZBbH3AzMRvtohcuS7tlo?authuser=0&hl=en&rclk=1,"bars in General Luna, Siargao & Surigao, Philippines",General Luna
Bar Ciao IAO,4.7,(487),09618227135,https://wa.me/09618227135,https://www.instagram.com/barciao_iao,,Restaurant,"Siargao Island, Tourism Rd, General Luna, 8419 Surigao del Norte",,https://lh3.googleusercontent.com/gps-cs-s/APNQkAE_Y9Kn2UJjTdgQ89jrVJMXezxpSKpNctQROFO5s4IbJT2OhuvtJrfPgUkP1AcLS2KSLCLQC1GB6rOm4Y_VfWQcE9D75n4PiHXXzWoFagKRQtn2xi0fQxlL-TZjxsGnm07kR6Rh=w2048-h1536-k-no,"Restaurant, Bar","A standout Restaurant restaurant in the heart of General Luna, Siargao's lively surf-town hub, Bar Ciao IAO earns a high 4.7 from 487 reviews. Locals and travelers rate it for consistent, flavorful island dining. Amenities include restaurant, bar. Best for: a casual island meal.",9.7918474,126.1616455,https://www.google.com/maps/place/Bar+Ciao+IAO/data=!4m7!3m6!1s0x3303f7b64e28217f:0x963899ffa88e63bd!8m2!3d9.7918474!4d126.1616455!16s%2Fg%2F11y8f1z5gk!19sChIJfyEoTrb3AzMRvWOOqP-ZOJY?authuser=0&hl=en&rclk=1,"bars in General Luna, Siargao & Surigao, Philippines",General Luna
Lagkaw Beach Bar,4.8,(70),,,,https://www.facebook.com/LagkawSiargao,Bar & grill,"2080 Camangahit street, Malinao Rd, General Luna, 8419 Surigao del Norte",,https://lh3.googleusercontent.com/gps-cs-s/APNQkAF7xZvFf_MnfEJZTGbJm04zaQZW5VMIInODsphGzEkfbhHK1qpLv0SoMw2Fstcvr42CuzQYr6lWHDZzajT8IbKlLMpmHYFrUV4QxDbYCib0GP7IARqduFay3GGzWxdLIE5-GxCCnA=w2048-h1536-k-no,"Bar, Beachfront","A casual eatery in the heart of General Luna, Siargao's lively surf-town hub, Lagkaw Beach Bar serves up everyday island dining. It currently sits at 4.8 across 70 reviews. Amenities include bar, beachfront. Best for: an easygoing drink and good vibes.",9.7651306,126.1274556,https://www.google.com/maps/place/Lagkaw+Beach+Bar/data=!4m7!3m6!1s0x3303f704da713fd5:0x93da958d32869481!8m2!3d9.7651306!4d126.1274556!16s%2Fg%2F11s56m37xy!19sChIJ1T9x2gT3AzMRgZSGMo2V2pM?authuser=0&hl=en&rclk=1,"bars in General Luna, Siargao & Surigao, Philippines",General Luna
Coco Dingo,5.0,(19),,,,https://www.facebook.com/remediospanken,Bar,"Q5Q6+9WC, Tourism Rd, General Luna, Surigao del Norte",,https://lh3.googleusercontent.com/gps-cs-s/APNQkAE1F1ka4hRFJlseJMBTmL2fh3sou9D4s9HcA2rYxNUpDm62ca9V4zmAtdvjd2duvv2gCw0e8GNBeWHD1T1i7KQn4WzciI4d6z9re_pWbp-ZMDQJlmTI2SJBCx2LoAxjCw4x4Nu-=w2048-h1536-k-no,Bar,"A local bar in the heart of General Luna, Siargao's lively surf-town hub, Coco Dingo is a laid-back spot for a drink. It currently sits at 5.0 across 19 reviews. Amenities include bar. It fits Siargao's relaxed, sociable nightlife rather than anything flashy. Best for: an easygoing drink and good vibes.",9.7884356,126.1622542,https://www.google.com/maps/place/Coco+Dingo/data=!4m7!3m6!1s0x3303f70053f91ecf:0x361e1e188bfcf187!8m2!3d9.7884356!4d126.1622542!16s%2Fg%2F11y98m0hbt!19sChIJzx75UwD3AzMRh_H8ixgeHjY?authuser=0&hl=en&rclk=1,"bars in General Luna, Siargao & Surigao, Philippines",General Luna
Tiki Bar,4.3,(7),,,,https://www.facebook.com/siargaobeachclubph,Bar,"Q5P6+6F8 Siargao Island, Tourism Rd, Purok 3, General Luna, Surigao del Norte",,https://lh3.googleusercontent.com/gps-cs-s/APNQkAE8UuzLFOqvTTcqNyxVzLzyxNe499mV1jqyXKjEVwwCIBMRtbGr-rc0HbzezrBMoMmIIgUr6iDEZstK-dOD37cyApoc5N_ZN-OHvOptvyrur2iS8zAAMy6_IPSwkz-2Uk0Bgptxhw=w2048-h1536-k-no,Bar,"A local bar in the heart of General Luna, Siargao's lively surf-town hub, Tiki Bar is a laid-back spot for a drink. It currently sits at 4.3 across 7 reviews. Honest read: only a handful of reviews so far, but early feedback leans positive. Amenities include bar. Best for: an easygoing drink and good vibes.",9.7855337,126.161206,https://www.google.com/maps/place/Tiki+Bar/data=!4m7!3m6!1s0x3303f700083367c3:0x64a1d2aaefc3d333!8m2!3d9.7855337!4d126.161206!16s%2Fg%2F11v_4nq9sw!19sChIJw2czCAD3AzMRM9PD76rSoWQ?authuser=0&hl=en&rclk=1,"bars in General Luna, Siargao & Surigao, Philippines",General Luna
Paraluman Gin Parlour,5.0,(23),09988495461,https://wa.me/09988495461,https://www.instagram.com/paraluman.ph,https://www.facebook.com/100088668139848,Bar,"Tuason Point, Catangnan, Siargao Island, Harana Surf Resort, Siargao Island, 8419 Surigao del Norte",,https://lh3.googleusercontent.com/gps-cs-s/APNQkAExT5foARIk_bgUvbxzoYF9dXk3Ey-JDnRwgfQ1NDMx3axpvjHyDspCOqqtHDmgS5gs4DsK8CbsBoKgQxv-Hx7nSE440JuUvsWo6wfyCrj-a6vMlK7XQ3Tlljbqv6OzGKps7Ly-gbRiz6DE=w2048-h1536-k-no,"Restaurant, Bar, Wheelchair accessible, Wheelchair accessible entrance, Accessible","A local bar in the heart of General Luna, Siargao's lively surf-town hub, Paraluman Gin Parlour is a laid-back spot for a drink. It currently sits at 5.0 across 23 reviews. Amenities include restaurant, bar, wheelchair accessible, wheelchair accessible entrance. Best for: an easygoing drink and good vibes.",9.8069977,126.1672675,https://www.google.com/maps/place/Paraluman+Gin+Parlour/data=!4m7!3m6!1s0x330409350745ad9f:0xe0abbb5aa7df9acd!8m2!3d9.8069977!4d126.1672675!16s%2Fg%2F11ww933qg8!19sChIJn61FBzUJBDMRzZrfp1q7q-A?authuser=0&hl=en&rclk=1,"bars in General Luna, Siargao & Surigao, Philippines",General Luna
Extension,4.8,(32),,,,https://www.facebook.com/GeneralLunaTourismOffice,Bar,"Q5R6+VJG, Tourism Rd, General Luna, Surigao del Norte",,https://lh3.googleusercontent.com/gps-cs-s/APNQkAHgjtM_Jay-vVaMdfA97Sawzq-IzHoIXgHPSrOZTYNjF9606NaUC400Ao88KTSH1d-omMDGOu4ESPmqNaxan5rva-m1E492Uj-7mECSQlR3_AWw09vgT9KQT1zGnly0jpm68yVGQd8aVIbN=w2048-h1536-k-no,Bar,"A local bar in the heart of General Luna, Siargao's lively surf-town hub, Extension is a laid-back spot for a drink. It currently sits at 4.8 across 32 reviews. Amenities include bar. It fits Siargao's relaxed, sociable nightlife rather than anything flashy. Best for: an easygoing drink and good vibes.",9.7922495,126.1615523,https://www.google.com/maps/place/Extension/data=!4m7!3m6!1s0x3303f7001e4cec8b:0x3d52ddae45a1811!8m2!3d9.7922495!4d126.1615523!16s%2Fg%2F11lcyqy79d!19sChIJi-xMHgD3AzMRERha5Not1QM?authuser=0&hl=en&rclk=1,"bars in General Luna, Siargao & Surigao, Philippines",General Luna
Two Brown Boys Siargao - Sports Bar,4.1,(81),09542374753,https://wa.me/09542374753,https://www.instagram.com/2brownboys.siargao?igsh=OXowa2dtcXM3aWNp,https://www.facebook.com/profile.php,Sports bar,"Siargao Island, Tourism Rd, Siargao, General Luna, 8416 Surigao del Norte",https://www.google.com/searchviewer/42?cvd=CLw_EicKJeICIjIgEhkiF9LX29IPEQoNL2cvMTF3N2g4cnRtZxgAOgMI8A0%3D&hl=en-PH&gl=ph&fo_m=MfohQo559jFvMUOzJVpjPL1YMfZ3bInYwBDuMfaXTPp5KXh-&utm_source=tactile&gei=vX4oarjTJ6P81e8PtqHNmA0&ei=vX4oarjTJ6P81e8PtqHNmA0&fo_s=OA&opi=79508299&ebb=1&cs=0&foub=mcpp,https://lh3.googleusercontent.com/gps-cs-s/APNQkAEzhhfiWAQGeSX9pVSutcK8a-fCJQqdT0WFQ4tybzJ9Mo75dknmxGGY-NhfQoCrdFHudA_vuKjNxDP8KRnV_roWYjMVWu6QUwaQ0wT-SldoPW827ReHg-mPwqqZ4e8M7nXhJ2OmO-ZXuiR2=w2048-h1536-k-no,"Restaurant, Bar","A local bar in the heart of General Luna, Siargao's lively surf-town hub, Two Brown Boys Siargao - Sports Bar is a laid-back spot for a drink. It currently sits at 4.1 across 81 reviews. Honest read: a solid-not-spectacular 4.1 rating, dependable rather than dazzling. Amenities include restaurant, bar. Best for: an easygoing drink and good vibes.",9.7951276,126.160632,https://www.google.com/maps/place/Two+Brown+Boys+Siargao+-+Sports+Bar/data=!4m7!3m6!1s0x3303f70029c86d21:0xd4f9b10e520c0cc1!8m2!3d9.7951276!4d126.160632!16s%2Fg%2F11w7h8rtmg!19sChIJIW3IKQD3AzMRwQwMUg6x-dQ?authuser=0&hl=en&rclk=1,"bars in General Luna, Siargao & Surigao, Philippines",General Luna
Siargao Bakhaw Grill and Restobar,5.0,(3),09171737395,https://wa.me/09171737395,,https://www.facebook.com/61560082865595,Bar,"R555+H22 Francisco Lane Siargao, Tourism Rd, General Luna, Surigao del Norte",,https://lh3.googleusercontent.com/gps-cs-s/APNQkAFC5zwiO9rzK_yPrgxhtO_V10a7IBxiUC8FIkXMfeq1IuNh6mwvpB6AwWeiQrWgZN3vDj3maFW7FrxBablPZpmG-DgPdb7DKwev_YtcISo9jtjUZEwg-Ayi9EbGAKS2Ymz5sNc=w2048-h1536-k-no,Bar,"A local bar in the heart of General Luna, Siargao's lively surf-town hub, Siargao Bakhaw Grill and Restobar is a laid-back spot for a drink. It currently sits at 5.0 across 3 reviews. Honest read: only a handful of reviews so far, but early feedback leans positive. Amenities include bar. Best for: an easygoing drink and good vibes.",9.8088984,126.1575002,https://www.google.com/maps/place/Siargao+Bakhaw+Grill+and+Restobar/data=!4m7!3m6!1s0x3304090060c047cf:0x862875cae923994b!8m2!3d9.8088984!4d126.1575002!16s%2Fg%2F11y53yyk3v!19sChIJz0fAYAAJBDMRS5kj6cp1KIY?authuser=0&hl=en&rclk=1,"bars in General Luna, Siargao & Surigao, Philippines",General Luna
Matcha Bar - Siargao,4.4,(26),09544785570,https://wa.me/09544785570,http://www.instagram.com/matchabarph,https://www.facebook.com/61576922761365,Cafe,"R536+P8P, General Luna, Surigao del Norte",http://www.instagram.com/matchabarph,https://lh3.googleusercontent.com/gps-cs-s/APNQkAFGCwdl4HEb6_IBnEZN-lYAsC_3_quiDfDDtRcEzNrapqPIjxSTIu-Z0uUQpGzIcghM4GlzAxw2AagFT_Wjzd1PXzr9RGe26QVrr4CNW8eNZs2IoDWG3jxohb4Hlg4R4fmTRlsvL8w7gYOV=w2048-h1536-k-no,"Bar, Garden","A neighborhood cafe in the heart of General Luna, Siargao's lively surf-town hub, Matcha Bar - Siargao is an easy spot for coffee and a bite. It currently sits at 4.4 across 26 reviews. Amenities include bar, garden. Best for: a relaxed coffee, brunch or work session.",9.8043478,126.1608382,https://www.google.com/maps/place/Matcha+Bar+-+Siargao/data=!4m7!3m6!1s0x330409005eab6cb1:0x60cd3132eab9c8ef!8m2!3d9.8043478!4d126.1608382!16s%2Fg%2F11x7qkt8ks!19sChIJsWyrXgAJBDMR78i56jIxzWA?authuser=0&hl=en&rclk=1,"bars in General Luna, Siargao & Surigao, Philippines",General Luna
Kanaloa,4.8,(161),,,https://www.instagram.com/kanaloasiargao,https://www.facebook.com/p,Bar,"Q448+RHJ, General Luna, Surigao del Norte",https://www.instagram.com/kanaloasiargao/,https://lh3.googleusercontent.com/gps-cs-s/APNQkAEXyN_qJrCLInr4GrbpNGSybmbJ-kkhAISoNKp4hC3HdFShjcJZmf4MMdRTmAWuEw9Unk7p2RbZ07Otl6dgSmG_8gwIaGs6X57o0m5KFcTB58AEbdUyr_uMWakW0KiXMmNyYdnM=w2048-h1536-k-no,Bar,"A popular bar in the heart of General Luna, Siargao's lively surf-town hub, Kanaloa keeps a 4.8 rating over 161 reviews. Good for drinks, a social crowd and easygoing island nights. Amenities include bar. Best for: an easygoing drink and good vibes.",9.757283,126.1170662,https://www.google.com/maps/place/Kanaloa/data=!4m7!3m6!1s0x3303f70022068345:0x202b7c45bf1d6a1a!8m2!3d9.757283!4d126.1170662!16s%2Fg%2F11ld6rgmkk!19sChIJRYMGIgD3AzMRGmodv0V8KyA?authuser=0&hl=en&rclk=1,"bars in General Luna, Siargao & Surigao, Philippines",General Luna
Bar 150 Siargao,3.8,(30),,,https://www.instagram.com/bar150.siargao,https://www.facebook.com/people,,"Q5Q6+JVV, Tourism Rd, General Luna, Surigao del Norte",,https://lh3.googleusercontent.com/gps-cs-s/APNQkAFzcNZCeU0laOAOWTXvzeD43Z3_PJvqbPP3Dimg4deOQ6WMF3VgaCiuN4cA31Ojtdf4IelsdxL2Z8uJ0Sm2O_TBKyeOY5D8Ye9ZnmtFwg3HWovWbLV7bN-C-EEZ6GrIVm5uK0Ca=w2048-h1536-k-no,Bar,"A low-key local spot in the heart of General Luna, Siargao's lively surf-town hub, Bar 150 Siargao keeps a modest online footprint. It currently sits at 3.8 across 30 reviews. Honest read: a solid-not-spectacular 3.8 rating, dependable rather than dazzling. Amenities include bar. Best for: travelers exploring this corner of Siargao.",9.7890162,126.162011,https://www.google.com/maps/place/Bar+150+Siargao/data=!4m7!3m6!1s0x3303f70c093623bd:0x9f640b1d71805a7b!8m2!3d9.7890162!4d126.162011!16s%2Fg%2F11ts9hgqj8!19sChIJvSM2CQz3AzMRe1qAcR0LZJ8?authuser=0&hl=en&rclk=1,"bars in General Luna, Siargao & Surigao, Philippines",General Luna
Boom's Siargao,5.0,(1),09176547775,https://wa.me/09176547775,https://www.instagram.com/surfitgym_siargao,https://www.facebook.com/siargaoshop,,"Catangnan, General Luna, 8419 Surigao del Norte",,https://lh3.googleusercontent.com/gps-cs-s/APNQkAGTtQHc1q4GyFhctlENvMJXa8Q8sWJt-_Nt_J_iI-8nxBqOm-weeH4a9EzJXJaQvUgygT9lqsc0pPtxUK_uvbwnYGkibnBS3m4YKqw4hzVLyhc9El2BjIeAe4vXnnRyRqlyzN4v=w2048-h1536-k-no,"Restaurant, Bar, Beachfront","A low-key local spot in the heart of General Luna, Siargao's lively surf-town hub, Boom's Siargao keeps a modest online footprint. It currently sits at 5.0 across 1 review. Honest read: only a handful of reviews so far, but early feedback leans positive. Amenities include restaurant, bar, beachfront. Best for: travelers exploring this corner of Siargao.",9.8077052,126.1664393,https://www.google.com/maps/place/Boom%27s+Siargao/data=!4m7!3m6!1s0x33040921849483bb:0xae2351fcb322f2af!8m2!3d9.8077052!4d126.1664393!16s%2Fg%2F11stpc8nfz!19sChIJu4OUhCEJBDMRr_Iis_xRI64?authuser=0&hl=en&rclk=1,"bars in General Luna, Siargao & Surigao, Philippines",General Luna
NOOK Bar Siargao,5.0,(8),09610473820,https://wa.me/09610473820,https://www.instagram.com/nookbar.siargao,,Bar,"Purok 2 Siargao Island, General Luna, 8419 Surigao del Norte",https://www.instagram.com/nookbar.siargao,https://lh3.googleusercontent.com/gps-cs-s/APNQkAFGfdist5dXQLbzE8Ybl02OPnNfBmsu4La-kW1O4luZ6mv0U2FG6w-gq8mkokNdkSJLeFe-EmcPW5HxKb0e7p8u3vmBq2aaU4LUNoRZ5_DMzFO68COxwK-Vp1RfCgxoy2lnLkW1=w2048-h1536-k-no,"Restaurant, Bar, Beachfront","A local bar in the heart of General Luna, Siargao's lively surf-town hub, NOOK Bar Siargao is a laid-back spot for a drink. It currently sits at 5.0 across 8 reviews. Honest read: only a handful of reviews so far, but early feedback leans positive. Amenities include restaurant, bar, beachfront. Best for: an easygoing drink and good vibes.",9.7812653,126.150976,https://www.google.com/maps/place/NOOK+Bar+Siargao/data=!4m7!3m6!1s0x3303f7de0d2f384f:0xe6d806b6161a6549!8m2!3d9.7812653!4d126.150976!16s%2Fg%2F11pf868ff5!19sChIJTzgvDd73AzMRSWUaFrYG2OY?authuser=0&hl=en&rclk=1,"bars in General Luna, Siargao & Surigao, Philippines",General Luna
Baile Restobar,4.0,(222),,,,https://www.facebook.com/pages,Bar,"Q5P6+MM8, Tourism Rd, General Luna, Surigao del Norte",,https://lh3.googleusercontent.com/gps-cs-s/APNQkAH-VvCd7pl_BcqmnztwK9OVHemLBfYQSI5vF_LDB6vafuXLbLTIadlES_MbJVhVjhhRpV6wYgBVEMU7Pv9eZRg7GVdNTxIApbXGcbvJrB5-Gv7vxsTkWXx-Zi6-Ysmr_JN6dwXgzg=w2048-h1536-k-no,"Restaurant, Bar, Beachfront","A local bar in the heart of General Luna, Siargao's lively surf-town hub, Baile Restobar is a laid-back spot for a drink. It currently sits at 4.0 across 222 reviews. Honest read: a solid-not-spectacular 4.0 rating, dependable rather than dazzling. Amenities include restaurant, bar, beachfront. Best for: an easygoing drink and good vibes.",9.7866692,126.1616994,https://www.google.com/maps/place/Baile+Restobar/data=!4m7!3m6!1s0x3303f6109cf94399:0xef9938f0a1bb3a0a!8m2!3d9.7866692!4d126.1616994!16s%2Fg%2F11b60g2rh5!19sChIJmUP5nBD2AzMRCjq7ofA4me8?authuser=0&hl=en&rclk=1,"bars in General Luna, Siargao & Surigao, Philippines",General Luna
Bonnie Siargao,5.0,(4),09564139004,https://wa.me/09564139004,,https://www.facebook.com/siargaotravellers,Tapas bar,"Tourism Rd, Purok 5, General Luna, 8419 Surigao del Norte",,https://lh3.googleusercontent.com/gps-cs-s/APNQkAEp0uFyzKuqXP2H4fyy0iBzNNZYzHvkzMY0dPsQc6Bxw8dw6vTWFIhL_dXbO1ZBCRubqoZaITt3OhywI3rCdz2IliBjf1lCX5ymEHDTkNKfgg3dWyOxrrkQ8xyPbP71hGFwJqIi=w2048-h1536-k-no,"Air conditioning, Restaurant, Bar","A local bar in the heart of General Luna, Siargao's lively surf-town hub, Bonnie Siargao is a laid-back spot for a drink. It currently sits at 5.0 across 4 reviews. Honest read: only a handful of reviews so far, but early feedback leans positive. Amenities include air conditioning, restaurant, bar. Best for: an easygoing drink and good vibes.",9.7900643,126.1619886,https://www.google.com/maps/place/Bonnie+Siargao/data=!4m7!3m6!1s0x3303f7a44d5f2867:0xf64a9c517d1e2140!8m2!3d9.7900643!4d126.1619886!16s%2Fg%2F11sjzl3zxf!19sChIJZyhfTaT3AzMRQCEefVGcSvY?authuser=0&hl=en&rclk=1,"bars in General Luna, Siargao & Surigao, Philippines",General Luna
Luca Restobar,3.9,(44),09955154002,https://wa.me/09955154002,,https://www.facebook.com/100083594926656,Restaurant,"Tourism road, General Luna Siargao, 8419 Surigao del Norte",,https://lh3.googleusercontent.com/gps-cs-s/APNQkAEtmvH6gKz9hsWHOBcdKb5DRoxrXUTU2guV5IN7Rz3j96-TIEO8vzZBc9tggVnoOrxvXAUMevfQz1QmU03PTx3-HQOlqAsxPDr-e8TSslyYdK3n4_qBnsdvvhfKZ9u-yqi4iPAMFg=w2048-h1536-k-no,"Restaurant, Bar","A casual eatery in the heart of General Luna, Siargao's lively surf-town hub, Luca Restobar serves up everyday island dining. It currently sits at 3.9 across 44 reviews. Honest read: a solid-not-spectacular 3.9 rating, dependable rather than dazzling. Amenities include restaurant, bar. Best for: a casual island meal.",9.7867533,126.1621185,https://www.google.com/maps/place/Luca+Restobar/data=!4m7!3m6!1s0x3303f79ad29872cf:0x1d8ad013b475d386!8m2!3d9.7867533!4d126.1621185!16s%2Fg%2F11t6j8j9xd!19sChIJz3KY0pr3AzMRhtN1tBPQih0?authuser=0&hl=en&rclk=1,"bars in General Luna, Siargao & Surigao, Philippines",General Luna
La Sola Sunset Bar & Lounge,4.4,(45),,,http://instagram.com/lasola.siargao,https://www.facebook.com/profile.php,Bar,"R554+RC8, General Luna, Surigao del Norte",http://instagram.com/lasola.siargao,https://lh3.googleusercontent.com/gps-cs-s/APNQkAH8NvunDg4gZLAQecBu3ez8LuzYmzaF6MHEmSA54Vu02dCsazXL-eaHuO_PK4zqPsgpqEOHoF2JnyzRTjgV4ResdMEtrjU7JSq-Wwch8dGmiSJ3h0Zhzc3W88pE2dYNPap6AXNvxbDHQHQm=w2048-h1536-k-no,Bar,"A local bar in the heart of General Luna, Siargao's lively surf-town hub, La Sola Sunset Bar & Lounge is a laid-back spot for a drink. It currently sits at 4.4 across 45 reviews. Amenities include bar. It fits Siargao's relaxed, sociable nightlife rather than anything flashy. Best for: an easygoing drink and good vibes.",9.8098397,126.1560223,https://www.google.com/maps/place/La+Sola+Sunset+Bar+%26+Lounge/data=!4m7!3m6!1s0x330409002a964735:0x8c2c0dc1f0f5efca!8m2!3d9.8098397!4d126.1560223!16s%2Fg%2F11yzx4891d!19sChIJNUeWKgAJBDMRyu_18MENLIw?authuser=0&hl=en&rclk=1,"nightlife in General Luna, Siargao & Surigao, Philippines",General Luna
Lost In Siargao,4.8,(65),,,https://www.instagram.com/lostinsiargao,https://www.facebook.com/UNLTDSiargao,Restaurant,"3 Tourism Rd, General Luna, 8419 Surigao del Norte",https://www.instagram.com/lostinsiargao,https://lh3.googleusercontent.com/gps-cs-s/APNQkAGucn8JvYtf3W4f67qTtgdY9LPZPqvTnyyoh5EkzLtnHmNDY-eU1Ft5_kQXuUWKY5SpBtc__IehersWpAgoMrPPYYS5oausgvTo-lZRnEbjQnK-1UjNuoK8TrgNM-f6F4rP7DGCMsm2_8L9=w2048-h1536-k-no,"Wheelchair accessible, Wheelchair accessible entrance, Accessible","A casual eatery in the heart of General Luna, Siargao's lively surf-town hub, Lost In Siargao serves up everyday island dining. It currently sits at 4.8 across 65 reviews. Amenities include wheelchair accessible, wheelchair accessible entrance, accessible. Best for: a casual island meal.",9.7861999,126.1616451,https://www.google.com/maps/place/Lost+In+Siargao/data=!4m7!3m6!1s0x3303f7007c93d3fd:0x7004df2bff6f66a6!8m2!3d9.7861999!4d126.1616451!16s%2Fg%2F11nbn311cr!19sChIJ_dOTfAD3AzMRpmZv_yvfBHA?authuser=0&hl=en&rclk=1,"nightlife in General Luna, Siargao & Surigao, Philippines",General Luna
Violegre Gastropub,4.2,(104),09453540138,https://wa.me/09453540138,https://www.instagram.com/violegregastropub,https://www.facebook.com/violegregastropub,Gastropub,"Tourism Rd, Poblacion 3, General Luna, 8419 Surigao del Norte",https://www.facebook.com/violegregastropub/,https://lh3.googleusercontent.com/gps-cs-s/APNQkAGBNc3p-Go9pFk4TsssMv6A7Mw9DZ-5G-1JPdna2ffI5OjLwJmV8Kv1drGyDi1WBvyH7fzvvg90Rov08gOzGLu_-THPmYkjkGRbbps38IkD_f7kN97OuUsc1pEYPkIKOJEGXwk=w2048-h1536-k-no,"Restaurant, Bar, Beachfront","A local gastropub in the heart of General Luna, Siargao's lively surf-town hub, Violegre Gastropub serves travelers passing through. It currently sits at 4.2 across 104 reviews. Amenities include restaurant, bar, beachfront. Best for: travelers exploring this corner of Siargao.",9.7861877,126.1614523,https://www.google.com/maps/place/Violegre+Gastropub/data=!4m7!3m6!1s0x330409021dc91c15:0x84af7a35f605a69f!8m2!3d9.7861877!4d126.1614523!16s%2Fg%2F11t_dh7p5r!19sChIJFRzJHQIJBDMRn6YF9jV6r4Q?authuser=0&hl=en&rclk=1,"nightlife in General Luna, Siargao & Surigao, Philippines",General Luna
Mekeni backroad,4.7,(10),09989671208,https://wa.me/09989671208,,https://www.facebook.com/mekenibackroad,,"Poblacion 5 General luna, General Luna, 8419 Surigao del Norte",,https://lh3.googleusercontent.com/gps-cs-s/APNQkAGPCZ3FKAXLH1PDSn9Rhz2tsI2v1zi8UrAORpCCFY3754Fd-l3cjpgX_Y3jlFQwyRAVIA8RjlVIB_E7oAwptKyARy3Gij_A7CsfjakgQ7oks2wGfK7EhodcAx7VQcUZ6xORmvHtzNknNPg=w2048-h1536-k-no,,"A low-key local spot in the heart of General Luna, Siargao's lively surf-town hub, Mekeni backroad keeps a modest online footprint. It currently sits at 4.7 across 10 reviews. Honest read: only a handful of reviews so far, but early feedback leans positive. Best for: travelers exploring this corner of Siargao.",9.7902307,126.1560978,https://www.google.com/maps/place/Mekeni+backroad/data=!4m11!3m10!1s0x3303f7297e707493:0x5098f799f16ade7f!5m3!1s2026-10-31!4m1!1i2!8m2!3d9.7902307!4d126.1560978!16s%2Fg%2F11z68d3_cw!19sChIJk3Rwfin3AzMRf95q8Zn3mFA?authuser=0&hl=en&rclk=1,"nightlife in General Luna, Siargao & Surigao, Philippines",General Luna
Happy Islanders Surf Club,4.6,(314),,,https://www.instagram.com/happyislanders.surfclub,https://www.facebook.com/photo,Surf school,"Tourism Rd, brgy. Catangnan, Siargao, Surigao del Norte",,https://lh3.googleusercontent.com/gps-cs-s/APNQkAGHiRfxXbvRfz7TqfbkqmQ6gOEEJZfzhGJFc6bRmvhTeglUY8a2muBm6wuwvkWlRbVwwJ69BoQ3VmFyyX2OXgNDM80H9vZB9OaTDeZpYM0Xmb3Xr3NbMrKZm5T5SajI7_dvJoxX=w2048-h1536-k-no,"Wheelchair accessible, Wheelchair accessible entrance, Accessible","A trusted surf operation in the heart of General Luna, Siargao's lively surf-town hub, Happy Islanders Surf Club carries a 4.6 rating across 314 reviews. Reviewers highlight patient coaching and getting you up and riding. Amenities include wheelchair accessible, wheelchair accessible entrance, accessible. Best for: surfers of all levels.",9.8110655,126.1641642,https://www.google.com/maps/place/Happy+Islanders+Surf+Club/data=!4m7!3m6!1s0x33040914f51474a5:0x14a76bcb7056be5e!8m2!3d9.8110655!4d126.1641642!16s%2Fg%2F11l5qgwrt4!19sChIJpXQU9RQJBDMRXr5WcMtrpxQ?authuser=0&hl=en&rclk=1,"nightlife in General Luna, Siargao & Surigao, Philippines",General Luna
NhamNham Food & Beverage Siargao,4.6,(33),09954978042,https://wa.me/09954978042,https://www.instagram.com/nhamnhamsiargao,https://www.facebook.com/profile.php,Restaurant,"Siargao Island, Poblacion 5 Tourism Rd, General Luna, 8419 Surigao del Norte",https://www.facebook.com/profile.php?id=61578686842923&sk=photos,https://lh3.googleusercontent.com/gps-cs-s/APNQkAGUBmJCmoLYyABRDAg0RDP7nm0eKL5heTVr0wWC41LCM1S_ZbPQZf_14jnRLFQ5hwiY3TG_JXQU7bfHK1M5NUdP02gQibFv8kqQuw3T5L0sdo3wY-pmfJNsgtRtZkBxnQdeX3Nwzrz-J0DD=w2048-h1536-k-no,"Wheelchair accessible, Wheelchair accessible entrance, Accessible","A casual eatery in the heart of General Luna, Siargao's lively surf-town hub, NhamNham Food & Beverage Siargao serves up everyday island dining. It currently sits at 4.6 across 33 reviews. Amenities include wheelchair accessible, wheelchair accessible entrance, accessible. Best for: a casual island meal.",9.7885174,126.1622215,https://www.google.com/maps/place/NhamNham+Food+%26+Beverage+Siargao/data=!4m7!3m6!1s0x3303f70029c6c219:0x69035cedc87c50c2!8m2!3d9.7885174!4d126.1622215!16s%2Fg%2F11xp49w2zf!19sChIJGcLGKQD3AzMRwlB8yO1cA2k?authuser=0&hl=en&rclk=1,"nightlife in General Luna, Siargao & Surigao, Philippines",General Luna
Seabreeze Kite Club,4.9,(81),+306907696842,https://wa.me/306907696842,https://www.instagram.com/seabreezekiteclub/?hl=fr,https://www.facebook.com/SeabreezeKiteClub,Kite shop,"5, Purok 5 Tourism Rd, General Luna, 8419 Surigao del Norte",https://seabreezekiteclub.com/,https://lh3.googleusercontent.com/gps-cs-s/APNQkAHiQEC5LCnjVSPF3przo3_8lyXv1PM5jgrUM5KCPaYmnsk8HTXyddFfhAcMxAVtdQoHLiU2957sQAQCUkh0Gs4PgfSJOMb4aKrR0JeEKtour4Cv77CfpIu8ymQsT3CUJlWlDe66=w2048-h1536-k-no,,"A local kite shop in the heart of General Luna, Siargao's lively surf-town hub, Seabreeze Kite Club serves travelers passing through. It currently sits at 4.9 across 81 reviews. It sits among the many small, locally-run spots that give Siargao its laid-back character. Best for: travelers exploring this corner of Siargao.",9.7923964,126.162362,https://www.google.com/maps/place/Seabreeze+Kite+Club/data=!4m7!3m6!1s0x3303f61a6bf800c5:0x65e1dfcd14927037!8m2!3d9.7923964!4d126.162362!16s%2Fg%2F11bwf7vhhc!19sChIJxQD4axr2AzMRN3CSFM3f4WU?authuser=0&hl=en&rclk=1,"nightlife in General Luna, Siargao & Surigao, Philippines",General Luna
Sinag Surf Club,5.0,(101),09451131158,https://wa.me/09451131158,https://www.instagram.com/sinagsurfclub,https://www.facebook.com/sinaghostel,Surf school,"9.807512, Brgy, 126.160124 Tourism Rd, Catangnan, General Luna, 8419 Surigao del Norte",,https://lh3.googleusercontent.com/gps-cs-s/APNQkAELGJnI-XMS-eXkGnllZ_4cS6RVHBg-YuYjMZO7tI6DH6m2qpDCZcVnLuzkWNyUHxeRSRnqDQTJSR3YHonmR2stnxACFtVNR0DumFMGlEWNMIoIQzvyr12dOO2CKjak8bmSc5M9=w2048-h1536-k-no,,"A local surf option in the heart of General Luna, Siargao's lively surf-town hub, Sinag Surf Club caters to travelers chasing waves. It currently sits at 5.0 across 101 reviews. Conditions and lessons depend on the swell, so check timing before you commit. Best for: surfers of all levels.",9.8074319,126.160195,https://www.google.com/maps/place/Sinag+Surf+Club/data=!4m7!3m6!1s0x330409d522c9b4bd:0x176343cffce841b2!8m2!3d9.8074319!4d126.160195!16s%2Fg%2F11vxxz7cqk!19sChIJvbTJItUJBDMRskHo_M9DYxc?authuser=0&hl=en&rclk=1,"nightlife in General Luna, Siargao & Surigao, Philippines",General Luna
Hale Aloha and Siargao Yacht and Foiling Club,5.0,(1),+18083717657,https://wa.me/18083717657,https://www.instagram.com/halealohasiargaophilippines,https://www.facebook.com/Cloud9SiargaoIsland,Cafe,"Cloud 9, Tourism Rd, Catangnan, General Luna, 8419 Surigao del Norte",,https://lh3.googleusercontent.com/gps-cs-s/APNQkAH3tAXIsHj0sZ59uG0Z3Um1DvNaMyFhJvy4V0FJLR70_aMCm6uxz6QPfOy1hFyN4BJ4TEPW69_F7VvKvzp3dy3Ba5ZTm9-cFdEI8LDRALwyeGmcmkahrrbvPsn8N_xvKXG0Pau8fQ=w2048-h1536-k-no,,"A neighborhood cafe in the heart of General Luna, Siargao's lively surf-town hub, Hale Aloha and Siargao Yacht and Foiling Club is an easy spot for coffee and a bite. It currently sits at 5.0 across 1 review. Honest read: only a handful of reviews so far, but early feedback leans positive. Best for: a relaxed coffee, brunch or work session.",9.8095301,126.1564014,https://www.google.com/maps/place/Hale+Aloha+and+Siargao+Yacht+and+Foiling+Club/data=!4m7!3m6!1s0x3304093fb7c3dc19:0xb0e45b7262348fa1!8m2!3d9.8095301!4d126.1564014!16s%2Fg%2F11gkxbyk0p!19sChIJGdzDtz8JBDMRoY80YnJb5LA?authuser=0&hl=en&rclk=1,"nightlife in General Luna, Siargao & Surigao, Philippines",General Luna
Dre's Place,4.8,(50),,,https://www.instagram.com/dresplacesiargao,https://www.facebook.com/Dresplacesiargao,Self-catering accommodation,"General Luna, Surigao del Norte",https://www.facebook.com/Dresplacesiargao,https://lh3.googleusercontent.com/gps-cs-s/APNQkAF5cThmmQ1Mg5UZleKot_B-Bwz1Sh5kRNGwN8GyaGThHa7cTWOV7_VUaWA7UZCD03nmprpeK5m4ixrZMXENI6CRuVjblmm0z4xLHN4ZCCef9WENnsB-KbSWTOujBSM5kTkOKNCu=w2048-h1536-k-no,,"A local self-catering accommodation in the heart of General Luna, Siargao's lively surf-town hub, Dre's Place serves travelers passing through. It currently sits at 4.8 across 50 reviews. It sits among the many small, locally-run spots that give Siargao its laid-back character. Best for: travelers exploring this corner of Siargao.",9.7864389,126.1586556,https://www.google.com/maps/place/Dre%27s+Place/data=!4m7!3m6!1s0x3303f72419291871:0x403c8776433906e9!8m2!3d9.7864389!4d126.1586556!16s%2Fg%2F11fp8jhqq1!19sChIJcRgpGST3AzMR6QY5Q3aHPEA?authuser=0&hl=en&rclk=1,"nightlife in General Luna, Siargao & Surigao, Philippines",General Luna
The Siargao Tennis Club,4.5,(18),,,,https://www.facebook.com/siargaoracquetclub,Tennis club,"Sitio Buyubudhan, General Luna, 8419 Surigao del Norte",,https://lh3.googleusercontent.com/proxy/UX8oCKF_ooxHc4aSQwpL2q69t9r7MnoUh3eAoakezo0sluvgJsiKN83ve8fksHwsfEBvHIFzRtcqOmcPwZSclU2m-frS6Wy7RDHWrfUlX956T-mT7EIyK7mz3lKgwmeOS32BH08UG9xSWgaY4__IptZAan5GPXg=w2048-h1536-k-no,,"A local tennis club in the heart of General Luna, Siargao's lively surf-town hub, The Siargao Tennis Club serves travelers passing through. It currently sits at 4.5 across 18 reviews. It sits among the many small, locally-run spots that give Siargao its laid-back character. Best for: travelers exploring this corner of Siargao.",9.7917629,126.1570257,https://www.google.com/maps/place/The+Siargao+Tennis+Club/data=!4m7!3m6!1s0x3303f726c150fc45:0x23cde55afba894a!8m2!3d9.7917629!4d126.1570257!16s%2Fg%2F11x1llqwxb!19sChIJRfxQwSb3AzMRSom6r1XePAI?authuser=0&hl=en&rclk=1,"nightlife in General Luna, Siargao & Surigao, Philippines",General Luna
ShakaBrah Siargao,4.4,(156),09951617439,https://wa.me/09951617439,,https://www.facebook.com/ShakaBrahSiargao,,"General Luna, Surigao del Norte",,https://lh3.googleusercontent.com/gps-cs-s/APNQkAGlAVb6Zb3jEzOHn1jPUfeau8XWU1KGhy6GkUNHLury5qGsG5fHhftgXXL6VuacSUpG1GjXFT7L8yA_6TiF1zU5WBFVH9FLBSPYMP54muwaiySvkcctnX6QTkiruhKe3FoJ1Ax0=w2048-h1536-k-no,"Wheelchair accessible, Wheelchair accessible entrance, Accessible","An established spot in the heart of General Luna, Siargao's lively surf-town hub, ShakaBrah Siargao has clearly built a following with a sizeable review count. It currently sits at 4.4 across 156 reviews. Amenities include wheelchair accessible, wheelchair accessible entrance, accessible. Best for: travelers exploring this corner of Siargao.",9.8382909,126.1395864,https://www.google.com/maps/place/ShakaBrah+Siargao/data=!4m11!3m10!1s0x330409b769e77b53:0x5296f9c3b59f26b3!5m3!1s2026-10-31!4m1!1i2!8m2!3d9.8382909!4d126.1395864!16s%2Fg%2F11fq4nlxpr!19sChIJU3vnabcJBDMRsyaftcP5llI?authuser=0&hl=en&rclk=1,"nightlife in General Luna, Siargao & Surigao, Philippines",General Luna
Felix surf club 肥力冲浪俱乐部,4.8,(4),09292815276,https://wa.me/09292815276,,,Sports club,"General Luna, jacking horse Trail, General Luna, Surigao del Norte",,https://lh3.googleusercontent.com/gps-cs-s/APNQkAFG27ERGIC20d_Smy46If7bpy9G4hpY1o_Z3Qpr8M4duFkod_1jGTqVc4Jq8X-S8RO25Hq4CaMHtlsxbrLPxAEsDJQA06Iox-Jpw5wiSVBC86BgOnuLikFiEAx93rKmW5lW3wr1=w2048-h1536-k-no,,"A local sports club in the heart of General Luna, Siargao's lively surf-town hub, Felix surf club 肥力冲浪俱乐部 serves travelers passing through. It currently sits at 4.8 across 4 reviews. Honest read: only a handful of reviews so far, but early feedback leans positive. Best for: travelers exploring this corner of Siargao.",9.8131627,126.161645,https://www.google.com/maps/place/Felix+surf+club+%E8%82%A5%E5%8A%9B%E5%86%B2%E6%B5%AA%E4%BF%B1%E4%B9%90%E9%83%A8/data=!4m7!3m6!1s0x330409beb1362f31:0x6a987e74218ef73e!8m2!3d9.8131627!4d126.161645!16s%2Fg%2F11s2lrl2dj!19sChIJMS82sb4JBDMRPveOIXR-mGo?authuser=0&hl=en&rclk=1,"nightlife in General Luna, Siargao & Surigao, Philippines",General Luna
Ronin Siargao Jiujitsu,5.0,(3),,,https://www.instagram.com/roninsiargao.dojo,https://www.facebook.com/profile.php,Sports club,"Ronin Siargao Jiujitsu, Tourism Rd, Purok 5, General Luna, 8419 Surigao del Norte",,https://lh3.googleusercontent.com/gps-cs-s/APNQkAHXhcWwcdADjZfTCUjJwuBbcgD_4guYRTTw7jJXFRFb_tTeZ0ie4N2FZi4IC78sc1xB0weBCd0u725EDyii0vrghibOnGaxWKa4Mq-fajB1ONs0MhO3Wr7AUeWWI2fsfcNwK8lQ5Q=w2048-h1536-k-no,Gym,"A local sports club in the heart of General Luna, Siargao's lively surf-town hub, Ronin Siargao Jiujitsu serves travelers passing through. It currently sits at 5.0 across 3 reviews. Honest read: only a handful of reviews so far, but early feedback leans positive. Amenities include gym. Best for: travelers exploring this corner of Siargao.",9.7905451,126.1617696,https://www.google.com/maps/place/Ronin+Siargao+Jiujitsu/data=!4m7!3m6!1s0x3303f7cb7e1cf173:0xa9cd0891df716854!8m2!3d9.7905451!4d126.1617696!16s%2Fg%2F11ww8q48nw!19sChIJc_Ecfsv3AzMRVGhx35EIzak?authuser=0&hl=en&rclk=1,"nightlife in General Luna, Siargao & Surigao, Philippines",General Luna
Kalipay Restaurant Siargao,4.6,(99),09670478570,https://wa.me/09670478570,,,Restaurant,"R536+725, Tourism Rd, Barangay Catangnan, General Luna, 8419 Surigao del Norte",,https://lh3.googleusercontent.com/gps-cs-s/APNQkAEBZ_jJXb7hZQsgou-OAJZ10Utb-QoZY-0uo1gvVNxs2KkfBVUtOShmdgfZskPjVAjRdBZ6HLK0etHevs0Xv6vy7w4D18RjnnVGrCcegZocsrq3zjuwy-oDVzjV7JyiNi0H8puZ=w2048-h1536-k-no,Restaurant,"A casual eatery in the heart of General Luna, Siargao's lively surf-town hub, Kalipay Restaurant Siargao serves up everyday island dining. It currently sits at 4.6 across 99 reviews. Amenities include restaurant. Set in Siargao's easygoing dining scene, it leans casual and local rather than polished. Best for: a casual island meal.",9.8031272,126.1601035,https://www.google.com/maps/place/Kalipay+Restaurant+Siargao/data=!4m7!3m6!1s0x330409f2458ebe31:0xa592b00c48e543c7!8m2!3d9.8031272!4d126.1601035!16s%2Fg%2F11y2fnjd3f!19sChIJMb6ORfIJBDMRx0PlSAywkqU?authuser=0&hl=en&rclk=1,"nightlife in General Luna, Siargao & Surigao, Philippines",General Luna
Viento Del Mar - Siargao Resort - Surf & Kitesurf School,3.8,(52),09192428089,https://wa.me/09192428089,https://www.instagram.com/vientodelmarsiargao,https://www.facebook.com/vientodelmar,3-star hotel  Purok,"Purok 5 Tourism Rd, General Luna, 8419 Surigao del Norte",,https://lh3.googleusercontent.com/gps-cs-s/APNQkAGiJ0qT01ZYfBk5RUWpXn3111JHB5aES2hWUWZNAd66CRwHpvSAExYSNQuEGDJdAJbzoGEdnM-3IwBIXBVomFPOEg3eXJuJl4lZ-RlriYuKXZfFS77-lkeiNDQddC4oczEAW9k_ew=w2048-h1536-k-no,"Free Wi-Fi, Air-conditioned, Pool, Fitness center, Free parking, Airport shuttle, Pet-friendly, Restaurant, Room service, Beach access, Kid-friendly","An island stay in the heart of General Luna, Siargao's lively surf-town hub, Viento Del Mar - Siargao Resort - Surf & Kitesurf School pitches itself to travelers wanting a relaxed base. It currently sits at 3.8 across 52 reviews. Honest read: a solid-not-spectacular 3.8 rating, dependable rather than dazzling. Amenities include free wi-fi, air-conditioned, pool, fitness center. Best for: travelers wanting comfort and a relaxed island stay.",9.7928338,126.1622617,https://www.google.com/maps/place/Viento+Del+Mar+-+Siargao+Resort+-+Surf+%26+Kitesurf+School/data=!4m7!3m6!1s0x3303f61c5df9a1ff:0xb9464a810ad9524b!8m2!3d9.7928338!4d126.1622617!16s%2Fg%2F11bx8j3mqw!19sChIJ_6H5XRz2AzMRS1LZCoFKRrk?authuser=0&hl=en&rclk=1,"nightlife in General Luna, Siargao & Surigao, Philippines",General Luna
Tigasao Coast,4.5,(11),,,,https://www.facebook.com/people,Tourist attraction,"W4H6+96, San Isidro, Surigao del Norte",,https://lh3.googleusercontent.com/gps-cs-s/APNQkAEc7bEukCmkbdNu-6EIPGpXONUKC26EeZdQpLrUiSvET8hZLXYhOksEMlkTgGNE4EYNqeI67AaqxHED7huZYKuFD8Ufh_aAXtwSlWQFbO1vaWEkomDvriVaWr_nyZWngNNWtJVhwhUgPGA=w2048-h1536-k-no,,"A spot worth a look in Siargao's quieter northern Pacifico area, Tigasao Coast draws travelers exploring the area. It currently sits at 4.5 across 11 reviews. Honest read: only a handful of reviews so far, but early feedback leans positive. Best for: travelers booking island hops and day trips.",9.9284959,126.1105746,https://www.google.com/maps/place/Tigasao+Coast/data=!4m7!3m6!1s0x33040f91143eb03f:0xc41bed43390668da!8m2!3d9.9284959!4d126.1105746!16s%2Fg%2F11svg03b3j!19sChIJP7A-FJEPBDMR2mgGOUPtG8Q?authuser=0&hl=en&rclk=1,"things to do in Pacifico, Siargao & Surigao, Philippines",Pacifico
"Katre Hostel, Pacifico, Siargao",4.9,(37),09985537928,https://wa.me/09985537928,,https://www.facebook.com/61556838060850,,"Purok 1, Pacifico, San Isidro, 8421 Surigao del Norte",https://www.booking.com/Share-drfDpf,https://lh3.googleusercontent.com/gps-cs-s/APNQkAGmyWn3hm3Ki6sWsT1I41XZtSBOKMMRwDs6kL3xFWYgPHj87CxIe_IGd3ghZYdyPaf1kZvcZ6-fooUHD7rxMGB-QYVUzWGLjw6qU7ezn3iCkqoflS8E5WMwV1DFvD6JBFmHpeld=w2048-h1536-k-no,"Free Wi-Fi, Air-conditioned, Pool, Fitness center, Free parking, Smoke-free","A low-key local spot on Siargao Island, Katre Hostel, Pacifico, Siargao keeps a modest online footprint. It currently sits at 4.9 across 37 reviews. Amenities include free wi-fi, air-conditioned, pool, fitness center. Best for: travelers exploring this corner of Siargao.",9.947576,126.101662,"https://www.google.com/maps/place/Katre+Hostel,+Pacifico,+Siargao/data=!4m11!3m10!1s0x330405ddcc9961db:0x2ac6aa8efd68920e!5m3!1s2026-10-31!4m1!1i2!8m2!3d9.947576!4d126.101662!16s%2Fg%2F11y1wjtgpk!19sChIJ22GZzN0FBDMRDpJo_Y6qxio?authuser=0&hl=en&rclk=1","hostels in Siargao, Siargao & Surigao, Philippines",Siargao
Hotel Tavern Surigao,4.3,(852),0868268566,https://wa.me/0868268566,,http://www.facebook.com/2008/fbml,,"QGP2+34M, Borromeo St, Surigao, 8400 Surigao del Norte",https://www.hoteltavern.com/,https://lh3.googleusercontent.com/gps-cs-s/APNQkAGKJ9O3nNMFpyKchwJ-Z2X4TGlOASj3f0R0_elm22koIwc8itSZQXIsXjuncpPUpMFvMBfat87MEAZnKffIRzLINtQoWEgx-v9WD9CIFWyk6jjmthrIoz0qNZZR10WbqV7Xf-A-QSGOlpBN=w2048-h1536-k-no,"Free Wi-Fi, Breakfast, Air-conditioned, Pool, Indoor pool, Hot tub, Fitness center, Free parking, Airport shuttle, Pet-friendly, Restaurant, Bar, Room service, Laundry service, Laundry, Kid-friendly, Garden","An established spot on Siargao Island, Hotel Tavern Surigao has clearly built a following with a sizeable review count. It currently sits at 4.3 across 852 reviews. Amenities include free wi-fi, breakfast, air-conditioned, pool. Best for: travelers exploring this corner of Siargao.",9.7852211,125.5002823,https://www.google.com/maps/place/Hotel+Tavern+Surigao/data=!4m11!3m10!1s0x33014b0000000001:0x51a25246b14a4569!5m3!1s2026-10-31!4m1!1i2!8m2!3d9.7852211!4d125.5002823!16s%2Fg%2F1v2dz0rd!19sChIJAQAAAABLATMRaUVKsUZSolE?authuser=0&hl=en&rclk=1,"hotels in Siargao, Siargao & Surigao, Philippines",Siargao
Lix Hotel,4.5,(42),09704981813,https://wa.me/09704981813,,https://www.facebook.com/61574194003029,,"3rd floor, SLB Bldg, Amat Street, Surigao, 8400 Surigao del Norte",,https://lh3.googleusercontent.com/gps-cs-s/APNQkAFL_x3khdybGZvcQvkRjpCGCP9Lv54oCY5fPlYRtD1umrtZiW8_WwC20dEhH7-nGDS1XpxCF1pwf11tR-Y5XTXpSFrJI52YVLaTyNHPvQ7VHuHU1y-z3Onrf62jD2-iF1RbQ9rBXpxSmNU=w2048-h1536-k-no,"Free Wi-Fi, Free breakfast, Air-conditioned, Pool, Spa, Fitness center, Smoke-free, Restaurant, Room service, Kid-friendly, Accessible","A low-key local spot on Siargao Island, Lix Hotel keeps a modest online footprint. It currently sits at 4.5 across 42 reviews. Amenities include free wi-fi, free breakfast, air-conditioned, pool. It sits among the many small, locally-run spots that give Siargao its laid-back character. Best for: travelers exploring this corner of Siargao.",9.7888088,125.4947514,https://www.google.com/maps/place/Lix+Hotel/data=!4m11!3m10!1s0x3301372621755529:0x3c5efe5f599e56c2!5m3!1s2026-10-31!4m1!1i2!8m2!3d9.7888088!4d125.4947514!16s%2Fg%2F11mdsfcgbx!19sChIJKVV1ISY3ATMRwlaeWV_-Xjw?authuser=0&hl=en&rclk=1,"hotels in Siargao, Siargao & Surigao, Philippines",Siargao
Pier La Casa Homestay Building,4.2,(40),09709927581,https://wa.me/09709927581,,,,"03 Borromeo St, Surigao, 8400 Surigao del Norte",,https://lh3.googleusercontent.com/gps-cs-s/APNQkAExeKz4CykThS3qhjwfMtzmFdR3Uh-VP_EI3Kj-CGx_MHOJsuh2gPqkJDBsW_Iz6R1TrCUizQcVhgkjLfSzafkchJ0QzQlJiwSzNGBOUFhacuuVfEUaVc9pp5U2BZCEdvQUWWE=w2048-h1536-k-no,"Free Wi-Fi, Free parking","A low-key local spot on Siargao Island, Pier La Casa Homestay Building keeps a modest online footprint. It currently sits at 4.2 across 40 reviews. Amenities include free wi-fi, free parking. It sits among the many small, locally-run spots that give Siargao its laid-back character. Best for: travelers exploring this corner of Siargao.",9.7830192,125.500739,https://www.google.com/maps/place/Pier+La+Casa+Homestay+Building/data=!4m11!3m10!1s0x3301376143d66be1:0x1ea3961ce017402a!5m3!1s2026-10-31!4m1!1i2!8m2!3d9.7830192!4d125.500739!16s%2Fg%2F11ts5xhz7_!19sChIJ4WvWQ2E3ATMRKkAX4ByWox4?authuser=0&hl=en&rclk=1,"hotels in Siargao, Siargao & Surigao, Philippines",Siargao
Mt. Bagarabon Beach Hotel,4.2,(270),09178510978,https://wa.me/09178510978,,https://www.facebook.com/MtBagarabon,,"RC7Q+HC5, Surigao, 8400 Surigao del Norte",,https://lh3.googleusercontent.com/gps-cs-s/APNQkAELRQpyrXem01cAJXdh50sKg3KRfxCCy6jTx5uf0yyWrCm0WZsP8ihnui9Z3vQxeo1KDW_a-enTvSD9tAzFRzca7pqbl1pX6kqRu25fb2PpR-Sa5zuiMG8cUDVrPNVx9YB1A0ICSA=w2048-h1536-k-no,"Free Wi-Fi, Breakfast, Air-conditioned, Pool, Fitness center, Free parking, Airport shuttle, Restaurant, Room service, Laundry service, Laundry, Beach access, Kid-friendly","An established spot on Siargao Island, Mt. Bagarabon Beach Hotel has clearly built a following with a sizeable review count. It currently sits at 4.2 across 270 reviews. Amenities include free wi-fi, breakfast, air-conditioned, pool. Best for: travelers exploring this corner of Siargao.",9.8138889,125.4386111,https://www.google.com/maps/place/Mt.+Bagarabon+Beach+Hotel/data=!4m11!3m10!1s0x330133d3f30731bf:0xe4c4347f5a2de683!5m3!1s2026-10-31!4m1!1i2!8m2!3d9.8138889!4d125.4386111!16s%2Fg%2F1tg4hxly!19sChIJvzEH89MzATMRg-YtWn80xOQ?authuser=0&hl=en&rclk=1,"hotels in Siargao, Siargao & Surigao, Philippines",Siargao
Almont Beach Resort,4.1,(368),09859933817,https://wa.me/09859933817,https://www.instagram.com/almontbeachresort/,https://www.facebook.com/almontbeachresort/,,"Surigao, Surigao del Norte",http://www.almont.com.ph/almontbeachresort/,https://lh3.googleusercontent.com/gps-cs-s/APNQkAF4MgbVIOZsCHIdBMZmrt6YqytzIEMql-w6xyFl3c6d5pOn3Pkkd9kMVhkEa4O2CRHGmHWMITn_EBAYzkEvQmEx5xXEUaF1SVH632CmIHEzoIUzQubaXYOFPCbgi8OBT2vStO9Gvg=w2048-h1536-k-no,"Free Wi-Fi, Breakfast, Pool, Outdoor pool, Fitness center, Free parking, Airport shuttle, Restaurant, Room service, Laundry service, Laundry, Kid-friendly","An established spot on Siargao Island, Almont Beach Resort has clearly built a following with a sizeable review count. It currently sits at 4.1 across 368 reviews. Honest read: a solid-not-spectacular 4.1 rating, dependable rather than dazzling. Amenities include free wi-fi, breakfast, pool, outdoor pool. Best for: travelers exploring this corner of Siargao.",9.8095178,125.4581528,https://www.google.com/maps/place/Almont+Beach+Resort/data=!4m11!3m10!1s0x330133e0efa0efab:0x833b0f8d147b386b!5m3!1s2026-10-31!4m1!1i2!8m2!3d9.8095178!4d125.4581528!16s%2Fg%2F1tffrg10!19sChIJq--g7-AzATMRazh7FI0PO4M?authuser=0&hl=en&rclk=1,"hotels in Siargao, Siargao & Surigao, Philippines",Siargao
The Grande Suites,3.9,(150),09088606512,https://wa.me/09088606512,,https://www.facebook.com/thegrandesuites,,"Ramon Kaimo St, Surigao, Surigao del Norte",,https://lh3.googleusercontent.com/gps-cs-s/APNQkAF9lA7BKz7tMcPx4_1vDU6vxaR-hE7YJfQAGJAqx-zfWAQPbzFm3KwBCCct34W11ID6_xm1Nf1dF_OlxpOHmOVHwa-jmstscl6e8FzQhDts112uF5K4Jni-LNOCIYPRLlpUaCkEFg=w2048-h1536-k-no,"Free Wi-Fi, Breakfast, Pool, Fitness center, Free parking, Restaurant, Laundry service, Laundry, Kid-friendly","An established spot on Siargao Island, The Grande Suites has clearly built a following with a sizeable review count. It currently sits at 3.9 across 150 reviews. Honest read: a solid-not-spectacular 3.9 rating, dependable rather than dazzling. Amenities include free wi-fi, breakfast, pool, fitness center. Best for: travelers exploring this corner of Siargao.",9.789152,125.486949,https://www.google.com/maps/place/The+Grande+Suites/data=!4m11!3m10!1s0x330136b0d1c733a1:0x38b02a16379cad5!5m3!1s2026-10-31!4m1!1i2!8m2!3d9.789152!4d125.486949!16s%2Fg%2F11r8ybnmd!19sChIJoTPH0bA2ATMR1cp5Y6ECiwM?authuser=0&hl=en&rclk=1,"hotels in Siargao, Siargao & Surigao, Philippines",Siargao
Surigao Dream Beach Resort,4.7,(195),09510914111,https://wa.me/09510914111,https://www.instagram.com/surigaodream/,https://www.facebook.com/Surigaodreambeachresort/,,"Balite, San Francisco (Anao-aon), Surigao del Norte",https://surigaodream.com/,https://lh3.googleusercontent.com/gps-cs-s/APNQkAEbpMyNBQgzGVJWP1gIfXpA31HP-9y_hJh6UVWSKGwyrbPeSqcFdAS-1RlE5-rRkHVL9L4HkT6pgA1dixmoYOg9xY6tFJEpN0lcIK5iI2MFCLDCSk6FScMMNTnz5Mnzm6hMtnfLxw=w2048-h1536-k-no,Free parking,"A well-regarded spot on Siargao Island, Surigao Dream Beach Resort carries a strong 4.7 rating from 195 reviews. Consistently positive feedback marks it as a dependable local pick. Amenities include free parking. Best for: travelers exploring this corner of Siargao.",9.7227897,125.3956069,https://www.google.com/maps/place/Surigao+Dream+Beach+Resort/data=!4m11!3m10!1s0x33013b831ed94333:0x743bad012302a624!5m3!1s2026-10-31!4m1!1i2!8m2!3d9.7227897!4d125.3956069!16s%2Fg%2F11jj36dlrc!19sChIJM0PZHoM7ATMRJKYCIwGtO3Q?authuser=0&hl=en&rclk=1,"hotels in Siargao, Siargao & Surigao, Philippines",Siargao
The Annex Hotel Tavern,4.0,(223),09989531722,https://wa.me/09989531722,,http://www.facebook.com/2008/fbml,,"QFPX+2QG Health Specialist Building, Washington, 3331 Borromeo St, Surigao, 8400 Surigao del Norte",http://www.annexhoteltavern.com/,https://lh3.googleusercontent.com/gps-cs-s/APNQkAFxWjYbZGmVtw2sfKMt_eK_KvcHXIb2j4yWspUp92SfDIIsSywoGNM56GnYwzMeUG295ncVQePCXgEtKZ4hUjQB1yMphqNk4608Hwfg-XXPULFDj40cZ8T9opvwvcOuG6nVvYFO=w2048-h1536-k-no,"Free Wi-Fi, Air-conditioned, Pool, Fitness center, Free parking, Airport shuttle, Pet-friendly, Kid-friendly","An established spot on Siargao Island, The Annex Hotel Tavern has clearly built a following with a sizeable review count. It currently sits at 4.0 across 223 reviews. Honest read: a solid-not-spectacular 4.0 rating, dependable rather than dazzling. Amenities include free wi-fi, air-conditioned, pool, fitness center. Best for: travelers exploring this corner of Siargao.",9.7848991,125.4994749,https://www.google.com/maps/place/The+Annex+Hotel+Tavern/data=!4m11!3m10!1s0x330136bfd296144d:0x82eec91b448dbe44!5m3!1s2026-10-31!4m1!1i2!8m2!3d9.7848991!4d125.4994749!16s%2Fg%2F11c7t3wycq!19sChIJTRSW0r82ATMRRL6NRBvJ7oI?authuser=0&hl=en&rclk=1,"hotels in Siargao, Siargao & Surigao, Philippines",Siargao
Pebble Peninsula Resort,3.9,(15),09189622792,https://wa.me/09189622792,https://www.instagram.com/pebblepeninsularesort,https://www.facebook.com/profile.php,,"QCMG+42V, San Francisco (Anao-aon), Surigao del Norte",http://www.pebblepeninsularesort.online/,https://lh3.googleusercontent.com/gps-cs-s/APNQkAGNeWeqAyYYctcgavNJ-0ff9zjkKb5_j1dWR5MejTvk00ji4I3n0VjuI-rUYvMd7jCqwaTaYRk_N1GyXz_ry45pv0w7R03VNgHKiQVPa9EjnwoE8JEvHT_MC_FoKOhlSJZb00qbfUoaWZjd=w2048-h1536-k-no,,"A low-key local spot on Siargao Island, Pebble Peninsula Resort keeps a modest online footprint. It currently sits at 3.9 across 15 reviews. It sits among the many small, locally-run spots that give Siargao its laid-back character. Best for: travelers exploring this corner of Siargao.",9.7828593,125.4250566,https://www.google.com/maps/place/Pebble+Peninsula+Resort/data=!4m11!3m10!1s0x3301310059666e8f:0x7ef2ac80ed7255fe!5m3!1s2026-10-31!4m1!1i2!8m2!3d9.7828593!4d125.4250566!16s%2Fg%2F11wx2hfx06!19sChIJj25mWQAxATMR_lVy7YCs8n4?authuser=0&hl=en&rclk=1,"hotels in Siargao, Siargao & Surigao, Philippines",Siargao
Surigao Royal Regency Suites,4.3,(42),09636141266,https://wa.me/09636141266,,https://www.facebook.com/s.royalregencysuites,,"QFQR+WCG, Vasquez St, Surigao, Surigao del Norte",https://surigaoroyalregency.com/gallery.html,https://lh3.googleusercontent.com/gps-cs-s/APNQkAGvVg8VNsmNE-2C4dhU8CCCq84XDQ08bhIOgZ4lDN67aUbZKXEhtlf1VcVFllt-nOnGzcq3AkQmQ0TCQCIw__LTYPaPRcJM3spqGtWETgyfBi-Ysu42gSKOJ6mgYUHgcn5E96KaNm-P7Yxb=w2048-h1536-k-no,,"A low-key local spot on Siargao Island, Surigao Royal Regency Suites keeps a modest online footprint. It currently sits at 4.3 across 42 reviews. It sits among the many small, locally-run spots that give Siargao its laid-back character. Best for: travelers exploring this corner of Siargao.",9.7898116,125.491073,https://www.google.com/maps/place/Surigao+Royal+Regency+Suites/data=!4m11!3m10!1s0x330137006e36fccb:0xdc2df83b7dcd9c6!5m3!1s2026-10-31!4m1!1i2!8m2!3d9.7898116!4d125.491073!16s%2Fg%2F11w_sf5w1x!19sChIJy_w2bgA3ATMRxtnct4Pfwg0?authuser=0&hl=en&rclk=1,"hotels in Siargao, Siargao & Surigao, Philippines",Siargao
M and M Apartment in Surigao City,4.3,(3),09457016181,https://wa.me/09457016181,,https://www.facebook.com/profile.php,,"Lot 21 - Block 5, Canlanipa Homes, Surigao, Surigao del Norte",https://www.facebook.com/profile.php?id=100090404213825&mibextid=ZbWKwL,https://lh3.googleusercontent.com/gps-cs-s/APNQkAHM1JBaiDtXLotlefAIEwc2U5EdZy_rE9fsZI9Z-_QHWeOZlhLQxhER-VGilTAzVsuqp7U_HKa_G-uW5W4PZyNLQNveWKKCglHJvyszQPeUtHy03q_3DDqqUHRtknqyl9m2KHIW8Q=w2048-h1536-k-no,,"A low-key local spot on Siargao Island, M and M Apartment in Surigao City keeps a modest online footprint. It currently sits at 4.3 across 3 reviews. Honest read: only a handful of reviews so far, but early feedback leans positive. Best for: travelers exploring this corner of Siargao.",9.7764937,125.4920056,https://www.google.com/maps/place/M+and+M+Apartment+in+Surigao+City/data=!4m11!3m10!1s0x3301376e900450df:0x3e0912b109d624a5!5m3!1s2026-10-31!4m1!1i2!8m2!3d9.7764937!4d125.4920056!16s%2Fg%2F11vl7jzfsf!19sChIJ31AEkG43ATMRpSTWCbESCT4?authuser=0&hl=en&rclk=1,"hotels in Siargao, Siargao & Surigao, Philippines",Siargao
MW UrbanTerrace 1,4.7,(6),09670799709,https://wa.me/09670799709,,https://www.facebook.com/profile.php,,"QC88+XF7 Infront of Gymnasium, P-4 Brgy. Diaz, San Francisco (Anao-aon), 8401 Surigao del Norte",,https://lh3.googleusercontent.com/gps-cs-s/APNQkAHyY965lv1gUuBRT_mA66qa4y7Pg-bMYRVP5ytKtTzR6pvAOginu1eOy8DxVKlyesphNo_zJqEc2VIJPx_JMAZ54nsf781jQvCbHrmOkC_3aJqVmUszEaq3hT6cHrqd2V5ezjkb=w2048-h1536-k-no,"Free Wi-Fi, Free parking","A low-key local spot on Siargao Island, MW UrbanTerrace 1 keeps a modest online footprint. It currently sits at 4.7 across 6 reviews. Honest read: only a handful of reviews so far, but early feedback leans positive. Amenities include free wi-fi, free parking. Best for: travelers exploring this corner of Siargao.",9.767418,125.4160565,https://www.google.com/maps/place/MW+UrbanTerrace+1/data=!4m11!3m10!1s0x330131028df9a259:0x3fd6538b2b4c911b!5m3!1s2026-10-31!4m1!1i2!8m2!3d9.767418!4d125.4160565!16s%2Fg%2F11w3sz5jbn!19sChIJWaL5jQIxATMRG5FMK4tT1j8?authuser=0&hl=en&rclk=1,"hotels in Siargao, Siargao & Surigao, Philippines",Siargao
ISLAND VIEW SUITES,4.5,(21),09275166593,https://wa.me/09275166593,,https://www.facebook.com/rhoelangel,,"San Jose, Dinagat Islands",,https://lh3.googleusercontent.com/gps-cs-s/APNQkAGgAMMA6T4UKv1-S44IWeKlkCJPhEa73XKGyHrTdLmq0ZtY8P8gCcvsnA7igiYqSiSrgTQfIf0xyfwWGCnIlA0jJyzDBYY_7QL1TMQiFJeMtZMNA_vlRxy5WKLWQ_zWnjuBvwEk=w2048-h1536-k-no,"Wi-Fi, Breakfast, Air-conditioned, Pool, Fitness center, Free parking, Beach access, Accessible","A low-key local spot on Siargao Island, ISLAND VIEW SUITES keeps a modest online footprint. It currently sits at 4.5 across 21 reviews. Amenities include wi-fi, breakfast, air-conditioned, pool. It sits among the many small, locally-run spots that give Siargao its laid-back character. Best for: travelers exploring this corner of Siargao.",10.0090282,125.5711,https://www.google.com/maps/place/ISLAND+VIEW+SUITES/data=!4m11!3m10!1s0x3306b7e0aea36479:0x87d1ff72256e6963!5m3!1s2026-10-31!4m1!1i2!8m2!3d10.0090282!4d125.5711!16s%2Fg%2F11qnl6v24f!19sChIJeWSjruC3BjMRY2luJXL_0Yc?authuser=0&hl=en&rclk=1,"hotels in Siargao, Siargao & Surigao, Philippines",Siargao
Eco Pension,3.8,(8),09177021860,https://wa.me/09177021860,,https://www.facebook.com/p,,"Rizal, Surigao, Surigao del Norte",,https://lh3.googleusercontent.com/gps-cs-s/APNQkAGFhTDTqjQAXlLLdNiNhy2_BeT57Dbr5vIIHsiiiV-4HMwMjTUKey8yDWpPyODFYcvBjQ6LjY5d6yAJSylUAJfZv14Rq39DtjBAfeXEe3TlCvEBD6KEe0CygVKMVJ7U_5TIfi9U=w2048-h1536-k-no,"Free Wi-Fi, Pool, Fitness center, Free parking, Restaurant","A low-key local spot on Siargao Island, Eco Pension keeps a modest online footprint. It currently sits at 3.8 across 8 reviews. Honest read: only a handful of reviews so far, but early feedback leans positive. Amenities include free wi-fi, pool, fitness center, free parking. Best for: travelers exploring this corner of Siargao.",9.7715508,125.4776459,https://www.google.com/maps/place/Eco+Pension/data=!4m11!3m10!1s0x330131ea715425ad:0x77cee0ac6fa289c7!5m3!1s2026-10-31!4m1!1i2!8m2!3d9.7715508!4d125.4776459!16s%2Fg%2F11h7s_zt6w!19sChIJrSVUceoxATMRx4mib6zgznc?authuser=0&hl=en&rclk=1,"hotels in Siargao, Siargao & Surigao, Philippines",Siargao
Manatad Transient House,5.0,(1),,,,https://www.facebook.com/manatad.transient.house,,"QFQQ+RWCM Ortiz St, corner Narciso Street, StreetSurigao, Lalawigan ng Surigao del Norte",,https://lh3.googleusercontent.com/gps-cs-s/APNQkAHu45LDpokm3CX_BagGG1msDZ4whsgpQaJI0wUod2q-KZ5m5eqxAnAU5nGhsDQ0EHpeFEQFIJToj0gJEZWVBacVcwlMgyOXIRqDc056-C-ZBVl61SnL35Y_DF3DTKorwzhcMIN1cT2c__oG=w2048-h1536-k-no,,"A low-key local spot on Siargao Island, Manatad Transient House keeps a modest online footprint. It currently sits at 5.0 across 1 review. Honest read: only a handful of reviews so far, but early feedback leans positive. Best for: travelers exploring this corner of Siargao.",9.789566,125.4897535,https://www.google.com/maps/place/Manatad+Transient+House/data=!4m11!3m10!1s0x33013700062f744b:0xd414fe7219d9857b!5m3!1s2026-10-31!4m1!1i2!8m2!3d9.789566!4d125.4897535!16s%2Fg%2F11zkm6vwvs!19sChIJS3QvBgA3ATMRe4XZGXL-FNQ?authuser=0&hl=en&rclk=1,"hotels in Siargao, Siargao & Surigao, Philippines",Siargao
D & G Transient House,4.7,(56),09278015292,https://wa.me/09278015292,,https://www.facebook.com/people,,"Brgy, Sta Cruz, Pintuyan, 6614 Southern Leyte",,https://lh3.googleusercontent.com/gps-cs-s/APNQkAELyWiEQXFfcrmmiwQnpoZWXKY2XpQE4Yq-C3p9J4TZXZaIZDt3aUxLNipQ7CdVPiTAlgn-NpCOlb-1E5w-xh7XG8JoM-J9Rfwff0Y_ydPSjUg7BayShI-MxwjgTDrDe7mc5_329w=w2048-h1536-k-no,,"A low-key local spot on Siargao Island, D & G Transient House keeps a modest online footprint. It currently sits at 4.7 across 56 reviews. It sits among the many small, locally-run spots that give Siargao its laid-back character. Best for: travelers exploring this corner of Siargao.",9.945988,125.2494958,https://www.google.com/maps/place/D+%26+G+Transient+House/data=!4m11!3m10!1s0x3306d505082d051b:0x29ef47063d0a4868!5m3!1s2026-10-31!4m1!1i2!8m2!3d9.945988!4d125.2494958!16s%2Fg%2F11s757lsd8!19sChIJGwUtCAXVBjMRaEgKPQZH7yk?authuser=0&hl=en&rclk=1,"hotels in Siargao, Siargao & Surigao, Philippines",Siargao
Pintuyan Dive Resort,4.4,(114),09274941960,https://wa.me/09274941960,https://www.instagram.com/wix,https://www.facebook.com/wix,,"Barangay, Liloan - San Ricardo Rd, Pintuyan, 6614 Southern Leyte",http://pintuyandiveresorts.com/,https://lh3.googleusercontent.com/gps-cs-s/APNQkAEuQEDhKN82NbxOV3Hr47xvfB84qfzdrFmMRyvbVgSqAlV2L7VXT363Do3a8Ne6BI2937MA1GsYVIZGczI7thPNLzgCEQpuweahD8VFUSi6aBijptmas19HLTpbSZbKNO1ksyK2=w2048-h1536-k-no,"Free Wi-Fi, Breakfast, Air-conditioned, Pool, Outdoor pool, Fitness center, Free parking, Airport shuttle, Pet-friendly, Restaurant, Laundry service, Laundry, Kid-friendly","An established spot on Siargao Island, Pintuyan Dive Resort has clearly built a following with a sizeable review count. It currently sits at 4.4 across 114 reviews. Amenities include free wi-fi, breakfast, air-conditioned, pool. Best for: travelers exploring this corner of Siargao.",9.9533016,125.2447624,https://www.google.com/maps/place/Pintuyan+Dive+Resort/data=!4m11!3m10!1s0x3306d5a5fa94a3af:0xa25453282c0a627!5m3!1s2026-10-31!4m1!1i2!8m2!3d9.9533016!4d125.2447624!16s%2Fg%2F1td5nt23!19sChIJr6OU-qXVBjMRJ6bAgjJFJQo?authuser=0&hl=en&rclk=1,"hotels in Siargao, Siargao & Surigao, Philippines",Siargao
Philippine Gateway Hotel,4.0,(664),0862324880,https://wa.me/0862324880,,https://www.facebook.com/p,,"QFGM+8G8, 26 Asian Highway, Surigao, Surigao del Norte",,https://lh3.googleusercontent.com/gps-cs-s/APNQkAG0zAfhEfkBZr7gpKFD00H1xsnJks9MN61WLMASaOK7Vg5ZJSr16hxQp5st7M4QqBIHoNv-asCQmmVVHy96oDBZNpWctgUfGNL9NzHGHZC5F7826jAE3s2dE7pzhF6ck7eRRdFd=w2048-h1536-k-no,"Free Wi-Fi, Breakfast, Air-conditioned, Pool, Parking, Airport shuttle, Pet-friendly, Restaurant, Room service, Laundry service, Laundry, Kid-friendly","An established spot on Siargao Island, Philippine Gateway Hotel has clearly built a following with a sizeable review count. It currently sits at 4.0 across 664 reviews. Honest read: a solid-not-spectacular 4.0 rating, dependable rather than dazzling. Amenities include free wi-fi, breakfast, air-conditioned, pool. Best for: travelers exploring this corner of Siargao.",9.7758007,125.4838418,https://www.google.com/maps/place/Philippine+Gateway+Hotel/data=!4m11!3m10!1s0x330136ce0941f289:0x13f8b6062934738f!5m3!1s2026-10-31!4m1!1i2!8m2!3d9.7758007!4d125.4838418!16s%2Fg%2F1tdrbx9h!19sChIJifJBCc42ATMRj3M0KQa2-BM?authuser=0&hl=en&rclk=1,"hotels in Siargao, Siargao & Surigao, Philippines",Siargao
Parkway Hotel,4.1,(337),,,,https://www.facebook.com/parkway.fo,,"26 Asian Highway, Surigao, Surigao del Norte",,https://lh3.googleusercontent.com/gps-cs-s/APNQkAHoHX90387M-pLIcvytPzJHOn4fWRaFi3fNMV6VF7kLXqQ8Rj-mkqAwwgy53vL9FQpGIzyz6FZFKNn_EGe3Fr7nLZy3Vpq_ds0fLBqjZzEGFZC-IUh9ALtO9McXht4a9FQZgJB3wg=w2048-h1536-k-no,"Free Wi-Fi, Breakfast, Air-conditioned, Pool, Free parking, Restaurant, Room service, Laundry service, Laundry, Kid-friendly, Garden","An established spot on Siargao Island, Parkway Hotel has clearly built a following with a sizeable review count. It currently sits at 4.1 across 337 reviews. Honest read: a solid-not-spectacular 4.1 rating, dependable rather than dazzling. Amenities include free wi-fi, breakfast, air-conditioned, pool. Best for: travelers exploring this corner of Siargao.",9.7718148,125.4836381,https://www.google.com/maps/place/Parkway+Hotel/data=!4m11!3m10!1s0x330136d17d22b995:0xa831341b4ec1a198!5m3!1s2026-10-31!4m1!1i2!8m2!3d9.7718148!4d125.4836381!16s%2Fg%2F1hhhnb545!19sChIJlbkifdE2ATMRmKHBThs0Mag?authuser=0&hl=en&rclk=1,"hotels in Siargao, Siargao & Surigao, Philippines",Siargao
Bay View Inn,4.5,(74),09306198612,https://wa.me/09306198612,,https://www.facebook.com/bayviewinn21,,"QFQW+WVP, Surigao, Surigao del Norte",,https://lh6.googleusercontent.com/proxy/8HtwqpxpZOfy8ROsMt-7Ww6H4mjYUzwEpnw4gjwVnsrU8QrEsE5cdUpAHCPDrCHiPEmY87KzCTZ_qqfut3g6s9tJgXEoXg4dLQ4m4J1E3A70B9KvCHZi4BJZEEe45HNsuCpJxiawvaAqelZaKvf4QNaY92Vxeg=w2048-h1536-k-no,"Free Wi-Fi, Air-conditioned, Pool, Fitness center, Free parking, Restaurant, Wheelchair accessible, Wheelchair accessible entrance, Accessible","A low-key local spot on Siargao Island, Bay View Inn keeps a modest online footprint. It currently sits at 4.5 across 74 reviews. Amenities include free wi-fi, air-conditioned, pool, fitness center. Best for: travelers exploring this corner of Siargao.",9.789826,125.4972075,https://www.google.com/maps/place/Bay+View+Inn/data=!4m11!3m10!1s0x3301376996bf83d5:0x9a59e30ddc94b203!5m3!1s2026-10-31!4m1!1i2!8m2!3d9.789826!4d125.4972075!16s%2Fg%2F11j5hzthj7!19sChIJ1YO_lmk3ATMRA7KU3A3jWZo?authuser=0&hl=en&rclk=1,"hotels in Siargao, Siargao & Surigao, Philippines",Siargao
Casa Domingo de Surigao Hotel & Suites,4.5,(25),09122272480,https://wa.me/09122272480,,https://www.facebook.com/casadomingodesurigao,,"Borromeo St, Surigao, 8400 Surigao del Norte",https://www.facebook.com/casadomingodesurigao,https://lh3.googleusercontent.com/gps-cs-s/APNQkAGNpsRO4xeRma4xBxrNsM7IosKv9WGZ4obJX4W46j4uocY2mPe_c9xw0yzR_HEiotVxCvVAJUszOb3k_sVM4rbo3pCpgPFx2MowxOS-0e6HdB2Oqz4IG-2zlFnmv6fowM5NtoPJTw=w2048-h1536-k-no,"Free Wi-Fi, Free parking","A low-key local spot on Siargao Island, Casa Domingo de Surigao Hotel & Suites keeps a modest online footprint. It currently sits at 4.5 across 25 reviews. Amenities include free wi-fi, free parking. Best for: travelers exploring this corner of Siargao.",9.7910102,125.4938222,https://www.google.com/maps/place/Casa+Domingo+de+Surigao+Hotel+%26+Suites/data=!4m11!3m10!1s0x33013761de6a8f55:0xe0ff4c95f85436fa!5m3!1s2026-10-31!4m1!1i2!8m2!3d9.7910102!4d125.4938222!16s%2Fg%2F11thg30t8g!19sChIJVY9q3mE3ATMR-jZU-JVM_-A?authuser=0&hl=en&rclk=1,"hotels in Siargao, Siargao & Surigao, Philippines",Siargao
One Hive Hotel and Suites,3.7,(159),0862320065,https://wa.me/0862320065,,https://www.facebook.com/onehivehotel,,"QFQR+2WR, Rizal Street, Surigao, Surigao del Norte",,https://lh3.googleusercontent.com/gps-cs-s/APNQkAHI2jg1qy22IDhSVPEQOGMNE3WibZSXSYgdBidtNIaGzLabQGC0uDJE5SApT4oI25_H8fvAhVJdVUHooc604gbQ1kalrAl3hnL_DvI4TBRp06HSr-6HulA5rLvt4rx4rhuvCBw6Jg=w2048-h1536-k-no,"Free Wi-Fi, Breakfast, Air-conditioned, Pool, Fitness center, Free parking, Airport shuttle, Restaurant, Kid-friendly","An established spot on Siargao Island, One Hive Hotel and Suites has clearly built a following with a sizeable review count. It currently sits at 3.7 across 159 reviews. Honest read: reviews are mixed (around 3.7), so set expectations accordingly. Amenities include free wi-fi, breakfast, air-conditioned, pool. Best for: travelers exploring this corner of Siargao.",9.7876133,125.4922585,https://www.google.com/maps/place/One+Hive+Hotel+and+Suites/data=!4m11!3m10!1s0x330136b9712e0607:0xd46c0304a7ffaa31!5m3!1s2026-10-31!4m1!1i2!8m2!3d9.7876133!4d125.4922585!16s%2Fg%2F1jglzb1bq!19sChIJBwYucbk2ATMRMar_pwQDbNQ?authuser=0&hl=en&rclk=1,"hotels in Siargao, Siargao & Surigao, Philippines",Siargao
Miwa Beach Resort,4.0,(26),09776465761,https://wa.me/09776465761,,https://www.facebook.com/miwabeachresortsurigao,,"QCRQ+56R, Surigao, Surigao del Sur",,https://lh3.googleusercontent.com/gps-cs-s/APNQkAF34iDHntOCpp3vUCwnVoWluNd64JhnrpvFJi3XED3i6Ux6436C4ls5bre3X_VH77uAW3HrEGrMofQUbn8nnhTgW18zR0QGyA5C6KQy1jDZVbaXdG2gIY8IpjDEckPlFhmEKbiqhg=w2048-h1536-k-no,"Free Wi-Fi, Free parking","A low-key local spot on Siargao Island, Miwa Beach Resort keeps a modest online footprint. It currently sits at 4.0 across 26 reviews. Honest read: a solid-not-spectacular 4.0 rating, dependable rather than dazzling. Amenities include free wi-fi, free parking. Best for: travelers exploring this corner of Siargao.",9.7904843,125.4380309,https://www.google.com/maps/place/Miwa+Beach+Resort/data=!4m11!3m10!1s0x3301310beb7d1ae7:0x13e9677c75ba6539!5m3!1s2026-10-31!4m1!1i2!8m2!3d9.7904843!4d125.4380309!16s%2Fg%2F11bzvzs2kn!19sChIJ5xp96wsxATMROWW6dXxn6RM?authuser=0&hl=en&rclk=1,"hotels in Siargao, Siargao & Surigao, Philippines",Siargao
Villa Torre Suites,3.9,(54),09306057668,https://wa.me/09306057668,,https://www.facebook.com/VillaTorreSuites,,"Surigao, Surigao del Norte",,https://lh3.googleusercontent.com/gps-cs-s/APNQkAEzqUqS0Ks43hfY2XWUuoAJFJm7AEVgT6EUcCe-Y1gpNJr9OxOYOvLvHaVipSiJGI8rHgyiiy4uMyqkOSkS-3JHjIIJ9u0VjDA-vqYPcYwTPVpm1JeAIXLnJ46-SWF4pyu9U036Pw=w2048-h1536-k-no,"Free Wi-Fi, Pool, Fitness center, Parking, Kid-friendly","A low-key local spot on Siargao Island, Villa Torre Suites keeps a modest online footprint. It currently sits at 3.9 across 54 reviews. Honest read: a solid-not-spectacular 3.9 rating, dependable rather than dazzling. Amenities include free wi-fi, pool, fitness center, parking. Best for: travelers exploring this corner of Siargao.",9.7793703,125.4830658,https://www.google.com/maps/place/Villa+Torre+Suites/data=!4m11!3m10!1s0x330136cc12165397:0x9e5c63ddc3b346c5!5m3!1s2026-10-31!4m1!1i2!8m2!3d9.7793703!4d125.4830658!16s%2Fg%2F11c1ndkjdm!19sChIJl1MWEsw2ATMRxUazw91jXJ4?authuser=0&hl=en&rclk=1,"hotels in Siargao, Siargao & Surigao, Philippines",Siargao
Fiesta Dive Resort,4.2,(203),,,,http://www.facebook.com/FiestaSurigaoResort,,"RC2R+27W, Surigao, 8400 Surigao del Norte",http://www.fiestasurigao.com/,https://lh3.googleusercontent.com/gps-cs-s/APNQkAHOJAcb3djn2_rGqWnkBf1mPPZ67kouDrofr1az_LzYhsOSeNAYF7VAT85IzZn6HX18Wg07mli7SBNTVYP_7dkKHLb8qC8nBCR3KXWjb9WQY3DRN3lMTmbuLvBWVe2zdHdCgyO1=w2048-h1536-k-no,"Free Wi-Fi, Air-conditioned, Pool, Outdoor pool, Fitness center, Free parking, Restaurant, Room service, Beach access, Kid-friendly","An established spot on Siargao Island, Fiesta Dive Resort has clearly built a following with a sizeable review count. It currently sits at 4.2 across 203 reviews. Amenities include free wi-fi, air-conditioned, pool, outdoor pool. Best for: travelers exploring this corner of Siargao.",9.8001019,125.440697,https://www.google.com/maps/place/Fiesta+Dive+Resort/data=!4m11!3m10!1s0x3301317a1612b0bb:0x86f419361d49c37e!5m3!1s2026-10-31!4m1!1i2!8m2!3d9.8001019!4d125.440697!16s%2Fg%2F1tgdqnrl!19sChIJu7ASFnoxATMRfsNJHTYZ9IY?authuser=0&hl=en&rclk=1,"hotels in Siargao, Siargao & Surigao, Philippines",Siargao
Hotel Solibao,3.9,(45),09085168552,https://wa.me/09085168552,,https://www.facebook.com/pages,,"Gonzales Street, cor Vasquez St, Surigao, 8400 Surigao del Norte",,https://lh3.googleusercontent.com/gps-cs-s/APNQkAEj0oFxjJ1xhcfhnf_5GTs3jxZXy9yHfpBesgaTy2FSDulwAk-uPa2cCip3RWHrYcb2GyLsJRi0p4EP1LyvWyVkeqhGJcn8CuYKv8J6Z3ZKupT_13ttW3n035Y7KHB6uJaofyhf=w2048-h1536-k-no,"Free Wi-Fi, Breakfast, Air-conditioned, Pool, Fitness center, Free parking, Airport shuttle, Pet-friendly, Laundry service, Laundry, Kid-friendly","A low-key local spot on Siargao Island, Hotel Solibao keeps a modest online footprint. It currently sits at 3.9 across 45 reviews. Honest read: a solid-not-spectacular 3.9 rating, dependable rather than dazzling. Amenities include free wi-fi, breakfast, air-conditioned, pool. Best for: travelers exploring this corner of Siargao.",9.7881549,125.4909826,https://www.google.com/maps/place/Hotel+Solibao/data=!4m11!3m10!1s0x330136b9890255fd:0x42a33b9f0e66b781!5m3!1s2026-10-31!4m1!1i2!8m2!3d9.7881549!4d125.4909826!16s%2Fg%2F11fjtb9mvc!19sChIJ_VUCibk2ATMRgbdmDp87o0I?authuser=0&hl=en&rclk=1,"hotels in Siargao, Siargao & Surigao, Philippines",Siargao
Le Chard PlaceTourist Inn,4.3,(179),09478908891,https://wa.me/09478908891,https://www.instagram.com/lechardplace_surigao,http://facebook.com/lechardplace,,"Km 4, National Highway, Brgy. Luna, 1, Surigao, 8400 Surigao del Norte",http://facebook.com/lechardplace,https://lh3.googleusercontent.com/gps-cs-s/APNQkAG7x6Zks8cwruUFRiety1GQmHc2Ar8Mi41CLyuutFiLac6MPw3h1mz0yeHIHKjXMG_TSEQ5OPx6fSGsxMexeXJy9xMiyOdWF1g7rEync6JLhTfsyiSiPWqdNNJsyZkVoqT2isRIMROeu68=w2048-h1536-k-no,"Free Wi-Fi, Breakfast, Air-conditioned, Pool, Fitness center, Free parking, Airport shuttle, Pet-friendly, Smoke-free, Kid-friendly, Accessible","An established spot on Siargao Island, Le Chard PlaceTourist Inn has clearly built a following with a sizeable review count. It currently sits at 4.3 across 179 reviews. Amenities include free wi-fi, breakfast, air-conditioned, pool. Best for: travelers exploring this corner of Siargao.",9.7660154,125.4829538,https://www.google.com/maps/place/Le+Chard+PlaceTourist+Inn/data=!4m11!3m10!1s0x330136d5f74e40d7:0xe496a08793ffc75f!5m3!1s2026-10-31!4m1!1i2!8m2!3d9.7660154!4d125.4829538!16s%2Fg%2F12hkf4yrn!19sChIJ10BO99U2ATMRX8f_k4egluQ?authuser=0&hl=en&rclk=1,"hotels in Siargao, Siargao & Surigao, Philippines",Siargao
JCV Rooms,3.7,(19),09955981246,https://wa.me/09955981246,,https://www.facebook.com/profile.php,,"Purok 4, Lipata, Surigao, 8400 Surigao del Norte",,https://lh3.googleusercontent.com/gps-cs-s/APNQkAHUxvesKJs7tulHxiMjsxHgIQJpUGmjrV0j6uw1zsc5c7mmS8tD374NfQFPiJFlgqvlOOguk6iF7QxunSAM5kVjrlvwHTkUzjFp8JBZ41ugZrKbeFKaaWlJBzfiZ0n7Nm_kbJ6qvw=w2048-h1536-k-no,"Free Wi-Fi, Parking","A low-key local spot on Siargao Island, JCV Rooms keeps a modest online footprint. It currently sits at 3.7 across 19 reviews. Honest read: reviews are mixed (around 3.7), so set expectations accordingly. Amenities include free wi-fi, parking. Best for: travelers exploring this corner of Siargao.",9.8016187,125.4521119,https://www.google.com/maps/place/JCV+Rooms/data=!4m11!3m10!1s0x3301339a88bca5d1:0x511c1d73ac765af6!5m3!1s2026-10-31!4m1!1i2!8m2!3d9.8016187!4d125.4521119!16s%2Fg%2F11ssxh9bls!19sChIJ0aW8iJozATMR9lp2rHMdHFE?authuser=0&hl=en&rclk=1,"hotels in Siargao, Siargao & Surigao, Philippines",Siargao
Miami City Suites,4.0,(97),0868261108,https://wa.me/0868261108,,https://www.facebook.com/miamicitysuites,,"San Nicolas Street, Surigao, Surigao del Norte",https://www.miamicitysuites.com/,https://lh3.googleusercontent.com/gps-cs-s/APNQkAHy77qwPuIams-ans0ZmMV3XyapWb5YUPp8Hfoa6WLOSW3yEQj1R5zlSednJutntM0lhoYZkmRuagkozm1TZcwV0YGEj8IsovriIiwq0M3tmyncpr544GaF3IB98LJbjmrnGSzM=w2048-h1536-k-no,"Free Wi-Fi, Breakfast, Air-conditioned, Pool, Fitness center, Free parking, Airport shuttle, Pet-friendly, Kid-friendly","A low-key local spot on Siargao Island, Miami City Suites keeps a modest online footprint. It currently sits at 4.0 across 97 reviews. Honest read: a solid-not-spectacular 4.0 rating, dependable rather than dazzling. Amenities include free wi-fi, breakfast, air-conditioned, pool. Best for: travelers exploring this corner of Siargao.",9.788668,125.4969133,https://www.google.com/maps/place/Miami+City+Suites/data=!4m11!3m10!1s0x330136bc314fbf13:0x561daf481e51fbc9!5m3!1s2026-10-31!4m1!1i2!8m2!3d9.788668!4d125.4969133!16s%2Fg%2F11_f46g5h!19sChIJE79PMbw2ATMRyftRHkivHVY?authuser=0&hl=en&rclk=1,"hotels in Siargao, Siargao & Surigao, Philippines",Siargao
Vmo Hotel,3.7,(52),09485964368,https://wa.me/09485964368,,https://www.facebook.com/plugins/like.php?action=like&amp,,"Ortiz Street, Surigao, Surigao del Norte",http://www.vmohotel.com/,https://lh3.googleusercontent.com/gps-cs-s/APNQkAEcLTUwM2sS-6a6Yqmn_z0G9gHX6PX6atECEr__Ni51XW08Yu-qTFpP542gCJKxq7ewMJnOUntYKrWkqUQGu11sqyc79uFo8YX9la0BjfOe5Rqfj05jrSbG0JSkBC80KPW_ua3vGA=w2048-h1536-k-no,"Free Wi-Fi, Air-conditioned, Pool, Fitness center, Free parking, Airport shuttle, Pet-friendly, Restaurant, Kid-friendly","A low-key local spot on Siargao Island, Vmo Hotel keeps a modest online footprint. It currently sits at 3.7 across 52 reviews. Honest read: reviews are mixed (around 3.7), so set expectations accordingly. Amenities include free wi-fi, air-conditioned, pool, fitness center. Best for: travelers exploring this corner of Siargao.",9.788501,125.489233,https://www.google.com/maps/place/Vmo+Hotel/data=!4m11!3m10!1s0x330136b9ffdaa203:0x3e59f92fb2aed683!5m3!1s2026-10-31!4m1!1i2!8m2!3d9.788501!4d125.489233!16s%2Fg%2F12cpq_715!19sChIJA6La_7k2ATMRg9ausi_5WT4?authuser=0&hl=en&rclk=1,"hotels in Siargao, Siargao & Surigao, Philippines",Siargao
E.Y. Miner Suites - Borromeo,3.5,(86),0868266480,https://wa.me/0868266480,,https://www.facebook.com/profile.php,,"QFQW+MQ3, Borromeo St, Surigao, 8400 Surigao del Norte",,https://lh3.googleusercontent.com/gps-cs-s/APNQkAEmTQgwGLM9WZ9gbWC49ZUA7uXdWdOWYd0Tz87IdHyg3I_2Ze6aviTUw6AFW4m2XZYbZ4AiVyNwAeZHgPJ23sHWw4RPRzWiD7-t-B56yjjxadjgmC6ARsYVeC4Qq7VjUPH2SGC9=w2048-h1536-k-no,"Free Wi-Fi, Air-conditioned, Pool, Fitness center, Free parking, Laundry service, Laundry, Kid-friendly","A low-key local spot on Siargao Island, E.Y. Miner Suites - Borromeo keeps a modest online footprint. It currently sits at 3.5 across 86 reviews. Honest read: reviews are mixed (around 3.5), so set expectations accordingly. Amenities include free wi-fi, air-conditioned, pool, fitness center. Best for: travelers exploring this corner of Siargao.",9.7891377,125.4969302,https://www.google.com/maps/place/E.Y.+Miner+Suites+-+Borromeo/data=!4m11!3m10!1s0x330136bb1b5d7ddf:0xd6bb2d46ebf7ab19!5m3!1s2026-10-31!4m1!1i2!8m2!3d9.7891377!4d125.4969302!16s%2Fg%2F11bzvwz6tr!19sChIJ331dG7s2ATMRGav360Ytu9Y?authuser=0&hl=en&rclk=1,"hotels in Siargao, Siargao & Surigao, Philippines",Siargao
La Casa Sofia,4.3,(7),09985403634,https://wa.me/09985403634,,https://www.facebook.com/lacasasofiasurigao,,"P1, Brgy, Ipil, Surigao, 8400 Surigao del Norte",,https://lh3.googleusercontent.com/gps-cs-s/APNQkAETtUBx7hdD7Mn_ldeOXZyJinBPkN6XrQI0SNGMiIVu9m3UpdAZ84Gg5iixThJEPYcDZnD4u1jotRiqqXxBCXjrETcVDpEMfW8eGTrIz_JCG_K_LzBGRmkATkrGhIT6O_sTfG8eCQ=w2048-h1536-k-no,,"A low-key local spot on Siargao Island, La Casa Sofia keeps a modest online footprint. It currently sits at 4.3 across 7 reviews. Honest read: only a handful of reviews so far, but early feedback leans positive. Best for: travelers exploring this corner of Siargao.",9.8042643,125.4401528,https://www.google.com/maps/place/La+Casa+Sofia/data=!4m11!3m10!1s0x330131a4f44da5bb:0x3c6157e075371cc6!5m3!1s2026-10-31!4m1!1i2!8m2!3d9.8042643!4d125.4401528!16s%2Fg%2F11kp_0_qcq!19sChIJu6VN9KQxATMRxhw3deBXYTw?authuser=0&hl=en&rclk=1,"hotels in Siargao, Siargao & Surigao, Philippines",Siargao
Kahayahay Inn,5.0,(3),09763343746,https://wa.me/09763343746,,https://www.facebook.com/kahayahay.inn,,"Upper Dacuman, Ipil, Surigao, 8400 Surigao del Norte",,https://lh3.googleusercontent.com/gps-cs-s/APNQkAH7JWH3GbcmyXB5yplesduNzCPlWY5m32Jpg3Jb259XF7_Kp91BHPQ-u5re85kDZlmEmCfDwZjcErZjWVpAzsWTOm2XlmmuDe8oYCFSN1HedsVTrlKOzWuKlRcc4ummAvh1Fchr=w2048-h1536-k-no,"Free Wi-Fi, Free breakfast, Air-conditioned, Pool, Spa, Fitness center, Free parking, Pet-friendly, Restaurant, Bar, Room service, Accessible","A low-key local spot on Siargao Island, Kahayahay Inn keeps a modest online footprint. It currently sits at 5.0 across 3 reviews. Honest read: only a handful of reviews so far, but early feedback leans positive. Amenities include free wi-fi, free breakfast, air-conditioned, pool. Best for: travelers exploring this corner of Siargao.",9.79566,125.4483511,https://www.google.com/maps/place/Kahayahay+Inn/data=!4m11!3m10!1s0x33013134ca63d795:0x65a7814494b24496!5m3!1s2026-10-31!4m1!1i2!8m2!3d9.79566!4d125.4483511!16s%2Fg%2F11ltqbn43x!19sChIJlddjyjQxATMRlkSylESBp2U?authuser=0&hl=en&rclk=1,"hotels in Siargao, Siargao & Surigao, Philippines",Siargao
Surigao tourist inn annex 2,4.0,(3),,,,https://www.facebook.com/surigaotouristinnannex2,,"Q344+8P3, Punta kawit 1, Poblacion, Dapa, Surigao del Norte",,https://streetviewpixels-pa.googleapis.com/?cb_client,,"A low-key local spot on Siargao Island, Surigao tourist inn annex 2 keeps a modest online footprint. It currently sits at 4.0 across 3 reviews. Honest read: only a handful of reviews so far, but early feedback leans positive. Best for: travelers exploring this corner of Siargao.",9.7557523,126.0568125,https://www.google.com/maps/place/Surigao+tourist+inn+annex+2/data=!4m11!3m10!1s0x3303f90002238665:0x46cfe9e677cb84eb!5m3!1s2026-10-31!4m1!1i2!8m2!3d9.7557523!4d126.0568125!16s%2Fg%2F11y47djz1k!19sChIJZYYjAgD5AzMR64TLd-bpz0Y?authuser=0&hl=en&rclk=1,"hotels in Siargao, Siargao & Surigao, Philippines",Siargao
Green Pod - Surigao City,5.0,(2),,,,,,"Blk 18, Lot 12 Mana Pepang Village, Surigao, 8400 Surigao del Norte",,https://lh3.googleusercontent.com/gps-cs-s/APNQkAFs90HEgZltAbdBLFRdQ17v7ew2Ih7-lxzO0XHVgApuRrdweTW2BpndHAfocaIh0UwatSTpxGId8xGexCYNd09K10Cv54k0syj15G_h_6KOg99j4ft77qj462DQ7tVb5ArnjBzDtbJcSY4=w2048-h1536-k-no,,"A low-key local spot on Siargao Island, Green Pod - Surigao City keeps a modest online footprint. It currently sits at 5.0 across 2 reviews. Honest read: only a handful of reviews so far, but early feedback leans positive. Best for: travelers exploring this corner of Siargao.",9.7844061,125.4653289,https://www.google.com/maps/place/Green+Pod+-+Surigao+City/data=!4m11!3m10!1s0x330131e72e241f79:0x2c5955760153d37b!5m3!1s2026-10-31!4m1!1i2!8m2!3d9.7844061!4d125.4653289!16s%2Fg%2F11x2qg19xd!19sChIJeR8kLucxATMRe9NTAXZVWSw?authuser=0&hl=en&rclk=1,"hotels in Siargao, Siargao & Surigao, Philippines",Siargao
Surigao Tourist Inn,3.6,(218),09155370890,https://wa.me/09155370890,,https://www.facebook.com/people,,"Roland Sering St, Surigao, Surigao del Norte",,https://lh3.googleusercontent.com/gps-cs-s/APNQkAF6G4XZ3OQonpcdPK752b6f2ik09OL2bRsDlYnuHP9ERvIR9-OFbHedg4KcJx54NwCRV8mDHUY4cD7JEevYfyxn9DDnHyqTdGadOJWgrprRoXGWZUJ-3-__jZBCsC6pzwOQDiTY=w2048-h1536-k-no,"Free Wi-Fi, Air-conditioned, Pool, Fitness center, Free parking, Kid-friendly","An established spot on Siargao Island, Surigao Tourist Inn has clearly built a following with a sizeable review count. It currently sits at 3.6 across 218 reviews. Honest read: reviews are mixed (around 3.6), so set expectations accordingly. Amenities include free wi-fi, air-conditioned, pool, fitness center. Best for: travelers exploring this corner of Siargao.",9.787,125.4852336,https://www.google.com/maps/place/Surigao+Tourist+Inn/data=!4m11!3m10!1s0x330136b6f48fa343:0x257280eb59c1955a!5m3!1s2026-10-31!4m1!1i2!8m2!3d9.787!4d125.4852336!16s%2Fg%2F1hg4v9js5!19sChIJQ6OP9LY2ATMRWpXBWeuAciU?authuser=0&hl=en&rclk=1,"hotels in Siargao, Siargao & Surigao, Philippines",Siargao
Leila Pension House,4.2,(41),09308124303,https://wa.me/09308124303,,http://www.facebook.com/leilapensionhouse,,"QFJW+H3J, Surigao, Surigao del Norte",http://www.facebook.com/leilapensionhouse,https://lh3.googleusercontent.com/gps-cs-s/APNQkAE9PSJK6PmOaHD7_H9GFFTOetO-oMoXUyXvsne0uApFI8_oxpPNd3o-yWTIaDjwnjXraPzo3g4IawC7u_L7dVSJ0vj5dsS4tGUIboP8OPPcB4bXRodhYmawb3ffFIKTAUqFgyE=w2048-h1536-k-no,"Free Wi-Fi, Free parking","A low-key local spot on Siargao Island, Leila Pension House keeps a modest online footprint. It currently sits at 4.2 across 41 reviews. Amenities include free wi-fi, free parking. It sits among the many small, locally-run spots that give Siargao its laid-back character. Best for: travelers exploring this corner of Siargao.",9.7814524,125.4951404,https://www.google.com/maps/place/Leila+Pension+House/data=!4m11!3m10!1s0x330136c0cf451ce3:0xba5cb247e3596667!5m3!1s2026-10-31!4m1!1i2!8m2!3d9.7814524!4d125.4951404!16s%2Fg%2F11f3pf9sz_!19sChIJ4xxFz8A2ATMRZ2ZZ40eyXLo?authuser=0&hl=en&rclk=1,"hotels in Siargao, Siargao & Surigao, Philippines",Siargao
Mt. Carmel Spring Resort,4.3,(53),0868266453,https://wa.me/0868266453,,https://www.facebook.com/mtcarmelresort,,"Surigao, Surigao del Norte",,https://lh3.googleusercontent.com/gps-cs-s/APNQkAGhJiCvGc8KNL_UkpEtz8geEpfNmLrHmDRMfYfOnKlID8O2QI5Jdie40lF7T0D9ZX_ZrUliLl4o4MH2ivw7hpJWiPFJPLlEMv_T3N-n1q_7hqQ54xhFO9R7j88t9OXhh5Lon6dO=w2048-h1536-k-no,"Free Wi-Fi, Air-conditioned, Pool, Outdoor pool, Fitness center, Free parking, Airport shuttle, Pet-friendly, Kid-friendly","A low-key local spot on Siargao Island, Mt. Carmel Spring Resort keeps a modest online footprint. It currently sits at 4.3 across 53 reviews. Amenities include free wi-fi, air-conditioned, pool, outdoor pool. Best for: travelers exploring this corner of Siargao.",9.735599,125.473024,https://www.google.com/maps/place/Mt.+Carmel+Spring+Resort/data=!4m11!3m10!1s0x3301372b8c555555:0x4658ac2580a5ec27!5m3!1s2026-10-31!4m1!1i2!8m2!3d9.735599!4d125.473024!16s%2Fg%2F1w10_qqq!19sChIJVVVVjCs3ATMRJ-ylgCWsWEY?authuser=0&hl=en&rclk=1,"hotels in Siargao, Siargao & Surigao, Philippines",Siargao
EY Suites,4.3,(11),09631910883,https://wa.me/09631910883,,https://www.facebook.com/eyminersuites2019,,"4041 Navarro Street, Surigao, 8400 Surigao del Norte",https://eysuites.com/,https://lh3.googleusercontent.com/gps-cs-s/APNQkAHggXL9Fj6he_UZjRyB2w8HaHf2soYqicvygrCOe-c5wSu-IBAJWl5WhdHLuVXgaLOdr4J0MEdaH-ZgnCOOUqSeIRj8PiaGGNokBsLafXoRQnVVml5GE1IsxtAfw6hbeAIXR4sxAQ=w2048-h1536-k-no,"Free Wi-Fi, Air-conditioned, Free parking","A low-key local spot on Siargao Island, EY Suites keeps a modest online footprint. It currently sits at 4.3 across 11 reviews. Honest read: only a handful of reviews so far, but early feedback leans positive. Amenities include free wi-fi, air-conditioned, free parking. Best for: travelers exploring this corner of Siargao.",9.7852397,125.4968053,https://www.google.com/maps/place/EY+Suites/data=!4m11!3m10!1s0x330137f1354d1b67:0xcb52c88362397feb!5m3!1s2026-10-31!4m1!1i2!8m2!3d9.7852397!4d125.4968053!16s%2Fg%2F11l5tbnrbw!19sChIJZxtNNfE3ATMR6385YoPIUss?authuser=0&hl=en&rclk=1,"hotels in Siargao, Siargao & Surigao, Philippines",Siargao
Kasili Lakeside Resort and Hotel,3.9,(123),,,,https://www.facebook.com/kasiliresort,,"GGMC+XHQ, Rizal St., Mainit, 8407 Surigao del Norte",,https://lh3.googleusercontent.com/gps-cs-s/APNQkAEplXN3TXFS9XBpB0IK0GWUsvj_AhF7_qiey7irPVyr975FszyOq81rsS_zmFeS2msbX64fZJPCNVyOjk_hyPdFB36Yw3i9SSBfa7teIcCvsvtWjc_qRjcNwA_oXhg-aZv0Z0iX=w2048-h1536-k-no,"Free Wi-Fi, Pool, Fitness center, Free parking, Restaurant, Kid-friendly","An established spot on Siargao Island, Kasili Lakeside Resort and Hotel has clearly built a following with a sizeable review count. It currently sits at 3.9 across 123 reviews. Honest read: a solid-not-spectacular 3.9 rating, dependable rather than dazzling. Amenities include free wi-fi, pool, fitness center, free parking. Best for: travelers exploring this corner of Siargao.",9.5349737,125.5214965,https://www.google.com/maps/place/Kasili+Lakeside+Resort+and+Hotel/data=!4m11!3m10!1s0x330115073ab7aaab:0x3ec65df051fdb924!5m3!1s2026-10-31!4m1!1i2!8m2!3d9.5349737!4d125.5214965!16s%2Fg%2F1v0lh906!19sChIJq6q3OgcVATMRJLn9UfBdxj4?authuser=0&hl=en&rclk=1,"hotels in Siargao, Siargao & Surigao, Philippines",Siargao
Thj Homes,5.0,(2),,,,https://www.facebook.com/thjhomessurigaocity,,"8400 1, Surigao, Surigao del Norte",,https://streetviewpixels-pa.googleapis.com/v1/thumbnail?panoid=zvbLPw2f4id-bvvjhlZTSA&cb_client=search.gws-prod.gps&w=80&h=92&yaw=144.74124&pitch=0&thumbfov=100,"Free Wi-Fi, Parking","A low-key local spot on Siargao Island, Thj Homes keeps a modest online footprint. It currently sits at 5.0 across 2 reviews. Honest read: only a handful of reviews so far, but early feedback leans positive. Amenities include free wi-fi, parking. Best for: travelers exploring this corner of Siargao.",9.775006,125.4838502,https://www.google.com/maps/place/Thj+Homes/data=!4m11!3m10!1s0x330136d1ff0a0d41:0x2f813acb41aa909a!5m3!1s2026-10-31!4m1!1i2!8m2!3d9.775006!4d125.4838502!16s%2Fg%2F11t5_8_rrb!19sChIJQQ0K_9E2ATMRmpCqQcs6gS8?authuser=0&hl=en&rclk=1,"hotels in Siargao, Siargao & Surigao, Philippines",Siargao
The Barnhaus @ Perral's Waterplaza,5.0,(1),09063953535,https://wa.me/09063953535,,https://www.facebook.com/profile.php,,"QJVQ+68J, Surigao, Surigao del Norte",https://www.facebook.com/profile.php?id=61556195011137,https://lh3.googleusercontent.com/gps-cs-s/APNQkAFu8klRqo5D7Uh3Gq0OLUVaIkcsk5nti5oncfxrzqOEzFvZDhbBILtKN_E_KbJh0k2UQcG9JGNd8VhNPDcGB4uqMMAqgF1818fftvbsjXIZTa1ZII8xc7bHKYVaM6GCxlnR6Ag5=w2048-h1536-k-no,,"A low-key local spot on Siargao Island, The Barnhaus @ Perral's Waterplaza keeps a modest online footprint. It currently sits at 5.0 across 1 review. Honest read: only a handful of reviews so far, but early feedback leans positive. Best for: travelers exploring this corner of Siargao.",9.7845471,125.6299439,https://www.google.com/maps/place/The+Barnhaus+@+Perral%27s+Waterplaza/data=!4m11!3m10!1s0x330149006b784a17:0xefbf138405a757c2!5m3!1s2026-10-31!4m1!1i2!8m2!3d9.7845471!4d125.6299439!16s%2Fg%2F11vq9t7qyv!19sChIJF0p4awBJATMRwlenBYQTv-8?authuser=0&hl=en&rclk=1,"hotels in Siargao, Siargao & Surigao, Philippines",Siargao
Metro Pension Plaza,3.5,(49),0862319899,https://wa.me/0862319899,,https://www.facebook.com/Metro-Pension-Plazanavarro-Sttaftsurigao-City-197698193712454,,"QFPW+6V7, Navarro Street, Surigao, Surigao del Norte",,https://lh3.googleusercontent.com/gps-cs-s/APNQkAGi_JhB53shABvPuyw1LqdKfA5SDuSblYrf5cs3R8v7_mEUHFL_6cuUGXb42FCp-l1lVChspO3YswQ2x2LMPb6YWag-wOCBtKgnG0uT2FNPUyn3FpE7HaON0yM6Kp3jr-aPq42K=w2048-h1536-k-no,"Free Wi-Fi, Pool, Fitness center, Free parking, Kid-friendly","A low-key local spot on Siargao Island, Metro Pension Plaza keeps a modest online footprint. It currently sits at 3.5 across 49 reviews. Honest read: reviews are mixed (around 3.5), so set expectations accordingly. Amenities include free wi-fi, pool, fitness center, free parking. Best for: travelers exploring this corner of Siargao.",9.7855269,125.4971863,https://www.google.com/maps/place/Metro+Pension+Plaza/data=!4m11!3m10!1s0x330136befed7218f:0x5ee43aede1e91cf6!5m3!1s2026-10-31!4m1!1i2!8m2!3d9.7855269!4d125.4971863!16s%2Fg%2F1tdx674b!19sChIJjyHX_r42ATMR9hzp4e065F4?authuser=0&hl=en&rclk=1,"hotels in Siargao, Siargao & Surigao, Philippines",Siargao
"Azure,Tranquility Bay Beach",5.0,(1),,,,https://www.facebook.com/61560815407341,,"JJ8J+7XV, Bacuag, Surigao del Norte",,https://lh3.googleusercontent.com/gps-cs-s/APNQkAE8b6RfGMM7lPBQsG0cNekNENqgemr7TR3l1wDINjTZ0iIBG6jX0HrOquQxCwqdLhedT2MT4oPZN56HhdWn2iExm51_KfgrmQzf7ve8-iK-mWZ496YDTTTAAZuUStlJujuNwTuX=w2048-h1536-k-no,,"A low-key local spot on Siargao Island, Azure,Tranquility Bay Beach keeps a modest online footprint. It currently sits at 5.0 across 1 review. Honest read: only a handful of reviews so far, but early feedback leans positive. Best for: travelers exploring this corner of Siargao.",9.615737,125.6324279,"https://www.google.com/maps/place/Azure,Tranquility+Bay+Beach/data=!4m11!3m10!1s0x3301410044a9b4ef:0xe4fa5779b8509211!5m3!1s2026-10-31!4m1!1i2!8m2!3d9.615737!4d125.6324279!16s%2Fg%2F11vzgffgdf!19sChIJ77SpRABBATMREZJQuHlX-uQ?authuser=0&hl=en&rclk=1","hotels in Siargao, Siargao & Surigao, Philippines",Siargao
Cape Seaductive,4.1,(7),+19514404776,https://wa.me/19514404776,,https://www.facebook.com/Capeseaductive,,"3J83+P4Q, Basilisa (Rizal), 8413 Dinagat Islands",,https://lh3.googleusercontent.com/gps-cs-s/APNQkAFPEgZKRhTPE8X4qu93PrdGAjT_59kjxB3hB5SmyZaTRm1FtvKNk_wVSKpsDcR4kHrwnMK4kIt_SbOMKZYWtnBhYqaLhu5DqaetmM55vpfuTwZZK_7lHtXOzubfaKN0sGErU1U6mQ=w2048-h1536-k-no,,"A low-key local spot on Siargao Island, Cape Seaductive keeps a modest online footprint. It currently sits at 4.1 across 7 reviews. Honest read: only a handful of reviews so far, but early feedback leans positive. Best for: travelers exploring this corner of Siargao.",10.066837,125.602867,https://www.google.com/maps/place/Cape+Seaductive/data=!4m11!3m10!1s0x3306b8e417a13e45:0x8fa2f5f3bf997550!5m3!1s2026-10-31!4m1!1i2!8m2!3d10.066837!4d125.602867!16s%2Fg%2F11hfn6nv95!19sChIJRT6hF-S4BjMRUHWZv_P1oo8?authuser=0&hl=en&rclk=1,"hotels in Siargao, Siargao & Surigao, Philippines",Siargao
ROEXCIN Tourist Inn,4.0,(73),09853555261,https://wa.me/09853555261,,https://www.facebook.com/profile.php,,"Purok 6, Rizal, corner Perlas St, Claver, 8410 Surigao del Norte",,https://lh3.googleusercontent.com/gps-cs-s/APNQkAE8XNJxZkyl_VJ013yJiLsmL0qlCrKQwBf3fx3fxIVarpO41HgyMauTDPkNDO1kMQBWgOiKafUHa5C53WetoDo1euvyO-ECvdTRcY53bTi6XlpRt0qhGL_6TjH4uAB2XLSt_3BaZQ=w2048-h1536-k-no,"Wi-Fi, Pool, Fitness center, Free parking, Kid-friendly","A low-key local spot on Siargao Island, ROEXCIN Tourist Inn keeps a modest online footprint. It currently sits at 4.0 across 73 reviews. Honest read: a solid-not-spectacular 4.0 rating, dependable rather than dazzling. Amenities include wi-fi, pool, fitness center, free parking. Best for: travelers exploring this corner of Siargao.",9.5730424,125.7318966,https://www.google.com/maps/place/ROEXCIN+Tourist+Inn/data=!4m11!3m10!1s0x330142cf1a505b9f:0x77c3926cc3d3ef27!5m3!1s2026-10-31!4m1!1i2!8m2!3d9.5730424!4d125.7318966!16s%2Fg%2F11csqr35g2!19sChIJn1tQGs9CATMRJ-_Tw2ySw3c?authuser=0&hl=en&rclk=1,"hotels in Siargao, Siargao & Surigao, Philippines",Siargao
Jmalls Island Tourist Inn,3.7,(40),09171634907,https://wa.me/09171634907,,https://www.facebook.com/people,,"2H5F+V8H, San Jose, Dinagat Islands",,https://lh3.googleusercontent.com/gps-cs-s/APNQkAGRoO7vqsCg8WqNjIPgc2SHmPpOUkVkv5cw8aP8YcaYZetQbhNAwsiiTrisuzv1hl7SHHtQS2xUmeaniFL7wh4_pz7mvlHzSH4GGQhp0ZgypSsPR1dyCY9c-LEndhkmc0RgnW1p=w2048-h1536-k-no,,"A low-key local spot on Siargao Island, Jmalls Island Tourist Inn keeps a modest online footprint. It currently sits at 3.7 across 40 reviews. Honest read: reviews are mixed (around 3.7), so set expectations accordingly. Best for: travelers exploring this corner of Siargao.",10.0096897,125.5733693,https://www.google.com/maps/place/Jmalls+Island+Tourist+Inn/data=!4m11!3m10!1s0x3306b70048b581eb:0xccf7d0cec9c6b668!5m3!1s2026-10-31!4m1!1i2!8m2!3d10.0096897!4d125.5733693!16s%2Fg%2F11ffv2zwhb!19sChIJ64G1SAC3BjMRaLbGyc7Q98w?authuser=0&hl=en&rclk=1,"hotels in Siargao, Siargao & Surigao, Philippines",Siargao
Rose Pink Lodge,5.0,(1),,,,https://www.facebook.com/PDITC,,"2HGX+5CX, San Jose, Dinagat Islands",,https://lh3.googleusercontent.com/gps-cs-s/APNQkAGgAMMA6T4UKv1-S44IWeKlkCJPhEa73XKGyHrTdLmq0ZtY8P8gCcvsnA7igiYqSiSrgTQfIf0xyfwWGCnIlA0jJyzDBYY_7QL1TMQiFJeMtZMNA_vlRxy5WKLWQ_zWnjuBvwEk=w2048-h1536-k-no,,"A low-key local spot on Siargao Island, Rose Pink Lodge keeps a modest online footprint. It currently sits at 5.0 across 1 review. Honest read: only a handful of reviews so far, but early feedback leans positive. Best for: travelers exploring this corner of Siargao.",10.0254969,125.5986093,https://www.google.com/maps/place/Rose+Pink+Lodge/data=!4m11!3m10!1s0x3306b82555555555:0x1853558663a3b224!5m3!1s2026-10-31!4m1!1i2!8m2!3d10.0254969!4d125.5986093!16s%2Fg%2F11f3mbh1ks!19sChIJVVVVVSW4BjMRJLKjY4ZVUxg?authuser=0&hl=en&rclk=1,"hotels in Siargao, Siargao & Surigao, Philippines",Siargao
CM TOURIST INN,4.7,(3),,,,https://www.facebook.com/profile.php,,"W6WX+CG7, Pintuyan, Southern Leyte",,https://lh3.googleusercontent.com/gps-cs-s/APNQkAF4PwyTmvuQUjSEwKGwBEmmy0y75e19I3PyIMV2Lp1ztOUHcVlbORNwhyggwIvVjeWZOK2Gd7Fo7xnVG7lD0WARXpzZtSsi655RtRLRS6rz4a3g8AmEUNfl8JhSKBx2EsISaluGQYNBaGRC=w2048-h1536-k-no,,"A low-key local spot on Siargao Island, CM TOURIST INN keeps a modest online footprint. It currently sits at 4.7 across 3 reviews. Honest read: only a handful of reviews so far, but early feedback leans positive. Best for: travelers exploring this corner of Siargao.",9.9460799,125.2487443,https://www.google.com/maps/place/CM+TOURIST+INN/data=!4m11!3m10!1s0x3306d500326b73c9:0xf0887c8ecbe25eed!5m3!1s2026-10-31!4m1!1i2!8m2!3d9.9460799!4d125.2487443!16s%2Fg%2F11yj47b5mx!19sChIJyXNrMgDVBjMR7V7iy458iPA?authuser=0&hl=en&rclk=1,"hotels in Siargao, Siargao & Surigao, Philippines",Siargao
La Guerta Lodging House - Uno,3.8,(23),09950028643,https://wa.me/09950028643,,https://www.facebook.com/LaGuertaLodgingHouseUnoAndDos,,"F. Castañares Sr. St, Pintuyan, 6614 Southern Leyte",,https://lh3.googleusercontent.com/gps-cs-s/APNQkAHxtVmHP7E4QEU9I_8hYpmL_rkcxl-DZayEFMPMGpFNBbVZK3SmHvPuOaoaFYmlbqVKPYfbqXLQNEKfOfNvK4FK1My6Kc-obEoI0PY1wbayIIFFq0lOGPF_amvPx7OVhMyVJjo=w2048-h1536-k-no,"Free Wi-Fi, Breakfast, Air-conditioned, Pool, Fitness center, Free parking, Airport shuttle, Pet-friendly, Accessible","A low-key local spot on Siargao Island, La Guerta Lodging House - Uno keeps a modest online footprint. It currently sits at 3.8 across 23 reviews. Honest read: a solid-not-spectacular 3.8 rating, dependable rather than dazzling. Amenities include free wi-fi, breakfast, air-conditioned, pool. Best for: travelers exploring this corner of Siargao.",9.9441419,125.2491927,https://www.google.com/maps/place/La+Guerta+Lodging+House+-+Uno/data=!4m11!3m10!1s0x3306d507933c2e2d:0x180d9cd1caa22a9!5m3!1s2026-10-31!4m1!1i2!8m2!3d9.9441419!4d125.2491927!16s%2Fg%2F11dx8m8n97!19sChIJLS48kwfVBjMRqSKqHM3ZgAE?authuser=0&hl=en&rclk=1,"hotels in Siargao, Siargao & Surigao, Philippines",Siargao
La - Guerta Lodging House - Tres,4.3,(4),09950028643,https://wa.me/09950028643,,https://www.facebook.com/LaGuertaLodgingHouseUnoAndDos,,"Brgy Eastern Nautical Hwy, Pintuyan, Southern Leyte",,https://lh3.googleusercontent.com/gps-cs-s/APNQkAF1ibVOeqv2eVCqrtmZkgZYlQocDSZJz_cmZfmoejrEVT3WH9ZnaKbfr_r32A7B8ZnvsgBZRaggFbpGCiSPb8Zo6htkqrbcSD5oGvTlCoV0IFkgIGpLSrTFw0HzRHSXHLM6ES3x=w2048-h1536-k-no,Kitchen,"A low-key local spot on Siargao Island, La - Guerta Lodging House - Tres keeps a modest online footprint. It currently sits at 4.3 across 4 reviews. Honest read: only a handful of reviews so far, but early feedback leans positive. Amenities include kitchen. Best for: travelers exploring this corner of Siargao.",9.9415243,125.2525834,https://www.google.com/maps/place/La+-+Guerta+Lodging+House+-+Tres/data=!4m11!3m10!1s0x3306d5a5645da0d1:0x960c92ee843dae7b!5m3!1s2026-10-31!4m1!1i2!8m2!3d9.9415243!4d125.2525834!16s%2Fg%2F11lfpy5tbm!19sChIJ0aBdZKXVBjMRe649hO6SDJY?authuser=0&hl=en&rclk=1,"hotels in Siargao, Siargao & Surigao, Philippines",Siargao
Jannex Pensionne,4.0,(75),09338551784,https://wa.me/09338551784,,https://www.facebook.com/JannexPensionne,,"Jose Sering Rd, Surigao, 8400 Surigao del Norte",https://www.facebook.com/JannexPensionne/,https://lh3.googleusercontent.com/gps-cs-s/APNQkAHvMG3Y3lHLcDNH-TAMjnuNFgaxK7R970vIG8UbzrztE1-v5Q1pm09sli9V2ab19MrbBVhiZwjnB3iV-OGmys1gcrgpv84_QGmLzKX1yS-E3Oayf8fUz7IRXCZc96SWRBR1Aww=w2048-h1536-k-no,"Free Wi-Fi, Air-conditioned, Pool, Fitness center, Free parking, Airport shuttle, Pet-friendly, Kid-friendly","A low-key local spot on Siargao Island, Jannex Pensionne keeps a modest online footprint. It currently sits at 4.0 across 75 reviews. Honest read: a solid-not-spectacular 4.0 rating, dependable rather than dazzling. Amenities include free wi-fi, air-conditioned, pool, fitness center. Best for: travelers exploring this corner of Siargao.",9.7856138,125.4919234,https://www.google.com/maps/place/Jannex+Pensionne/data=!4m11!3m10!1s0x330136b8ff266643:0x998c9b3eba8f2028!5m3!1s2026-10-31!4m1!1i2!8m2!3d9.7856138!4d125.4919234!16s%2Fg%2F11c0x_j8lz!19sChIJQ2Ym_7g2ATMRKCCPuj6bjJk?authuser=0&hl=en&rclk=1,"hotels in Siargao, Siargao & Surigao, Philippines",Siargao
Freedom Society,4.7,(22),09082977532,https://wa.me/09082977532,,,,"National rd, San Isidro, 8421 Surigao del Norte",,https://lh3.googleusercontent.com/gps-cs-s/APNQkAE047XeP9zlZm7oC-5cbHGHao3aDfeTHtTApnIX2CGRlXQXeRT6r3cG-j7Nq0EISyR0knAG9tDhavfYgNUk_BWRyDFTT82OuIaCnNVsNISh5pZy6o_mW64l_2IoH3ylFURU343a=w2048-h1536-k-no,Free parking,"A low-key local spot on Siargao Island, Freedom Society keeps a modest online footprint. It currently sits at 4.7 across 22 reviews. Amenities include free parking. It sits among the many small, locally-run spots that give Siargao its laid-back character. Best for: travelers exploring this corner of Siargao.",9.9387287,126.0946278,https://www.google.com/maps/place/Freedom+Society/data=!4m11!3m10!1s0x33040f55f6ad5101:0x84e0d4065ae357ed!5m3!1s2026-10-31!4m1!1i2!8m2!3d9.9387287!4d126.0946278!16s%2Fg%2F11fns4vkvz!19sChIJAVGt9lUPBDMR7VfjWgbU4IQ?authuser=0&hl=en&rclk=1,"resorts in Siargao, Siargao & Surigao, Philippines",Siargao
Paasaw Living Siargao,5.0,(5),,,https://www.instagram.com/paasawlivingsiargao,https://www.facebook.com/paasawcottage,,"R4VR+RCF, Santa Fe, General Luna, Surigao del Norte",,https://lh3.googleusercontent.com/gps-cs-s/APNQkAE9APJpr_iqc4u4l-w9ucsza_85icYh-rYB50rVORCZSwJFr6yC7xK1sNv9QDK8NVUNYUt0LsZT2s19VAoPi7vh3a_FP9qMTpPH_fodx9WLTHtqUvSnzdoC22mSwfhyPkNR9KDcFA=w2048-h1536-k-no,Kitchen,"A low-key local spot on Siargao Island, Paasaw Living Siargao keeps a modest online footprint. It currently sits at 5.0 across 5 reviews. Honest read: only a handful of reviews so far, but early feedback leans positive. Amenities include kitchen. Best for: travelers exploring this corner of Siargao.",9.8445593,126.1410521,https://www.google.com/maps/place/Paasaw+Living+Siargao/data=!4m11!3m10!1s0x330409005819726f:0xeed57e5be037356a!5m3!1s2026-10-31!4m1!1i2!8m2!3d9.8445593!4d126.1410521!16s%2Fg%2F11whz7164j!19sChIJb3IZWAAJBDMRajU34Ft-1e4?authuser=0&hl=en&rclk=1,"resorts in Siargao, Siargao & Surigao, Philippines",Siargao
Surfing Temple,4.5,(158),09684402027,https://wa.me/09684402027,,https://www.facebook.com/surfingtemple,,"Siargao Island, Catangnan 9.8091882, 126.1615678, Siargao, Surigao del Norte",https://www.google.com/aclk?sa=L&ai=DChsSEwjRvY7nifuUAxWrnKYDHTvrBEsYACICCAEQAhoCdGI&co=1&ase=2&gclid=CjwKCAjw857RBhAgEiwAI-1yKKXYA6lZfNKgvV2P6caf8qARPUAju5o9eQNmJ9QC08HlENvYQMrZ_hoCuncQAvD_BwE&cid=CAESpgLg9qphGTKa6gjOzVG0h7fFqlDH5r4jxFT_LDnAK8gxM1k920SL3N2PLoYMQGt3Rs_AaoP7i6x4QiT8Ydg3E3CB-vN3jVcP8IjBnZnabzSfJ8wt4yj9Gzg8tDu6uzei4y7s8WqVevypNnyUjCcyGwsj977L2Frlx63N8Mr9tfjVl0xw6p6r9kVuHQnenqzxTAAs-fMT9du578IKkQXOSBgjJ1LKddlgt6BKkxYjP6uCcehSGbwzDXKVWMj8aTfFUO16ErFpPFPatngOMi26Y1ncybwB2z19hBH1PlyymEVLer3p70C8MGYquTtX6bQdWXxxU1fBvvUNg0taP6_1-Ted3xTg2iykRbhcIKlIc7ZAHNvSaMvn3Q_EKD6LrUGetFDWzQ4nXn8&cce=2&category=acrcp_v1_32&sig=AOD64_3EdpP7TcIcJDFeHUjWjl2Lkha9Aw&adurl=&nis=5,https://lh3.googleusercontent.com/gps-cs-s/APNQkAGlbZLYp5WFnYA-5-gr6s2dr2O5yuIc_MNawVaYE1Yj8WE0Rg7TY8apZGelOTrvTcQkXCDL4eKeOJY4opMwDPjbKLbemFbyP7RDqIpEO3qbQS57Kyrt8fR1aqdvMU4729vaX_LA=w2048-h1536-k-no,"Free Wi-Fi, Free breakfast, Air-conditioned, Pool, Outdoor pool, Fitness center, Free parking, Airport shuttle, Pet-friendly, Restaurant, Bar, Room service, Laundry service, Laundry, Accessible","A well-regarded spot on Siargao Island, Surfing Temple carries a strong 4.5 rating from 158 reviews. Consistently positive feedback marks it as a dependable local pick. Amenities include free wi-fi, free breakfast, air-conditioned, pool. Best for: travelers exploring this corner of Siargao.",9.809202,126.161589,https://www.google.com/maps/place/Surfing+Temple/data=!4m11!3m10!1s0x330409eeeb98f4b9:0x3f83e19ee9cdcecd!5m3!1s2026-10-31!4m1!1i2!8m2!3d9.809202!4d126.161589!16s%2Fg%2F11kkc502vl!19sChIJufSY6-4JBDMRzc7N6Z7hgz8?authuser=0&hl=en&rclk=1,"bed and breakfast in Siargao, Siargao & Surigao, Philippines",Siargao
Coleto Siargao,4.4,(61),09177919137,https://wa.me/09177919137,,https://www.facebook.com/coletosiargao,,"Barangay Pacifico Rd, San Isidro, 8421 Surigao del Norte",,https://lh3.googleusercontent.com/gps-cs-s/APNQkAG87yQkp91b-wmQk9x6Feh8kilcPCbPfECvJzRjJD5HJHd0vBdZ_0_eaODvCIdp5iFP5gS5PtONz23V2hAQnFGzgyygLrKt4vGm1D0yriSvu4sXAHLeUQx5Pev1GVmiWMbELU-qxCf37ilS=w2048-h1536-k-no,Free parking,"A low-key local spot on Siargao Island, Coleto Siargao keeps a modest online footprint. It currently sits at 4.4 across 61 reviews. Amenities include free parking. It sits among the many small, locally-run spots that give Siargao its laid-back character. Best for: travelers exploring this corner of Siargao.",9.9447685,126.1020868,https://www.google.com/maps/place/Coleto+Siargao/data=!4m11!3m10!1s0x33040fe4e6e1377d:0x9fe672bb7db95c2f!5m3!1s2026-10-31!4m1!1i2!8m2!3d9.9447685!4d126.1020868!16s%2Fg%2F11s48f1tjw!19sChIJfTfh5uQPBDMRL1y5fbty5p8?authuser=0&hl=en&rclk=1,"bed and breakfast in Siargao, Siargao & Surigao, Philippines",Siargao
Mangrove Breeze Country Inn by RedDoorz,4.0,(1),0282487369,https://wa.me/0282487369,https://www.instagram.com/reddoorzph/,https://www.facebook.com/reddoorzph/,,"Del Carmen, Surigao del Norte",https://www.reddoorz.com/en-ph/hotel/philippines/surigao-del-norte/del-carmen/del-carmen/mangrove-breeze-country-inn-by-reddoorz?utm_campaign=webclick&utm_medium=mybusiness&utm_source=google,https://lh3.googleusercontent.com/gps-cs-s/APNQkAG8l_4uS1M7YKiPUVOVo-vmHK5OYBbtPn7AD-p5wQlVldTm7bIjpmU4vpP0w32NGOQUfdjj9GkCbLH0Mx7GmSDBb56-Rj31sX7j2malTXtxxHwmUVDz0Neibc7QH-PC2qyrTfjmVAZOSS4r=w2048-h1536-k-no,,"A low-key local spot on Siargao Island, Mangrove Breeze Country Inn by RedDoorz keeps a modest online footprint. It currently sits at 4.0 across 1 review. Honest read: only a handful of reviews so far, but early feedback leans positive. Best for: travelers exploring this corner of Siargao.",9.8695113,125.9712297,https://www.google.com/maps/place/Mangrove+Breeze+Country+Inn+by+RedDoorz/data=!4m11!3m10!1s0x330401717c94e20b:0xf75112794e2a4a51!5m3!1s2026-10-31!4m1!1i2!8m2!3d9.8695113!4d125.9712297!16s%2Fg%2F11h7t2z8tf!19sChIJC-KUfHEBBDMRUUoqTnkSUfc?authuser=0&hl=en&rclk=1,"bed and breakfast in Siargao, Siargao & Surigao, Philippines",Siargao
Nog's Homestay,4.6,(23),09084131966,https://wa.me/09084131966,,https://www.facebook.com/people,,"Blk 2, Brgy Pilaring Pilar, Siargao Island, 8420 Surigao del Norte",,https://lh3.googleusercontent.com/gps-cs-s/APNQkAEGyrJ0-6WB7EC5Hbef93uQC-1z6_UUIgCrQponqVRkYODNhVUpEk8a5isZVLBtkLK0Dov_sx4zYQ7A_WrRHvetQDuoJvwKDIi9darNQR1zfpZTijP8K56gXe0N7AWQ963tPTz6sE295LcW=w2048-h1536-k-no,"Free Wi-Fi, Kitchen","A low-key local spot on Siargao Island, Nog's Homestay keeps a modest online footprint. It currently sits at 4.6 across 23 reviews. Amenities include free wi-fi, kitchen. It sits among the many small, locally-run spots that give Siargao its laid-back character. Best for: travelers exploring this corner of Siargao.",9.8654827,126.1021662,https://www.google.com/maps/place/Nog%27s+Homestay/data=!4m11!3m10!1s0x3304098946c7c613:0x6d97775a64cac0!5m3!1s2026-10-31!4m1!1i2!8m2!3d9.8654827!4d126.1021662!16s%2Fg%2F11v66g2d11!19sChIJE8bHRokJBDMRwMpkWneXbQA?authuser=0&hl=en&rclk=1,"bed and breakfast in Siargao, Siargao & Surigao, Philippines",Siargao
Islandersville Pension House 2.0,4.0,(75),09383376940,https://wa.me/09383376940,,https://www.facebook.com/profile.php,,"Burgos Street, Cor Nueva Street, Dapa, 8417 Surigao del Norte",https://www.facebook.com/profile.php?id=61570807986835,https://lh3.googleusercontent.com/gps-cs-s/APNQkAFoF4cUx5F4nPnlAd_-aZHZik2YwG1B-SfYar5KkkjvVKVeZKtSTL2M0q60FS5Ef7TGimcejBIhBUoXPylh2dllkdbnCNZgz8QlXYO9ufBcXWt7PFy1kSjtTX4xNqOC2-GQQN1t=w2048-h1536-k-no,,"A low-key local spot on Siargao Island, Islandersville Pension House 2.0 keeps a modest online footprint. It currently sits at 4.0 across 75 reviews. Honest read: a solid-not-spectacular 4.0 rating, dependable rather than dazzling. Best for: travelers exploring this corner of Siargao.",9.758498,126.0498962,https://www.google.com/maps/place/Islandersville+Pension+House+2.0/data=!4m11!3m10!1s0x3303f90ff1ec479d:0x95e8a70b548ac4f9!5m3!1s2026-10-31!4m1!1i2!8m2!3d9.758498!4d126.0498962!16s%2Fg%2F11p76kjz6n!19sChIJnUfs8Q_5AzMR-cSKVAun6JU?authuser=0&hl=en&rclk=1,"bed and breakfast in Siargao, Siargao & Surigao, Philippines",Siargao
IAO Boutique Hotel,4.1,(28),09618330468,https://wa.me/09618330468,,https://www.facebook.com/profile.php,,"Sto. Nino Street, Barangay 9, Dapa, 8417 Surigao del Norte",,https://lh3.googleusercontent.com/proxy/Xiz7JjFG9EHeiXdFiZvanVQqOlmvBvaDi-TzvQsU9soWfP7JZJ0oAYDOvIZ0DRITPhqwB-rmqgzWYQmrihWHoyov6y2Vpum-rgz6QvmMqltxDUn4DH3mZFr9S03m_xARPbw7T34HVSA-Lz6YEszlhR64SxHK0Q=w2048-h1536-k-no,"Free Wi-Fi, Breakfast, Air-conditioned, Pool, Fitness center, Free parking, Airport shuttle, Pet-friendly, Accessible","A low-key local spot on Siargao Island, IAO Boutique Hotel keeps a modest online footprint. It currently sits at 4.1 across 28 reviews. Honest read: a solid-not-spectacular 4.1 rating, dependable rather than dazzling. Amenities include free wi-fi, breakfast, air-conditioned, pool. Best for: travelers exploring this corner of Siargao.",9.7575332,126.0514116,https://www.google.com/maps/place/IAO+Boutique+Hotel/data=!4m11!3m10!1s0x3303f9bc19cc8f01:0x99dec118c9ee7919!5m3!1s2026-10-31!4m1!1i2!8m2!3d9.7575332!4d126.0514116!16s%2Fg%2F11w3_9fxpx!19sChIJAY_MGbz5AzMRGXnuyRjB3pk?authuser=0&hl=en&rclk=1,"bed and breakfast in Siargao, Siargao & Surigao, Philippines",Siargao
CRIS & MAR HOMESTAY,4.3,(36),09167234818,https://wa.me/09167234818,,https://www.facebook.com/p,,"BRGY, Bitaug, Burgos, 8424 Surigao del Norte",,https://lh3.googleusercontent.com/gps-cs-s/APNQkAEy4L2QcRxSK3JI95SrZezVthXbxDuQQCwYya5KLpaBwsCeV_TrmADTbOpExgH--AP58XlbgUcIDUfeq0nmWgQ7PS4DhgOB6rNvTUKAG7EyspFR009FXAhoxZffNdjA-Tbjh61fw461pmie=w2048-h1536-k-no,Free parking,"A low-key local spot on Siargao Island, CRIS & MAR HOMESTAY keeps a modest online footprint. It currently sits at 4.3 across 36 reviews. Amenities include free parking. It sits among the many small, locally-run spots that give Siargao its laid-back character. Best for: travelers exploring this corner of Siargao.",10.0260839,126.0693971,https://www.google.com/maps/place/CRIS+%26+MAR+HOMESTAY/data=!4m11!3m10!1s0x33041b1c8798ad91:0xbc8b2f4413d310d6!5m3!1s2026-10-31!4m1!1i2!8m2!3d10.0260839!4d126.0693971!16s%2Fg%2F11j23sf8_2!19sChIJka2YhxwbBDMR1hDTE0Qvi7w?authuser=0&hl=en&rclk=1,"bed and breakfast in Siargao, Siargao & Surigao, Philippines",Siargao
RedDoorz @ Kopinos Tourist Inn Hotel,4.0,(3),0282487369,https://wa.me/0282487369,https://www.instagram.com/reddoorzph/,https://www.facebook.com/reddoorzph/,,"VX9C+XH4, Del Carmen, 8418 Surigao del Norte",https://www.reddoorz.com/en-ph/hotel/philippines/surigao-del-norte/del-carmen/del-carmen/reddoorz-kopinos-tourist-inn-hotel?utm_campaign=webclick&utm_medium=mybusiness&utm_source=google,https://lh3.googleusercontent.com/gps-cs-s/APNQkAEO0HYG4J-FQX_GBjFsDtE6WDWkwXhZ8Kic4tJxh8pTkJCixhWg8LXZJbSYhyqRWna95A90C3-YvXNpA77rEQqTMNNLo913FVOiEw4BiGiwdHTyP_OD27CXfjNayAMrHaoFAC7S0e_sQto=w2048-h1536-k-no,,"A low-key local spot on Siargao Island, RedDoorz @ Kopinos Tourist Inn Hotel keeps a modest online footprint. It currently sits at 4.0 across 3 reviews. Honest read: only a handful of reviews so far, but early feedback leans positive. Best for: travelers exploring this corner of Siargao.",9.8698776,125.9714717,https://www.google.com/maps/place/RedDoorz+@+Kopinos+Tourist+Inn+Hotel/data=!4m11!3m10!1s0x3304010177a0d40f:0xcc62320e5acc293d!5m3!1s2026-10-31!4m1!1i2!8m2!3d9.8698776!4d125.9714717!16s%2Fg%2F11sryg237s!19sChIJD9SgdwEBBDMRPSnMWg4yYsw?authuser=0&hl=en&rclk=1,"bed and breakfast in Siargao, Siargao & Surigao, Philippines",Siargao
Querencia Siargao,4.8,(4),,,,https://www.facebook.com/querenciasiargao,,"X2FF+P5, San Benito, Surigao del Norte",,https://lh3.googleusercontent.com/gps-cs-s/APNQkAFNgcFpeFpPm-qHZsN0AyH_fJPsFCk1al_nWOvhWsoyUgik7WoKnEvrtSdYrkW8zcgNFr_1mAvN7SAVLOUe_lQHAI69yFeMelNgOTFmwZydHXuQ-zlNc8rQhyoHq0KHPyzhfrgZRZ5gkkvT=w2048-h1536-k-no,,"A low-key local spot on Siargao Island, Querencia Siargao keeps a modest online footprint. It currently sits at 4.8 across 4 reviews. Honest read: only a handful of reviews so far, but early feedback leans positive. Best for: travelers exploring this corner of Siargao.",9.9743246,126.0229354,https://www.google.com/maps/place/Querencia+Siargao/data=!4m11!3m10!1s0x33041b047d34805f:0x2e57389af25e5ed8!5m3!1s2026-10-31!4m1!1i2!8m2!3d9.9743246!4d126.0229354!16s%2Fg%2F11twhg3xl3!19sChIJX4A0fQQbBDMR2F5e8po4Vy4?authuser=0&hl=en&rclk=1,"bed and breakfast in Siargao, Siargao & Surigao, Philippines",Siargao
Izustarri,4.8,(156),09565861455,https://wa.me/09565861455,http://instagram.com/izustarri_siargao,http://facebook.com/izustarri,,"Siargao Circumferential Rd, Somyot, Burgos, Surigao del Norte",http://www.izustarri.com/,https://lh3.googleusercontent.com/gps-cs-s/APNQkAGyvWLwvCcMu1RxY8cs47rBG3ogcF8IGDshyIbDhv7fQZz2I3qUXLUdH7l15v7ttukWAjGobgvHLNbOzIlWvirzxMC4cvs5BXhgRKf6RWEqil7jEYdCCgNRJRtNch04w9HrcrPmHA=w2048-h1536-k-no,"Free Wi-Fi, Free breakfast, Air-conditioned, Pool, Fitness center, Free parking, Airport shuttle, Pet-friendly, Restaurant, Bar, Room service, Laundry service, Laundry, Accessible","A well-regarded spot on Siargao Island, Izustarri carries a strong 4.8 rating from 156 reviews. Consistently positive feedback marks it as a dependable local pick. Amenities include free wi-fi, free breakfast, air-conditioned, pool. Best for: travelers exploring this corner of Siargao.",10.0041608,126.0832673,https://www.google.com/maps/place/Izustarri/data=!4m11!3m10!1s0x33041b8c6ff51c75:0x277a7886f76edd77!5m3!1s2026-10-31!4m1!1i2!8m2!3d10.0041608!4d126.0832673!16s%2Fg%2F11n74z3pjz!19sChIJdRz1b4wbBDMRd91u94Z4eic?authuser=0&hl=en&rclk=1,"bed and breakfast in Siargao, Siargao & Surigao, Philippines",Siargao
Estefania Homestay,4.2,(5),,,,https://www.facebook.com/EpiphanyRGCS,,"22CP+7HR, Santa Monica (Sapao), Surigao del Norte",,https://lh3.googleusercontent.com/gps-cs-s/APNQkAFZGGCbhtCVt2K7Z8IzcysdPe7Zrh8liwVsbPGiEu9SO8Sxmpsn4ooyrOcaCezhgLafjF1Mi_t3VaL6dlvCOm74XwjhYNcH7aw0pS5F-RpWVSXohESsDmMWmfq0QEobnbrdp1Sbsg=w2048-h1536-k-no,,"A low-key local spot on Siargao Island, Estefania Homestay keeps a modest online footprint. It currently sits at 4.2 across 5 reviews. Honest read: only a handful of reviews so far, but early feedback leans positive. Best for: travelers exploring this corner of Siargao.",10.020422,126.037108,https://www.google.com/maps/place/Estefania+Homestay/data=!4m11!3m10!1s0x33041b00038765af:0xc6c0675054750390!5m3!1s2026-10-31!4m1!1i2!8m2!3d10.020422!4d126.037108!16s%2Fg%2F11x77nx2dt!19sChIJr2WHAwAbBDMRkAN1VFBnwMY?authuser=0&hl=en&rclk=1,"bed and breakfast in Siargao, Siargao & Surigao, Philippines",Siargao
Bakhaw Bed and Breakfast,3.6,(45),,,,https://www.facebook.com/BakhawHotel,,"Del Carmen, Surigao del Norte",http://www.bakhawhotel.com/,https://lh3.googleusercontent.com/gps-cs-s/APNQkAFNC2qiL2-mRRdxkb7Rmy3rFyJQxIFC7hw15U8K6lRrJlQeCwKhMyem4DNb3ArhVZLa41FRoZtNp7ej5eL1-jdZCub1F5vqdCl1qlqI4Io5O61vpKITxxkUWvHSzvxHFlLUVHgE=w2048-h1536-k-no,"Wi-Fi, Breakfast, Pool, Fitness center, Airport shuttle, Pet-friendly, Restaurant, Laundry service, Laundry, Kid-friendly","A low-key local spot on Siargao Island, Bakhaw Bed and Breakfast keeps a modest online footprint. It currently sits at 3.6 across 45 reviews. Honest read: reviews are mixed (around 3.6), so set expectations accordingly. Amenities include wi-fi, breakfast, pool, fitness center. Best for: travelers exploring this corner of Siargao.",9.8570548,126.0177957,https://www.google.com/maps/place/Bakhaw+Bed+and+Breakfast/data=!4m11!3m10!1s0x330406dbef0bfc1d:0x3728e11c5e1250b!5m3!1s2026-10-31!4m1!1i2!8m2!3d9.8570548!4d126.0177957!16s%2Fg%2F11h03dmx3!19sChIJHfwL79sGBDMRCyXhxRGOcgM?authuser=0&hl=en&rclk=1,"bed and breakfast in Siargao, Siargao & Surigao, Philippines",Siargao
Mariden Resort & Homestay Siargao,4.8,(54),09123435456,https://wa.me/09123435456,,https://www.facebook.com/MaridenResort,,"Tuburan Road, Lobogon, Del Carmen, 8418 Surigao del Norte",https://www.maridenresort.com/,https://lh3.googleusercontent.com/gps-cs-s/APNQkAFKB4d04nqkPeROx8hpxOK1vmgHS_UX_9K_xX3ZrjanWuYhBjP7Xc1LbSdxpgmnnyQVHDzPg64wzK9FJJiACHoOVuaJTTLZR2LbKl37n0K9lwwTlt8oK5R2sQW_h8POYuFaROopfkPIacI=w2048-h1536-k-no,"Free Wi-Fi, Breakfast, Air-conditioned, Pool, Outdoor pool, Fitness center, Free parking, Airport shuttle, Pet-friendly, Smoke-free, Restaurant, Room service, Laundry service, Laundry, Business center, Accessible","A low-key local spot on Siargao Island, Mariden Resort & Homestay Siargao keeps a modest online footprint. It currently sits at 4.8 across 54 reviews. Amenities include free wi-fi, breakfast, air-conditioned, pool. Best for: travelers exploring this corner of Siargao.",9.836987,126.0190938,https://www.google.com/maps/place/Mariden+Resort+%26+Homestay+Siargao/data=!4m11!3m10!1s0x33040736f599bac5:0x70bea7816c6e4dff!5m3!1s2026-10-31!4m1!1i2!8m2!3d9.836987!4d126.0190938!16s%2Fg%2F11s55sbb6f!19sChIJxbqZ9TYHBDMR_01ubIGnvnA?authuser=0&hl=en&rclk=1,"bed and breakfast in Siargao, Siargao & Surigao, Philippines",Siargao
Pacifico River House,4.7,(18),,,,,,"W3PV+9Q9, San Isidro, Surigao del Norte",,https://lh3.googleusercontent.com/gps-cs-s/APNQkAGMOHyT4WbhI5cnd1BLgLgyL5dTxkPUh6dofHVFFSkjiv7PN8ymRSyPoxhd1fJkuVwA-wWsLyktagXjVL2bN1Wd6_R4x4SJ19K2k1uGyROyptbhbxr5vzwv_7s3jdv9_KXB86Tl7A=w2048-h1536-k-no,"Wi-Fi, Pool, Fitness center, Free parking, Kid-friendly","A low-key local spot on Siargao Island, Pacifico River House keeps a modest online footprint. It currently sits at 4.7 across 18 reviews. Amenities include wi-fi, pool, fitness center, free parking. Best for: travelers exploring this corner of Siargao.",9.9359051,126.0944924,https://www.google.com/maps/place/Pacifico+River+House/data=!4m11!3m10!1s0x33040f8b54644d73:0x2fa128a5f2432be6!5m3!1s2026-10-31!4m1!1i2!8m2!3d9.9359051!4d126.0944924!16s%2Fg%2F11f3ztn6mn!19sChIJc01kVIsPBDMR5itD8qUooS8?authuser=0&hl=en&rclk=1,"bed and breakfast in Siargao, Siargao & Surigao, Philippines",Siargao
ZM Residence Siargao,4.6,(18),09474126537,https://wa.me/09474126537,,https://www.facebook.com/zmresidencesiargao,,"Lopez Jaena St, Brgy. 5, Dapa, 8417 Surigao del Norte",https://www.facebook.com/zmresidencesiargao/,https://lh3.googleusercontent.com/gps-cs-s/APNQkAHjUdYKjRaTgzDNznyRsDRe3k-Wc0Kl6DvQ-Id2TiYI1eKMrZYpK8Yx2j8E5P_Nbxj-1i2X3a8npqThKwwxv9Ntx2D9i4QqcyB2U8rFZlHwB7otg8tc20YwYvIyH5xfAXVyX8j4lDB262oP=w2048-h1536-k-no,"Free Wi-Fi, Breakfast, Air-conditioned, Pool, Fitness center, Free parking, Airport shuttle, Pet-friendly, Smoke-free, Kitchen, Accessible","A low-key local spot on Siargao Island, ZM Residence Siargao keeps a modest online footprint. It currently sits at 4.6 across 18 reviews. Amenities include free wi-fi, breakfast, air-conditioned, pool. Best for: travelers exploring this corner of Siargao.",9.7592343,126.0523731,https://www.google.com/maps/place/ZM+Residence+Siargao/data=!4m11!3m10!1s0x3303f9619e964e61:0x5bab32c5e1614861!5m3!1s2026-10-31!4m1!1i2!8m2!3d9.7592343!4d126.0523731!16s%2Fg%2F11tn3vxtcy!19sChIJYU6WnmH5AzMRYUhh4cUyq1s?authuser=0&hl=en&rclk=1,"bed and breakfast in Siargao, Siargao & Surigao, Philippines",Siargao
Kalani River Villas,4.8,(18),,,https://www.instagram.com/kalanisiargao,https://www.facebook.com/people,,"R4H8+MHC, Santa Cruz, General Luna, Surigao del Norte",https://www.instagram.com/kalanisiargao?igsh=MWE5djJwcGo2aG5tcg==,https://lh3.googleusercontent.com/gps-cs-s/APNQkAElzsxRsxrDXq0tzUDHP-MxlNjrDoEx-lDaGf_rxvFxiFmpNhIWbYVWTg2y21F_zYu4cM2-FAiyuSiJ0hiTKCCO7VxF1Vw_ksVBhKSF4MosqpuSTtC7r4Fh4H3Zf3Uqu65Kms8=w2048-h1536-k-no,,"A low-key local spot on Siargao Island, Kalani River Villas keeps a modest online footprint. It currently sits at 4.8 across 18 reviews. It sits among the many small, locally-run spots that give Siargao its laid-back character. Best for: travelers exploring this corner of Siargao.",9.8291805,126.1163772,https://www.google.com/maps/place/Kalani+River+Villas/data=!4m11!3m10!1s0x330409002fb305ed:0xcc07d66cefd7875b!5m3!1s2026-10-31!4m1!1i2!8m2!3d9.8291805!4d126.1163772!16s%2Fg%2F11wbgr99_v!19sChIJ7QWzLwAJBDMRW4fX72zWB8w?authuser=0&hl=en&rclk=1,"bed and breakfast in Siargao, Siargao & Surigao, Philippines",Siargao
Byahero siargao,4.8,(6),,,https://www.instagram.com/byahero_siargao,https://www.facebook.com/100057268937687,,"Q33R+57C, Union Rd, Dapa, Surigao del Norte",,https://lh3.googleusercontent.com/gps-cs-s/APNQkAHQEiK1OFOTZY3cVZxaWI4gw50Mh0C297_gAqvjUhMsGSq96kf3KzYEdhyiFID_nJ68-XNsLJVHnLc0oc4rJ5RSna2BtMyvX8LcEw_PFVQHdmA6V518ezfGaU47wXPsw60dIMPXpg=w2048-h1536-k-no,,"A low-key local spot on Siargao Island, Byahero siargao keeps a modest online footprint. It currently sits at 4.8 across 6 reviews. Honest read: only a handful of reviews so far, but early feedback leans positive. Best for: travelers exploring this corner of Siargao.",9.7529454,126.0906451,https://www.google.com/maps/place/Byahero+siargao/data=!4m11!3m10!1s0x3303f9285cb6b487:0x6458eb69d617af78!5m3!1s2026-10-31!4m1!1i2!8m2!3d9.7529454!4d126.0906451!16s%2Fg%2F11sb3grftw!19sChIJh7S2XCj5AzMReK8X1mnrWGQ?authuser=0&hl=en&rclk=1,"bed and breakfast in Siargao, Siargao & Surigao, Philippines",Siargao
La Résidence Siargao,4.5,(8),,,,https://www.facebook.com/journeyinnsiargao,,"Buyod, General Luna, 8419 Surigao del Norte",http://www.laresidencesiargao.com/,https://lh3.googleusercontent.com/gps-cs-s/APNQkAFtHLJU-wLuOSRYB3DXrb2ey0hatMELl8tA1bfcKUEBMRDtOAnA0PQ9cK6CKRm5UjXgjViwOxTejMdMHdACPdfaiDPBwurfYkwfM0LEHzb0a5inZO8rk1Zf7a7r7hfZ3BTHdI45nse4Njo=w2048-h1536-k-no,,"A low-key local spot on Siargao Island, La Résidence Siargao keeps a modest online footprint. It currently sits at 4.5 across 8 reviews. Honest read: only a handful of reviews so far, but early feedback leans positive. Best for: travelers exploring this corner of Siargao.",9.7921383,126.1386092,https://www.google.com/maps/place/La+R%C3%A9sidence+Siargao/data=!4m11!3m10!1s0x3303f7004ee9fc97:0x292d17a9882a839f!5m3!1s2026-10-31!4m1!1i2!8m2!3d9.7921383!4d126.1386092!16s%2Fg%2F11w54pplh3!19sChIJl_zpTgD3AzMRn4MqiKkXLSk?authuser=0&hl=en&rclk=1,"bed and breakfast in Siargao, Siargao & Surigao, Philippines",Siargao
Casa Felipe Guesthouse Siargao,5.0,(44),09524608648,https://wa.me/09524608648,http://www.instagram.com/casafelipe.siargao,https://www.facebook.com/people,Guest house,"Tourism Rd, General Luna, 8419 Surigao del Norte",http://www.instagram.com/casafelipe.siargao,https://lh3.googleusercontent.com/gps-cs-s/APNQkAFUicC_p10nLXaxgFwRV0UcL4C1gOsQ2_ugYZiRE8mN2PcTmWs2EHUTKRCcBwcQnCjYDZXngveTnpIKGsc-Awgo5DrvxJ8DCI0bdWKzC4yaGpv_VIyni0JBdTLjUnoTxNIwlLDp34f5qEc=w2048-h1536-k-no,Outdoor seating,"A small, locally-run place to stay on Siargao Island, Casa Felipe Guesthouse Siargao offers a homier alternative to the big resorts. It currently sits at 5.0 across 44 reviews. Amenities include outdoor seating. Best for: travelers after a homier, locally-run stay.",9.7865742,126.1566635,https://www.google.com/maps/place/Casa+Felipe+Guesthouse+Siargao/data=!4m7!3m6!1s0x3303f78591f9322f:0x739bc4809583f725!8m2!3d9.7865742!4d126.1566635!16s%2Fg%2F11z14djw0t!19sChIJLzL5kYX3AzMRJfeDlYDEm3M?authuser=0&hl=en&rclk=1,"guesthouses in Siargao, Siargao & Surigao, Philippines",Siargao
La Finca Boutique Hostel,4.9,(65),09670797086,https://wa.me/09670797086,,https://www.facebook.com/LaFincaSiargao,,"Barangay Pacifico Rd, San Isidro, 8421 Surigao del Norte",,https://lh3.googleusercontent.com/gps-cs-s/APNQkAFDm7ivssQ2DVcZavW4dRY6-aV_thD6SzZ45y8WlYAsvZUFFClttZuWPNqwrCP7yAAbUQlbMJGJCGRz6_kbQr_Zd2vew7-S1m8nA8dDyRNHCs8xJLO_fZwmvBIsBK63__CUtaSZ=w2048-h1536-k-no,"Wi-Fi, Air-conditioned, Pool, Fitness center, Free parking, Restaurant","A low-key local spot on Siargao Island, La Finca Boutique Hostel keeps a modest online footprint. It currently sits at 4.9 across 65 reviews. Amenities include wi-fi, air-conditioned, pool, fitness center. Best for: travelers exploring this corner of Siargao.",9.9492192,126.0988103,https://www.google.com/maps/place/La+Finca+Boutique+Hostel/data=!4m11!3m10!1s0x33040f9259152781:0x5477238280037da9!5m3!1s2026-10-31!4m1!1i2!8m2!3d9.9492192!4d126.0988103!16s%2Fg%2F11tc5kb__r!19sChIJgScVWZIPBDMRqX0DgIIjd1Q?authuser=0&hl=en&rclk=1,"guesthouses in Siargao, Siargao & Surigao, Philippines",Siargao
Weeroona Huts Homestay Pacifico,4.8,(32),09176378200,https://wa.me/09176378200,,https://www.facebook.com/profile.php,,"Purok 1 Barangay Pacifico Rd, San Isidro, 8421 Surigao del Norte",https://www.facebook.com/profile.php?id=100076081065121&mibextid=ZbWKwL,https://lh3.googleusercontent.com/gps-cs-s/APNQkAHZoMdIfyDDZXV66CqDKZVfctSe1mlnXp7D-izoYwH75ebAO9n0bpVaa6SaY9mshnIXbvtYScjC-WFb5RvaaiMZQFfTQFt-5lRgRmVYdyK7JssdsdUiKApowO9XnSpRTb5Emowr=w2048-h1536-k-no,Free parking,"A low-key local spot on Siargao Island, Weeroona Huts Homestay Pacifico keeps a modest online footprint. It currently sits at 4.8 across 32 reviews. Amenities include free parking. It sits among the many small, locally-run spots that give Siargao its laid-back character. Best for: travelers exploring this corner of Siargao.",9.949481,126.0994632,https://www.google.com/maps/place/Weeroona+Huts+Homestay+Pacifico/data=!4m11!3m10!1s0x33040f4706b33035:0xe9e8faa55985d881!5m3!1s2026-10-31!4m1!1i2!8m2!3d9.949481!4d126.0994632!16s%2Fg%2F11scgdf3by!19sChIJNTCzBkcPBDMRgdiFWaX66Ok?authuser=0&hl=en&rclk=1,"guesthouses in Siargao, Siargao & Surigao, Philippines",Siargao
Mannaka Haven Hotel - Siargao,5.0,(1),,,,https://www.facebook.com/61557473312640,Hostel,"Poblacion 5, General Luna, 8419 Surigao del Norte",,https://lh3.googleusercontent.com/gps-cs-s/APNQkAFGCBBm_gJrJWbmbWYMUrfjpR1ywoIMamZLngT-2jQe2EkfJSBGJOYklVCFn6KdPn8M82jPH7DMDDC0lWqERXlkrCIJcw2n1amt6knpnDpz0e7X1LExSuagS4Iohy_WDBKKhe2eWldgk3Va=w2048-h1536-k-no,,"A small, locally-run place to stay on Siargao Island, Mannaka Haven Hotel - Siargao offers a homier alternative to the big resorts. It currently sits at 5.0 across 1 review. Honest read: only a handful of reviews so far, but early feedback leans positive. Best for: budget and social travelers wanting a friendly base.",9.7922164,126.1619032,https://www.google.com/maps/place/Mannaka+Haven+Hotel+-+Siargao/data=!4m7!3m6!1s0x3303f7df34c5e1d1:0xe2ef09b84e308c40!8m2!3d9.7922164!4d126.1619032!16s%2Fg%2F11njrxc7yd!19sChIJ0eHFNN_3AzMRQIwwTrgJ7-I?authuser=0&hl=en&rclk=1,"guesthouses in Siargao, Siargao & Surigao, Philippines",Siargao
RSK Beach and Accommodation,3.9,(18),09452399690,https://wa.me/09452399690,https://www.instagram.com/rskbeach,https://www.facebook.com/rskbeachsiargao,,"RSK Beach and Accommodation, Surigao, 8417 Surigao del Norte",https://rsk-siargao.my.canva.site/booking,https://lh3.googleusercontent.com/gps-cs-s/APNQkAHgp8Zk4IGsVgcLzV6XvOmvYq8Gdvc1ByXwXttVDwOHkbltdsvEuYWYiAnNnmy0Nzb3a7cfI2Uu_PrPoOafN_j9eRLfrIXQJI9oYPRRVga1j0mbrcyT2MkVuA0Vbmmc_-RtonI=w2048-h1536-k-no,"Free Wi-Fi, Breakfast, Air-conditioned, Pool, Fitness center, Free parking, Airport shuttle, Pet-friendly, Smoke-free, Restaurant, Beach access","A low-key local spot on Siargao Island, RSK Beach and Accommodation keeps a modest online footprint. It currently sits at 3.9 across 18 reviews. Amenities include free wi-fi, breakfast, air-conditioned, pool. Best for: travelers exploring this corner of Siargao.",9.7501851,126.075016,https://www.google.com/maps/place/RSK+Beach+and+Accommodation/data=!4m11!3m10!1s0x3303f9749e3906cb:0x2d823968411af670!5m3!1s2026-10-31!4m1!1i2!8m2!3d9.7501851!4d126.075016!16s%2Fg%2F11qqp1m8js!19sChIJywY5nnT5AzMRcPYaQWg5gi0?authuser=0&hl=en&rclk=1,"guesthouses in Siargao, Siargao & Surigao, Philippines",Siargao
RedDoorz @ Lao Singuan Homestay,4.4,(18),0282487369,https://wa.me/0282487369,https://www.instagram.com/reddoorzph/,https://www.facebook.com/reddoorzph/,,"VXF9+4J6, Del Carmen, 8418 Surigao del Norte",https://www.reddoorz.com/en-ph/hotel/philippines/surigao-del-norte/del-carmen/del-carmen/reddoorz-lao-singuan-homestay?utm_campaign=webclick&utm_medium=mybusiness&utm_source=google,https://lh3.googleusercontent.com/gps-cs-s/APNQkAHwTWLVrP3ytyXBR2-7fn-Ql1or28QqB4lw0_jGeb775LpZclCC6JuYh6Giuj126Dk4xJ6Vwq20cJ93HYWz5TgpHyQOKnreC70ZwT6ESB7sfXmZ5TRfK4D9U_T48YuFT8Noy8H9kdJSRabL=w2048-h1536-k-no,,"A low-key local spot on Siargao Island, RedDoorz @ Lao Singuan Homestay keeps a modest online footprint. It currently sits at 4.4 across 18 reviews. It sits among the many small, locally-run spots that give Siargao its laid-back character. Best for: travelers exploring this corner of Siargao.",9.8727624,125.9690177,https://www.google.com/maps/place/RedDoorz+@+Lao+Singuan+Homestay/data=!4m11!3m10!1s0x3304015122d3cdb7:0x82c149334c8caf60!5m3!1s2026-10-31!4m1!1i2!8m2!3d9.8727624!4d125.9690177!16s%2Fg%2F11qpx5xcrz!19sChIJt83TIlEBBDMRYK-MTDNJwYI?authuser=0&hl=en&rclk=1,"guesthouses in Siargao, Siargao & Surigao, Philippines",Siargao
Bamboo Surf Beach Resort,4.6,(310),,,https://www.instagram.com/bamboosurfbeachsiargao,https://www.facebook.com/pacifico8421,,"Pacifico, Siargao Island, San Isidro, 8421 Surigao del Norte",,https://lh3.googleusercontent.com/gps-cs-s/APNQkAEtOyYtp_hFdh2JVpkYiCZbud290WdLcGhxUVFIVWdHVT_fomz7Y-TrjB45-_dDYJSDl6BjJpGwt5UUSW2TewGl8zqZ0DUjOp-RtMOeDIj6usaTg7strdmgPnhpcSO8NLTAKEJCRg=w2048-h1536-k-no,"Free Wi-Fi, Free breakfast, Air-conditioned, Pool, Outdoor pool, Fitness center, Free parking, Airport shuttle, Pet-friendly, Smoke-free, Restaurant, Bar, Room service, Laundry service, Laundry, Kid-friendly, Business center, Accessible","A well-regarded spot on Siargao Island, Bamboo Surf Beach Resort carries a strong 4.6 rating from 310 reviews. Consistently positive feedback marks it as a dependable local pick. Amenities include free wi-fi, free breakfast, air-conditioned, pool. Best for: travelers exploring this corner of Siargao.",9.9507036,126.0992202,https://www.google.com/maps/place/Bamboo+Surf+Beach+Resort/data=!4m11!3m10!1s0x3304065555555555:0xdc879a780f292c3b!5m3!1s2026-10-31!4m1!1i2!8m2!3d9.9507036!4d126.0992202!16s%2Fg%2F1th592_j!19sChIJVVVVVVUGBDMROywpD3iah9w?authuser=0&hl=en&rclk=1,"guesthouses in Siargao, Siargao & Surigao, Philippines",Siargao
Yapak Beach Villas Siargao,4.2,(117),09276711240,https://wa.me/09276711240,https://www.instagram.com/yapakbeachvillas,https://www.facebook.com/profile.php,,"Yapak beach villas, Purok 1 circumferential road, Barangay Pacifico Rd, San Isidro, 8421 Surigao del Norte",,https://lh3.googleusercontent.com/gps-cs-s/APNQkAE0L_wm09O0XuaAZDlsnPa1o46YyOZcXrUQJ23IOOePvDYCL-iwU3bPcImBCcD2_fyaZYuJyw6Tbsf71BrmHRFCd4FlEGC65I7DvHNFy5VChOfqQJz7_GFeKdYqT5mv-kYnBtxtlw=w2048-h1536-k-no,"Free Wi-Fi, Free breakfast, Air-conditioned, Pool, Fitness center, Free parking, Airport shuttle, Pet-friendly, Restaurant, Accessible","An established spot on Siargao Island, Yapak Beach Villas Siargao has clearly built a following with a sizeable review count. It currently sits at 4.2 across 117 reviews. Amenities include free wi-fi, free breakfast, air-conditioned, pool. Best for: travelers exploring this corner of Siargao.",9.9508442,126.0989237,https://www.google.com/maps/place/Yapak+Beach+Villas+Siargao/data=!4m11!3m10!1s0x33040f6cc7283169:0xe43caf31ffa720b5!5m3!1s2026-10-31!4m1!1i2!8m2!3d9.9508442!4d126.0989237!16s%2Fg%2F11vbf1f7jg!19sChIJaTEox2wPBDMRtSCn_zGvPOQ?authuser=0&hl=en&rclk=1,"guesthouses in Siargao, Siargao & Surigao, Philippines",Siargao
Dèjà Homestay,5.0,(15),09051815535,https://wa.me/09051815535,,https://www.facebook.com/profile.php,,"Sto Niño Street, Del Carmen, 8418 Surigao del Norte",https://www.booking.com/Share-LiKKeC,https://lh3.googleusercontent.com/gps-cs-s/APNQkAEpJmxiyQwWsBP0bCkQ95wdZRZ4QY77TyR2TogrjoRjFF7E5G0qHzfpq2aLJuF2HCeu9LINbJqm_aBwxKkj7ERf_zGftZ0JcKABtdmERXfbXMgFVHIF44FBnh7TG2m8cAq_uJPy6-b8Z7KS=w2048-h1536-k-no,Air-conditioned,"A low-key local spot on Siargao Island, Dèjà Homestay keeps a modest online footprint. It currently sits at 5.0 across 15 reviews. Amenities include air-conditioned. It sits among the many small, locally-run spots that give Siargao its laid-back character. Best for: travelers exploring this corner of Siargao.",9.8701233,125.9720067,https://www.google.com/maps/place/D%C3%A8j%C3%A0+Homestay/data=!4m11!3m10!1s0x3304016ac3ac2a2f:0x45e5e26cd046d7a0!5m3!1s2026-10-31!4m1!1i2!8m2!3d9.8701233!4d125.9720067!16s%2Fg%2F11tnv1pn7_!19sChIJLyqsw2oBBDMRoNdG0Gzi5UU?authuser=0&hl=en&rclk=1,"guesthouses in Siargao, Siargao & Surigao, Philippines",Siargao
El Carabao Siargao,5.0,(106),09561996487,https://wa.me/09561996487,,https://www.facebook.com/SurfingCarabaoTowelShop,Restaurant,"General Luna, 8419 Surigao del Norte",,https://lh3.googleusercontent.com/gps-cs-s/APNQkAFKh_7DiBHIrlamb4BXwPgM0W-OVex_Pze9ubfiiSpwnUsPG9qcxzi-3n5NDzyj8ubh7Fya8-z1CccP9v4HYgnJqsQOyv5kZlS9HOK8IBmHON5lk_QXkIxHW3lWlOF1w57wvegrwbUtpns=w2048-h1536-k-no,,"A casual eatery on Siargao Island, El Carabao Siargao serves up everyday island dining. It currently sits at 5.0 across 106 reviews. Set in Siargao's easygoing dining scene, it leans casual and local rather than polished. Best for: a casual island meal.",9.7694599,126.1290722,https://www.google.com/maps/place/El+Carabao+Siargao/data=!4m7!3m6!1s0x3303f7410b8ddc2b:0x6d82f1b99f16ac18!8m2!3d9.7694599!4d126.1290722!16s%2Fg%2F11z1v47lbv!19sChIJK9yNC0H3AzMRGKwWn7nxgm0?authuser=0&hl=en&rclk=1,"restaurants in Siargao, Siargao & Surigao, Philippines",Siargao
El Chapo’s Siargao,4.8,(636),09660268543,https://wa.me/09660268543,https://www.instagram.com/elchaposph,https://www.facebook.com/ejknowsph,Taco restaurant,"Tourism Rd, General Luna, 8419 Surigao del Norte",https://www.instagram.com/elchaposph/?hl=en,https://lh3.googleusercontent.com/gps-cs-s/APNQkAEbHnTOHCfMDhOYVaP0zFGF9-uwdDrYgtl-cyTv1qAG4OdC3-BgnS32ddLvVSo2tqn8XEtMEKaHEECvpW1PSNBy30Yhhw3Tc9t6BSAi5KTnJuLngWrfsr2EDzqL7oTRgzBMaP8klYZXh5eq=w2048-h1536-k-no,Restaurant,"A standout Taco restaurant on Siargao Island, El Chapo’s Siargao earns a high 4.8 from 636 reviews. Locals and travelers rate it for consistent, flavorful island dining. Amenities include restaurant. Best for: a casual island meal.",9.7849594,126.1597911,https://www.google.com/maps/place/El+Chapo%E2%80%99s+Siargao/data=!4m7!3m6!1s0x3303f75e6a3b5697:0x12d0f1f38299d02a!8m2!3d9.7849594!4d126.1597911!16s%2Fg%2F11v9_z1zc9!19sChIJl1Y7al73AzMRKtCZgvPx0BI?authuser=0&hl=en&rclk=1,"restaurants in Siargao, Siargao & Surigao, Philippines",Siargao
OPPA Kitchen,4.9,(344),09123599685,https://wa.me/09123599685,https://www.instagram.com/oppa_siargao,https://www.facebook.com/oppasiargao,Korean restaurant,"Caracoa Resort, Tourism Rd, General Luna, 8419 Surigao del Norte",,https://lh3.googleusercontent.com/gps-cs-s/APNQkAGoXtQrKSmtIXtCrDA_Eg1wHMuBz1cqVyEOndVwcH4RPvWAHm0ZY87kdeWt8mrufYKcjFi3ZOrFBWWoaGjPz_wWMIYDFRYTRo2SJOopXcU1psAfnlkUQAywa8zRWMa3StE4omIPvtSb1H-t=w2048-h1536-k-no,Kitchen,"A standout Korean restaurant on Siargao Island, OPPA Kitchen earns a high 4.9 from 344 reviews. Locals and travelers rate it for consistent, flavorful island dining. Amenities include kitchen. Best for: a casual island meal.",9.7961613,126.1603021,https://www.google.com/maps/place/OPPA+Kitchen/data=!4m7!3m6!1s0x330409c6fadacf09:0x6e1a9f806f3c7ca!8m2!3d9.7961613!4d126.1603021!16s%2Fg%2F11xkm1hgf7!19sChIJCc_a-sYJBDMRysfzBvip4QY?authuser=0&hl=en&rclk=1,"restaurants in Siargao, Siargao & Surigao, Philippines",Siargao
Basta Siargao,4.6,(289),09623462752,https://wa.me/09623462752,,https://www.facebook.com/PortalSiargao,Restaurant,"Portal Siargao, Purok 3 Tourism Rd, General Luna, 8419 Surigao del Norte",,https://lh3.googleusercontent.com/gps-cs-s/APNQkAERmNpoHTKKnbA4ZeQ613H4b4CLKVPQnQhws-XUiJNpOpL4wVFcZ26h-XVhLCD2cHs4uzwhb8DF-4BpoN_JNP6qMQOH_aA522EsmPsj2xSZpDLUoMqD9ZadFDx9xKYg7GtC_lOHKulG8Jpm=w2048-h1536-k-no,Restaurant,"A standout Restaurant restaurant on Siargao Island, Basta Siargao earns a high 4.6 from 289 reviews. Locals and travelers rate it for consistent, flavorful island dining. Amenities include restaurant. Best for: a casual island meal.",9.7869629,126.1619994,https://www.google.com/maps/place/Basta+Siargao/data=!4m7!3m6!1s0x3303f71561940b17:0xcafcf4dadc9bb0d0!8m2!3d9.7869629!4d126.1619994!16s%2Fg%2F11y48_xm5x!19sChIJFwuUYRX3AzMR0LCb3Nr0_Mo?authuser=0&hl=en&rclk=1,"restaurants in Siargao, Siargao & Surigao, Philippines",Siargao
Tradicion Siargao,4.7,(238),09473457545,https://wa.me/09473457545,,https://www.facebook.com/tradicionsiargao,Restaurant,"Tourism Rd, Poblacion V (Purok V), General Luna, 8419 Surigao del Norte",,https://lh3.googleusercontent.com/gps-cs-s/APNQkAEGwkLuFMfY9Y3pdR8VDWp8GLHTEWw7eLybRZJ4w4NpTUHnPL1YOSbKPCCvqLFcxIOLr08ZW36M3iUnr-ZeNIhFNiGLK2-207001JpMpMqQKyn67oQf8eHdWUktowY1xsu_YbFx=w2048-h1536-k-no,"Restaurant, Wheelchair accessible, Wheelchair accessible entrance, Accessible","A standout Restaurant restaurant on Siargao Island, Tradicion Siargao earns a high 4.7 from 238 reviews. Locals and travelers rate it for consistent, flavorful island dining. Amenities include restaurant, wheelchair accessible, wheelchair accessible entrance, accessible. Best for: a casual island meal.",9.7923783,126.1613847,https://www.google.com/maps/place/Tradicion+Siargao/data=!4m7!3m6!1s0x3303f7a93817583f:0xa60d79bb428e8039!8m2!3d9.7923783!4d126.1613847!16s%2Fg%2F11l324fjnd!19sChIJP1gXOKn3AzMROYCOQrt5DaY?authuser=0&hl=en&rclk=1,"restaurants in Siargao, Siargao & Surigao, Philippines",Siargao
Phin & Pho Siargao,4.6,(395),0868093362,https://wa.me/0868093362,https://www.instagram.com/phinandpho_siargao,https://www.facebook.com/profile.php,Vietnamese restaurant,"Tourism Rd, Catangnan, General Luna, 8419 Surigao del Norte",https://sites.google.com/view/phinandpho/home,https://lh3.googleusercontent.com/gps-cs-s/APNQkAG3oYfsz6CilRLhSSiZaUBZXp2Frsw29hicMlAMZSVSIRbiOIosXKF027UQixWljgSDKrL5c2zs6LfqG2Qymj7wuXWgdNJCdzrhiUtkrJAyMPUT-KiObu-z84JaXSSCwUpBVQ8pBO5Vo8Wx=w2048-h1536-k-no,Restaurant,"A standout Vietnamese restaurant on Siargao Island, Phin & Pho Siargao earns a high 4.6 from 395 reviews. Locals and travelers rate it for consistent, flavorful island dining. Amenities include restaurant. Best for: a casual island meal.",9.7967296,126.1602268,https://www.google.com/maps/place/Phin+%26+Pho+Siargao/data=!4m7!3m6!1s0x3303f70c48d65799:0xcbbc0ac9101c0775!8m2!3d9.7967296!4d126.1602268!16s%2Fg%2F11lm_7h_fv!19sChIJmVfWSAz3AzMRdQccEMkKvMs?authuser=0&hl=en&rclk=1,"restaurants in Siargao, Siargao & Surigao, Philippines",Siargao
Hangout Alley Siargao,4.7,(55),,,,https://www.facebook.com/Hangoutalleysiargao,Restaurant,"Q3JG+5X2, Del Carmen, Surigao del Norte",https://www.facebook.com/Hangoutalleysiargao,https://lh3.googleusercontent.com/gps-cs-s/APNQkAF-N5ZIx67uP4zcE2fnMfa-mJcw3YyinmI3b8vcrdBoVioU_MSUT2zIZSQXd9ixiblwk1pn-vEKW_tZH5T1Jo300cFu9Up_4-kZAV2S1jCuDv4ou-X0b-HZ9QE6tbdxBjqhKr_pWeyPAk5n=w2048-h1536-k-no,"Restaurant, Bar","A casual eatery on Siargao Island, Hangout Alley Siargao serves up everyday island dining. It currently sits at 4.7 across 55 reviews. Amenities include restaurant, bar. Set in Siargao's easygoing dining scene, it leans casual and local rather than polished. Best for: a casual island meal.",9.7803875,126.0773906,https://www.google.com/maps/place/Hangout+Alley+Siargao/data=!4m7!3m6!1s0x330407116c0c173b:0xfa3a3048c98512a2!8m2!3d9.7803875!4d126.0773906!16s%2Fg%2F11js_3gp86!19sChIJOxcMbBEHBDMRohKFyUgwOvo?authuser=0&hl=en&rclk=1,"restaurants in Siargao, Siargao & Surigao, Philippines",Siargao
RASA Siargao: Malaysian Kitchen,4.9,(80),09387718003,https://wa.me/09387718003,https://www.instagram.com/rasa.siargao?igsh=Z29lamFxYnY3NWs3&utm_source=qr,https://www.facebook.com/rasa.siargao,Restaurant,"Backroad, General Luna, 8419 Surigao del Norte",https://rasasiargao.my.canva.site/,https://lh3.googleusercontent.com/gps-cs-s/APNQkAH9qAOEXDoQDJGU0yfMvBDjysM0IuHUEjSr7M5qP4plOF37R3M_xkX6-vVFqkZdL5lootEC1zTBfZ0hZH6aqzJG23RGjOqi0Cm63A5OT1Hgd5NBjE4kUM1Y1fBlMJezea1g7dEqHkfww24=w2048-h1536-k-no,Kitchen,"A casual eatery on Siargao Island, RASA Siargao: Malaysian Kitchen serves up everyday island dining. It currently sits at 4.9 across 80 reviews. Amenities include kitchen. Set in Siargao's easygoing dining scene, it leans casual and local rather than polished. Best for: a casual island meal.",9.7986171,126.1586548,https://www.google.com/maps/place/RASA+Siargao:+Malaysian+Kitchen/data=!4m7!3m6!1s0x3303f7bc0d80626d:0xf4af5bd48de30eec!8m2!3d9.7986171!4d126.1586548!16s%2Fg%2F11xcy1x997!19sChIJbWKADbz3AzMR7A7jjdRbr_Q?authuser=0&hl=en&rclk=1,"restaurants in Siargao, Siargao & Surigao, Philippines",Siargao
Swell Cafe and Bar Pacifico Siargao,4.9,(253),,,https://www.instagram.com/swellcafe.pacifico,https://www.facebook.com/swellcafepacifico,Cafe,"Purok 1, Pacifico, San Isidro, 8421 Surigao del Norte",,https://lh3.googleusercontent.com/gps-cs-s/APNQkAHMXfcKVZg1V7LrRGVGqid_foJIuM265c2zZX6FhbZrwKOWCMCo6sVsQcSf6HtI_ADtyb8ce9MMXCwsBmoiGqW5X30h2OAEa6iTAGKaQUrE2uGHiRM75n90cZu0muQ8h2cPt6fV_FZqEm22=w2048-h1536-k-no,"Restaurant, Bar","One of the area's favorite cafes on Siargao Island, Swell Cafe and Bar Pacifico Siargao has built a loyal following with 253 reviews at 4.9. A reliable pick for good coffee, easy brunch plates and a relaxed place to linger. Amenities include restaurant, bar. Best for: a relaxed coffee, brunch or work session.",9.9472524,126.1014877,https://www.google.com/maps/place/Swell+Cafe+and+Bar+Pacifico+Siargao/data=!4m7!3m6!1s0x33040f9667857aef:0xc1cd9455e8dd34e4!8m2!3d9.9472524!4d126.1014877!16s%2Fg%2F11svs9t40q!19sChIJ73qFZ5YPBDMR5DTd6FWUzcE?authuser=0&hl=en&rclk=1,"restaurants in Siargao, Siargao & Surigao, Philippines",Siargao
Fantasia Siargao,4.8,(48),,,,https://www.facebook.com/profile.php,Restaurant,"Purok 3 Tourism Road Del carmen, General Luna, 8419 Surigao del Norte",,https://lh3.googleusercontent.com/gps-cs-s/APNQkAFFovD54S2k3dIdMmwruODLWR20Cmzf8zFnFcQpdiehUkoKhwZzqFEiFx3Hn0km2eeJR89aSGJz3BbkabcuEoDW-1xfN5eP5Vjc0A18UkMI7-DnDKgfMgT0opLkCDD3o_OSmOWn_0Lmdl0=w2048-h1536-k-no,Restaurant,"A casual eatery on Siargao Island, Fantasia Siargao serves up everyday island dining. It currently sits at 4.8 across 48 reviews. Amenities include restaurant. Set in Siargao's easygoing dining scene, it leans casual and local rather than polished. Best for: a casual island meal.",9.7873792,126.1624813,https://www.google.com/maps/place/Fantasia+Siargao/data=!4m7!3m6!1s0x3303f7b0a4766e25:0xd2a79272600b166!8m2!3d9.7873792!4d126.1624813!16s%2Fg%2F11w98jpczx!19sChIJJW52pLD3AzMRZrEAJid5Kg0?authuser=0&hl=en&rclk=1,"restaurants in Siargao, Siargao & Surigao, Philippines",Siargao
Isla Comida Siargao,4.7,(341),,,,https://www.facebook.com/islacusinasiargao,Mexican restaurant,"Tuason Point Catangnan, General Luna, Surigao del Norte",,https://lh3.googleusercontent.com/gps-cs-s/APNQkAFKX7x9zyZ-us-HEt0jUn8yHPOyzM-rJXK98oQRyEqWwM9CSYcQmEkrWaXGEpw8Pb-M4B3Qddw06okWS-OivyJodfj-W_lKBOhn9ITUcUPuadIvsCJ4vhwRLp0L1MLjCd0Q8m1OnoGzaGJ3=w2048-h1536-k-no,Restaurant,"A standout Mexican restaurant on Siargao Island, Isla Comida Siargao earns a high 4.7 from 341 reviews. Locals and travelers rate it for consistent, flavorful island dining. Amenities include restaurant. Best for: a casual island meal.",9.8071154,126.1661258,https://www.google.com/maps/place/Isla+Comida+Siargao/data=!4m7!3m6!1s0x330409006838c167:0x7e8aff719f20d1b!8m2!3d9.8071154!4d126.1661258!16s%2Fg%2F11w_cp2tyn!19sChIJZ8E4aAAJBDMRGw3yGfev6Ac?authuser=0&hl=en&rclk=1,"restaurants in Siargao, Siargao & Surigao, Philippines",Siargao
HAMÁL iao,4.9,(149),09687714595,https://wa.me/09687714595,https://www.instagram.com/hamal.iao,https://www.facebook.com/p,Middle Eastern restaurant,"Poblacion 5, General Luna, 8419 Surigao del Norte",https://www.instagram.com/hamal.iao,https://lh3.googleusercontent.com/gps-cs-s/APNQkAEEDaRiLywy9GB2L1Ueu_w9rAP7uzDH1rt0MyZ15874Gb-4U77no_laMFBRnuCosQjwGQwsfPXtYb4-P5i-d99JHCL9rIOKyqtDJda8wWbnd9HRUVja9MMFaPbFnVxvEE2OHtAt7V7Irs28=w2048-h1536-k-no,Restaurant,"A casual eatery on Siargao Island, HAMÁL iao serves up everyday island dining. It currently sits at 4.9 across 149 reviews. Amenities include restaurant. Set in Siargao's easygoing dining scene, it leans casual and local rather than polished. Best for: a casual island meal.",9.785657,126.1571682,https://www.google.com/maps/place/HAM%C3%81L+iao/data=!4m7!3m6!1s0x3303f76d09d6ba1d:0xfb8dce49a974e11b!8m2!3d9.785657!4d126.1571682!16s%2Fg%2F11x0mwv4yf!19sChIJHbrWCW33AzMRG-F0qUnOjfs?authuser=0&hl=en&rclk=1,"restaurants in Siargao, Siargao & Surigao, Philippines",Siargao
Roots,4.7,(716),09671333146,https://wa.me/09671333146,https://www.instagram.com/branch.byroots,https://www.facebook.com/RootsSiargao,Restaurant,"Tourism Rd, General Luna, 8419 Surigao del Norte",,https://lh3.googleusercontent.com/gps-cs-s/APNQkAHZYD_MxLuk7rBfM2JJm0t1uQ4yDGeWDaZ3li0rDZDkwAMH6fPc9ikweZHPoSH9CeNkmpXMFreUPpEZAtoLxiE9aoGfKlrioJPah65R95rYDJov0efdIAxYhVNrsopvmDk8ebjC1Q=w2048-h1536-k-no,,"A standout Restaurant restaurant on Siargao Island, Roots earns a high 4.7 from 716 reviews. Locals and travelers rate it for consistent, flavorful island dining. Best for: a casual island meal.",9.8057668,126.1612269,https://www.google.com/maps/place/Roots/data=!4m7!3m6!1s0x3304093a219168fd:0xedc94c04bd20bc67!8m2!3d9.8057668!4d126.1612269!16s%2Fg%2F11v9g66w92!19sChIJ_WiRIToJBDMRZ7wgvQRMye0?authuser=0&hl=en&rclk=1,"restaurants in Siargao, Siargao & Surigao, Philippines",Siargao
Paaso Grill and Restaurant,4.6,(36),09055260068,https://wa.me/09055260068,,https://www.facebook.com/61571987726283,Restaurant,"Paseo de Cabuntog, Poblacion 1, General Luna, 8419 Surigao del Norte",,https://lh3.googleusercontent.com/gps-cs-s/APNQkAH7N-ad7_EmkXLLpMQN8_yyukRd_m_NOA2-Xsv2vhwDz21Utn-be8sgqwdgT10en2eFzpgwtzBt9ImxSU07z7nW1BPSX7ccrm8My7EWhsAiiScW2rnEMlZEIrCEQbCfgRULgJ_qJw=w2048-h1536-k-no,Restaurant,"A casual eatery on Siargao Island, Paaso Grill and Restaurant serves up everyday island dining. It currently sits at 4.6 across 36 reviews. Amenities include restaurant. Set in Siargao's easygoing dining scene, it leans casual and local rather than polished. Best for: a casual island meal.",9.781992,126.1579506,https://www.google.com/maps/place/Paaso+Grill+and+Restaurant/data=!4m7!3m6!1s0x3303f776be141f97:0x12381e67f93927ca!8m2!3d9.781992!4d126.1579506!16s%2Fg%2F11ww8ypthc!19sChIJlx8Uvnb3AzMRyic5-WceOBI?authuser=0&hl=en&rclk=1,"restaurants in Siargao, Siargao & Surigao, Philippines",Siargao
Matahari Siargao,5.0,(63),09278746766,https://wa.me/09278746766,https://www.instagram.com/matahari_siargao,https://www.facebook.com/GeneralLunaTourismOffice,Indonesian restaurant,"Siargao island, Old Tourism road, Catangnan, Saging, saging, General Luna, 8419 Surigao del Norte",,https://lh3.googleusercontent.com/gps-cs-s/APNQkAFLctiKIClX_sF3IaSkWRzVZ2PGRzLqpZ1YCD7OnFPZsRPs4aQ5SjTedDChpZ9l94DFmVSI6J5zlFbh_h3LZyoJ_pASxHFSKeNW6cghN6iloukp32Iu7vD5RO7qPUvkKYn7pTHGYeQV5d4=w2048-h1536-k-no,"Wheelchair accessible, Wheelchair accessible entrance, Accessible","A casual eatery on Siargao Island, Matahari Siargao serves up everyday island dining. It currently sits at 5.0 across 63 reviews. Amenities include wheelchair accessible, wheelchair accessible entrance, accessible. Set in Siargao's easygoing dining scene, it leans casual and local rather than polished. Best for: a casual island meal.",9.8043543,126.158591,https://www.google.com/maps/place/Matahari+Siargao/data=!4m7!3m6!1s0x33040973ba37bad9:0x418dfb96b0d06a61!8m2!3d9.8043543!4d126.158591!16s%2Fg%2F11yhb8yqzr!19sChIJ2bo3unMJBDMRYWrQsJb7jUE?authuser=0&hl=en&rclk=1,"restaurants in Siargao, Siargao & Surigao, Philippines",Siargao
Lebron & Dwayne Tapsihan,4.6,(176),,,,https://www.facebook.com/tapsihansapacifico,Restaurant,"W4W2+JMC, Siargao Circumferential Rd, San Isidro, Surigao del Norte",,https://lh3.googleusercontent.com/gps-cs-s/APNQkAFskWpjxvfdC2wOYOKXLEey5wseHC08W9K5QFpEyghHqAYMtfs6PHdKte5xmgGpXi2VOoRVgW0mamTtGW28DrwM5Su21XPB5-fLVsvcwZwpKKkUUDNi-6aGzL0RhY_9eQPjy0MRr2vnbFI=w2048-h1536-k-no,"Restaurant, Bar","A standout Restaurant restaurant on Siargao Island, Lebron & Dwayne Tapsihan earns a high 4.6 from 176 reviews. Locals and travelers rate it for consistent, flavorful island dining. Amenities include restaurant, bar. Best for: a casual island meal.",9.946572,126.1016461,https://www.google.com/maps/place/Lebron+%26+Dwayne+Tapsihan/data=!4m7!3m6!1s0x33040f3f098d4a8b:0xe99d08d437eb35e5!8m2!3d9.946572!4d126.1016461!16s%2Fg%2F11h4wb1b03!19sChIJi0qNCT8PBDMR5TXrN9QInek?authuser=0&hl=en&rclk=1,"restaurants in Siargao, Siargao & Surigao, Philippines",Siargao
Curry Spoon Indian Cuisine Siargao,4.8,(81),09276410567,https://wa.me/09276410567,,https://www.facebook.com/CurrySpoonSiargao/,Indian restaurant,"Tourism Rd, Barangay 5, General Luna, 8419 Surigao del Norte",https://www.google.com/searchviewer/42?cvd=CLw_EicKJeICIjIgEhkiF9LX29IPEQoNL2cvMTFsdzJzbWRfchgAOgMI8A0%3D&hl=en-PH&gl=ph&fo_m=MfohQo559jFvMUOzJVpjPL1YMfZ3bInYwBDuMfaXTPp5KXh-&utm_source=tactile&gei=6YIoar7gI_rP2roP2PbF6A8&ei=6YIoar7gI_rP2roP2PbF6A8&fo_s=OA&opi=79508299&ebb=1&cs=0&foub=mcpp,https://lh3.googleusercontent.com/gps-cs-s/APNQkAHJB0I9WH--uD59kbiPeq75GMDsecDdfBZnzthTtkDFJiBqcpBfY6rZawL8P3PNOFLWEtwhC4cEuqljmnm1ZF_v1bY-oBOvK_MwgB5WPbLLTc2rrHduRcCDUlq7asshqLvBHvIeE9MHRvg=w2048-h1536-k-no,"Wheelchair accessible, Wheelchair accessible entrance, Accessible","A casual eatery on Siargao Island, Curry Spoon Indian Cuisine Siargao serves up everyday island dining. It currently sits at 4.8 across 81 reviews. Amenities include wheelchair accessible, wheelchair accessible entrance, accessible. Best for: a casual island meal.",9.7915998,126.1616928,https://www.google.com/maps/place/Curry+Spoon+Indian+Cuisine+Siargao/data=!4m7!3m6!1s0x3304094efc528d05:0xdb27e33fda6e873e!8m2!3d9.7915998!4d126.1616928!16s%2Fg%2F11lw2smd_r!19sChIJBY1S_E4JBDMRPodu2j_jJ9s?authuser=0&hl=en&rclk=1,"restaurants in Siargao, Siargao & Surigao, Philippines",Siargao
Trogon's Perch Resort,4.5,(631),09151228619,https://wa.me/09151228619,,https://www.facebook.com/trogonsperchsiargao,,"X33X+V63, San Isidro, Surigao del Norte",,https://lh3.googleusercontent.com/gps-cs-s/APNQkAHhQo3iU1OZyqr6mt9jbK2WkKGw6xQG1gLYa_p9htSdhYP9QVWEispwRDEoiQR78TZOIpEVRFCoce4okndNonvY4wbFduzQ88qTNyBycU20356WXZ311tW5cvdsi4qFeqrB460IrGejE2w=w2048-h1536-k-no,"Wi-Fi, Air-conditioned, Pool, Outdoor pool, Free parking, Airport shuttle, Restaurant, Bar","A well-regarded spot on Siargao Island, Trogon's Perch Resort carries a strong 4.5 rating from 631 reviews. Consistently positive feedback marks it as a dependable local pick. Amenities include wi-fi, air-conditioned, pool, outdoor pool. Best for: travelers exploring this corner of Siargao.",9.9547584,126.0978385,https://www.google.com/maps/place/Trogon%27s+Perch+Resort/data=!4m11!3m10!1s0x330411657cd5f5a9:0x4f0b23e0314679dc!5m3!1s2026-10-31!4m1!1i2!8m2!3d9.9547584!4d126.0978385!16s%2Fg%2F11t8c_8s69!19sChIJqfXVfGURBDMR3HlGMeAjC08?authuser=0&hl=en&rclk=1,"restaurants in Siargao, Siargao & Surigao, Philippines",Siargao
Ad Astra Cafe Siargao,5.0,(54),,,,https://www.facebook.com/AdAstraSiargao,Fast food restaurant,"Don Paulino, Union Rd, Dapa, 8417 Surigao del Norte",https://www.facebook.com/AdAstraSiargao/,https://lh3.googleusercontent.com/gps-cs-s/APNQkAGVNgfiw-JJDUjDkm7GGQ3gpQiWjbFYqMn9svFJvRlGaxSlJzErNwtvGKJfMPbE6PXa_TZyFp4Eg2PfGquQMG9bE1cdJiNCnEKhnrGp1MTIj8yV8AAWHhaFSFgQCgu0Q85PRb8=w2048-h1536-k-no,"Restaurant, Bar","A casual eatery on Siargao Island, Ad Astra Cafe Siargao serves up everyday island dining. It currently sits at 5.0 across 54 reviews. Amenities include restaurant, bar. Set in Siargao's easygoing dining scene, it leans casual and local rather than polished. Best for: a casual island meal.",9.7529715,126.0909245,https://www.google.com/maps/place/Ad+Astra+Cafe+Siargao/data=!4m7!3m6!1s0x3303f7fd56482f8d:0x69b7b409174b807a!8m2!3d9.7529715!4d126.0909245!16s%2Fg%2F11sgk_7k_3!19sChIJjS9IVv33AzMReoBLFwm0t2k?authuser=0&hl=en&rclk=1,"restaurants in Siargao, Siargao & Surigao, Philippines",Siargao
Kabayan-Siargao,4.9,(28),09984908450,https://wa.me/09984908450,,https://www.facebook.com/100057263297021,Restaurant,"Panhayuan Beach, Santa Cruz, San Benito, Surigao del Norte",,https://lh3.googleusercontent.com/gps-cs-s/APNQkAF_ya5nTkMV8KE9p7duUi3HsOOnO4qeiK_oPefW67cyTW-DOWhxfK0jc4kPaYrwaSmEph5G0dmpHi-bJAqhrN4a-bSVVTvZMwRaNCzw8EeIfhGWOf_mY9pZ4-J3gL2T0IahS8EtNA=w2048-h1536-k-no,Restaurant,"A casual eatery on Siargao Island, Kabayan-Siargao serves up everyday island dining. It currently sits at 4.9 across 28 reviews. Amenities include restaurant. Set in Siargao's easygoing dining scene, it leans casual and local rather than polished. Best for: a casual island meal.",9.9622679,126.0084083,https://www.google.com/maps/place/Kabayan-Siargao/data=!4m7!3m6!1s0x330403c2f0ee2f61:0xf97b45e528ca795c!8m2!3d9.9622679!4d126.0084083!16s%2Fg%2F11j7kxbmhp!19sChIJYS_u8MIDBDMRXHnKKOVFe_k?authuser=0&hl=en&rclk=1,"restaurants in Siargao, Siargao & Surigao, Philippines",Siargao
Cabanas Grill and Restaurant - Siargao,3.7,(18),09171886068,https://wa.me/09171886068,https://www.instagram.com/cabanaspacifico_siargao,https://www.facebook.com/cabanaspizzaandbbqhaus,Restaurant,"X32X+J7F, Siargao Circumferential Rd, San Isidro, Surigao del Norte",https://www.facebook.com/cabanaspizzaandbbqhaus,https://lh3.googleusercontent.com/gps-cs-s/APNQkAFD4r33-2l-eCAScnv8yFv5mfgUxF5xSZCz9YDtkxwVj3VDK32SQMvUU9k33Kd7fBA6us2613U9f3KN4nwlq6Xz5Jz420dGXzcLaEMi3Slthk6nN1R203hqTOuquaTiWeKWCLBWMQ=w2048-h1536-k-no,Restaurant,"A casual eatery on Siargao Island, Cabanas Grill and Restaurant - Siargao serves up everyday island dining. It currently sits at 3.7 across 18 reviews. Honest read: reviews are mixed (around 3.7), so set expectations accordingly. Amenities include restaurant. Best for: a casual island meal.",9.9515641,126.0981839,https://www.google.com/maps/place/Cabanas+Grill+and+Restaurant+-+Siargao/data=!4m7!3m6!1s0x33040ff2a3cc9f83:0xe03184fbb858752e!8m2!3d9.9515641!4d126.0981839!16s%2Fg%2F11t79lg5fg!19sChIJg5_Mo_IPBDMRLnVYuPuEMeA?authuser=0&hl=en&rclk=1,"restaurants in Siargao, Siargao & Surigao, Philippines",Siargao
Canijugan Peak Retreat and Campsite,4.4,(94),09177106636,https://wa.me/09177106636,https://www.instagram.com/canijuganpeak,https://www.facebook.com/p,Restaurant,"Sitio Butong, Malinao - Union Road, Union, Dapa, 8417 Surigao del Norte",,https://lh3.googleusercontent.com/gps-cs-s/APNQkAHHHilN0Bmy9PETsYO3uEPdeF1v2z3HAsN6xZCzGfQMpUjkVKnLF4aVOviKVFILBEP9cNdpYKDO_SUqPq9o31qDUf4zEh1T1Y8ecnbLEc3NQz6fzXo6vzA3rWvnYncLQbaVsOTh=w2048-h1536-k-no,"Wheelchair accessible, Wheelchair accessible entrance, Accessible","A casual eatery on Siargao Island, Canijugan Peak Retreat and Campsite serves up everyday island dining. It currently sits at 4.4 across 94 reviews. Amenities include wheelchair accessible, wheelchair accessible entrance, accessible. Best for: a casual island meal.",9.7715965,126.1067566,https://www.google.com/maps/place/Canijugan+Peak+Retreat+and+Campsite/data=!4m7!3m6!1s0x3303f70a53770743:0x24fe4ae69677032a!8m2!3d9.7715965!4d126.1067566!16s%2Fg%2F11n5rflphq!19sChIJQwd3Uwr3AzMRKgN3luZK_iQ?authuser=0&hl=en&rclk=1,"restaurants in Siargao, Siargao & Surigao, Philippines",Siargao
Manu Brew Siargao,4.9,(177),09535722220,https://wa.me/09535722220,https://www.instagram.com/manubrewsiargao,https://www.facebook.com/61557594160679,Coffee shop,"8421 Barangay Pacifico Rd, San Isidro, 8421 Surigao del Norte",https://www.instagram.com/manubrewsiargao?utm_source=ig_web_button_share_sheet&igsh=ZDNlZDc0MzIxNw==,https://lh3.googleusercontent.com/gps-cs-s/APNQkAGCD1jF58TGy4iGCXzeom0IU1tPqwfieLdId07eZjWJ1NMRlPj7l1RnKcks64W9VN86gf3YQ96avz0GX_TOgu8koLRjXGMS5kUF0Wbp4oJywANjB5H2iDp2d-FFUL842O-ypsoA7Ti498k=w2048-h1536-k-no,,"One of the area's favorite cafes on Siargao Island, Manu Brew Siargao has built a loyal following with 177 reviews at 4.9. A reliable pick for good coffee, easy brunch plates and a relaxed place to linger. Best for: a relaxed coffee, brunch or work session.",9.9481632,126.1006077,https://www.google.com/maps/place/Manu+Brew+Siargao/data=!4m7!3m6!1s0x33040f2ab3f53f61:0x8ef209e462297b3!8m2!3d9.9481632!4d126.1006077!16s%2Fg%2F11vwv3704m!19sChIJYT_1syoPBDMRs5ciRp4g7wg?authuser=0&hl=en&rclk=1,"cafes in Siargao, Siargao & Surigao, Philippines",Siargao
Siargao Human Drones Mountain View,4.5,(16),,,,https://www.facebook.com/reel,Tourist attraction,"R365+WV5, Siargao Circumferential Rd, Pilar, Surigao del Norte",,https://lh3.googleusercontent.com/gps-cs-s/APNQkAHW2TP7o-kDshI7INJd4vUmTwRH13Bm0ZVtTXHDAWqDnsKNtaGJulh3BvnmZAhB3nsd0fv4zpdE3RX05ta3F2Oo17u17hZEY8I3SvAhdTLMBgmXoFfJ3HqB0hl3oGjxHbuJ8iyQ4g=w2048-h1536-k-no,,"A spot worth a look on Siargao Island, Siargao Human Drones Mountain View draws travelers exploring the area. It currently sits at 4.5 across 16 reviews. As with most island operators here, booking ahead in peak season is wise. Best for: travelers booking island hops and day trips.",9.8123082,126.0595365,https://www.google.com/maps/place/Siargao+Human+Drones+Mountain+View/data=!4m7!3m6!1s0x330407f7547449f7:0x12fd798f533f74f7!8m2!3d9.8123082!4d126.0595365!16s%2Fg%2F11ss8fww1r!19sChIJ90l0VPcHBDMR93Q_U495_RI?authuser=0&hl=en&rclk=1,"things to do in Siargao, Siargao & Surigao, Philippines",Siargao
Siargao Firefly watching,4.7,(36),,,https://www.instagram.com/siargao_firefly,https://www.facebook.com/japz.balague,Tourist attraction,"Q458+H4, Dapa, Surigao del Norte",https://www.instagram.com/siargao_firefly,https://lh3.googleusercontent.com/gps-cs-s/APNQkAElQqdbCB9lh62Fb_lD83fH-VfnZJsrvZf2QHw4Iak3wcNFvNYIUwPzBWcBtqZXcpdm2J_a6LDGmH2djowJRnlPKyA4tlkD3xtzxEMY1Ph3wJNNWV5OezX8WGyyRHmxRHYNvAvr=w2048-h1536-k-no,,"A spot worth a look on Siargao Island, Siargao Firefly watching draws travelers exploring the area. It currently sits at 4.7 across 36 reviews. As with most island operators here, booking ahead in peak season is wise. Best for: travelers booking island hops and day trips.",9.7589533,126.1152923,https://www.google.com/maps/place/Siargao+Firefly+watching/data=!4m7!3m6!1s0x3303f70f054ba15f:0xba8f0f10c17f450a!8m2!3d9.7589533!4d126.1152923!16s%2Fg%2F11kjf9ppr4!19sChIJX6FLBQ_3AzMRCkV_wRAPj7o?authuser=0&hl=en&rclk=1,"things to do in Siargao, Siargao & Surigao, Philippines",Siargao
Tayangban Cave Pool,4.5,(501),,,,https://www.facebook.com/61561599013381,Nature preserve,"V367+G55, Siargao Circumferential Rd, Pilar, Surigao del Norte",,https://lh3.googleusercontent.com/gps-cs-s/APNQkAGej830Y1PHn1CC2K9GgMMTFHyEdKwGyBqP6C3b36XadYvNO0EhmyJsh9CSsG7pln3csB7KlCshhXAzblua--7JEZtpTbC1-2GqMQVZ8KC7C_n3yRRmY_fpYZ9Da1gJT8nw4orErg=w2048-h1536-k-no,"Pool, Wheelchair accessible, Wheelchair accessible entrance, Accessible","An adventurous combo near Pilar pairing a clear cave pool with a flooded cave passage you wade and swim through with a local guide, headlamp on and shoes recommended. It's muddy, a little wild and genuinely fun, often tacked onto a Magpupungko day. With 500 reviews at 4.5, it delivers for the right traveler. Best for: hands-on adventurers happy to get wet and muddy with a guide.",9.861264,126.0629932,https://www.google.com/maps/place/Tayangban+Cave+Pool/data=!4m7!3m6!1s0x33040641428b3beb:0xdba8e40a5e7cffac!8m2!3d9.861264!4d126.0629932!16s%2Fg%2F11c57crjxj!19sChIJ6zuLQkEGBDMRrP98XgrkqNs?authuser=0&hl=en&rclk=1,"things to do in Siargao, Siargao & Surigao, Philippines",Siargao
Coconut Plantation View Point,4.5,"(1,181)",,,,https://www.facebook.com/lars.f.fabonan,Scenic spot,"R365+WRH, Siargao Circumferential Rd, Pilar, Surigao del Norte",,https://lh3.googleusercontent.com/gps-cs-s/APNQkAHmmTdykefvdBjjOAwrhff1togauRJQ_ee8o3252NOBeLmfs4GdFDjauAgG_6phUAxdkQQK_ELkElGfmfGLcNiAoScBP37ME_SKTkP94DBx0NLE41r8hBR9wk4OxUTbv7l-s3-tGT5Dxi2O=w2048-h1536-k-no,,"A local scenic spot on Siargao Island, Coconut Plantation View Point serves travelers passing through. It currently sits at 4.5 across 1 review. Honest read: only a handful of reviews so far, but early feedback leans positive. Best for: travelers exploring this corner of Siargao.",9.8123234,126.0596118,https://www.google.com/maps/place/Coconut+Plantation+View+Point/data=!4m7!3m6!1s0x33040753d25f230f:0x69f6af07d07b34e8!8m2!3d9.8123234!4d126.0596118!16s%2Fg%2F11fhxwhm_7!19sChIJDyNf0lMHBDMR6DR70Aev9mk?authuser=0&hl=en&rclk=1,"things to do in Siargao, Siargao & Surigao, Philippines",Siargao
Pacifico Beach,4.5,(358),,,,https://www.facebook.com/pacifico8421,Tourist attraction,"W4V3+R92, Siargao Circumferential Rd, San Isidro, Surigao del Norte",,https://lh3.googleusercontent.com/gps-cs-s/APNQkAGdwDJ1MlCPmrIUkYgBZVnLZfFpiOyN2eP0NwildtBomBs7pIjwApX0fh0D5y5AyOvlwbdfomvfMpnR67l25tSuoQUqqy2cATOT32of8eKP6dohZFpLBaNnpi9EdfRMybhtlC_d3m4A8fJj=w2048-h1536-k-no,,"A laid-back surf and swim beach in the island's quieter north, with mellow breaks, long empty stretches of sand and a slower scene than General Luna. It's a favorite stop on land tours toward Magpupungko, with a handful of cafes and homestays nearby. Best for: travelers craving a calmer, less-developed corner of Siargao.",9.9440671,126.1031935,https://www.google.com/maps/place/Pacifico+Beach/data=!4m7!3m6!1s0x33040f000acfb17b:0xe159b0561e6c5286!8m2!3d9.9440671!4d126.1031935!16s%2Fg%2F11w203q78_!19sChIJe7HPCgAPBDMRhlJsHlawWeE?authuser=0&hl=en&rclk=1,"things to do in Siargao, Siargao & Surigao, Philippines",Siargao
Alegria Beach,4.6,(527),,,,https://www.facebook.com/antonioabuc,Tourist attraction,"333C+VC7, Alegria, Santa Monica (Sapao), Surigao del Norte",,https://lh3.googleusercontent.com/gps-cs-s/APNQkAHAedESR5D01Nr8VbGnw1cZGsTM81x5tM_Jxy3DIuriHjXDnTrOp2nNWTVc2uH2dVJV8kvlGcdHUVM6plom3eoGu_HA4MXw2DI4bMoiJuUUgdm6qsE1l9aCpgbbXRqHzGdsvVPoUg=w2048-h1536-k-no,,"A well-loved Siargao stop on Siargao Island, Alegria Beach pulls a strong 4.6 rating across 527 reviews. Expect the kind of natural setting travelers keep coming back to photograph and swim. Best for: travelers booking island hops and day trips.",10.054659,126.0710457,https://www.google.com/maps/place/Alegria+Beach/data=!4m7!3m6!1s0x330419718c6e68e3:0x20f7fdd460e31d01!8m2!3d10.054659!4d126.0710457!16s%2Fg%2F11tcc4w9_s!19sChIJ42hujHEZBDMRAR3jYNT99yA?authuser=0&hl=en&rclk=1,"things to do in Siargao, Siargao & Surigao, Philippines",Siargao
Pasikon Beach,3.9,(90),,,https://www.instagram.com/pasikonbeach,https://www.facebook.com/pasikonbeach,Tourist attraction,"Burgos, Surigao del Norte",https://www.facebook.com/pasikonbeach/,https://lh3.googleusercontent.com/gps-cs-s/APNQkAGQsCBOIk2Em6vKlWMNtXJOa0KBFbHzVdul4IqZXE66IXmUxnMJ-KzfHdZj2cxBQKIcFJKE1QXiWllsC3KcMs-Q-yhkO6yFOf7W3aeSMNIKQk1dq0cQDlH2Q2vdy2BOcKeT2kzxSuSzwsjF=w2048-h1536-k-no,,"A spot worth a look on Siargao Island, Pasikon Beach draws travelers exploring the area. It currently sits at 3.9 across 90 reviews. Honest read: a solid-not-spectacular 3.9 rating, dependable rather than dazzling. Best for: travelers booking island hops and day trips.",9.9672154,126.0963418,https://www.google.com/maps/place/Pasikon+Beach/data=!4m7!3m6!1s0x3304112b3e362401:0x200a14b8608be45b!8m2!3d9.9672154!4d126.0963418!16s%2Fg%2F11s767fqlg!19sChIJASQ2PisRBDMRW-SLYLgUCiA?authuser=0&hl=en&rclk=1,"things to do in Siargao, Siargao & Surigao, Philippines",Siargao
Siargao Island,4.7,"(1,170)",,,https://www.instagram.com/thesiargaoisland,https://www.facebook.com/TheSiargaoIsland,Island,,,https://lh3.googleusercontent.com/grass-cs/ANxoTn0W3WWr0JLC5MdHEFnSd1M7PmOwaNJd_putRHcsPBYnKiM9M87wLL3CSa8xEoXKJ7iUcVm5gmMMG1Ak1KO1OimQ3ZR0MF5trrZc2nbSP8ew0ysmcceCNj5fGvAufU0vRkbI-ETL2RfL6lZR=w2048-h1536-k-no,Pool,"A spot worth a look on Siargao Island, Siargao Island draws travelers exploring the area. It currently sits at 4.7 across 1 review. Honest read: only a handful of reviews so far, but early feedback leans positive. Amenities include pool. Best for: day-trippers and nature lovers.",9.8481883,126.0458437,https://www.google.com/maps/place/Siargao+Island/data=!4m7!3m6!1s0x3304043652d9e9b3:0xd4c56a60c9a11b84!8m2!3d9.8481883!4d126.0458437!16zL20vMDg3Ml81!19sChIJs-nZUjYEBDMRhBuhyWBqxdQ?authuser=0&hl=en&rclk=1,"things to do in Siargao, Siargao & Surigao, Philippines",Siargao
The Marvelous Somyot Cave,4.8,(77),09071543063,https://wa.me/09071543063,,https://www.facebook.com/profile.php,Tourist attraction,"1 Poblacion, Burgos, Surigao del Norte",https://www.facebook.com/profile.php?id=100090355825205&mibextid=ZbWKwL,https://lh3.googleusercontent.com/gps-cs-s/APNQkAF5wgQTIFu8C2d4DIH8KNKk2UTHgpihxh7LuufxeRFYyonEzOS1e3n-uLFvRSuVaLK1XRQRz8oSsNnwrI2oPUN_tRv6ztQCN9TANlxxDrigJ7RNDZ1CL16aU877kD8Tw2SeiOqqwg=w2048-h1536-k-no,Pool,"A spot worth a look on Siargao Island, The Marvelous Somyot Cave draws travelers exploring the area. It currently sits at 4.8 across 77 reviews. Amenities include pool. As with most island operators here, booking ahead in peak season is wise. Best for: travelers booking island hops and day trips.",9.9986996,126.0814565,https://www.google.com/maps/place/The+Marvelous+Somyot+Cave/data=!4m7!3m6!1s0x33041b3d466b8abd:0x3d35d45db31ce72d!8m2!3d9.9986996!4d126.0814565!16s%2Fg%2F11txfb1c6v!19sChIJvYprRj0bBDMRLeccs13UNT0?authuser=0&hl=en&rclk=1,"things to do in Siargao, Siargao & Surigao, Philippines",Siargao
Sugba Lagoon Tour,4.5,(956),,,https://www.instagram.com/siargaoislandhopping/,https://facebook.com/siargaoislandhoppingph,Tourist attraction,"Del Carmen, Surigao del Norte",https://siargaoislandhopping.com/product/sugba-lagoon-to-magpupungko-joiners-tour/,https://lh3.googleusercontent.com/gps-cs-s/APNQkAExc_T0vPvGBg0NRRi473OVqPfbqVNIBbo2JFK58tMLWwom97VqLEjSQy8ubie1aEymBefqnIcJp5LF3yQ81nAt3elSC8RLSGR5wdwNucJJuTf8O9KL58HWddgeNy1i4dOkfqk=w2048-h1536-k-no,"Wheelchair accessible, Wheelchair accessible entrance, Accessible","A jewel-toned lagoon near Del Carmen ringed by mangroves and karst, reached by a scenic 30-40 minute boat ride and best enjoyed by kayak, paddleboard or a leap from the wooden diving platform. Clear, calm emerald water makes it one of Siargao's most photogenic day trips, usually combined with island hopping. Bring cash for fees and rentals. Best for: day-trippers wanting that postcard lagoon swim and a jump off the platform.",9.906343,125.900276,https://www.google.com/maps/place/Sugba+Lagoon+Tour/data=!4m7!3m6!1s0x3306a9f6f34785d3:0xdcb0f8f5063ad5b9!8m2!3d9.906343!4d125.900276!16s%2Fg%2F11dyzl9j84!19sChIJ04VH8_apBjMRudU6BvX4sNw?authuser=0&hl=en&rclk=1,"things to do in Siargao, Siargao & Surigao, Philippines",Siargao
Sunshine On Tour Siargao,5.0,(1),09763837736,https://wa.me/09763837736,,https://www.facebook.com/61579585497761,Boat tour agency,"Purok 2, Lisob, Siargao Island, Malinao Rd, General Luna, 8419 Surigao del Norte",,https://lh3.googleusercontent.com/gps-cs-s/APNQkAGC68QYUzGZXGQFGLpO4OXv4ujey3a387026RoGl5fssXvpWe-7pslvMbI-e4Ms7L6tIGNkvD340fj0-7XzkZJjpl5lZqXf0aM9QgivCZpFQpwOIJQozobu01V13Ym08B3uXJovf_IzvsV_=w2048-h1536-k-no,,"A local operator on Siargao Island, Sunshine On Tour Siargao helps travelers sort island trips and transfers. It currently sits at 5.0 across 1 review. Honest read: only a handful of reviews so far, but early feedback leans positive. Best for: travelers booking island hops and day trips.",9.7635993,126.127038,https://www.google.com/maps/place/Sunshine+On+Tour+Siargao/data=!4m7!3m6!1s0x3303f70022a2752f:0x35a9c96fe0b2cd64!8m2!3d9.7635993!4d126.127038!16s%2Fg%2F11nj03fzpk!19sChIJL3WiIgD3AzMRZM2y4G_JqTU?authuser=0&hl=en&rclk=1,"tours in Siargao, Siargao & Surigao, Philippines",Siargao
Siargao Loop & Island Tour,5.0,(68),09451540600,https://wa.me/09451540600,https://instagram.com/Siargao_events,https://www.facebook.com/groups,Travel agency,,https://siargaoevents.com/c/cm6ltjs9j00008o7jj49zzph5,https://lh3.googleusercontent.com/gps-cs-s/APNQkAERhqD2WOThZOIG8LGxDmumslFKNHy1VD9KhWbXi9UOfACopGI7u64gW158P12uEe7wZ4UoJQqYsK5eQAu2bXpPfwxE4y7mXb9LuHhleSJKwYU8Or6y8I6sfvRzEcKxGPJC9S3N92t6L1v0=w2048-h1536-k-no,,"A local operator on Siargao Island, Siargao Loop & Island Tour helps travelers sort island trips and transfers. It currently sits at 5.0 across 68 reviews. As with most island operators here, booking ahead in peak season is wise. Best for: travelers booking island hops and day trips.",9.904094,126.0593606,https://www.google.com/maps/place/Siargao+Loop+%26+Island+Tour/data=!4m7!3m6!1s0x73251fde5bef82d:0x3791c0f7210caa3!8m2!3d9.904094!4d126.0593606!16s%2Fg%2F11x7rk0c47!19sChIJLfi-5f1RMgcRo8oQcg8ceQM?authuser=0&hl=en&rclk=1,"tours in Siargao, Siargao & Surigao, Philippines",Siargao
Siargao Surf Tours,5.0,(1),09278589693,https://wa.me/09278589693,https://www.instagram.com/surfitgym_siargao,https://www.facebook.com/SiargaoJoinerTours,Surf school,"TOURISM ROAD, Malinao, General Luna, 8419 Surigao del Norte",http://www.siargaosurftours.com/,https://lh3.googleusercontent.com/gps-cs-s/APNQkAEdk_wCSrxE2AFR2Yj2zDdSxwDRpQbjnOonJs_vTr90fJ2mDvoEBDdWsjRmsoLf7weQE4j1cfAqZ9mLBFZ7TOiRDngaf2Q4Em_jFotEFfG3p_SqtSTADLnBKjPtH6fLPKU271kMbA=w2048-h1536-k-no,,"A local surf option on Siargao Island, Siargao Surf Tours caters to travelers chasing waves. It currently sits at 5.0 across 1 review. Honest read: only a handful of reviews so far, but early feedback leans positive. Conditions and lessons depend on the swell, so check timing before you commit. Best for: surfers of all levels.",9.7631499,126.1273247,https://www.google.com/maps/place/Siargao+Surf+Tours/data=!4m7!3m6!1s0x3303f70f81830579:0x11dfd70a51f3941a!8m2!3d9.7631499!4d126.1273247!16s%2Fg%2F11w49x0h21!19sChIJeQWDgQ_3AzMRGpTzUQrX3xE?authuser=0&hl=en&rclk=1,"tours in Siargao, Siargao & Surigao, Philippines",Siargao
Kahuna Siargao Travel and Tours,5.0,(1),09308582337,https://wa.me/09308582337,,https://www.facebook.com/61550204128005,Tour operator,"R555+H24 Siargao Island, General Luna, 8419 Surigao del Norte",,https://lh3.googleusercontent.com/gps-cs-s/APNQkAF_l-EdSjP4GzO_nx6BkjxPeAmeCLQb69bhHlJCznPsaa1pAUFWGI1APd5F1YfaJJkZVEX0YDLj114cAzqnDa9d10IzOb_h7p8lDQ7DGdKOJYOm4XYqqFr_Jcw37kC00D67plv_DA=w2048-h1536-k-no,,"A local operator on Siargao Island, Kahuna Siargao Travel and Tours helps travelers sort island trips and transfers. It currently sits at 5.0 across 1 review. Honest read: only a handful of reviews so far, but early feedback leans positive. Best for: travelers booking island hops and day trips.",9.8088895,126.1575833,https://www.google.com/maps/place/Kahuna+Siargao+Travel+and+Tours/data=!4m7!3m6!1s0x3303f78de08851d1:0xaf10dc1164340f0b!8m2!3d9.8088895!4d126.1575833!16s%2Fg%2F11kt8vssvx!19sChIJ0VGI4I33AzMRCw80ZBHcEK8?authuser=0&hl=en&rclk=1,"tours in Siargao, Siargao & Surigao, Philippines",Siargao
Jimmyboy Siargao tour services,3.7,(3),,,,https://www.facebook.com/100095396989043,Travel agency,"Q5P4+GJH, General Luna, Surigao del Norte",,https://lh3.googleusercontent.com/gps-cs-s/APNQkAF2-AFjJh3FDWAGJ-vciR217BqVV2XT34i36WaFyr8NYcUQU72CabWgUv0h4yHHBecxO8DVY3i3ziw71bPIia00tKHcbX1EKSTdGO3DIuz_RCNFwC7HqSlhriKy1EZz3jL31_WJMQ=w2048-h1536-k-no,,"A local operator on Siargao Island, Jimmyboy Siargao tour services helps travelers sort island trips and transfers. It currently sits at 3.7 across 3 reviews. Honest read: reviews are mixed (around 3.7), so set expectations accordingly. Best for: travelers booking island hops and day trips.",9.7863113,126.1566167,https://www.google.com/maps/place/Jimmyboy+Siargao+tour+services/data=!4m7!3m6!1s0x3303f7000acfd5b7:0x80d0d86889a9e693!8m2!3d9.7863113!4d126.1566167!16s%2Fg%2F11y2kmxsgc!19sChIJt9XPCgD3AzMRk-apiWjY0IA?authuser=0&hl=en&rclk=1,"tours in Siargao, Siargao & Surigao, Philippines",Siargao
Yonder in Siargao,5.0,(2),09660263987,https://wa.me/09660263987,,https://www.facebook.com/61556803997722,Boat tour agency,"beside Bonnie's Barbershop, Barangay Poblacion 5, General Luna, 8419 Surigao del Norte",,https://lh3.googleusercontent.com/gps-cs-s/APNQkAEW4hX4kQ2db8TfVtMJqGzmTO869mAQyDxNBdZHOkc8ub-VUnaa-WEIQjl8nPLx0teLmNHpeoZmxYkfqBdWUgef3c2z0mlm2A2WGYXzybqbxwzy6J4wT-dcoCrSIuOsoC7-TEYsYg=w2048-h1536-k-no,,"A local operator on Siargao Island, Yonder in Siargao helps travelers sort island trips and transfers. It currently sits at 5.0 across 2 reviews. Honest read: only a handful of reviews so far, but early feedback leans positive. Best for: travelers booking island hops and day trips.",9.7859283,126.1562448,https://www.google.com/maps/place/Yonder+in+Siargao/data=!4m7!3m6!1s0x33040959e3f84d99:0xaadf6bf296acbd22!8m2!3d9.7859283!4d126.1562448!16s%2Fg%2F11vbcfqxwv!19sChIJmU3441kJBDMRIr2slvJr36o?authuser=0&hl=en&rclk=1,"tours in Siargao, Siargao & Surigao, Philippines",Siargao
Siargao Buddy,5.0,(7),09063814818,https://wa.me/09063814818,,https://www.facebook.com/siargao.buddy.2024,Drone service,"Purok 1, Beside Gymnasium, General Luna, 8419 Surigao del Norte",,https://lh3.googleusercontent.com/gps-cs-s/APNQkAEE5ZKonnYsp01Mno_K5YuadiM8HlvUq3IfZ9HqWDPtou0XZtSVH_R4M-upwM3-qYV7bJvElrtRhPEKaq2e0H8qHu_Mjn2-HyCXEsn1WbeQef30wLmdyv-Y7qUN4y-m4wrxW_KQAEIvbztr=w2048-h1536-k-no,,"A local drone service on Siargao Island, Siargao Buddy serves travelers passing through. It currently sits at 5.0 across 7 reviews. Honest read: only a handful of reviews so far, but early feedback leans positive. Best for: travelers exploring this corner of Siargao.",9.7702782,126.1272383,https://www.google.com/maps/place/Siargao+Buddy/data=!4m7!3m6!1s0x3303f7d02bb7fa2d:0xc15ed1bbe52d3a3b!8m2!3d9.7702782!4d126.1272383!16s%2Fg%2F11nb9b2msk!19sChIJLfq3K9D3AzMROzot5bvRXsE?authuser=0&hl=en&rclk=1,"tours in Siargao, Siargao & Surigao, Philippines",Siargao
KingKing Siargao Travel & Tours,5.0,(2),09957932182,https://wa.me/09957932182,,https://www.facebook.com/profile.php?id=61556704763626&mibextid=LQQJ4d,Tour operator,"Brgy, General Luna, Surigao del Norte",https://www.facebook.com/profile.php?id=61556704763626&mibextid=LQQJ4d,https://lh3.googleusercontent.com/gps-cs-s/APNQkAFr4tPzx88bTGtzubipxpreZngMvNRvKnfwtTKZ6Wobg4tGXCiZtWNu0HzFaZtlXs1hoJYwz-I6q-NreOFS-LDl562giv_f_rtDNBgGBtvihlJMHwjh50ca9ZHpqrIenWAJVbwL3bjaYH_L=w2048-h1536-k-no,,"A local operator on Siargao Island, KingKing Siargao Travel & Tours helps travelers sort island trips and transfers. It currently sits at 5.0 across 2 reviews. Honest read: only a handful of reviews so far, but early feedback leans positive. Best for: travelers booking island hops and day trips.",9.7770745,126.1412392,https://www.google.com/maps/place/KingKing+Siargao+Travel+%26+Tours/data=!4m7!3m6!1s0x3303f70020be66b7:0x499d009b50eb079c!8m2!3d9.7770745!4d126.1412392!16s%2Fg%2F11y492jvj0!19sChIJt2a-IAD3AzMRnAfrUJsAnUk?authuser=0&hl=en&rclk=1,"tours in Siargao, Siargao & Surigao, Philippines",Siargao
Ubani Siargao,5.0,(3),09773540926,https://wa.me/09773540926,http://instagram.com/ubani.siargao,https://www.facebook.com/journeyinnsiargao,Tour operator,"Purok 5, Brgy. 5, General Luna, 8419 Surigao del Norte",http://instagram.com/ubani.siargao,https://lh3.googleusercontent.com/gps-cs-s/APNQkAGl3uDsG0GiZW2uSqxPl-7U-fdfCeTOQ8P4sHe2CefT_UXNC9IZNqBnnIe14zeNlO4z5m3NvmdF-KbniVUhxQmKfn8uDJW6W9pCJB35XBo9vyeCevBTDt34qinrydn-QOYeL7c=w2048-h1536-k-no,,"A local operator on Siargao Island, Ubani Siargao helps travelers sort island trips and transfers. It currently sits at 5.0 across 3 reviews. Honest read: only a handful of reviews so far, but early feedback leans positive. Best for: travelers booking island hops and day trips.",9.7917585,126.1609345,https://www.google.com/maps/place/Ubani+Siargao/data=!4m7!3m6!1s0xa882cd1d9e103d61:0x6f821b05633a3511!8m2!3d9.7917585!4d126.1609345!16s%2Fg%2F11v4ly9wfy!19sChIJYT0Qnh3NgqgRETU6YwUbgm8?authuser=0&hl=en&rclk=1,"tours in Siargao, Siargao & Surigao, Philippines",Siargao
Siargao ATV Adventure,4.5,(4),09293243942,https://wa.me/09293243942,https://www.instagram.com/siargaoatv,https://www.facebook.com/ilihanatvrental,ATV rental service,"P-3, brgy, Del Carmen, 8418 Surigao del Norte",https://www.facebook.com/ilihanatvrental,https://lh3.googleusercontent.com/gps-cs-s/APNQkAHJaLaSBRSUsBooLsi4XHBRh6vQbROmvMUz3XzkNkPWw8wj_pK_0kvdkvqIlipdrDWXVuSvbx7JGDiUckGi_Rhwo1D0PnbaHEC0J5ImDTfJh3WdwZf4Pr6ESKErdQA592Xwrssz=w2048-h1536-k-no,,"A local atv rental service on Siargao Island, Siargao ATV Adventure serves travelers passing through. It currently sits at 4.5 across 4 reviews. Honest read: only a handful of reviews so far, but early feedback leans positive. Best for: travelers sorting their island wheels.",9.8911782,126.019346,https://www.google.com/maps/place/Siargao+ATV+Adventure/data=!4m7!3m6!1s0x33040764fd8e78bf:0xea9036ebfed3967d!8m2!3d9.8911782!4d126.019346!16s%2Fg%2F11sj72qkbx!19sChIJv3iO_WQHBDMRfZbT_us2kOo?authuser=0&hl=en&rclk=1,"tours in Siargao, Siargao & Surigao, Philippines",Siargao
"Seahorse - Surf Trips, Fishing & Spearfishing Trips Siargao",5.0,(1),09686289976,https://wa.me/09686289976,,https://www.facebook.com/ocean9siargaoisland,Boat tour agency,"Ocean 9 beach, Santa Fe, General Luna, 8419 Surigao del Norte",,https://lh3.googleusercontent.com/gps-cs-s/APNQkAHu3HA-phrzBvWseIVn46rr_BiCwgJMhtzkmK3d8XmLo3WhTw2LiI7m_d5krE12iHKoIQ_-CCp4YaWnlRiFVd5a8c0npeobh-6caIN67lfGVhLSGXRAWtwtK9AF1jF_-fUekv63O2kRtYA=w2048-h1536-k-no,,"A local operator on Siargao Island, Seahorse - Surf Trips, Fishing & Spearfishing Trips Siargao helps travelers sort island trips and transfers. It currently sits at 5.0 across 1 review. Honest read: only a handful of reviews so far, but early feedback leans positive. Best for: travelers booking island hops and day trips.",9.8428426,126.1322514,"https://www.google.com/maps/place/Seahorse+-+Surf+Trips,+Fishing+%26+Spearfishing+Trips+Siargao/data=!4m7!3m6!1s0x33040926094dcb73:0x8bcc3052921ff99f!8m2!3d9.8428426!4d126.1322514!16s%2Fg%2F11xz3l26xw!19sChIJc8tNCSYJBDMRn_kfklIwzIs?authuser=0&hl=en&rclk=1","tours in Siargao, Siargao & Surigao, Philippines",Siargao
Coconut Road,4.4,(121),,,,https://www.facebook.com/jamesjroja,Tourist attraction,"R383+RWW, Siargao Circumferential Rd, Pilar, Surigao del Norte",,https://lh3.googleusercontent.com/gps-cs-s/APNQkAEAhckhd348gOAqWGGYEmpc5hwgNzl2MW4jTqmofAYdOQjbkXhrCeBhyJtNRDkPWSIfoTI3w4VEitIu4V8knLVal8gB0ggmzHKLib7kFPYfzNiQ16O_3tE6anPVnjLvXrgaYJehJ8yqyrch=w2048-h1536-k-no,"Wheelchair accessible, Wheelchair accessible entrance, Accessible","A spot worth a look on Siargao Island, Coconut Road draws travelers exploring the area. It currently sits at 4.4 across 121 reviews. Amenities include wheelchair accessible, wheelchair accessible entrance, accessible. Best for: travelers booking island hops and day trips.",9.817107,126.05483,https://www.google.com/maps/place/Coconut+Road/data=!4m7!3m6!1s0x33040756a7e127ef:0x1662ca94ff1cf441!8m2!3d9.817107!4d126.05483!16s%2Fg%2F11h_1rddf6!19sChIJ7yfhp1YHBDMRQfQc_5TKYhY?authuser=0&hl=en&rclk=1,"tours in Siargao, Siargao & Surigao, Philippines",Siargao
Port of Sugba Lagoon,4.5,(232),,,,https://www.facebook.com/SugbaLagoonSiargao,Ferry service,"VX99+98H, Unnamed Road, Del Carmen, Surigao del Norte",,https://lh3.googleusercontent.com/gps-cs-s/APNQkAHPWTxkWjouzSZq-jKcs0ZN2fVO8Fkuw3gHm3AUdLh31FhUbO369L_XG5t2tuooKU0cJSI2q7EqOh9gyHHX6QdBzxCikS3w-oRQo8WGh8ePp32ao38qH3i4fj8U7OhHWsTuX04=w2048-h1536-k-no,,"The jump-off port for boats into Sugba Lagoon, the emerald, mangrove-fringed lagoon near Del Carmen famous for its kayaking, paddleboarding and a wooden diving platform. Expect a scenic 30-40 minute ride out through mangrove channels to calm, clear water. This is the staging point, so sort tickets, boats and rentals here. Best for: travelers organizing the Sugba Lagoon day trip and island-hopping combos.",9.8684442,125.9683632,https://www.google.com/maps/place/Port+of+Sugba+Lagoon/data=!4m7!3m6!1s0x330401dab387eb8d:0x3f2957a8fd808c33!8m2!3d9.8684442!4d125.9683632!16s%2Fg%2F11gmwxbsts!19sChIJjeuHs9oBBDMRM4yA_ahXKT8?authuser=0&hl=en&rclk=1,"tours in Siargao, Siargao & Surigao, Philippines",Siargao
LAKBAYSIARGAO tour services,5.0,(2),09455986416,https://wa.me/09455986416,https://www.instagram.com/lakbaysiargao_tour_services,https://www.facebook.com/jay09455986416,Tour operator,"Siargao Island, Purok Uno, General Luna, Surigao del Norte",,https://lh3.googleusercontent.com/gps-cs-s/APNQkAEabe-8rZ3TEJbCZ4e8LiiaA3y1QvIuYRnck41olX8U1Bf-Ml_Rx9Pjd9uLXLF57AQroYPnlyY80LiE8JS8CiYdzvaoNTLFzuXceGacRsZ8F1TUJiqmUEcd2IkCYAPkyhyuG6PVjA=w2048-h1536-k-no,,"A local operator on Siargao Island, LAKBAYSIARGAO tour services helps travelers sort island trips and transfers. It currently sits at 5.0 across 2 reviews. Honest read: only a handful of reviews so far, but early feedback leans positive. Best for: travelers booking island hops and day trips.",9.779899,126.1507642,https://www.google.com/maps/place/LAKBAYSIARGAO+tour+services/data=!4m7!3m6!1s0x3303f7c07d4bee89:0x7c911fcaf6a0ac96!8m2!3d9.779899!4d126.1507642!16s%2Fg%2F11khgh4_tm!19sChIJie5LfcD3AzMRlqyg9sofkXw?authuser=0&hl=en&rclk=1,"tours in Siargao, Siargao & Surigao, Philippines",Siargao
The Orchid Siargao,5.0,(2),09060315303,https://wa.me/09060315303,,,Restaurant,"R525+H94 next to Tropical Temple, Back Road, General Luna, 8419 Surigao del Norte",http://www.shapeshifter.surf/,https://lh3.googleusercontent.com/gps-cs-s/APNQkAHpaVePteM75xf22nFD_Z0beWxGH4w6Mi0m-yxPq4RE5YcomFbEDRuy9y2vgsn7_CBLl6YExwoP60gNi3VIiTh6aoKKKhi18CmLsM0wl7nOUhRvagntqlWwJcouKlLXVd5jkkqK=w2048-h1536-k-no,"Restaurant, Bar","A casual eatery on Siargao Island, The Orchid Siargao serves up everyday island dining. It currently sits at 5.0 across 2 reviews. Honest read: only a handful of reviews so far, but early feedback leans positive. Amenities include restaurant, bar. Best for: a casual island meal.",9.801381,126.1584594,https://www.google.com/maps/place/The+Orchid+Siargao/data=!4m7!3m6!1s0x330409d09dbd3f3d:0x618c7fdd6bebd7e6!8m2!3d9.801381!4d126.1584594!16s%2Fg%2F11tcc69xqq!19sChIJPT-9ndAJBDMR5tfra91_jGE?authuser=0&hl=en&rclk=1,"tours in Siargao, Siargao & Surigao, Philippines",Siargao
Siargao Kayaks House,4.4,(9),,,https://www.instagram.com/akawsiargao,https://www.facebook.com/profile.php,Apartment building,"Q5Q6+4WR, General Luna, Surigao del Norte",,https://lh3.googleusercontent.com/gps-cs-s/APNQkAHg7-AQLlbmMbO3N549DL6WmuHjVA3YmdLvuBL5Ww21KSOvwu7G05zvw_sM141-4zYONlehtM57-VS2bkCPIvWGCKqPATyL9e0zrwdbGrEegXj2DQ7ZngzfyKl2cD1Ih8-YUo0p=w2048-h1536-k-no,,"A small, locally-run place to stay on Siargao Island, Siargao Kayaks House offers a homier alternative to the big resorts. It currently sits at 4.4 across 9 reviews. Honest read: only a handful of reviews so far, but early feedback leans positive. Best for: travelers after a homier, locally-run stay.",9.7878536,126.1622742,https://www.google.com/maps/place/Siargao+Kayaks+House/data=!4m7!3m6!1s0x3303f61a6414e135:0x99febab314627c78!8m2!3d9.7878536!4d126.1622742!16s%2Fg%2F11c1pgvy9_!19sChIJNeEUZBr2AzMReHxiFLO6_pk?authuser=0&hl=en&rclk=1,"tours in Siargao, Siargao & Surigao, Philippines",Siargao
Coconut Plantation,4.4,(76),,,,https://www.facebook.com/lars.f.fabonan,Tourist attraction,"X3JQ+29F, Siargao Circumferential Rd, Burgos, Surigao del Norte",,https://lh3.googleusercontent.com/gps-cs-s/APNQkAGCi-rL-bB9x34LWVZKVkPCJEaJYno0O3LMjYjqGyM7_28k0kOxWn0G-YF1U64rs_ketoISCN1rCHH4DzkHyhx-cMsxFIji9O_qlNm0ZErlGOrQqzkSqTL9vbGPixrb_fpqg7Iz=w2048-h1536-k-no,Restaurant,"A spot worth a look on Siargao Island, Coconut Plantation draws travelers exploring the area. It currently sits at 4.4 across 76 reviews. Amenities include restaurant. As with most island operators here, booking ahead in peak season is wise. Best for: travelers booking island hops and day trips.",9.9800668,126.0884313,https://www.google.com/maps/place/Coconut+Plantation/data=!4m7!3m6!1s0x33041be1ae728175:0x686ad25cc79ddbd2!8m2!3d9.9800668!4d126.0884313!16s%2Fg%2F11hzxrrt7w!19sChIJdYFyruEbBDMR0tudx1zSamg?authuser=0&hl=en&rclk=1,"tours in Siargao, Siargao & Surigao, Philippines",Siargao
Foxtail Travel & Tours,5.0,(2),09671271431,https://wa.me/09671271431,https://www.instagram.com/foxtailsiargao,https://www.facebook.com/foxtailsiargao08,Travel agency,"Siargao Island, Tourism Rd, General Luna, 8419 Surigao del Norte",,https://lh3.googleusercontent.com/gps-cs-s/APNQkAFhJtlUHrNXv3eLKOFL-1S4txz9ri4vyApvCzmavAl0f21u_rKld9OSq5CIbrKxvT8m8fqc-mNM2woFaspb88TExh6HXa6GleakYdGRSQu3VJ3D7I5gh9ljF9Qdi36f0SWXXUCm=w2048-h1536-k-no,,"A local operator on Siargao Island, Foxtail Travel & Tours helps travelers sort island trips and transfers. It currently sits at 5.0 across 2 reviews. Honest read: only a handful of reviews so far, but early feedback leans positive. Best for: travelers booking island hops and day trips.",9.8001249,126.1600459,https://www.google.com/maps/place/Foxtail+Travel+%26+Tours/data=!4m7!3m6!1s0x3303f716ae0553e5:0x54dfeb632c7cdcfa!8m2!3d9.8001249!4d126.1600459!16s%2Fg%2F11x03q9q6s!19sChIJ5VMFrhb3AzMR-tx8LGPr31Q?authuser=0&hl=en&rclk=1,"tours in Siargao, Siargao & Surigao, Philippines",Siargao
WildSiargao,4.7,(7),09289738701,https://wa.me/09289738701,,https://www.facebook.com/people,Sightseeing tour agency,"W3PM+GG5, San Isidro, Surigao del Norte",,https://lh3.googleusercontent.com/gps-cs-s/APNQkAHkfdyTQI2NWBknYJrAOT8ptycYBYu77ztXUHoUGGgZOpnbM0DHDH1AZ3pVqHykhfluUgTIfhHpSsQKG7mUIfq6z6RuSLJQvtBnUEp8KEA5aTvUNwvD9803ca6VRyFo0Tj9mzJJ4w=w2048-h1536-k-no,,"A local operator on Siargao Island, WildSiargao helps travelers sort island trips and transfers. It currently sits at 4.7 across 7 reviews. Honest read: only a handful of reviews so far, but early feedback leans positive. Best for: travelers booking island hops and day trips.",9.9362588,126.0838567,https://www.google.com/maps/place/WildSiargao/data=!4m7!3m6!1s0x3304056735698d67:0xf28bc5694fe6314e!8m2!3d9.9362588!4d126.0838567!16s%2Fg%2F11dzdrsb13!19sChIJZ41pNWcFBDMRTjHmT2nFi_I?authuser=0&hl=en&rclk=1,"tours in Siargao, Siargao & Surigao, Philippines",Siargao
Maasin River Bridge,4.2,"(1,433)",,,,https://www.facebook.com/photo,Tourist attraction,"R3C4+HFW, Siargao Circumferential Rd, Pilar, Surigao del Norte",,https://lh3.googleusercontent.com/gps-cs-s/APNQkAGdI8-gKTp-W20zjNviENifsiMrjkzJHurGeuZq-m73A8cDTCHKxT2lj5zg8M36GsGdB4amPkyTU7-BfN07juSGXGFc7Y1RllT9k3qQ29iW7bNUxfNxsrwN2QfXW1LIaR_W4B6p=w2048-h1536-k-no,"Wheelchair accessible, Wheelchair accessible entrance, Accessible","The famous coconut-palm-over-water spot on the Maasin River, where a leaning trunk arches across the green river and a rope swing launches swimmers into the current, a short drive inland from General Luna. Quick, fun and very photogenic, it's a staple of the island land tour. Best for: travelers wanting the iconic palm-and-rope-swing photo and a refreshing river dip.",9.8214908,126.0562069,https://www.google.com/maps/place/Maasin+River+Bridge/data=!4m7!3m6!1s0x330407e6508efaaf:0x83a1c2c16ab34118!8m2!3d9.8214908!4d126.0562069!16s%2Fg%2F11gv0p3hr8!19sChIJr_qOUOYHBDMRGEGzasHCoYM?authuser=0&hl=en&rclk=1,"tours in Siargao, Siargao & Surigao, Philippines",Siargao
Magpupungko Tidal Pool,4.5,(369),09196476677,https://wa.me/09196476677,https://instagram.com/siargaophilippines,https://facebook.com/siargaoislandph,Tourist attraction,"Pilar, Surigao del Norte",https://www.siargaoislandphilippines.com/,https://lh3.googleusercontent.com/gps-cs-s/APNQkAEjTQ9bSGB3WmqQl_pw89MzUSZBx8fG5hWWlejW9FCaIVUo3yoxyJGGElQgRuBHOHA2grBDg_9ygY7iKqNcA9J1LDFV4B73pYUUnMNDDWJcVrKcwIv70jmZ3l0oeQ8tINUHyAhaiQ=w2048-h1536-k-no,Pool,"At low tide the receding sea reveals a large, crystal-clear natural rock pool at Magpupungko in Pilar, deep enough for swimming and cliff jumping against a backdrop of dramatic boulders, about an hour north of General Luna. Timing is everything: come at low tide or the pool disappears under the waves. Best for: travelers who plan around the tide chart and want a wild, photogenic swim and jump.",9.875508,126.1199161,https://www.google.com/maps/place/Magpupungko+Tidal+Pool/data=!4m7!3m6!1s0x3304090c9e2779d9:0x6b158a5816ad122a!8m2!3d9.875508!4d126.1199161!16s%2Fg%2F11svv6y1xk!19sChIJ2XknngwJBDMRKhKtFliKFWs?authuser=0&hl=en&rclk=1,"tours in Siargao, Siargao & Surigao, Philippines",Siargao
Pamomoan Beach,4.6,(105),09389809931,https://wa.me/09389809931,https://www.instagram.com/pamomoan.beach,https://www.facebook.com/pamomoan,Tourist attraction,"WV9W+2XP, Del Carmen, Surigao del Norte",https://www.facebook.com/pamomoan,https://lh3.googleusercontent.com/gps-cs-s/APNQkAE42y80kdRqi1tixfEXTU5iudB8V1wbKuwPhfkyXAZsw4IMTmDE5jMGRmgGzVk9RdK_BU4rJDX0kmJBSYQOR-FHpx35_wDvKl0pYNWrC5dTf2LDCQ5Bm5wmvm_ReOFtoXSTQFx9RA=w2048-h1536-k-no,"Beachfront, Wheelchair accessible, Wheelchair accessible entrance, Accessible","A spot worth a look on Siargao Island, Pamomoan Beach draws travelers exploring the area. It currently sits at 4.6 across 105 reviews. Amenities include beachfront, wheelchair accessible, wheelchair accessible entrance, accessible. Best for: travelers booking island hops and day trips.",9.9175981,125.8974598,https://www.google.com/maps/place/Pamomoan+Beach/data=!4m7!3m6!1s0x3306a9e1153fb8ad:0xbfb2eea7932f21f!8m2!3d9.9175981!4d125.8974598!16s%2Fg%2F11h718cg4c!19sChIJrbg_FeGpBjMRH_Iyeeou-ws?authuser=0&hl=en&rclk=1,"tours in Siargao, Siargao & Surigao, Philippines",Siargao
Right Travel and Tours Siargao,5.0,(1),09153811496,https://wa.me/09153811496,,https://www.facebook.com/RIGHT-Travel-TOURS-online-booking-197115737745432,Travel agency,0915 381 1496,https://righttravelandtours.webtulz.site/,https://streetviewpixels-pa.googleapis.com/?cb_client,,"A local operator on Siargao Island, Right Travel and Tours Siargao helps travelers sort island trips and transfers. It currently sits at 5.0 across 1 review. Honest read: only a handful of reviews so far, but early feedback leans positive. Best for: travelers booking island hops and day trips.",9.8731008,126.0593606,https://www.google.com/maps/place/Right+Travel+and+Tours+Siargao/data=!4m7!3m6!1s0x619ab26b5d124925:0x5550c8c5ebc73c17!8m2!3d9.8731008!4d126.0593606!16s%2Fg%2F11ks114kt9!19sChIJJUkSXWuymmERFzzH68XIUFU?authuser=0&hl=en&rclk=1,"tours in Siargao, Siargao & Surigao, Philippines",Siargao
Siargao Mermaid,5.0,(7),09053145169,https://wa.me/09053145169,,https://www.facebook.com/UNLTDSiargao,Swimming school,"Brgy catangnan, Tourism Rd, General Luna, 8419 Surigao del Norte",,https://lh3.googleusercontent.com/gps-cs-s/APNQkAHK90yW9S2LSowFP6as3zvzh_xfELAPce78n4QctI7MapmYHgnB9XKMOSaJDC5rN3kbjc69-Yejn3-_mOQKP6xrdpEpo6Pmn-0YTCjR2KabnKRUB91h6-JpwaAHeiPOxTrJOSEz=w2048-h1536-k-no,,"A local swimming school on Siargao Island, Siargao Mermaid serves travelers passing through. It currently sits at 5.0 across 7 reviews. Honest read: only a handful of reviews so far, but early feedback leans positive. Best for: travelers exploring this corner of Siargao.",9.8102401,126.1649382,https://www.google.com/maps/place/Siargao+Mermaid/data=!4m7!3m6!1s0x33040974b4d64db5:0xee533eb1bdb1045d!8m2!3d9.8102401!4d126.1649382!16s%2Fg%2F11h_10cnch!19sChIJtU3WtHQJBDMRXQSxvbE-U-4?authuser=0&hl=en&rclk=1,"dive shops in Siargao, Siargao & Surigao, Philippines",Siargao
Kawhagan Island,4.6,(187),,,,https://www.facebook.com/SiargaoIslandHoppingByArkAngels,Beach,"Del Carmen, Surigao del Norte",,https://lh3.googleusercontent.com/gps-cs-s/APNQkAHH-VlXxFGWdNQH_BhdGUl5KnHvLaDVj0YN-bOHIkyVWo_lKOEHskgs4UZ64yyJgx-Y0VznXGp3eWv1llnyX2WDFMmNS5DF4NIV5cAbz2ZI3bxZAlLlDce9099b2k6HH0uSNlAqorMJSD_e=w2048-h1536-k-no,,"A well-loved Siargao stop on Siargao Island, Kawhagan Island pulls a strong 4.6 rating across 187 reviews. Expect the kind of natural setting travelers keep coming back to photograph and swim. Best for: day-trippers and nature lovers.",9.922332,125.8938092,https://www.google.com/maps/place/Kawhagan+Island/data=!4m7!3m6!1s0x3306a9eab6b170f1:0xdc36da51d2731e0e!8m2!3d9.922332!4d125.8938092!16s%2Fg%2F11c1xdfq5w!19sChIJ8XCxtuqpBjMRDh5z0lHaNtw?authuser=0&hl=en&rclk=1,"dive shops in Siargao, Siargao & Surigao, Philippines",Siargao
CHEERS N' SHOTS ISLAND RESTOBAR,4.7,(15),09760446753,https://wa.me/09760446753,,https://www.facebook.com/people,Bar & grill,"Brgy, Union Rd, Don Paulino, Dapa, 8417 Surigao del Norte",,https://lh3.googleusercontent.com/gps-cs-s/APNQkAHPw8K-B5jLDElOnhGOQD5IwFwvSDdopmueRBxEPZhaVl0IIZSi6ItxrKNIY_OE1f_9D4GfyfAfTEPexT2MaxH3kiN03q00cBxYHfsBnjG6XGAaEx7MVtqBPqeY5XtzIpexYait=w2048-h1536-k-no,"Restaurant, Bar","A casual eatery on Siargao Island, CHEERS N' SHOTS ISLAND RESTOBAR serves up everyday island dining. It currently sits at 4.7 across 15 reviews. Amenities include restaurant, bar. Set in Siargao's easygoing dining scene, it leans casual and local rather than polished. Best for: an easygoing drink and good vibes.",9.7524047,126.0895022,https://www.google.com/maps/place/CHEERS+N%27+SHOTS+ISLAND+RESTOBAR/data=!4m7!3m6!1s0x3303f798bf5720cf:0x6ea40c336afe7a76!8m2!3d9.7524047!4d126.0895022!16s%2Fg%2F11sbbm_4zq!19sChIJzyBXv5j3AzMRdnr-ajMMpG4?authuser=0&hl=en&rclk=1,"bars in Siargao, Siargao & Surigao, Philippines",Siargao
Resto Bar Magpupungko,4.8,(16),,,,https://www.facebook.com/p,Restaurant,"V4G8+F3Q, Siargao Circumferential Rd, Pilar, Surigao del Norte",,https://lh3.googleusercontent.com/gps-cs-s/APNQkAGTE4zEGPgEnyPzOqvyOhu6PV-P_mOWc1ByCWMbJoXL-uWE-zQT9WTIXUl8FpP_aW8xUtGDMXLm65nOXEQzHFKQ1xamasJRLd5wMrvwwqDOIrU6rjjxlxEwiU13_iiSlyLaKfJR=w2048-h1536-k-no,"Restaurant, Bar","A casual eatery on Siargao Island, Resto Bar Magpupungko serves up everyday island dining. It currently sits at 4.8 across 16 reviews. Amenities include restaurant, bar. Set in Siargao's easygoing dining scene, it leans casual and local rather than polished. Best for: a casual island meal.",9.8762048,126.1152376,https://www.google.com/maps/place/Resto+Bar+Magpupungko/data=!4m7!3m6!1s0x33040991a15d79a1:0x2762993f82f3ce57!8m2!3d9.8762048!4d126.1152376!16s%2Fg%2F11gycckbpc!19sChIJoXldoZEJBDMRV87zgj-ZYic?authuser=0&hl=en&rclk=1,"bars in Siargao, Siargao & Surigao, Philippines",Siargao
Kwai Siargao,5.0,(33),,,https://www.instagram.com/kwaisiargao,https://www.facebook.com/profile.php,Hotel,"Q5Q6+3C5, General Luna, Surigao del Norte",,https://lh3.googleusercontent.com/gps-cs-s/APNQkAGmWeHPHrVPOZ5SFkiym2fsxVidKXk1hd9_12e7EELhVcsFJgVLcXB7-aTO0JOXlrlLO1rL1NOLCoG7abGBE9ypRgRu_PlojeUe1ThOnuTMr2OpbtamRLseWG6P-7hGew6Oi3f4eCDm10rS=w2048-h1536-k-no,"Pool, Laundry","An island stay on Siargao Island, Kwai Siargao pitches itself to travelers wanting a relaxed base. It currently sits at 5.0 across 33 reviews. Amenities include pool, laundry. Expect an island-paced, locally-run feel rather than full resort polish. Best for: travelers wanting comfort and a relaxed island stay.",9.7876423,126.1611098,https://www.google.com/maps/place/Kwai+Siargao/data=!4m7!3m6!1s0x3303f700708d0d67:0x815e4ed5c37349cd!8m2!3d9.7876423!4d126.1611098!16s%2Fg%2F11wxpf1vml!19sChIJZw2NcAD3AzMRzUlzw9VOXoE?authuser=0&hl=en&rclk=1,"bars in Siargao, Siargao & Surigao, Philippines",Siargao
Centro sa Dayan Resto Bar,5.0,(5),09703632030,https://wa.me/09703632030,,https://www.facebook.com/people/Centro-Restobar/100087659823593/,Night club,"Q3JG+8VP, Dapa - General Luna Rd, Dapa, Surigao del Norte",https://web.facebook.com/profile.php?id=100087659823593,https://lh3.googleusercontent.com/gps-cs-s/APNQkAHGGFlrRqaPceAtlE2UrYgAx44uUXAO6eQEu3hneh5cWdPbHtNFkdRYCqgDvzEyaz5MRbGHD5aG67k6J9rPW8PNCEramJN_sqJJ0okc_wNXElwuj54iKe2kblinZdXwh2dPAMkG=w2048-h1536-k-no,Bar,"A local night club on Siargao Island, Centro sa Dayan Resto Bar serves travelers passing through. It currently sits at 5.0 across 5 reviews. Honest read: only a handful of reviews so far, but early feedback leans positive. Amenities include bar. Best for: travelers exploring this corner of Siargao.",9.7808434,126.077194,https://www.google.com/maps/place/Centro+sa+Dayan+Resto+Bar/data=!4m7!3m6!1s0x3303f925ef8da2f9:0x6a70a6395faf6bc8!8m2!3d9.7808434!4d126.077194!16s%2Fg%2F11trx9xwgk!19sChIJ-aKN7yX5AzMRyGuvXzmmcGo?authuser=0&hl=en&rclk=1,"bars in Siargao, Siargao & Surigao, Philippines",Siargao
"Ocean 101 Bar , Restaurant & Resort",4.0,(1),,,,https://www.facebook.com/OCEAN101BEACHRESORT,Restaurant,"Cloud 9, Gen. Luna, Siargao Island Surigao del Norte, Philippines 8419",,https://lh3.googleusercontent.com/gps-cs-s/APNQkAHetol9LU1GLkdeh6AjztbC4npPQBiIYupR_B1vPVmyFtQ59f2EdPjd79DjXq87GHV8V1OrS_CnrhoUXNDZHaYb5616kC4IATGsWBJ-qxq-u8ILS8aQOWnJZ8SUc5Q7wSILnLjzfw=w2048-h1536-k-no,"Restaurant, Bar","A casual eatery on Siargao Island, Ocean 101 Bar , Restaurant & Resort serves up everyday island dining. It currently sits at 4.0 across 1 review. Honest read: only a handful of reviews so far, but early feedback leans positive. Amenities include restaurant, bar. Best for: a casual island meal.",9.8481883,126.0458437,"https://www.google.com/maps/place/Ocean+101+Bar+,+Restaurant+%26+Resort/data=!4m7!3m6!1s0x3304065555555555:0xde97176fbb854cc5!8m2!3d9.8481883!4d126.0458437!16s%2Fg%2F1tfwgxkx!19sChIJVVVVVVUGBDMRxUyFu28Xl94?authuser=0&hl=en&rclk=1","bars in Siargao, Siargao & Surigao, Philippines",Siargao
DAYOH Café/Bar,4.7,(177),09157174301,https://wa.me/09157174301,http://www.instagram.com/dayo_pacifico,https://www.facebook.com/p,Cafe,"Purok 3 Barangay Pacifico Rd, San Isidro, 8421 Surigao del Norte",http://www.instagram.com/dayo_pacifico,https://lh3.googleusercontent.com/gps-cs-s/APNQkAExNRMne3FOX-Aw_EJHAzwgPs9KJ1Lkd1mhk6CHbfnIHN5mmgf0w-4mWi5GM2EVqgsqc1p05ATWtTc2UtNsWH0MIsRZsu4MdMHGwjGLpflx1vxS5jdo2YhW-5sj8AunHv1UQuqDSjMpZ7Zc=w2048-h1536-k-no,"Restaurant, Bar","One of the area's favorite cafes on Siargao Island, DAYOH Café/Bar has built a loyal following with 177 reviews at 4.7. A reliable pick for good coffee, easy brunch plates and a relaxed place to linger. Amenities include restaurant, bar. Best for: a relaxed coffee, brunch or work session.",9.9449415,126.1026176,https://www.google.com/maps/place/DAYOH+Caf%C3%A9%2FBar/data=!4m7!3m6!1s0x33040ff9c6b8da4d:0x9e87adc8a8c28251!8m2!3d9.9449415!4d126.1026176!16s%2Fg%2F11l748_3d6!19sChIJTdq4xvkPBDMRUYLCqMith54?authuser=0&hl=en&rclk=1,"bars in Siargao, Siargao & Surigao, Philippines",Siargao
Tiburon Siargao,4.7,(81),09534331418,https://wa.me/09534331418,https://www.instagram.com/bravosiargao/,https://www.facebook.com/bravosiargao,Restaurant,"Bravo Beach Resort, Tourism Rd, Barangay 5, General Luna, 8419 Surigao del Norte",https://www.bravosiargao.com/shop/tiburon-siargao.html,https://lh3.googleusercontent.com/gps-cs-s/APNQkAE_rzcJlLgQ_jZOx3XCKtL_Y5US-CHJpJwXSY9gclkTbGIcAV47_oe8bptckdcX68tWIS5fdPYWQvk3UsHlg1bb-1_4WsjK2Z2PJK1PQMNiA2gblwm6pGa7KBN8UGgK7Tu96VrQbQ=w2048-h1536-k-no,Bar,"A casual eatery on Siargao Island, Tiburon Siargao serves up everyday island dining. It currently sits at 4.7 across 81 reviews. Amenities include bar. Set in Siargao's easygoing dining scene, it leans casual and local rather than polished. Best for: a casual island meal.",9.791477,126.161972,https://www.google.com/maps/place/Tiburon+Siargao/data=!4m7!3m6!1s0x3303f7e322d8a279:0x3075f9c7a9f03f9d!8m2!3d9.791477!4d126.161972!16s%2Fg%2F11tg9z2nc6!19sChIJeaLYIuP3AzMRnT_wqcf5dTA?authuser=0&hl=en&rclk=1,"bars in Siargao, Siargao & Surigao, Philippines",Siargao
Global Food Café Siargao,4.2,(36),09543210935,https://wa.me/09543210935,https://www.instagram.com/_globalfoodcafe,https://www.facebook.com/61574954375308,Restaurant,"Tourism Road, purok 5, Siargao, General Luna, Surigao del Norte",,https://lh3.googleusercontent.com/gps-cs-s/APNQkAEpgBMiM2fMA5q6jne_barDMiebIYqq_D-7b1PafT7zwxjKVqwfkNND8RdMLFd_uu1dwLrvH92ybbXtic6xFAP6Cg7Cfl6IyK_y6LCpsgG9wVs11qjGiJvSOj8aMLc_I31DYwWjjQ=w2048-h1536-k-no,"Pool, Restaurant, Wheelchair accessible, Wheelchair accessible entrance, Accessible","A casual eatery on Siargao Island, Global Food Café Siargao serves up everyday island dining. It currently sits at 4.2 across 36 reviews. Amenities include pool, restaurant, wheelchair accessible, wheelchair accessible entrance. Best for: a casual island meal.",9.7926239,126.1612659,https://www.google.com/maps/place/Global+Food+Caf%C3%A9+Siargao/data=!4m7!3m6!1s0x3303f7a6f61f0257:0xd5c24cb15f74fede!8m2!3d9.7926239!4d126.1612659!16s%2Fg%2F11vdzq4qb4!19sChIJVwIf9qb3AzMR3v50X7FMwtU?authuser=0&hl=en&rclk=1,"bars in Siargao, Siargao & Surigao, Philippines",Siargao
Michael's Restaurant Siargao,4.3,(63),09055178244,https://wa.me/09055178244,,https://www.facebook.com/jean.crush.505,Restaurant,"Purok 4 General Luna Siargao, 8419 Surigao del Norte",https://www.facebook.com/jean.crush.505,https://lh3.googleusercontent.com/gps-cs-s/APNQkAEMrN26K_tSucW2MVN51sF9pAY2Qy9KCPTBc-DusRFq4EG5V35Px6ggKOzp_TVr1wHCV8sDekGzoQ-B50GUebz2hnWDJ4CnHabf5xjMKAFJeTmDvsDgA1Dl8MatUpQLOkNn8m6OvA=w2048-h1536-k-no,"Restaurant, Bar","A casual eatery on Siargao Island, Michael's Restaurant Siargao serves up everyday island dining. It currently sits at 4.3 across 63 reviews. Amenities include restaurant, bar. Set in Siargao's easygoing dining scene, it leans casual and local rather than polished. Best for: a casual island meal.",9.7906141,126.150697,https://www.google.com/maps/place/Michael%27s+Restaurant+Siargao/data=!4m7!3m6!1s0x3303f7ad8cfc2269:0xca6ce5b0d97f8ef!8m2!3d9.7906141!4d126.150697!16s%2Fg%2F11q3f16hn9!19sChIJaSL8jK33AzMR7_iXDVvOpgw?authuser=0&hl=en&rclk=1,"bars in Siargao, Siargao & Surigao, Philippines",Siargao
Thai Foon,4.4,(422),09475229939,https://wa.me/09475229939,https://www.instagram.com/thaifoonsiargao/,https://www.facebook.com/help/instagram/261704639352628,Restaurant,"Q5J4+MGW, Purok 1 General Luna Siargao Island, General Luna, 8419 Surigao del Norte",http://thaifoon.ph/,https://lh3.googleusercontent.com/gps-cs-s/APNQkAHYKoYwmLESt-Y8RXa_lEeXqEicgQWym-2dRjf_m2IecUDNX2A_OUg4OedemXYWvIUkkrp2tJDdZF7WkuCzvsf_gsIGoLIueUoBI08vsgRPOKUvAfyHTKwyyW024KWcQbte_ALK599hbv5S=w2048-h1536-k-no,Restaurant,"A casual eatery on Siargao Island, Thai Foon serves up everyday island dining. It currently sits at 4.4 across 422 reviews. Amenities include restaurant. Set in Siargao's easygoing dining scene, it leans casual and local rather than polished. Best for: a casual island meal.",9.782065,126.1562369,https://www.google.com/maps/place/Thai+Foon/data=!4m7!3m6!1s0x3303f79714e3ca5d:0x1d8934e40535c974!8m2!3d9.782065!4d126.1562369!16s%2Fg%2F11r40rp0tg!19sChIJXcrjFJf3AzMRdMk1BeQ0iR0?authuser=0&hl=en&rclk=1,"bars in Siargao, Siargao & Surigao, Philippines",Siargao
Amazing beach siargao,5.0,(1),,,,https://www.facebook.com/61579144834766,Bar,"Malinao Rd, General Luna, Surigao del Norte",,https://lh3.googleusercontent.com/gps-cs-s/APNQkAGdfWvycEzbIDrMSZSzC5uN5dhrtsewCXBwrYwp5X7Gg3A0CQFj0e3uSrfz84bCdTc1E7cEnNu6iWh-ZvhmYXCXEqUHX1SUDddDVp7VckcP8YBirf5VXQfY8Nc09i5nchziEqcSG8lJOrx1=w2048-h1536-k-no,,"A local bar on Siargao Island, Amazing beach siargao is a laid-back spot for a drink. It currently sits at 5.0 across 1 review. Honest read: only a handful of reviews so far, but early feedback leans positive. Best for: an easygoing drink and good vibes.",9.7619072,126.127317,https://www.google.com/maps/place/Amazing+beach+siargao/data=!4m7!3m6!1s0x3303f70059430331:0x825e016a2e1879fa!8m2!3d9.7619072!4d126.127317!16s%2Fg%2F11z61k8l58!19sChIJMQNDWQD3AzMR-nkYLmoBXoI?authuser=0&hl=en&rclk=1,"nightclubs in Siargao, Siargao & Surigao, Philippines",Siargao
Secret Surf Spot of the south,4.2,(30),,https://wa.me/639292094768,https://www.instagram.com/vandamiees/,https://www.facebook.com/SIARGAOISA,Surf school,"P3XR+H8V, Union Rd, Dapa, Surigao del Norte",https://vansurfcamp.online/,https://lh3.googleusercontent.com/gps-cs-s/APNQkAHxfVieweDXSnOGZZoSq1HPmxHEH0KxR3fbL_E443gfiVfFlDaJXhOWIX350eaJtmVkw0UB3V69ktyFo_TOdRy2uLIM1E55rl8HIVMq7HEgrUqrVj4xRL7sMgvYd3V-FF-c03xc=w2048-h1536-k-no,,"A local surf option on Siargao Island, Secret Surf Spot of the south caters to travelers chasing waves. It currently sits at 4.2 across 30 reviews. Conditions and lessons depend on the swell, so check timing before you commit. Best for: surfers of all levels.",9.7489888,126.0908084,https://www.google.com/maps/place/Secret+Surf+Spot+of+the+south/data=!4m7!3m6!1s0x3303f7d88d8881bb:0x434c85c74beb9ac!8m2!3d9.7489888!4d126.0908084!16s%2Fg%2F11rfc4y94p!19sChIJu4GIjdj3AzMRrLm-dFzINAQ?authuser=0&hl=en&rclk=1,"nightclubs in Siargao, Siargao & Surigao, Philippines",Siargao
Bake X Siargao/Siram Siargao,4.4,(91),,,https://www.instagram.com/bakesiargao,https://www.facebook.com/100066403333838,Cafe,"Tourism Rd, General Luna, Surigao del Norte",,https://lh3.googleusercontent.com/gps-cs-s/APNQkAGgWtSnoIA5sRbzrlK9WA9uA3AC2PMwscOK5rWV9ek-5LJh6dAenDKAH9rLajsPqJ6ZGAycwVXM4W9T_u4VTslysUvrAiK0cbPXWTEz4W518wqGEZwOO9UQxMUe5z3-SdN3JuQB=w2048-h1536-k-no,,"A neighborhood cafe on Siargao Island, Bake X Siargao/Siram Siargao is an easy spot for coffee and a bite. It currently sits at 4.4 across 91 reviews. Like much of the island's cafe scene, expect a relaxed pace and a casual island setting. Best for: a relaxed coffee, brunch or work session.",9.7942868,126.1607306,https://www.google.com/maps/place/Bake+X+Siargao%2FSiram+Siargao/data=!4m7!3m6!1s0x3303f61ddc3e710d:0x2b76555e25a76b80!8m2!3d9.7942868!4d126.1607306!16s%2Fg%2F11fy4snwv3!19sChIJDXE-3B32AzMRgGunJV5Vdis?authuser=0&hl=en&rclk=1,"nightclubs in Siargao, Siargao & Surigao, Philippines",Siargao
RedDoorz @ Kopinos Tourist Inn Hotel,4.0,(3),0282487369,https://wa.me/0282487369,https://www.instagram.com/reddoorzph/,https://www.facebook.com/reddoorzph/,,"VX9C+XH4, Del Carmen, 8418 Surigao del Norte",https://www.reddoorz.com/en-ph/hotel/philippines/surigao-del-norte/del-carmen/del-carmen/reddoorz-kopinos-tourist-inn-hotel?utm_campaign=webclick&utm_medium=mybusiness&utm_source=google,https://lh3.googleusercontent.com/gps-cs-s/APNQkAEO0HYG4J-FQX_GBjFsDtE6WDWkwXhZ8Kic4tJxh8pTkJCixhWg8LXZJbSYhyqRWna95A90C3-YvXNpA77rEQqTMNNLo913FVOiEw4BiGiwdHTyP_OD27CXfjNayAMrHaoFAC7S0e_sQto=w2048-h1536-k-no,,"A low-key local spot near the Sugba Lagoon area of Siargao, RedDoorz @ Kopinos Tourist Inn Hotel keeps a modest online footprint. It currently sits at 4.0 across 3 reviews. Honest read: only a handful of reviews so far, but early feedback leans positive. Best for: travelers exploring this corner of Siargao.",9.869878,125.971472,https://www.google.com/maps/place/RedDoorz+@+Kopinos+Tourist+Inn+Hotel/data=!4m11!3m10!1s0x33040111bb93d473:0xcc62320e5acc293d!5m3!1s2026-10-31!4m1!1i2!8m2!3d9.869878!4d125.971472!16s%2Fg%2F11sryg237s!19sChIJc9STuxEBBDMRPSnMWg4yYsw?authuser=0&hl=en&rclk=1,"hostels in Sugba Lagoon, Siargao & Surigao, Philippines",Sugba Lagoon
Andrea's Homestay Siargao for Backpacker,3.9,(14),09063426806,https://wa.me/09063426806,,https://www.facebook.com/profile.php,,"Roxas Street, Del Carmen, 8418 Surigao del Norte",,https://lh3.googleusercontent.com/gps-cs-s/APNQkAEwLMGcKRSGybkHT_xHqVW0ZPP90UR220se71AaYYbi8l1IC5TtWAJj7QLBhO6t4-FOPnNyQrft0FtIK6XN1wM3AADdgrDE7k7URKQ2N4bnDt2pDMZ1nsruqudGsL4Xo_8uH2y4=w2048-h1536-k-no,"Free Wi-Fi, Air-conditioned, Free parking, Airport shuttle, Pet-friendly, Smoke-free","A low-key local spot near the Sugba Lagoon area of Siargao, Andrea's Homestay Siargao for Backpacker keeps a modest online footprint. It currently sits at 3.9 across 14 reviews. Amenities include free wi-fi, air-conditioned, free parking, airport shuttle. Best for: travelers exploring this corner of Siargao.",9.8684412,125.9716293,https://www.google.com/maps/place/Andrea%27s+Homestay+Siargao+for+Backpacker/data=!4m11!3m10!1s0x33040165deba1cf5:0x83122ca3ca6843c2!5m3!1s2026-10-31!4m1!1i2!8m2!3d9.8684412!4d125.9716293!16s%2Fg%2F11fr706k7c!19sChIJ9Ry63mUBBDMRwkNoyqMsEoM?authuser=0&hl=en&rclk=1,"hostels in Sugba Lagoon, Siargao & Surigao, Philippines",Sugba Lagoon
Hang Loose hostel,5.0,(2),,,,https://www.facebook.com/photo.php,,"VXFJ+X6V, Del Carmen, Surigao del Norte",,https://streetviewpixels-pa.googleapis.com/v1/thumbnail?panoid=fMPw2l3nz_8SxwhsQF8qhg&cb_client=search.gws-prod.gps&w=80&h=92&yaw=138.12764&pitch=0&thumbfov=100,,"A low-key local spot near the Sugba Lagoon area of Siargao, Hang Loose hostel keeps a modest online footprint. It currently sits at 5.0 across 2 reviews. Honest read: only a handful of reviews so far, but early feedback leans positive. Best for: travelers exploring this corner of Siargao.",9.8749769,125.9805528,https://www.google.com/maps/place/Hang+Loose+hostel/data=!4m11!3m10!1s0x330401007d8fa623:0x57e86491d6c25e16!5m3!1s2026-10-31!4m1!1i2!8m2!3d9.8749769!4d125.9805528!16s%2Fg%2F11y66f19k0!19sChIJI6aPfQABBDMRFl7C1pFk6Fc?authuser=0&hl=en&rclk=1,"bed and breakfast in Sugba Lagoon, Siargao & Surigao, Philippines",Sugba Lagoon
Zira’s milktea and takoyaki,4.8,(23),09458516248,https://wa.me/09458516248,,https://www.facebook.com/share/1Bo9TnwZj6/?mibextid=wwXIfr,Restaurant,"Beside la isla kristina mini mart, Surigao City, 8418 Surigao del Norte",https://www.facebook.com/share/1Bo9TnwZj6/?mibextid=wwXIfr,https://lh3.googleusercontent.com/gps-cs-s/APNQkAHCn8Ctlvf-4i724IGqQEhO9fj0ptoZD_BEd79iAv4d-FxDdEBn4EWvLBx1CxqxYZXjgv3vwtxBs2lAIFJvyJxkITQd2Q-g1xhdWaN_nh4B4u02Kdyjdoo3YAc48Zj58k90a0ilOM1HLYPF=w2048-h1536-k-no,Restaurant,"A casual eatery near the Sugba Lagoon area of Siargao, Zira’s milktea and takoyaki serves up everyday island dining. It currently sits at 4.8 across 23 reviews. Amenities include restaurant. Set in Siargao's easygoing dining scene, it leans casual and local rather than polished. Best for: a casual island meal.",9.8684754,125.9689046,https://www.google.com/maps/place/Zira%E2%80%99s+milktea+and+takoyaki/data=!4m7!3m6!1s0x33040186daaaf195:0xcbcc3ea394bc2f49!8m2!3d9.8684754!4d125.9689046!16s%2Fg%2F11vtbbgyqv!19sChIJlfGq2oYBBDMRSS-8lKM-zMs?authuser=0&hl=en&rclk=1,"restaurants in Sugba Lagoon, Siargao & Surigao, Philippines",Sugba Lagoon
Sulima Eatery,4.4,(18),09750069114,https://wa.me/09750069114,,https://www.facebook.com/p,Restaurant,"Del Carmen, Surigao City, 8418 Surigao del Norte",,https://lh3.googleusercontent.com/gps-cs-s/APNQkAHOUWMGmJQQK_JqLXbs2EymTmlACJ-q-UIrBtpu4oDlf17jD3THfm3AOUJZpczOQgOefMN_V-yoQ7HAiBKqNWEaxVYqHN6ymgAZrcFYYOdEJuMswUx73vUYXelhXQxCGB9X5dwN_88jHQQ5=w2048-h1536-k-no,Restaurant,"A casual eatery near the Sugba Lagoon area of Siargao, Sulima Eatery serves up everyday island dining. It currently sits at 4.4 across 18 reviews. Amenities include restaurant. Set in Siargao's easygoing dining scene, it leans casual and local rather than polished. Best for: a casual island meal.",9.8688246,125.9690929,https://www.google.com/maps/place/Sulima+Eatery/data=!4m7!3m6!1s0x330401c495954467:0x716ca4f7516a9b9a!8m2!3d9.8688246!4d125.9690929!16s%2Fg%2F11gy6btqb0!19sChIJZ0SVlcQBBDMRmptqUfekbHE?authuser=0&hl=en&rclk=1,"restaurants in Sugba Lagoon, Siargao & Surigao, Philippines",Sugba Lagoon
Esing-Garden BBQ Hauz & Catering Services,5.0,(1),09092802854,https://wa.me/09092802854,,https://www.facebook.com/Esing-Garden-and-BBQ-Hauz-100812475106142,Barbecue restaurant,"Purok-1 Brgy, Del Carmen, Surigao del Norte",,https://lh3.googleusercontent.com/gps-cs-s/APNQkAEonKDZFpoURG8Dw_5dMb7K_1N8btOUNXTS9iZCiGUYrVG5zTZ_tPUtcIi0_8dngLvX0pc97feYz4Dox8ZmUlVvyHPJfa3hTqDLDUjG3LKMxnfshDPRHGX7584aPGiSP_g8Ppc6og=w2048-h1536-k-no,"Restaurant, Garden","A casual eatery near the Sugba Lagoon area of Siargao, Esing-Garden BBQ Hauz & Catering Services serves up everyday island dining. It currently sits at 5.0 across 1 review. Honest read: only a handful of reviews so far, but early feedback leans positive. Amenities include restaurant, garden. Best for: a casual island meal.",9.8714424,125.9688393,https://www.google.com/maps/place/Esing-Garden+BBQ+Hauz+%26+Catering+Services/data=!4m7!3m6!1s0x330401340bcf544f:0xd82028e6963c0968!8m2!3d9.8714424!4d125.9688393!16s%2Fg%2F11k_p9_420!19sChIJT1TPCzQBBDMRaAk8luYoINg?authuser=0&hl=en&rclk=1,"restaurants in Sugba Lagoon, Siargao & Surigao, Philippines",Sugba Lagoon
Deja Brew Siargao Cafe,5.0,(8),09266836185,https://wa.me/09266836185,https://www.instagram.com/dejabrew_72122,https://www.facebook.com/p,Coffee shop,"Sto Niño Street, Pob, Del Carmen, 8418 Surigao del Norte",,https://lh3.googleusercontent.com/gps-cs-s/APNQkAFgx7RhHqkde_2u_qCtSc2DU5I_G8l_m4N8S26qnwX7ZnyTwDe3MBwIXsSXlSiBFBxC3VQkv1UntJ7n76TV66_iz68ISvKnjII3PsHTQlysz2sVTaO8JPmN2kUgQ08jkDIRjqq0SRj2JYBI=w2048-h1536-k-no,,"A neighborhood cafe near the Sugba Lagoon area of Siargao, Deja Brew Siargao Cafe is an easy spot for coffee and a bite. It currently sits at 5.0 across 8 reviews. Honest read: only a handful of reviews so far, but early feedback leans positive. Best for: a relaxed coffee, brunch or work session.",9.8701015,125.9720456,https://www.google.com/maps/place/Deja+Brew+Siargao+Cafe/data=!4m7!3m6!1s0x330401b8f370e105:0xfd81a60b0f949308!8m2!3d9.8701015!4d125.9720456!16s%2Fg%2F11xlhyt7g0!19sChIJBeFw87gBBDMRCJOUDwumgf0?authuser=0&hl=en&rclk=1,"restaurants in Sugba Lagoon, Siargao & Surigao, Philippines",Sugba Lagoon
De Palmera Inn a.k.a Chillin Bar and Grill,3.9,(7),09518070346,https://wa.me/09518070346,,https://www.facebook.com/DePalmeraInnSiargaoIsland,Bar & grill,"Siargao Island, P-2, Del Carmen, 8418 Surigao del Norte",,https://lh3.googleusercontent.com/gps-cs-s/APNQkAHGM2DclMQz9pPc6PATVqM0v8cmUK5-K-RgG0irGnqxNnDuRDYcpMa2VyRt_3I2vqdX6FC26ULMT6FIEmNsunK-z-1SBo48p7Rphpo7NG1WrenG59Xw-5zn_5VvlNc0ZmKZk_d3=w2048-h1536-k-no,"Restaurant, Bar","A casual eatery near the Sugba Lagoon area of Siargao, De Palmera Inn a.k.a Chillin Bar and Grill serves up everyday island dining. It currently sits at 3.9 across 7 reviews. Honest read: only a handful of reviews so far, but early feedback leans positive. Amenities include restaurant, bar. Best for: an easygoing drink and good vibes.",9.8682191,125.9701794,https://www.google.com/maps/place/De+Palmera+Inn+a.k.a+Chillin+Bar+and+Grill/data=!4m7!3m6!1s0x3304014ea08950d1:0x6f1df03e8f122931!8m2!3d9.8682191!4d125.9701794!16s%2Fg%2F11khzdq6pf!19sChIJ0VCJoE4BBDMRMSkSjz7wHW8?authuser=0&hl=en&rclk=1,"restaurants in Sugba Lagoon, Siargao & Surigao, Philippines",Sugba Lagoon
SEA BREEZE EATTERY,5.0,(2),09302295902,https://wa.me/09302295902,,https://www.facebook.com/profile.php,Restaurant,"PUROK 2 Baranggay, Del Carmen, Surigao del Norte",,https://lh3.googleusercontent.com/gps-cs-s/APNQkAF7AkmlpEPRWLSaDjrqI68tq0_8SmM2wY0gP2fBZY9xFXcs-ng_Np-bQUTzrKoHoTNPFdKLwqH1pq7AoNTlCO4pTPeRlg4gtzmJzFlkLQSTOE0ElhnB8flA3qjsU9f5Hehf4tuh=w2048-h1536-k-no,"Restaurant, Bar, Garden","A casual eatery near the Sugba Lagoon area of Siargao, SEA BREEZE EATTERY serves up everyday island dining. It currently sits at 5.0 across 2 reviews. Honest read: only a handful of reviews so far, but early feedback leans positive. Amenities include restaurant, bar, garden. Best for: a casual island meal.",9.8689012,125.9690355,https://www.google.com/maps/place/SEA+BREEZE+EATTERY/data=!4m7!3m6!1s0x330401919530214f:0xaeea7faba24ad31b!8m2!3d9.8689012!4d125.9690355!16s%2Fg%2F11ff42yvyj!19sChIJTyEwlZEBBDMRG9NKoqt_6q4?authuser=0&hl=en&rclk=1,"restaurants in Sugba Lagoon, Siargao & Surigao, Philippines",Sugba Lagoon
