Title,Rating,Reviews,Phone,WhatsApp,Instagram,Facebook,Industry,Address,Website,Image,Amenities,Pitch,Latitude,Longitude,Google Maps Link,Source Query,City
ZY ELoading Station,4.0,(1),938 407 4851,https://wa.me/9384074851,,https://www.facebook.com/profile.php?id=100068634862208,Money transfer service  Navarro Street Purok 5Closed  Opens 8 AM,0938 407 4851,https://www.facebook.com/profile.php?id=100068634862208,,,,9.6228052,125.9665522,https://www.google.com/maps/place/ZY+ELoading+Station/data=!4m7!3m6!1s0x3303e34f16fc510b:0x621a17d326a376f7!8m2!3d9.6228052!4d125.9665522!16s%2Fg%2F11t2fth0gl!19sChIJC1H8Fk_jAzMR93ajJtMXGmI?authuser=0&hl=en&rclk=1,"currency exchange in Bucas Grande, Siargao & Surigao, Philippines",Bucas Grande
Dapa Ferry Terminal,3.6,(46),,,,,,,,,,,9.7551063,126.0504112,https://www.google.com/maps/place/Dapa+Ferry+Terminal/data=!4m7!3m6!1s0x3303f9a1931a4c81:0x49705105c0138f6f!8m2!3d9.7551063!4d126.0504112!16s%2Fg%2F1tdx1nq2!19sChIJgUwak6H5AzMRb48TwAVRcEk?authuser=0&hl=en&rclk=1,"currency exchange in Bucas Grande, Siargao & Surigao, Philippines",Bucas Grande
Socorro District Hospital,4.4,(5),0868262550,https://wa.me/0868262550,,https://www.facebook.com/people,Hospital,"JX96+WJ6, Socorro, Surigao del Norte",,https://lh3.googleusercontent.com/gps-cs-s/APNQkAFK_ujR52uvQPKT08C2aZ8AemoNRpCo-MqmrJG0JhEzEJLJM76uf-lArl6A9RNSxlXwHmZfs-ptAAcRYNMXVqkqi-8rVlmBx0O_nWHuFc7tfZDdht59ZPL9iGFgPCoDOvxYPD-VIg=w2048-h1536-k-no,"Wheelchair accessible, Wheelchair accessible entrance, Accessible",,9.619784,125.961513,https://www.google.com/maps/place/Socorro+District+Hospital/data=!4m7!3m6!1s0x3303e3b0ffeeef05:0x7a364fc3d3d727ee!8m2!3d9.619784!4d125.961513!16s%2Fg%2F1hc542fd_!19sChIJBe_u_7DjAzMR7ifX08NPNno?authuser=0&hl=en&rclk=1,"medical clinic in Bucas Grande, Siargao & Surigao, Philippines",Bucas Grande
Guil's Pharmacy,5.0,(2),,,https://www.instagram.com/guil_pharmacy,https://www.facebook.com/100075824798232,Pharmacy,"JX98+35G, Socorro, Surigao del Norte",,https://lh3.googleusercontent.com/gps-cs-s/APNQkAGUi7gHB6ZGfKCMlCNoHbTQTeF1DzTtvJXkTK-yGjBDEUbjGzZmB2jpZ4QEbjir99J_DI3fU8uYsahAj-PLmnYxbr_Lf4lUW5K7jxmqElzd_WpBz1SomEqapzA2TgZ-8z1dfxsF=w2048-h1536-k-no,,,9.6176875,125.9654411,https://www.google.com/maps/place/Guil%27s+Pharmacy/data=!4m7!3m6!1s0x3303e3dc21bde199:0xc93f189b7946f058!8m2!3d9.6176875!4d125.9654411!16s%2Fg%2F11fj_f7z8j!19sChIJmeG9IdzjAzMRWPBGeZsYP8k?authuser=0&hl=en&rclk=1,"pharmacy in Bucas Grande, Siargao & Surigao, Philippines",Bucas Grande
Cagdianao Gym,5.0,(2),,,,https://www.facebook.com/cagdianaonationalhighschool,Community center,"GVH6+XH9, Claver, Surigao del Norte",,https://lh3.googleusercontent.com/gps-cs-s/APNQkAECgOL8o_q_heNSeUznZZskpojiyFceI9_NIJ9Uuk9fpraUcZOi2zGBnmleMltb2Its2ok0rpAqKNgbW0ngTFtxY81-qvrSuS67i5QEBtpNniftWz6ct-Vs9xetSDenUauDyFQ=w2048-h1536-k-no,Gym,,9.5302037,125.8616408,https://www.google.com/maps/place/Cagdianao+Gym/data=!4m7!3m6!1s0x330161007186e259:0x101ea3b019aeee4b!8m2!3d9.5302037!4d125.8616408!16s%2Fg%2F11x5p02mrl!19sChIJWeKGcQBhATMRS-6uGbCjHhA?authuser=0&hl=en&rclk=1,"gym in Bucas Grande, Siargao & Surigao, Philippines",Bucas Grande
Socorro Port,4.2,(14),,,,,,,,,,,9.6168954,125.9663643,https://www.google.com/maps/place/Socorro+Port/data=!4m7!3m6!1s0x3303e3386012c59d:0x184ab0af6d821d0c!8m2!3d9.6168954!4d125.9663643!16s%2Fg%2F11f6kxd4v8!19sChIJncUSYDjjAzMRDB2Cba-wShg?authuser=0&hl=en&rclk=1,"public wifi in Bucas Grande, Siargao & Surigao, Philippines",Bucas Grande
Bahay ng pogi,5.0,(1),,,,https://www.facebook.com/Mangtoroy87,Coffee shop,"M3VG+3VC, Corregidor, Dapa, Surigao del Norte",,https://streetviewpixels-pa.googleapis.com/?cb_client,,,9.6926907,126.0771347,https://www.google.com/maps/place/Bahay+ng+pogi/data=!4m7!3m6!1s0x3303fb0026d1c66d:0x70b374a0466fee60!8m2!3d9.6926907!4d126.0771347!16s%2Fg%2F11yjl7sn7l!19sChIJbcbRJgD7AzMRYO5vRqB0s3A?authuser=0&hl=en&rclk=1,"public wifi in Bucas Grande, Siargao & Surigao, Philippines",Bucas Grande
Carbon,4.0,(1),,,,https://www.facebook.com/SocorroEcopark,Laundry,"JW6R+653, Socorro, Surigao del Norte",,https://streetviewpixels-pa.googleapis.com/?cb_client,,,9.6105208,125.940429,https://www.google.com/maps/place/Carbon/data=!4m7!3m6!1s0x3303e300268f66e7:0x5a6a2db19a243caa!8m2!3d9.6105208!4d125.940429!16s%2Fg%2F11xcnjvdjq!19sChIJ52aPJgDjAzMRqjwkmrEtalo?authuser=0&hl=en&rclk=1,"laundry in Bucas Grande, Siargao & Surigao, Philippines",Bucas Grande
CATSCO Main Office,5.0,(1),,,,https://www.facebook.com/61552622207495,Transportation service,"GVM6+4J5, Cagdianao, Claver, Surigao del Norte",,https://lh3.googleusercontent.com/gps-cs-s/APNQkAFLqZn7vn2zlaDJEO99gm49i6YaB-qX3px3S6gx1WvhM_Oz0GxduJ9o0Bin_UeNn_hZtVnGwX37tCUtvrJ9yb2C3JqSkDqioSFIkItTCr9RaHeumRtHniE0OyyF6OQhgZOTLAlc=w2048-h1536-k-no,,,9.5327613,125.8616193,https://www.google.com/maps/place/CATSCO+Main+Office/data=!4m7!3m6!1s0x330161007f40552d:0x978a803521330ff9!8m2!3d9.5327613!4d125.8616193!16s%2Fg%2F11vwzjm46v!19sChIJLVVAfwBhATMR-Q8zITWAipc?authuser=0&hl=en&rclk=1,"transportation in Bucas Grande, Siargao & Surigao, Philippines",Bucas Grande
Corregidor dapa surigao del norte,4.0,(4),,,,https://www.facebook.com/pages,Transportation service,"P32G+4VP, Dapa, Surigao del Norte",,https://lh3.googleusercontent.com/gps-cs-s/APNQkAFyGUpCJuRnqZGKR3v27OxunXwEdQVxGmq3-db-PzhSxB2-DtcDYl3qQ8qmhQ-USnLNK6Mh-jmejOiQcitbke62hJpv9kmh87W9EURWaAkktNItR4AcDD4tgYwurZ_RIU2FTNDkvA=w2048-h1536-k-no,,,9.700346,126.0771985,https://www.google.com/maps/place/Corregidor+dapa+surigao+del+norte/data=!4m7!3m6!1s0x3303fb00044aac8d:0x85be4ca63b15f686!8m2!3d9.700346!4d126.0771985!16s%2Fg%2F11vqmb1bt6!19sChIJjaxKBAD7AzMRhvYVO6ZMvoU?authuser=0&hl=en&rclk=1,"transportation in Bucas Grande, Siargao & Surigao, Philippines",Bucas Grande
J&T Express F-Socorro DHSP,5.0,(1),,,,https://www.facebook.com/jntexpressbicol,Courier service,"JX87+JCH, Socorro, Surigao del Norte",,https://streetviewpixels-pa.googleapis.com/?cb_client,,,9.6165509,125.9636142,https://www.google.com/maps/place/J%26T+Express+F-Socorro+DHSP/data=!4m7!3m6!1s0x3303e3006de42d9f:0x7e9dcb58b699af2c!8m2!3d9.6165509!4d125.9636142!16s%2Fg%2F11x7rgd4bq!19sChIJny3kbQDjAzMRLK-ZtljLnX4?authuser=0&hl=en&rclk=1,"post office in Bucas Grande, Siargao & Surigao, Philippines",Bucas Grande
Dapa Seaport,3.9,(17),,,,https://www.facebook.com/DapaPort,Seaport,"Dapa, Surigao del Norte",,https://lh3.googleusercontent.com/gps-cs-s/APNQkAFsIrbUO7TB_1OQ4oOG2sKs6m7I4YaTVZRgB3Tlo__JOdXGsSCSr-Hf74fJ_2psJ0YDpO1gHRHrbd5QWLl9ndVX8WyVeJJ-qrmtKVmjP4KoKqWs9Z-TPy_rJ984PgrNZ55qyQQ=w2048-h1536-k-no,"Wheelchair accessible, Wheelchair accessible entrance, Accessible",,9.7550751,126.0505174,https://www.google.com/maps/place/Dapa+Seaport/data=!4m7!3m6!1s0x3303f9a192eb65f1:0xdf00749e09324d9!8m2!3d9.7550751!4d126.0505174!16s%2Fg%2F1tcv3vh2!19sChIJ8WXrkqH5AzMR2SST4EkH8A0?authuser=0&hl=en&rclk=1,"transportation in Bucas Grande, Siargao & Surigao, Philippines",Bucas Grande
Safeways Gasoline Station,5.0,(1),915 843 5899,https://wa.me/9158435899,,,Diesel fuel supplier  JWWC+PGROpen,,,,,,9.6468714,125.9212595,https://www.google.com/maps/place/Safeways+Gasoline+Station/data=!4m7!3m6!1s0x3303e3c562b3e069:0xdcf7d8a490d5a488!8m2!3d9.6468714!4d125.9212595!16s%2Fg%2F11nykvcw5n!19sChIJaeCzYsXjAzMRiKTVkKTY99w?authuser=0&hl=en&rclk=1,"gas station in Bucas Grande, Siargao & Surigao, Philippines",Bucas Grande
Kj GASOLINE STATION,4.5,(2),998 453 7121,https://wa.me/9984537121,,,Gas station  JWGR+7W5 Socorro - Estrella - Pamosaingan RdClosed  Opens 6 AM,0998 453 7121,,,,,9.6256397,125.9423729,https://www.google.com/maps/place/Kj+GASOLINE+STATION/data=!4m7!3m6!1s0x3303e372030f525b:0xe20512c5742f4fef!8m2!3d9.6256397!4d125.9423729!16s%2Fg%2F11s7zn4vpn!19sChIJW1IPA3LjAzMR708vdMUSBeI?authuser=0&hl=en&rclk=1,"gas station in Bucas Grande, Siargao & Surigao, Philippines",Bucas Grande
Amira Gasoline Station,5.0,(1),,,,,,,,,,,9.622435,125.954293,https://www.google.com/maps/place/Amira+Gasoline+Station/data=!4m7!3m6!1s0x3303e3d21d22d029:0x6735fc637c38ba7c!8m2!3d9.622435!4d125.954293!16s%2Fg%2F11tdjjsx7n!19sChIJKdAiHdLjAzMRfLo4fGP8NWc?authuser=0&hl=en&rclk=1,"gas station in Bucas Grande, Siargao & Surigao, Philippines",Bucas Grande
LTC Gasoline Station,4.0,(1),,,,,,,,,,,9.6128708,125.9387734,https://www.google.com/maps/place/LTC+Gasoline+Station/data=!4m7!3m6!1s0x3303e3004e01bc35:0xf03685fb3e9f23f2!8m2!3d9.6128708!4d125.9387734!16s%2Fg%2F11xcnjk6fp!19sChIJNbwBTgDjAzMR8iOfPvuFNvA?authuser=0&hl=en&rclk=1,"gas station in Bucas Grande, Siargao & Surigao, Philippines",Bucas Grande
Metrodocs Medical Clinic,4.7,(189),09694004666,https://wa.me/09694004666,https://www.instagram.com/metrodocs_siargao,https://www.facebook.com/clinicsiargao,Urgent care center,"PUROK 5, General Luna, Surigao del Norte",,https://lh3.googleusercontent.com/gps-cs-s/APNQkAGVgTTCEnWyzM1haSbPr_rnENV66HlZhcrh9LzpxhuXiAr8dIB7ZFUBqQiBPiePBLT4AtPy2GHFjqZvHYYmoAD55leGV1nkU7SpadQzFmyOCGXH32nVV8Y7QuSHBrQvvyjvTpio4w8BI8Ff=w2048-h1536-k-no,,,9.7861781,126.1558629,https://www.google.com/maps/place/Metrodocs+Medical+Clinic/data=!4m7!3m6!1s0x3303f7d8f6d96085:0xa39ddc147fa69b4a!8m2!3d9.7861781!4d126.1558629!16s%2Fg%2F11f6lzps9k!19sChIJhWDZ9tj3AzMRSpumfxTcnaM?authuser=0&hl=en&rclk=1,"medical clinic in Cloud 9, Siargao & Surigao, Philippines",Cloud 9
Siargao Primary Care Facility,4.5,(22),09761723365,https://wa.me/09761723365,,https://www.facebook.com/siargaoprimarycarefacility,Medical diagnostic imaging center,"Back Road, Catangnan, General Luna, 8419 Surigao del Norte",https://www.facebook.com/siargaoprimarycarefacility,https://lh3.googleusercontent.com/gps-cs-s/APNQkAH9DNNxupU3VVjGsXAEPUfKHEz5tTfibuOEjp0948cMAHQFRQZ51cAFReyoKGp2Df1iKJt2eZ4QCX8Cn94sihFWOj9B8BqjqtMySOGGtZp2NDpacmCJH7im8_eNsyXf8Z6sMn3rnQ=w2048-h1536-k-no,"Wheelchair accessible, Wheelchair accessible entrance, Accessible",,9.8031127,126.1587849,https://www.google.com/maps/place/Siargao+Primary+Care+Facility/data=!4m7!3m6!1s0x3304090ff2bdbe75:0x75c6aab622afb7cb!8m2!3d9.8031127!4d126.1587849!16s%2Fg%2F11vyj7n48d!19sChIJdb698g8JBDMRy7evIraqxnU?authuser=0&hl=en&rclk=1,"medical clinic in Cloud 9, Siargao & Surigao, Philippines",Cloud 9
Dr. Boyd MD Medical,5.0,(31),09171323734,https://wa.me/09171323734,https://www.instagram.com/doctorboydmd,https://www.facebook.com/Dr.BoydMedClinic,Medical clinic,"Suite 210, Pops District Cloud, 9 Tourism Rd, Catangnan, General Luna, 8419 Surigao del Norte",https://thefilipinodoctor.com/doctor/christabeth-josefina-gupana,https://lh3.googleusercontent.com/gps-cs-s/APNQkAGVgTTCEnWyzM1haSbPr_rnENV66HlZhcrh9LzpxhuXiAr8dIB7ZFUBqQiBPiePBLT4AtPy2GHFjqZvHYYmoAD55leGV1nkU7SpadQzFmyOCGXH32nVV8Y7QuSHBrQvvyjvTpio4w8BI8Ff=w2048-h1536-k-no,,,9.81181,126.1632008,https://www.google.com/maps/place/Dr.+Boyd+MD+Medical/data=!4m7!3m6!1s0x3304091c396d9e13:0x3b45732d5ab2b8b3!8m2!3d9.81181!4d126.1632008!16s%2Fg%2F11wfg8mvy4!19sChIJE55tORwJBDMRs7iyWi1zRTs?authuser=0&hl=en&rclk=1,"medical clinic in Cloud 9, Siargao & Surigao, Philippines",Cloud 9
The Raya Clinic Siargao,4.4,(70),09171117292,https://wa.me/09171117292,https://www.instagram.com/raya.clinicsiargao,https://www.facebook.com/therayaclinicsiargao,Hospital,"National Road, Poblacion IV (Purok IV), General Luna, 8419 Surigao del Norte",http://www.rayapreventive.com/,https://lh3.googleusercontent.com/gps-cs-s/APNQkAGYdAeIGaAWpqX98Kog9JAvqx_MMYv4SPS5O1nn-qXj5vwELawdHo_fIWepOFNVF2ekHAGgLYGpKH9OkL-fqNW5tk1yAiHpQ6t5BYGudKxC0htqbbija70Lsc4r1ZYeXL296YhInKSQRjxD=w2048-h1536-k-no,,,9.7850943,126.1558999,https://www.google.com/maps/place/The+Raya+Clinic+Siargao/data=!4m7!3m6!1s0x3303f7d18c950f25:0x99101f30a68c688c!8m2!3d9.7850943!4d126.1558999!16s%2Fg%2F11y44qh55t!19sChIJJQ-VjNH3AzMRjGiMpjAfEJk?authuser=0&hl=en&rclk=1,"medical clinic in Cloud 9, Siargao & Surigao, Philippines",Cloud 9
Island Doctors PH,4.8,(15),09178484357,https://wa.me/09178484357,,https://www.facebook.com/islanddoctorsph,Medical clinic,"Q5M4+XFF, GMV Apartment Building, National Highway, Dapa - General Luna Rd, Purok 5, General Luna, 8419 Surigao del Norte",,https://lh3.googleusercontent.com/gps-cs-s/APNQkAGVgTTCEnWyzM1haSbPr_rnENV66HlZhcrh9LzpxhuXiAr8dIB7ZFUBqQiBPiePBLT4AtPy2GHFjqZvHYYmoAD55leGV1nkU7SpadQzFmyOCGXH32nVV8Y7QuSHBrQvvyjvTpio4w8BI8Ff=w2048-h1536-k-no,,,9.7848744,126.156205,https://www.google.com/maps/place/Island+Doctors+PH/data=!4m7!3m6!1s0x3303f78996ec5619:0xe90b8a1f26db4559!8m2!3d9.7848744!4d126.156205!16s%2Fg%2F11hzwfshq6!19sChIJGVbslon3AzMRWUXbJh-KC-k?authuser=0&hl=en&rclk=1,"medical clinic in Cloud 9, Siargao & Surigao, Philippines",Cloud 9
Bright Medical Clinic Inc. (BMCI),4.0,(1),09177019852,https://wa.me/09177019852,https://www.instagram.com/brightmedicalclinic,https://www.facebook.com/BMCIclinicSiargao,Medical clinic,"BDO, 234 ESPIRIDION POBLACION 4, Siargao Island, General Luna, 8419 Surigao del Norte",,https://lh3.googleusercontent.com/gps-cs-s/APNQkAENILUgmxNBRX2WtACofuOu2E2h95I_KSEfnsxG2b49dpRxoT8jQMkG1Xk0wvw_FhuGY2-bqwPnEuN2jYYugK-DKGJY6iRU0-EUq8wg2K9gd9eDBc8K_eoCiEHaAh8zCs2oaVxuEQ=w2048-h1536-k-no,,,9.7855575,126.1556845,https://www.google.com/maps/place/Bright+Medical+Clinic+Inc.+%28BMCI%29/data=!4m7!3m6!1s0x2cd373fbe517ee33:0xc2a16f32d105ead!8m2!3d9.7855575!4d126.1556845!16s%2Fg%2F11s9y52drr!19sChIJM-4X5ftz0ywRrV4QLfMWKgw?authuser=0&hl=en&rclk=1,"medical clinic in Cloud 9, Siargao & Surigao, Philippines",Cloud 9
Eyog Dental Clinic - Siargao,4.7,(51),09234358312,https://wa.me/09234358312,https://www.instagram.com/eyogdentalclinic,https://www.facebook.com/eyogdentalclinic/,Emergency dental service,"Plaza Sumabat Purok I, General Luna, 8419 Surigao del Norte",https://cebudentalimplants.com/content/eyog-dental-clinic-siargao-del-norte-mindanao-cosmetic-implant-dentistry,https://lh3.googleusercontent.com/gps-cs-s/APNQkAEIRBM0lEXQKSPyFeY1FvT3MRofttB9bfFkS8jSq59Nj3KApgeWSxNkDXjptZjBnJh-cCO6nfUTrau6komf5ZVw1bp2iv-H-zSnymUQKOjPfiQwaYxBy2MmzCjhsgjhTJb_BThb2-v8WUWI=w2048-h1536-k-no,,,9.7819342,126.1562151,https://www.google.com/maps/place/Eyog+Dental+Clinic+-+Siargao/data=!4m7!3m6!1s0x3303f70a484cfecd:0x4d1157eb64f3f71!8m2!3d9.7819342!4d126.1562151!16s%2Fg%2F11nsvg5y0n!19sChIJzf5MSAr3AzMRcT9Ptn4V0QQ?authuser=0&hl=en&rclk=1,"medical clinic in Cloud 9, Siargao & Surigao, Philippines",Cloud 9
Siargao Pharmacy,4.1,(18),09851906835,https://wa.me/09851906835,https://www.instagram.com/momsiargaopharmacy,https://www.facebook.com/p,Pharmacy,"Siargao Island, Poblacion 2, Beside Don Macchiatos, General Luna, 8419 Surigao del Norte",,https://lh3.googleusercontent.com/gps-cs-s/APNQkAGUi7gHB6ZGfKCMlCNoHbTQTeF1DzTtvJXkTK-yGjBDEUbjGzZmB2jpZ4QEbjir99J_DI3fU8uYsahAj-PLmnYxbr_Lf4lUW5K7jxmqElzd_WpBz1SomEqapzA2TgZ-8z1dfxsF=w2048-h1536-k-no,,,9.7837235,126.1563617,https://www.google.com/maps/place/Siargao+Pharmacy/data=!4m7!3m6!1s0x3303f7659a5c8c35:0x341698fa1e81c31d!8m2!3d9.7837235!4d126.1563617!16s%2Fg%2F11trq4zw97!19sChIJNYxcmmX3AzMRHcOBHvqYFjQ?authuser=0&hl=en&rclk=1,"pharmacy in Cloud 9, Siargao & Surigao, Philippines",Cloud 9
MOM Pharmacy,4.2,(32),09173240572,https://wa.me/09173240572,,https://www.facebook.com/p,Pharmacy,"R535+7G9, Tourism Rd, General Luna, 8419 Surigao del Norte",,https://lh3.googleusercontent.com/gps-cs-s/APNQkAEGGcFiY0ZAWDJUuM-vrdHC5fSu2oRvW5WK7v-mUFRo5Sb6yoeE0zIvK4pwxMXo5DQSzngHB2mYTqMqBrEowvn-yPpdfuVnr4YZf5mgBboJSrDq-6Hc05tR3RAdAUxtCepVi1z4=w2048-h1536-k-no,,,9.8031478,126.1588149,https://www.google.com/maps/place/MOM+Pharmacy/data=!4m7!3m6!1s0x3304098883ed5a75:0xf704178255648930!8m2!3d9.8031478!4d126.1588149!16s%2Fg%2F11trx55026!19sChIJdVrtg4gJBDMRMIlkVYIXBPc?authuser=0&hl=en&rclk=1,"pharmacy in Cloud 9, Siargao & Surigao, Philippines",Cloud 9
EMERALD SPA SIARGAO,4.7,(77),09270314868,https://wa.me/09270314868,https://www.instagram.com/emeraldspasiargao,https://www.facebook.com/profile.php,Massage spa,"Siargao Island Located at Emerald House Village, Emerald SPA, Tourism rd, Siargao 💚💆, Catangnan, General Luna, 8419 Surigao del Norte",https://www.facebook.com/profile.php?id=100094283749171&mibextid=ZbWKwL&refid=17&paipv=0&eav=AfawykjGbiVPhFGBTMZ0aD1eDnnvJcrKD-ucmwNiBilEv0SddKZKU4Qdi0-5FVq3lXE,https://lh3.googleusercontent.com/gps-cs-s/APNQkAHTYkrFuXSs1JqGsEQ5ywHcQrbyTtOyiUq6VKNFVnLVnerUdhGGl16D_lyqTIsfU9Si3qh62jEdhg8ooSz3pZ45NoakEaqPzhMmuJEEe3PDubGYW0qOlV_mn9o6jpLC-G6WuIBeNzfHen7b=w2048-h1536-k-no,Spa,,9.8106997,126.164722,https://www.google.com/maps/place/EMERALD+SPA+SIARGAO/data=!4m7!3m6!1s0x3304091c0983c5b1:0x4a5b34ad3dc31a4!8m2!3d9.8106997!4d126.164722!16s%2Fg%2F11vm9mfn15!19sChIJscWDCRwJBDMRpDHc00qzpQQ?authuser=0&hl=en&rclk=1,"massage spa in Cloud 9, Siargao & Surigao, Philippines",Cloud 9
CLOUD MASSAGE AND SPA,5.0,(43),09303649667,https://wa.me/09303649667,,https://www.facebook.com/people,Massage spa,"Surfing Spot, Cloud 9 Tower, Brgy.Catangnan Pops District Building 2nd Floor, Front Of, Tourism Rd, General Luna, 8419 Surigao del Norte",,https://lh3.googleusercontent.com/gps-cs-s/APNQkAEffJKn0lxg50C-X2s68Cw6FaMRL8GK0JeAyDPEfKrIGf7QH8jwp-X8ZnR5lyaHfaR2pFfzj6qvUI1NnGbja6keHbm6o5PCYsnn1l6OZLr2nBlc3NFrU2DwuWb4QzUYgNM6h0y8=w2048-h1536-k-no,Spa,,9.8118691,126.163156,https://www.google.com/maps/place/CLOUD+MASSAGE+AND+SPA/data=!4m7!3m6!1s0x33040978f8768175:0x10339c3390c3e708!8m2!3d9.8118691!4d126.163156!16s%2Fg%2F11vztw0jps!19sChIJdYF2-HgJBDMRCOfDkDOcMxA?authuser=0&hl=en&rclk=1,"massage spa in Cloud 9, Siargao & Surigao, Philippines",Cloud 9
Mantra Home Service Massage - Siargao,4.8,(96),09164739899,https://wa.me/09164739899,https://www.instagram.com/mantrahsm.siargao,https://www.facebook.com/61566369599469,Massage spa,"Old Tourism Rd, Catangan, General Luna, 8419 Surigao del Norte",https://www.mantrahsm.com/siargao,https://lh3.googleusercontent.com/gps-cs-s/APNQkAEffJKn0lxg50C-X2s68Cw6FaMRL8GK0JeAyDPEfKrIGf7QH8jwp-X8ZnR5lyaHfaR2pFfzj6qvUI1NnGbja6keHbm6o5PCYsnn1l6OZLr2nBlc3NFrU2DwuWb4QzUYgNM6h0y8=w2048-h1536-k-no,Spa,,9.8061752,126.160216,https://www.google.com/maps/place/Mantra+Home+Service+Massage+-+Siargao/data=!4m7!3m6!1s0x2bc0ac4c928239e1:0xbaac250705184fc4!8m2!3d9.8061752!4d126.160216!16s%2Fg%2F11wh80rh6q!19sChIJ4TmCkkyswCsRxE8YBQclrLo?authuser=0&hl=en&rclk=1,"massage spa in Cloud 9, Siargao & Surigao, Philippines",Cloud 9
Sparaiso Siargao Massage and Spa,4.8,(74),09453221320,https://wa.me/09453221320,https://www.instagram.com/sparaisomassagesiargao,https://www.facebook.com/sparaiso.siargao,Massage spa,"Pang-Pang Back Road, General Luna, 8419 Surigao del Norte",,https://lh3.googleusercontent.com/gps-cs-s/APNQkAHHBXXSvBvOaQWiAtLx5zCAxpHlCZCGW7xIevQNJzot6hHRs5RdjhTPoTl-OBNsh-1rux50FUyPQFLKaimT0lxbvpydGsVt7_XdH3FVIUIwZNm-Z3Ec4UK29SrhRbF9d0b8pvHmVQ=w2048-h1536-k-no,Spa,,9.7968003,126.1572915,https://www.google.com/maps/place/Sparaiso+Siargao+Massage+and+Spa/data=!4m7!3m6!1s0x3303f7205e07bb41:0xdec7531632f3fa4a!8m2!3d9.7968003!4d126.1572915!16s%2Fg%2F11kqxy76zz!19sChIJQbsHXiD3AzMRSvrzMhZTx94?authuser=0&hl=en&rclk=1,"massage spa in Cloud 9, Siargao & Surigao, Philippines",Cloud 9
SIARGAO MASSAGE SPA,5.0,(5),09543594585,https://wa.me/09543594585,,http://www.facebook.com/siargao.massagespa.2025,Massage spa,"purok 3 Tourism Rd, General Luna, 8419 Surigao del Norte",http://www.facebook.com/siargao.massagespa.2025,https://lh3.googleusercontent.com/gps-cs-s/APNQkAE4NxOgoSRxqswMNtjd3Ok7UIUSVVdTOHvozAOpjihwA_vg5eFShvcONRFNggTZU7HN1AMhTNDqRKvTccayg61_BQTevZYS_mLRtWbYOidDHzeQ8VyHEDBs3oDw0TGRk7z0KGJ_Wd1OrL8=w2048-h1536-k-no,Spa,,9.7852276,126.1604048,https://www.google.com/maps/place/SIARGAO+MASSAGE+SPA/data=!4m7!3m6!1s0x3303f7ae725544ab:0x989079eb5449925b!8m2!3d9.7852276!4d126.1604048!16s%2Fg%2F11mrn_gkqx!19sChIJq0RVcq73AzMRW5JJVOt5kJg?authuser=0&hl=en&rclk=1,"massage spa in Cloud 9, Siargao & Surigao, Philippines",Cloud 9
LAWOD MASSAGE and SPA,4.3,(149),09092857720,https://wa.me/09092857720,,https://www.facebook.com/pages,Spa,"Poblacion V (Purok V), General Luna, Surigao del Norte",,https://lh3.googleusercontent.com/gps-cs-s/APNQkAE42eoHqlDLnLsXB8cSRsjw_Mx46QYpRcXvPDmLJVZlxrA2o-blGJJo9jZDQEVQq99fa-9BnxLGeHdg425KuvFd25oJtpI_Gi2NDcOqi2LCX0HX0XrJr9s_DbNP33uaMHywtN9E=w2048-h1536-k-no,Spa,,9.7961096,126.1602446,https://www.google.com/maps/place/LAWOD+MASSAGE+and+SPA/data=!4m7!3m6!1s0x3303f61a68a48e1b:0xb6821536b03ce8d5!8m2!3d9.7961096!4d126.1602446!16s%2Fg%2F11hbb_bwwf!19sChIJG46kaBr2AzMR1eg8sDYVgrY?authuser=0&hl=en&rclk=1,"massage spa in Cloud 9, Siargao & Surigao, Philippines",Cloud 9
Perisseia Spa Siargao,4.9,(51),09453624410,https://wa.me/09453624410,,https://www.facebook.com/perisseiaspasiargao,Massage spa,"Purok 3, In front of Watsons, 3 Tourism Rd, Poblacion, General Luna, 8419 Surigao del Norte",,https://lh3.googleusercontent.com/gps-cs-s/APNQkAGozex4JEaBD29hXh5hDV8HecvwW4MGktP0UaX3TMMORakDi-fPc6Zs8mJq4uD7oa0bfgZyEw9Bv9eXzzODqwbGFRwEbaEBQsvbvtv79Efb2hZpPMjnIsa9-D-JEwkZx8zFI-2FoN5OgWTh=w2048-h1536-k-no,Spa,,9.7874416,126.1627215,https://www.google.com/maps/place/Perisseia+Spa+Siargao/data=!4m7!3m6!1s0x3303f76fcf5081b5:0xf08f626ab405b0e!8m2!3d9.7874416!4d126.1627215!16s%2Fg%2F11yqv2k6vx!19sChIJtYFQz2_3AzMRDltAqyb2CA8?authuser=0&hl=en&rclk=1,"massage spa in Cloud 9, Siargao & Surigao, Philippines",Cloud 9
Hands of Gold Massage Siargao,4.9,(433),09197162027,https://wa.me/09197162027,,https://www.facebook.com/profile.php,Massage spa,"Poblacion 2, General Luna, 8419 Surigao del Norte",,https://lh3.googleusercontent.com/gps-cs-s/APNQkAHTYkrFuXSs1JqGsEQ5ywHcQrbyTtOyiUq6VKNFVnLVnerUdhGGl16D_lyqTIsfU9Si3qh62jEdhg8ooSz3pZ45NoakEaqPzhMmuJEEe3PDubGYW0qOlV_mn9o6jpLC-G6WuIBeNzfHen7b=w2048-h1536-k-no,Spa,,9.7827261,126.1539944,https://www.google.com/maps/place/Hands+of+Gold+Massage+Siargao/data=!4m7!3m6!1s0x3303f7c9dc7230d3:0xba2cf0ea16a81e9b!8m2!3d9.7827261!4d126.1539944!16s%2Fg%2F11h4pcfhfl!19sChIJ0zBy3Mn3AzMRmx6oFurwLLo?authuser=0&hl=en&rclk=1,"massage spa in Cloud 9, Siargao & Surigao, Philippines",Cloud 9
Filosopía Wellness,4.8,(139),09164739899,https://wa.me/09164739899,https://www.instagram.com/filosopiawellness,https://www.facebook.com/filosopiawellness,Spa,"3143, General Luna, 8400 Surigao del Norte",,https://lh3.googleusercontent.com/gps-cs-s/APNQkAFMiKIHvKWgwPyWraAEy9vBEcxUhzYQpy92zHS9rTGiNJgJhrCwHd8bZK0bginR3wuS9d3q4nP-fcv2-Vg0UQdJxXBKsgIRQceTbQCjaRZkgWXUUPR-Ud4G04F6JJtB7sWA5FpLKFuWRy0=w2048-h1536-k-no,Spa,,9.8061726,126.1602151,https://www.google.com/maps/place/Filosop%C3%ADa+Wellness/data=!4m7!3m6!1s0x3304090ae799b89f:0x870322d6d826b255!8m2!3d9.8061726!4d126.1602151!16s%2Fg%2F11wj0jcy7c!19sChIJn7iZ5woJBDMRVbIm2NYiA4c?authuser=0&hl=en&rclk=1,"massage spa in Cloud 9, Siargao & Surigao, Philippines",Cloud 9
Staycation Massage @Home Spa,4.8,(165),09565147704,https://wa.me/09565147704,,https://www.facebook.com/massagestaycation,Massage spa,"Tourism Rd, General Luna, 8419 Surigao del Norte",,https://lh3.googleusercontent.com/gps-cs-s/APNQkAF5vOhzoD5JXQYvDnoTZjtVuG7cbYi-qf2152cH_G9TJqgqeC92nAG9nhHGfp_fDMeSliaPZq6aKTecdR6jPb9vhnUnzzBjYIg5pUq5f5gkVd1I4KVkfykVJgZTJh0Xmwlsyn4i0w=w2048-h1536-k-no,Spa,,9.7896113,126.1617968,https://www.google.com/maps/place/Staycation+Massage+@Home+Spa/data=!4m7!3m6!1s0x3303f7123ba23ed9:0x9e485b38c7d53955!8m2!3d9.7896113!4d126.1617968!16s%2Fg%2F11q8jvzsjm!19sChIJ2T6iOxL3AzMRVTnVxzhbSJ4?authuser=0&hl=en&rclk=1,"massage spa in Cloud 9, Siargao & Surigao, Philippines",Cloud 9
Isla Natura Spa,4.9,(291),09671231313,https://wa.me/09671231313,https://www.instagram.com/islanaturasiargao,https://www.facebook.com/islanaturaspa,Massage spa,"Siargao Island, Purok 3 Tourism Rd, General Luna, 8419 Surigao del Norte",https://www.instagram.com/islanaturasiargao/,https://lh3.googleusercontent.com/gps-cs-s/APNQkAF5vOhzoD5JXQYvDnoTZjtVuG7cbYi-qf2152cH_G9TJqgqeC92nAG9nhHGfp_fDMeSliaPZq6aKTecdR6jPb9vhnUnzzBjYIg5pUq5f5gkVd1I4KVkfykVJgZTJh0Xmwlsyn4i0w=w2048-h1536-k-no,"Spa, Wheelchair accessible, Wheelchair accessible entrance, Accessible",,9.7844567,126.1577374,https://www.google.com/maps/place/Isla+Natura+Spa/data=!4m7!3m6!1s0x3303f79676fca98b:0xf39d906584238353!8m2!3d9.7844567!4d126.1577374!16s%2Fg%2F11vkby7j85!19sChIJi6n8dpb3AzMRU4MjhGWQnfM?authuser=0&hl=en&rclk=1,"massage spa in Cloud 9, Siargao & Surigao, Philippines",Cloud 9
BAYUD SPA,4.7,(400),09536677849,https://wa.me/09536677849,,https://www.facebook.com/61561455457588,Massage spa,"Poblacion 5, General Luna, 8419 Surigao del Norte",,https://lh3.googleusercontent.com/gps-cs-s/APNQkAEiMxD-iKZArVyvfau0uDiar5jZZI_RaIj_vcFddCtf2wPEpSlnQQezEW1GiKfwFB-dohWW35JRHV2VvRqfvjCpjQrVYHE-GYilY5DI3UpnOWWTyCmFi7frY20WcVlDgCT2MqY=w2048-h1536-k-no,Spa,,9.7941088,126.1608703,https://www.google.com/maps/place/BAYUD+SPA/data=!4m7!3m6!1s0x3303f7f37696b215:0xb8a73ceb82b5c37e!8m2!3d9.7941088!4d126.1608703!16s%2Fg%2F11vbrqk35l!19sChIJFbKWdvP3AzMRfsO1gus8p7g?authuser=0&hl=en&rclk=1,"massage spa in Cloud 9, Siargao & Surigao, Philippines",Cloud 9
Esencia Massage and Wellness Siargao,4.9,(45),09106580184,https://wa.me/09106580184,,https://www.facebook.com/61574781744340,Massage spa,"Tourism Rd, General Luna, Surigao del Norte",,https://lh3.googleusercontent.com/gps-cs-s/APNQkAGxcKtFRg0oU1YM6GSULlmhPWoAtxHj9RMeR5Xw6lFzjZNGDcGbnqSlG8WCtKw9NOIlwWlnri85JNdFbaRPkBHsEdZdGpxaSXUmnyOset73w_oC2oNdTURJnFjFRDCiBi6wKOBr16mNVM75=w2048-h1536-k-no,Spa,,9.7904756,126.1617579,https://www.google.com/maps/place/Esencia+Massage+and+Wellness+Siargao/data=!4m7!3m6!1s0x3303f7003a6e67cd:0x30ef84c0fa75949b!8m2!3d9.7904756!4d126.1617579!16s%2Fg%2F11ybhv0k20!19sChIJzWduOgD3AzMRm5R1-sCE7zA?authuser=0&hl=en&rclk=1,"massage spa in Cloud 9, Siargao & Surigao, Philippines",Cloud 9
Sirena Spa,4.1,(327),09153366061,https://wa.me/09153366061,https://instagram.com/sirenaspasiargao,https://www.facebook.com/sirenaspasiargao,Spa,"Shop 2, Arka Hayahay Lot, Tourism Rd, Catangnan, General Luna, 8419 Surigao del Norte",https://instagram.com/sirenaspasiargao,https://lh3.googleusercontent.com/gps-cs-s/APNQkAFCPtUYrKfdp8FWZeSUPQGeVx40OSDwASrl-d2DwNZILgYbGGt9Vo-CSFPRUXR2B3QJkKYUFijoCXYdAqbCHecUWaHDCGf8pFw4ntRO6rZLsQ4jvBD1za0lwQ2Hvx8v3fO6SeAp5ExdJd8=w2048-h1536-k-no,"Spa, Wheelchair accessible, Wheelchair accessible entrance, Accessible",,9.8017463,126.1599768,https://www.google.com/maps/place/Sirena+Spa/data=!4m7!3m6!1s0x3303f77f3d503e17:0xd638580734be4008!8m2!3d9.8017463!4d126.1599768!16s%2Fg%2F11f794zw6b!19sChIJFz5QPX_3AzMRCEC-NAdYONY?authuser=0&hl=en&rclk=1,"massage spa in Cloud 9, Siargao & Surigao, Philippines",Cloud 9
Bayud Wellness Spa Back Road,4.7,(36),09671272677,https://wa.me/09671272677,,https://www.facebook.com/people,Massage spa,"Catangnan, Back road, General Luna, 8419 Surigao del Norte",,https://lh3.googleusercontent.com/gps-cs-s/APNQkAFU95iU50KbT8L19GmNJ90XmwqJDRts5bl12E8y6M74nmT0GaL6AXjG6V7nKLlQR5-2bN7yaAGDaUB9rGYPqPRmroojbib0BsGokLQFUCtL6p5KnpbGSoNd17Lq8Wj7-70-Gw-9hFmamnma=w2048-h1536-k-no,Spa,,9.8037571,126.159037,https://www.google.com/maps/place/Bayud+Wellness+Spa+Back+Road/data=!4m7!3m6!1s0x330409497b490d2f:0xea32bc56dee23430!8m2!3d9.8037571!4d126.159037!16s%2Fg%2F11xcffpxbr!19sChIJLw1Je0kJBDMRMDTi3la8Muo?authuser=0&hl=en&rclk=1,"massage spa in Cloud 9, Siargao & Surigao, Philippines",Cloud 9
Tawhay Fitness Siargao,4.8,(392),09958192689,https://wa.me/09958192689,https://www.instagram.com/tawhaysiargao/,https://m.facebook.com/p/Tawhay-Siargao-100091459158564/,Gym,"Tawhay Fitness, General Luna, 8419 Surigao del Norte",https://www.tawhaysiargao.com/,https://lh3.googleusercontent.com/gps-cs-s/APNQkAGh6UYDGBeZa6uVcK_vl7ZL0hqel2DlIv4BgQQeLTHERZYiW5ykcilKXepgYY0nn-LMuOj5cnI6aFWtmuBFVp5-5yxeo7z3WsyrmBHek1IEUbIqLn5GiEwVM1dSXhpgTBlTpEfI=w2048-h1536-k-no,"Gym, Wheelchair accessible, Wheelchair accessible entrance, Accessible",,9.8020661,126.1582323,https://www.google.com/maps/place/Tawhay+Fitness+Siargao/data=!4m7!3m6!1s0x330409b5bfdb2695:0xa5c23178ce15c62c!8m2!3d9.8020661!4d126.1582323!16s%2Fg%2F11kbfk5p6c!19sChIJlSbbv7UJBDMRLMYVzngxwqU?authuser=0&hl=en&rclk=1,"gym in Cloud 9, Siargao & Surigao, Philippines",Cloud 9
CBD Siargao (Catangnan Beach Dojo),5.0,(152),,,https://instagram.com/cbdsiargao,https://www.facebook.com/p,Gym,"R565+9J3, Tourism Rd, General Luna, Surigao del Norte",https://instagram.com/cbdsiargao?igshid=ZDdkNTZiNTM=,https://lh3.googleusercontent.com/gps-cs-s/APNQkAFsBbE5Mo782APLVUasSmoRFc7yBempBQJ6nCRQPwHGCXO0ad1EMlsqUFVzY6zAZaXHGkqfQ2DYizjquje3jf2yKOwZ1iTSNIcRGxta0-tiO8kowmMOhg94y0GGbOUURafBgkkOEVvB_zQv=w2048-h1536-k-no,"Gym, Wheelchair accessible, Wheelchair accessible entrance, Accessible",,9.8106592,126.1591434,https://www.google.com/maps/place/CBD+Siargao+%28Catangnan+Beach+Dojo%29/data=!4m7!3m6!1s0x3304092cda671c83:0x7553122d0ffa6362!8m2!3d9.8106592!4d126.1591434!16s%2Fg%2F11kc97s2qt!19sChIJgxxn2iwJBDMRYmP6Dy0SU3U?authuser=0&hl=en&rclk=1,"gym in Cloud 9, Siargao & Surigao, Philippines",Cloud 9
PRIMEFIT PERFORMANCE GYM,5.0,(74),09561487788,https://wa.me/09561487788,https://www.instagram.com/primefit_performance_gym,https://www.facebook.com/p,Fitness center,"SITIO STA. INES, General Luna, 8419 Surigao del Norte",,https://lh3.googleusercontent.com/gps-cs-s/APNQkAEA4X3qmSQSDYfoiKyFYFemUKWAom4bLLWMbV5r-ttPyCSKLp6cSYGkiEDiC3bfOk8DpOIBowutsguWf5rneMBTrMTLPjEo3uN3ggmwo31dIt-XYYpl7hhfXZOACP1mNsj7DGLg2D5QNvA=w2048-h1536-k-no,Gym,,9.7948916,126.1583993,https://www.google.com/maps/place/PRIMEFIT+PERFORMANCE+GYM/data=!4m7!3m6!1s0x330409f62caabc21:0x8d14879538191499!8m2!3d9.7948916!4d126.1583993!16s%2Fg%2F11n3_zr835!19sChIJIbyqLPYJBDMRmRQZOJWHFI0?authuser=0&hl=en&rclk=1,"gym in Cloud 9, Siargao & Surigao, Philippines",Cloud 9
"Asgard Siargao MMA, Fitness & Recovery Resort",4.9,(184),09167963204,https://wa.me/09167963204,https://www.instagram.com/siargao.vibes/,http://www.facebook.com/share.php?u=https,,"Saging, Catangnan, General Luna, 8419 Surigao del Norte",https://siargaovibes.com/activities/asgard-siargao-mma-fitness-recovery/,https://lh3.googleusercontent.com/gps-cs-s/APNQkAE1JwrJmYIC_73vQA81JUgN3NEcoWpzQr3yHxyWyScrYeErwURI-XYxIugssrxyUUYbaVDkrUp376-wwNN1cIS4507_lWpts5kKwlvAbyww8KDZkKjDgKQCrw2C6YGoLjoPAfqQU-hbbD8=w2048-h1536-k-no,,,9.8048961,126.1590316,"https://www.google.com/maps/place/Asgard+Siargao+MMA,+Fitness+%26+Recovery+Resort/data=!4m11!3m10!1s0x330409bfda8eb6cf:0xeb545edb34831e4d!5m3!1s2026-10-31!4m1!1i2!8m2!3d9.8048961!4d126.1590316!16s%2Fg%2F11w3t8qflg!19sChIJz7aO2r8JBDMRTR6DNNteVOs?authuser=0&hl=en&rclk=1","gym in Cloud 9, Siargao & Surigao, Philippines",Cloud 9
CrossFit Siargao,4.9,(178),,,https://instagram.com/crossfitsiargao,https://facebook.com/crossfitsiargao,Gym,"Siargao Island, Poblacion, 5, General Luna, Surigao del Norte",http://www.crossfitsiargao.com/,https://lh3.googleusercontent.com/gps-cs-s/APNQkAEH-xq61kQ334KSip_H5DYT1HsstDLye7BvResjxoR_1TFoK5T395qb7KnRjgZ8XiqgDdLgkrycMnH3rffsaXA8DbDF6J9TjlCYP3MEmMxbYQhmmb-o608FjIJ9RPPEH5SfzAyE=w2048-h1536-k-no,"Gym, Wheelchair accessible, Wheelchair accessible entrance, Accessible",,9.7915432,126.1605613,https://www.google.com/maps/place/CrossFit+Siargao/data=!4m7!3m6!1s0x3303f7613b7b4ba7:0xf231a864d51cc09a!8m2!3d9.7915432!4d126.1605613!16s%2Fg%2F11j1cztz7y!19sChIJp0t7O2H3AzMRmsAc1WSoMfI?authuser=0&hl=en&rclk=1,"gym in Cloud 9, Siargao & Surigao, Philippines",Cloud 9
SurFit Gym Siargao,4.9,(455),,,https://www.instagram.com/surfitgym_siargao,https://www.facebook.com/SurFitGymSiargao,Gym,"Tourism Rd, Purok 5, General Luna, 8419 Surigao del Norte",http://surfitgymsiargao.com/,https://lh3.googleusercontent.com/gps-cs-s/APNQkAE0nYo75nN8eQp8NrMt3ijkvvzWtea0uG0Pd4LwxVfEtQDYoQiHzUxcFRC_kAea3sscvyYW1FRgsBjKLCiyafzdPPnUNAGE1EcYIN8We8kUtP7pXSCk6az1OTNksOlP5PMK7cDRxYHQA-FM=w2048-h1536-k-no,"Gym, Wheelchair accessible, Wheelchair accessible entrance, Accessible",,9.787995,126.1630469,https://www.google.com/maps/place/SurFit+Gym+Siargao/data=!4m7!3m6!1s0x3303f700455eef0f:0xd3a76f8310a7ec58!8m2!3d9.787995!4d126.1630469!16s%2Fg%2F11xw4bl6lp!19sChIJD-9eRQD3AzMRWOynEINvp9M?authuser=0&hl=en&rclk=1,"gym in Cloud 9, Siargao & Surigao, Philippines",Cloud 9
PrimeFit Gym General Luna,4.9,(350),09171154150,https://wa.me/09171154150,https://www.instagram.com/primefit_iao?igsh=bTVib3I1cmZtaWZr&utm_source=qr,https://www.facebook.com/307923952414505,Gym,"Tourism Rd, purok 3, General Luna, 8419 Surigao del Norte",http://primefitsiargao.com/,https://lh3.googleusercontent.com/gps-cs-s/APNQkAGAT6HD6Gt57i9QumWje-hIN2aOWS39vZQlKbKcjT2uneFEoxfKITwDOTnp18PgbSPSV6Xq228IhQxD6H570QXpCYt9-0SyI4OaUBNVw_C_JDLyEzLCFE4tyG8WwE3XGwPrV7w=w2048-h1536-k-no,Gym,,9.7854365,126.1604944,https://www.google.com/maps/place/PrimeFit+Gym+General+Luna/data=!4m7!3m6!1s0x3303f7006cb2377f:0xa58dae8df184557a!8m2!3d9.7854365!4d126.1604944!16s%2Fg%2F11wbdgv_rf!19sChIJfzeybAD3AzMRelWE8Y2ujaU?authuser=0&hl=en&rclk=1,"gym in Cloud 9, Siargao & Surigao, Philippines",Cloud 9
TheIslandBoxer,5.0,(6),09773670336,https://wa.me/09773670336,https://www.instagram.com/theislandboxer,https://www.facebook.com/profile.php,Personal trainer,"R535+WJQ, General Luna, 8419 Surigao del Norte",,https://lh3.googleusercontent.com/gps-cs-s/APNQkAHrFTePr5Jnr5v1ndkkQw8Mg7l4X5PzGhHtCr02T5KR8nUx4QokEWXrqsPVcpuH_gakxXJyyDx5ox8IrZd73xKHpZnDoJie_g0taryPedoJmGCcwwsPp48VtmRDPF4-r-M1XrJ5MQ=w2048-h1536-k-no,Gym,,9.8048125,126.1590625,https://www.google.com/maps/place/TheIslandBoxer/data=!4m7!3m6!1s0x330409f17007de07:0x1290a4d506f16cef!8m2!3d9.8048125!4d126.1590625!16s%2Fg%2F11vpnb4rtd!19sChIJB94HcPEJBDMR72zxBtWkkBI?authuser=0&hl=en&rclk=1,"gym in Cloud 9, Siargao & Surigao, Philippines",Cloud 9
Tag grocery,4.0,(160),09676488167,https://wa.me/09676488167,,https://www.facebook.com/people,Grocery store,"Q5M4+72Q, General Luna, Surigao del Norte",,https://lh3.googleusercontent.com/gps-cs-s/APNQkAGkoURzCmgZP1y3w08M4yVKk9OGFQnjG_Ug9psS4RNkSkE-pjE0kSiIjfvb2KaaWY6kzBSGUiVbqR1WCrOvH4kmZJd5PvbqQsRzRSJoIRcTrTbOvULksdHsoy70FLcCMk5DRXkY9g=w2048-h1536-k-no,"Wheelchair accessible, Wheelchair accessible entrance, Accessible",,9.7834208,126.1550415,https://www.google.com/maps/place/Tag+grocery/data=!4m7!3m6!1s0x3303f616065564ad:0xdd6cf3fd3c37f71!8m2!3d9.7834208!4d126.1550415!16s%2Fg%2F11b6jddrhw!19sChIJrWRVBhb2AzMRcX_D0z_P1g0?authuser=0&hl=en&rclk=1,"convenience store in Cloud 9, Siargao & Surigao, Philippines",Cloud 9
Barna's Specialty Grocer,4.4,(41),09474285050,https://wa.me/09474285050,https://www.instagram.com/barnasph,https://www.facebook.com/barnasiargao,Gourmet grocery store,"Q5M4+P49 to Malinao, Road from, Barangay 1, General Luna, 8419 Surigao del Norte",http://www.barnas.ph/,https://lh3.googleusercontent.com/gps-cs-s/APNQkAG-1vfv_wyTduX-JZirr7ANmm-skZne-XWwi7kzpTpaJAsV5VAbNje6NCiP57dbDefUp0fUsuY3wXtqriTS_McjO_vzkDk-1q51Zotf7Z2jpMpRgN4OXl1f8QmnQwBPK-_jOpRu=w2048-h1536-k-no,,,9.7834409,126.1560387,https://www.google.com/maps/place/Barna%27s+Specialty+Grocer/data=!4m7!3m6!1s0x3303f72b8e9eddc3:0x5e40cb5f228f0394!8m2!3d9.7834409!4d126.1560387!16s%2Fg%2F11fnr9d70h!19sChIJw92ejiv3AzMRlAOPIl_LQF4?authuser=0&hl=en&rclk=1,"convenience store in Cloud 9, Siargao & Surigao, Philippines",Cloud 9
"WASH RIDE CLUB | Laundry - Catangnan, Cloud 9",4.4,(39),09480113297,https://wa.me/09480113297,,https://www.facebook.com/regenttravelmanila,Laundry service,"Touristen Road, Catangnan, General Luna, 8419 Surigao del Norte",https://washride.io/,https://lh3.googleusercontent.com/gps-cs-s/APNQkAF0eYfcqPNl4IUsnfUm4Bu3L1HcZnno92kGRFlLmO2zyjy4cTh9ER-7gNiQ7_amVwXGvux7GTrK5zdoOcK44DRxZ4d_X1kQe_8BcpINtci50SMaS-CStIwu80yhkPlU_7Oyp-BPXcsuJzM=w2048-h1536-k-no,"Laundry service, Laundry, Washing machine",,9.8116683,126.1630014,"https://www.google.com/maps/place/WASH+RIDE+CLUB+%7C+Laundry+-+Catangnan,+Cloud+9/data=!4m7!3m6!1s0x3304091d6d9f829b:0x3ded0432a6e6c857!8m2!3d9.8116683!4d126.1630014!16s%2Fg%2F11x10nk_y_!19sChIJm4KfbR0JBDMRV8jmpjIE7T0?authuser=0&hl=en&rclk=1","laundry in Cloud 9, Siargao & Surigao, Philippines",Cloud 9
Clean Queen Siargao,4.5,(80),09399149554,https://wa.me/09399149554,https://www.instagram.com/cleanqueensiargao/,https://www.facebook.com/61564500249685,Laundry service,"Tuason Point, Lifestyle Center, Akaw, General Luna, 8419 Surigao del Norte",https://www.instagram.com/cleanqueensiargao/,https://lh3.googleusercontent.com/gps-cs-s/APNQkAHf-y_mENhhyiKc1Mq3GT3q1PIcRBDkfSyOx0Kb9F3CUKlwNrGVU5cyfHRtvCszkDi0TtEke-zf_srfmRAgqaa9S6sgfO1SDfYUFsyZhS5QVUmBlpMexQjHHfrf4ZQCrHBoJvz-=w2048-h1536-k-no,"Laundry service, Laundry, Washing machine, Dryer",,9.8075311,126.1662278,https://www.google.com/maps/place/Clean+Queen+Siargao/data=!4m7!3m6!1s0x33040993c3648d27:0x2496ca6edc9a40e0!8m2!3d9.8075311!4d126.1662278!16s%2Fg%2F11wntwfs0_!19sChIJJ41kw5MJBDMR4ECa3G7KliQ?authuser=0&hl=en&rclk=1,"laundry in Cloud 9, Siargao & Surigao, Philippines",Cloud 9
Siargao Laundry,4.1,(79),09453221583,https://wa.me/09453221583,https://www.instagram.com/lemonlaundrysiargao,https://www.facebook.com/p,Laundry service,"General Luna, 8419 Surigao del Norte",,https://lh3.googleusercontent.com/gps-cs-s/APNQkAGw5VbZ4zQm_t3ic-rJr8_EUembUwLfm0kQG911HSYBDFvrcTh24oib2_yssP9NNgLKGZgXei2WBTEMQ_b8FzWgdzgWxNSgzsD6n57o_zIUK1CL-9KBtIaAHRsb5KDFjq2YM4ex4w=w2048-h1536-k-no,"Laundry service, Laundry",,9.7977231,126.1575899,https://www.google.com/maps/place/Siargao+Laundry/data=!4m7!3m6!1s0x3304090d561ac52b:0x4a7f8466a879df48!8m2!3d9.7977231!4d126.1575899!16s%2Fg%2F11sswn7vj_!19sChIJK8UaVg0JBDMRSN95qGaEf0o?authuser=0&hl=en&rclk=1,"laundry in Cloud 9, Siargao & Surigao, Philippines",Cloud 9
Lemon Laundry,4.0,(83),09958559297,https://wa.me/09958559297,https://www.instagram.com/lemonlaundrysiargao,https://www.facebook.com/lemonlaundrysiargao,Laundromat,"R546+HRX, Tourism Rd, General Luna, Surigao del Norte",https://www.instagram.com/lemonlaundrysiargao,https://lh3.googleusercontent.com/gps-cs-s/APNQkAHxmNcCcDbHhfnZj3dRd6F6IUtJa5rZM6tfM4zskjGo3CKqITGYHNe0Y3t1PLKiK5_rSA5Oc2pSJ8aEv4cvibUD2rebrwWTny6DT94mEFZw7wSbade7wRtf9zXRuQfVLyrOxdI=w2048-h1536-k-no,"Laundry service, Laundry",,9.8065561,126.1621586,https://www.google.com/maps/place/Lemon+Laundry/data=!4m7!3m6!1s0x330409746ad72463:0x94090941470d10bf!8m2!3d9.8065561!4d126.1621586!16s%2Fg%2F11h7z8fb72!19sChIJYyTXanQJBDMRvxANR0EJCZQ?authuser=0&hl=en&rclk=1,"laundry in Cloud 9, Siargao & Surigao, Philippines",Cloud 9
Suurf and Suds Laundry Siargao,4.6,(51),09692201489,https://wa.me/09692201489,https://www.instagram.com/suurfandsuds.siargao,https://www.facebook.com/SuurfandSuds,Laundry service,"Pang-pang, General Luna, 8419 Surigao del Norte",https://www.instagram.com/suurfandsuds.siargao,https://lh3.googleusercontent.com/gps-cs-s/APNQkAHCdjFtSvfz1GnYFwKQhHK2ewAeVMydZyp3KHkgx8u5ZES_vIx97hdNUE0E_zYFz8pwN2EMMYoKUralpwaGO1WZSB7Lu_wgrdNA1NYK9TT51WJMhT3spFAp8iWwE_q80tptVHwc=w2048-h1536-k-no,"Laundry service, Laundry, Washing machine, Dryer",,9.7998463,126.1577032,https://www.google.com/maps/place/Suurf+and+Suds+Laundry+Siargao/data=!4m7!3m6!1s0x3304090b37ab502d:0x4894cbe997328053!8m2!3d9.7998463!4d126.1577032!16s%2Fg%2F11x7h6x538!19sChIJLVCrNwsJBDMRU4Ayl-nLlEg?authuser=0&hl=en&rclk=1,"laundry in Cloud 9, Siargao & Surigao, Philippines",Cloud 9
Swell Wash Laundry Catangnan - Siargao,4.1,(44),09669033369,https://wa.me/09669033369,https://www.instagram.com/lemonlaundrysiargao,https://www.facebook.com/Swellwash.Catangnan,Laundry service,"Barangay, Catangnan, General Luna, 8419 Surigao del Norte",,https://lh3.googleusercontent.com/gps-cs-s/APNQkAHxmNcCcDbHhfnZj3dRd6F6IUtJa5rZM6tfM4zskjGo3CKqITGYHNe0Y3t1PLKiK5_rSA5Oc2pSJ8aEv4cvibUD2rebrwWTny6DT94mEFZw7wSbade7wRtf9zXRuQfVLyrOxdI=w2048-h1536-k-no,"Laundry service, Laundry",,9.8087872,126.1600151,https://www.google.com/maps/place/Swell+Wash+Laundry+Catangnan+-+Siargao/data=!4m7!3m6!1s0x3304095778b94dd1:0x390a02fb077d92b3!8m2!3d9.8087872!4d126.1600151!16s%2Fg%2F11txtp3g6x!19sChIJ0U25eFcJBDMRs5J9B_sCCjk?authuser=0&hl=en&rclk=1,"laundry in Cloud 9, Siargao & Surigao, Philippines",Cloud 9
HardWash Laundry,4.0,(113),09270126479,https://wa.me/09270126479,https://www.instagram.com/hardwash.iao,https://www.facebook.com/reel,Laundromat,"5 Tourism Rd, General Luna, Surigao del Norte",,https://lh3.googleusercontent.com/gps-cs-s/APNQkAHf-y_mENhhyiKc1Mq3GT3q1PIcRBDkfSyOx0Kb9F3CUKlwNrGVU5cyfHRtvCszkDi0TtEke-zf_srfmRAgqaa9S6sgfO1SDfYUFsyZhS5QVUmBlpMexQjHHfrf4ZQCrHBoJvz-=w2048-h1536-k-no,"Laundry service, Laundry",,9.7921906,126.1614011,https://www.google.com/maps/place/HardWash+Laundry/data=!4m7!3m6!1s0x3303f76bae7cd331:0x98e753c046b120c6!8m2!3d9.7921906!4d126.1614011!16s%2Fg%2F11jsp7ry2s!19sChIJMdN8rmv3AzMRxiCxRsBT55g?authuser=0&hl=en&rclk=1,"laundry in Cloud 9, Siargao & Surigao, Philippines",Cloud 9
Bayud Laundry Siargao,4.3,(16),09388048205,https://wa.me/09388048205,https://www.instagram.com/bukolaundry,https://www.facebook.com/bayudboutiqueresort,Laundry service,"Backroad, General Luna, 8419 Surigao del Norte",,https://lh3.googleusercontent.com/gps-cs-s/APNQkAF_TBesmvPo030BrGwmRb3PuSEjNA1c59yXreneIhrZHlGJE1JPRthAee4wxMpLyxSJHVoiGZAerXBbtQn88k9KjOOBUgr5d19f4b2PXQuRO9o5vyj_RxGMFyDwdxfjNq_MDRphxHkQkjm9=w2048-h1536-k-no,"Laundry, Washing machine, Dryer",,9.8038051,126.1590469,https://www.google.com/maps/place/Bayud+Laundry+Siargao/data=!4m7!3m6!1s0x330409086a14d247:0xcb6e39babda71360!8m2!3d9.8038051!4d126.1590469!16s%2Fg%2F11xzqj_cmd!19sChIJR9IUaggJBDMRYBOnvbo5bss?authuser=0&hl=en&rclk=1,"laundry in Cloud 9, Siargao & Surigao, Philippines",Cloud 9
Silver Wave Laundry Shop,5.0,(10),09700836641,https://wa.me/09700836641,,https://www.facebook.com/share/1DG6iB3k1T/?mibextid=wwXIfr,Laundry service,"Dapa-Union, Poblacion 1, Purok 1 Dapa - General Luna Rd, Poblacion 1, General Luna, 8419 Surigao del Norte",https://www.facebook.com/share/1DG6iB3k1T/?mibextid=wwXIfr,https://lh3.googleusercontent.com/gps-cs-s/APNQkAHlV4tunarH_X_2rrsG11fRhYKTiqfXqbOWeY3QNKc4jxJOio5DHydW5qjy0C_rM2vwv6UL1lyJdQ_kxdBWwl4oGbscoSsIBDtqrsyeKPCBVcDEBMv-2Fpr_Lgc4-3jVWox9nYsSzhe4uQH=w2048-h1536-k-no,"Laundry, Washing machine, Dryer",,9.7822105,126.1532119,https://www.google.com/maps/place/Silver+Wave+Laundry+Shop/data=!4m7!3m6!1s0x3303f7f0d90ba529:0x1ec99b95549a3ff9!8m2!3d9.7822105!4d126.1532119!16s%2Fg%2F11z0yglfmr!19sChIJKaUL2fD3AzMR-T-aVJWbyR4?authuser=0&hl=en&rclk=1,"laundry in Cloud 9, Siargao & Surigao, Philippines",Cloud 9
TAPOK Kitchen Siargao,4.3,(6),,,https://www.instagram.com/tapokkitchensiargao,https://www.facebook.com/siargaotropichostel,Laundry service,"Purok 1, General Luna, 8419 Surigao del Norte",,https://lh3.googleusercontent.com/gps-cs-s/APNQkAG-ZhxqFnncOJWpiXzH5AkTdjVePZxoh2c9wu-0dVh0T5dmttV_YGeaU0-bAKSxCglN4I7Gk1zuKaZYbLWKAzPSaDikovoB1_xnyISvOLiJwPORD0qIRUanEsBle56w5nUgX4I=w2048-h1536-k-no,"Laundry service, Laundry, Kitchen",,9.7821555,126.1562174,https://www.google.com/maps/place/TAPOK+Kitchen+Siargao/data=!4m7!3m6!1s0x3303f7007292fee5:0x1de50662e78e7b72!8m2!3d9.7821555!4d126.1562174!16s%2Fg%2F11wnkz6dxb!19sChIJ5f6ScgD3AzMRcnuO52IG5R0?authuser=0&hl=en&rclk=1,"laundry in Cloud 9, Siargao & Surigao, Philippines",Cloud 9
Alwine Laundry Shop 2,4.1,(31),09161034155,https://wa.me/09161034155,,https://www.facebook.com/hashtag,Laundry service,"Pob5, General Luna, Surigao del Norte",,https://lh3.googleusercontent.com/gps-cs-s/APNQkAGOkBbuvwV5LLzncmddSW7P-Behm-pGXOeUiT7EcLIOGH_XDTJtgaI1fUTSmy4ciirPm1NQ3maT_tyQp7-SQmmmTbVopeL4r5jITfjCWpRgGZU38afwwmGqCednz9JsyDnPFOxTF-evkemf=w2048-h1536-k-no,"Laundry, Dryer",,9.7845333,126.1563253,https://www.google.com/maps/place/Alwine+Laundry+Shop+2/data=!4m7!3m6!1s0x3303f70017b5fec1:0x7ab3d2a5378d9eee!8m2!3d9.7845333!4d126.1563253!16s%2Fg%2F11xlj5348v!19sChIJwf61FwD3AzMR7p6NN6XSs3o?authuser=0&hl=en&rclk=1,"laundry in Cloud 9, Siargao & Surigao, Philippines",Cloud 9
Swell Wash Laundry General Luna,3.6,(35),09178267518,https://wa.me/09178267518,,https://www.facebook.com/swellwashIAO,Laundry service,"In Front of Bebie's BBQ Poblacion, 3 Tourism Rd, General Luna, 8419 Surigao del Norte",,https://lh3.googleusercontent.com/gps-cs-s/APNQkAEtMP8hU2IoIy8Liyf7y6rNzJE2twGyy3xdhd0LHgnMjNiKOWWuHs5oIQfl7ED79pP_XZ3VPwq-SwgEc0YF0WzPXnZtTToiNc7HL_Hio5LAdbbHltIGq4651_nDRav969BSSkYT=w2048-h1536-k-no,"Laundry service, Laundry",,9.785277,126.160292,https://www.google.com/maps/place/Swell+Wash+Laundry+General+Luna/data=!4m7!3m6!1s0x3303f7bd09230ca7:0x7b937e567f021d9e!8m2!3d9.785277!4d126.160292!16s%2Fg%2F11h6dlb27v!19sChIJpwwjCb33AzMRnh0Cf1Z-k3s?authuser=0&hl=en&rclk=1,"laundry in Cloud 9, Siargao & Surigao, Philippines",Cloud 9
HAPPYCLEAN LAUNDRY SERVICES,4.4,(21),09071034602,https://wa.me/09071034602,,https://www.facebook.com/61570944681033,Laundry service,"Q5X6+729, Tourism Rd, General Luna, Surigao del Norte",,https://lh3.googleusercontent.com/gps-cs-s/APNQkAEaaFUIpyh2E9Xsp2y_tJbyarn434szDc6m8fzhDeEFaR22oJefWWGHeMu9nNzLx78Tvi0qk0W_QdH7eB9reZUuVLUq9_nK-xuPsX3IebxQmpC0pvs7SFjQXQZ2zhwVrGvnxgSQ=w2048-h1536-k-no,"Laundry service, Laundry, Washing machine",,9.7888822,126.1622552,https://www.google.com/maps/place/HAPPYCLEAN+LAUNDRY+SERVICES/data=!4m7!3m6!1s0x3303f7007ae1bd63:0x75cdf9e349134c4!8m2!3d9.7888822!4d126.1622552!16s%2Fg%2F11lyntcjd8!19sChIJY73hegD3AzMRxDSRNJ7fXAc?authuser=0&hl=en&rclk=1,"laundry in Cloud 9, Siargao & Surigao, Philippines",Cloud 9
ALWINE laundry shop,4.1,(22),09161034155,https://wa.me/09161034155,,https://www.facebook.com/hashtag,Laundry service,"Purok 1, Poblacion, General Luna, Surigao del Norte",,https://lh3.googleusercontent.com/gps-cs-s/APNQkAEaaFUIpyh2E9Xsp2y_tJbyarn434szDc6m8fzhDeEFaR22oJefWWGHeMu9nNzLx78Tvi0qk0W_QdH7eB9reZUuVLUq9_nK-xuPsX3IebxQmpC0pvs7SFjQXQZ2zhwVrGvnxgSQ=w2048-h1536-k-no,"Laundry service, Laundry, Washing machine, Dryer",,9.7812483,126.1512694,https://www.google.com/maps/place/ALWINE+laundry+shop/data=!4m7!3m6!1s0x3303f700410f59cf:0x1aa1837beeb35ac9!8m2!3d9.7812483!4d126.1512694!16s%2Fg%2F11wqk55n14!19sChIJz1kPQQD3AzMRyVqz7nuDoRo?authuser=0&hl=en&rclk=1,"laundry in Cloud 9, Siargao & Surigao, Philippines",Cloud 9
Swell Wash Laundry Santa Fe,4.4,(18),09669033441,https://wa.me/09669033441,https://instagram.com/swellwash.santafe,https://www.facebook.com/swellwash.santafe,Laundry service,"R4QQ+WV, General Luna, Surigao del Norte",https://instagram.com/swellwash.santafe,https://lh3.googleusercontent.com/gps-cs-s/APNQkAEtMP8hU2IoIy8Liyf7y6rNzJE2twGyy3xdhd0LHgnMjNiKOWWuHs5oIQfl7ED79pP_XZ3VPwq-SwgEc0YF0WzPXnZtTToiNc7HL_Hio5LAdbbHltIGq4651_nDRav969BSSkYT=w2048-h1536-k-no,"Laundry service, Laundry",,9.8398099,126.1396601,https://www.google.com/maps/place/Swell+Wash+Laundry+Santa+Fe/data=!4m7!3m6!1s0x3304098c9178240f:0xda49da9ef5d27a15!8m2!3d9.8398099!4d126.1396601!16s%2Fg%2F11sdqq_f69!19sChIJDyR4kYwJBDMRFXrS9Z7aSdo?authuser=0&hl=en&rclk=1,"laundry in Cloud 9, Siargao & Surigao, Philippines",Cloud 9
Jully's Laundry,3.7,(15),09206641309,https://wa.me/09206641309,,https://www.facebook.com/groups,Laundry service,"3 Dapa - General Luna Rd, General Luna, Surigao del Norte",,https://lh3.googleusercontent.com/gps-cs-s/APNQkAExT1tQmSRi_GHILm3tGi_-Rj1eioU7U4hi1zyHoG92CeqQFW7dizL9yJFUJ9SHTBneEfcC3m6JuXINtur7JQG8TJrbKzYkF6b7d2_byBvHft78arzwOmBdUm3VcQZNzGQM4rJhsLVGrUNv=w2048-h1536-k-no,"Laundry service, Laundry, Kitchen, Dryer",,9.7839385,126.1580674,https://www.google.com/maps/place/Jully%27s+Laundry/data=!4m7!3m6!1s0x3303f70073a9fda1:0x6732895f62301f1c!8m2!3d9.7839385!4d126.1580674!16s%2Fg%2F11y4n53fg3!19sChIJof2pcwD3AzMRHB8wYl-JMmc?authuser=0&hl=en&rclk=1,"laundry in Cloud 9, Siargao & Surigao, Philippines",Cloud 9
Hardwash laundry Santa Fe,4.0,(15),09669132173,https://wa.me/09669132173,https://www.instagram.com/santa_fe_laundry,https://www.facebook.com/SantaFeLaundryWashAndFold,Laundry service,"Santa Fe, Main road, Santa Fe, General Luna, 8419 Surigao del Norte",,https://lh3.googleusercontent.com/gps-cs-s/APNQkAGw5VbZ4zQm_t3ic-rJr8_EUembUwLfm0kQG911HSYBDFvrcTh24oib2_yssP9NNgLKGZgXei2WBTEMQ_b8FzWgdzgWxNSgzsD6n57o_zIUK1CL-9KBtIaAHRsb5KDFjq2YM4ex4w=w2048-h1536-k-no,"Laundry service, Laundry, Washing machine, Dryer",,9.840093,126.1374553,https://www.google.com/maps/place/Hardwash+laundry+Santa+Fe/data=!4m7!3m6!1s0x330409d4ac5925e5:0xa9647b75f35cec79!8m2!3d9.840093!4d126.1374553!16s%2Fg%2F11w8r79cch!19sChIJ5SVZrNQJBDMReexc83V7ZKk?authuser=0&hl=en&rclk=1,"laundry in Cloud 9, Siargao & Surigao, Philippines",Cloud 9
Taga-Trento Laundry Shop,5.0,(2),,,,https://www.facebook.com/washaholiclaundry,Laundry service,"Q5R5+4HV, Tourism Rd, General Luna, Surigao del Norte",,https://lh3.googleusercontent.com/gps-cs-s/APNQkAG-ZhxqFnncOJWpiXzH5AkTdjVePZxoh2c9wu-0dVh0T5dmttV_YGeaU0-bAKSxCglN4I7Gk1zuKaZYbLWKAzPSaDikovoB1_xnyISvOLiJwPORD0qIRUanEsBle56w5nUgX4I=w2048-h1536-k-no,"Laundry service, Laundry",,9.7903584,126.1589237,https://www.google.com/maps/place/Taga-Trento+Laundry+Shop/data=!4m7!3m6!1s0x3303f7d691a8c1cd:0x2e45b2b1300d69eb!8m2!3d9.7903584!4d126.1589237!16s%2Fg%2F11h1m40592!19sChIJzcGokdb3AzMR62kNMLGyRS4?authuser=0&hl=en&rclk=1,"laundry in Cloud 9, Siargao & Surigao, Philippines",Cloud 9
Rides R Us Siargao,4.9,(56),09176856056,https://wa.me/09176856056,,https://www.facebook.com/profile.php,Scooter rental service,"R565+2V4, Tourism Rd, General Luna, 8419 Surigao del Norte",https://www.facebook.com/profile.php?id=61563954071167&mibextid=LQQJ4d,https://lh3.googleusercontent.com/gps-cs-s/APNQkAEsHumyKqJt8-GDuwgFM8nfXpH3vADfvj-EoYKF-6oqVE43bOwiwasUSZBSSwnzNNchsZ9yX4x2szP4GLskAuCKV_XhMPyq8IDvwEQGhN471jvLicXHPblPY-RFeC2o7A7qXsM=w2048-h1536-k-no,,,9.8100625,126.1596875,https://www.google.com/maps/place/Rides+R+Us+Siargao/data=!4m7!3m6!1s0x330409f98651da5f:0x3b77d425c952d76f!8m2!3d9.8100625!4d126.1596875!16s%2Fg%2F11wbgpbm73!19sChIJX9pRhvkJBDMRb9dSySXUdzs?authuser=0&hl=en&rclk=1,"scooter rental in Cloud 9, Siargao & Surigao, Philippines",Cloud 9
Bureau of Immigration Siargao,4.9,(26),,,,https://www.facebook.com/officialbureauofimmigration,Government office,"Poblacion 1, Surigao del Norte",,https://lh3.googleusercontent.com/gps-cs-s/APNQkAGONYQAIOVjLUZZENKGEoCDVD4DPiH0MIQfJuC5GuwxrCNggu1iFla7h3DP9MbFDdpRkyBWWvw0aBDmGPvQRAfNpXHxQXvWXzs2KOAuMg9xqbp06PW1q1fwidpQmr-fZwsLaYBIRrqIJxn4=w2048-h1536-k-no,,,9.7810752,126.1566216,https://www.google.com/maps/place/Bureau+of+Immigration+Siargao/data=!4m7!3m6!1s0x3303f7004b23607f:0x48ed61f5696c55aa!8m2!3d9.7810752!4d126.1566216!16s%2Fg%2F11vyxmnbhg!19sChIJf2AjSwD3AzMRqlVsafVh7Ug?authuser=0&hl=en&rclk=1,"embassy in Cloud 9, Siargao & Surigao, Philippines",Cloud 9
Eco-Oil General Luna,5.0,(2),,,,,Gas station,135 san sebastian St,,,,,9.7839906,126.1574076,https://www.google.com/maps/place/Eco-Oil+General+Luna/data=!4m7!3m6!1s0x3303f7006bc2b47b:0x70bbc2c50679d351!8m2!3d9.7839906!4d126.1574076!16s%2Fg%2F11mt2x4k9c!19sChIJe7TCawD3AzMRUdN5BsXCu3A?authuser=0&hl=en&rclk=1,"gas station in Cloud 9, Siargao & Surigao, Philippines",Cloud 9
Broken Board,4.5,(41),,,,,,"R555+FFX, Tourism Rd, General Luna, Surigao del Norte",,https://lh3.googleusercontent.com/gps-cs-s/APNQkAG9lrWtgoiHEw00PTcN2MF-iE-4Y_ilwy1FSN1_y-ySP0CbyBjXkvl8OPKtjyDcO3UxyXz9kNGu4N9r6WepCEK5QvTT6SUIgRloc0LY3IPjNc-04lft-sfZ8PwJVYoQfwGDKaBH=w2048-h1536-k-no,"Free Wi-Fi, Wheelchair accessible, Wheelchair accessible entrance, Accessible",,9.8087468,126.1587251,https://www.google.com/maps/place/Broken+Board/data=!4m11!3m10!1s0x33040915c7616855:0x32b9f02bb9fc573b!5m3!1s2026-10-31!4m1!1i2!8m2!3d9.8087468!4d126.1587251!16s%2Fg%2F11h5khv_j6!19sChIJVWhhxxUJBDMRO1f8uSvwuTI?authuser=0&hl=en&rclk=1,"tourist information in Cloud 9, Siargao & Surigao, Philippines",Cloud 9
Djee Kho,5.0,(6),09667051306,https://wa.me/09667051306,,https://www.facebook.com/herewebook,Tourist information center,"Catangnan, Cloud 9 Dr, General Luna, 8419 Surigao del Norte",https://herewebook.com/book/djee-kho,https://lh3.googleusercontent.com/gps-cs-s/APNQkAEcd2uPAe7rjyCLOFXB11Whne1MrBB51FM_J5UtIpv65h4j6jVmdkkYbVIXA0eXkbkDV0szc1RN-QClBoGwK_savPV0Kfs0UfD_bp5R9q-0OShWmIY0ITiXqYEPkug-88pXrMftxQ=w2048-h1536-k-no,,,9.8123244,126.1634488,https://www.google.com/maps/place/Djee+Kho/data=!4m7!3m6!1s0x33040903fd5a1ef9:0xb6824f77722bbb96!8m2!3d9.8123244!4d126.1634488!16s%2Fg%2F11y6trcj5b!19sChIJ-R5a_QMJBDMRlrsrcndPgrY?authuser=0&hl=en&rclk=1,"tourist information in Cloud 9, Siargao & Surigao, Philippines",Cloud 9
WaveWork Co-Working Space,5.0,(17),09177190129,https://wa.me/09177190129,,https://www.facebook.com/rucksackinn.siargao,Coworking space,"Rucksack Inn Siargao Barangay Catangnan, St, General Luna, 8419 Surigao del Norte",http://www.rucksackinn.com/,https://lh3.googleusercontent.com/grass-cs/ANxoTn0IuRqdd1Snl3H7I61FyISsj4S8DbepmuweVkZR-LUSXfVX3XK2jNI6j2akQx8V3FpHRprTn1mGAsuX1y-YMyp7_G0sB_FiHW3xSTtnntsLF8iOQxYQYN5ajRHtSQcMIUr00rS28sYK3_HQ=w2048-h1536-k-no,,,9.8079741,126.1630927,https://www.google.com/maps/place/WaveWork+Co-Working+Space/data=!4m7!3m6!1s0x330409001f8138f3:0xe793f7518406b335!8m2!3d9.8079741!4d126.1630927!16s%2Fg%2F11zkrz0_60!19sChIJ8ziBHwAJBDMRNbMGhFH3k-c?authuser=0&hl=en&rclk=1,"coworking space in Cloud 9, Siargao & Surigao, Philippines",Cloud 9
"Lungga Coworking, Coliving & Cafe",5.0,(31),09173149162,https://wa.me/09173149162,https://www.instagram.com/lunggasiargao,https://www.facebook.com/lunggasiargao,Coworking space,"Libertad, General Luna, 8419 Surigao del Norte",http://lungga.ph/,https://lh3.googleusercontent.com/gps-cs-s/APNQkAF6fenP4tY7PmtD2puv4fstaUJhDCyynPj1GDT9djlHi6QF52LLiMbD7oUi9pouAzO1vauZwiEQwaSXN9s_O_7GNrq7ECiS3NaH2mfuW6bZrzZcKbSLFmW8O7bN45IQhsYXJRPjM2q2oRtv=w2048-h1536-k-no,"Free Wi-Fi, Breakfast, Air-conditioned, Pool, Fitness center, Free parking, Airport shuttle, Pet-friendly, Restaurant",,9.8317121,126.1336402,"https://www.google.com/maps/place/Lungga+Coworking,+Coliving+%26+Cafe/data=!4m11!3m10!1s0x330409cca3f87847:0xfc794b8b3611c392!5m3!1s2026-10-31!4m1!1i2!8m2!3d9.8317121!4d126.1336402!16s%2Fg%2F11zjmpv3kf!19sChIJR3j4o8wJBDMRksMRNotLefw?authuser=0&hl=en&rclk=1","coworking space in Cloud 9, Siargao & Surigao, Philippines",Cloud 9
7-Eleven ST3982 Diatagon,4.8,(5),,,,https://www.facebook.com/groups,Convenience store,"M4GQ+W98, Diatagon, Lianga, Surigao del Sur",,https://lh3.googleusercontent.com/gps-cs-s/APNQkAGiAhXSyc-oxKTIbgVRLlXfBi8IQjlb-hO32lXs4YeT-BseGZxdnugT8Nr9-eRj9tF5g8tbGuBtuY0bE8WXVJPawVlF2YddQ0Kg2-ImGamhD618vrVsgI1WzVl2pyx2eUCaYbcP=w2048-h1536-k-no,"Wheelchair accessible, Wheelchair accessible entrance, Accessible",,8.6772902,126.138451,https://www.google.com/maps/place/7-Eleven+ST3982+Diatagon/data=!4m7!3m6!1s0x330209e1afc8dd23:0x63c193aca1cdca6c!8m2!3d8.6772902!4d126.138451!16s%2Fg%2F11kqsxk_qk!19sChIJI93Ir-EJAjMRbMrNoayTwWM?authuser=0&hl=en&rclk=1,"convenience store in Enchanted River, Siargao & Surigao, Philippines",Enchanted River
Euronet ATM,5.0,(1),,,,,ATM  Big,9 Hostel,https://www.euronetatms.ph/,,,,9.7856796,126.1610198,https://www.google.com/maps/place/Euronet+ATM/data=!4m7!3m6!1s0x3303f7482df41f61:0x51a942549f96d4ed!8m2!3d9.7856796!4d126.1610198!16s%2Fg%2F11yjh2lmz0!19sChIJYR_0LUj3AzMR7dSWn1RCqVE?authuser=0&hl=en&rclk=1,"atm in General Luna, Siargao & Surigao, Philippines",General Luna
Euronet ATM,4.0,(1),,,,,ATM  Torres' Residence Brgy 3 Tourism Road General LunaOpen,,https://www.euronetatms.ph/,,,,9.784949,126.159656,https://www.google.com/maps/place/Euronet+ATM/data=!4m7!3m6!1s0x3303f773bd853cf5:0x1a35551f340b03eb!8m2!3d9.784949!4d126.159656!16s%2Fg%2F11xt00l567!19sChIJ9TyFvXP3AzMR6wMLNB9VNRo?authuser=0&hl=en&rclk=1,"atm in General Luna, Siargao & Surigao, Philippines",General Luna
GoTyme Bank Kiosk POPS District Building Wodd Coffee Shop Siargao,5.0,(2),,,,,Bank  Cloud,9 Dr,https://www.gotyme.com.ph/?utm_source=google_business_profile&utm_medium=organic&utm_campaign=gbp&utm_content=view_website,,,,9.8123706,126.1635016,https://www.google.com/maps/place/GoTyme+Bank+Kiosk+POPS+District+Building+Wodd+Coffee+Shop+Siargao/data=!4m7!3m6!1s0x3304093048c8e039:0xd6911cf2eefb43eb!8m2!3d9.8123706!4d126.1635016!16s%2Fg%2F11yb6jhs5m!19sChIJOeDISDAJBDMR60P77vIckdY?authuser=0&hl=en&rclk=1,"atm in General Luna, Siargao & Surigao, Philippines",General Luna
Guiral store,4.6,(9),906 380 0615,https://wa.me/9063800615,,,StoreOpen  Closes 12 AM,0906 380 0615,,,,,9.8095723,126.1595784,https://www.google.com/maps/place/Guiral+store/data=!4m7!3m6!1s0x330409e8ea1ea7cd:0xde24b182b26d10f8!8m2!3d9.8095723!4d126.1595784!16s%2Fg%2F11vprqvtx3!19sChIJzace6ugJBDMR-BBtsoKxJN4?authuser=0&hl=en&rclk=1,"convenience store in General Luna, Siargao & Surigao, Philippines",General Luna
Euronet ATM,5.0,(1),,,,,ATM  Forcadilla Residence Brgy StaFeOpen,,https://www.euronetatms.ph/,,,,9.8403787,126.1388716,https://www.google.com/maps/place/Euronet+ATM/data=!4m7!3m6!1s0x33040990b6641fbb:0x65c3d09f247f5bc!8m2!3d9.8403787!4d126.1388716!16s%2Fg%2F11xt0nqc7c!19sChIJux9ktpAJBDMRvPVH8gk9XAY?authuser=0&hl=en&rclk=1,"atm in General Luna, Siargao & Surigao, Philippines",General Luna
GoldenBell Motorbike Rental - Siargao,5.0,(866),945 615 5438,https://wa.me/9456155438,,,Motorcycle rental agency  Tourism RdClosed  Opens 7:30 AM,0945 615 5438,https://goldenbellsiargao.com/,,,,9.7859572,126.1616636,https://www.google.com/maps/place/GoldenBell+Motorbike+Rental+-+Siargao/data=!4m7!3m6!1s0x3303f7002840556b:0x2bc08e6d848fbdd6!8m2!3d9.7859572!4d126.1616636!16s%2Fg%2F11vy_8g9tf!19sChIJa1VAKAD3AzMR1r2PhG2OwCs?authuser=0&hl=en&rclk=1,"scooter rental in General Luna, Siargao & Surigao, Philippines",General Luna
Mlhullier Pawnshop,3.5,(20),,,,,,,,,,,9.7845245,126.1561852,https://www.google.com/maps/place/Mlhullier+Pawnshop/data=!4m7!3m6!1s0x3303f6164173db97:0xa174244a79ed1a59!8m2!3d9.7845245!4d126.1561852!16s%2Fg%2F11dyx9vkrh!19sChIJl9tzQRb2AzMRWRrteUokdKE?authuser=0&hl=en&rclk=1,"currency exchange in General Luna, Siargao & Surigao, Philippines",General Luna
M Lhuillier - General Luna,5.0,(1),947 999 0337,https://wa.me/9479990337,,,Financial institution  Q5M4+RFClosed  Opens 7:30 AM,0947 999 0337,https://mlhuillier.com/,,,,9.7844631,126.1562083,https://www.google.com/maps/place/M+Lhuillier+-+General+Luna/data=!4m7!3m6!1s0x3303f70f6cf6ab13:0xd4406c6d723bc57d!8m2!3d9.7844631!4d126.1562083!16s%2Fg%2F11msjs8f41!19sChIJE6v2bA_3AzMRfcU7cm1sQNQ?authuser=0&hl=en&rclk=1,"currency exchange in General Luna, Siargao & Surigao, Philippines",General Luna
Arugao Wellness and Spa Siargao,4.3,(86),915 649 6527,https://wa.me/9156496527,,,Spa  Tourism RdClosed  Opens 1 PM,0915 649 6527,https://arugaoservices.my.canva.site/menu-board,,,,9.7909514,126.1616883,https://www.google.com/maps/place/Arugao+Wellness+and+Spa+Siargao/data=!4m7!3m6!1s0x3303f7d20316cc0f:0xe24d13e140feea83!8m2!3d9.7909514!4d126.1616883!16s%2Fg%2F11l6c8hwdx!19sChIJD8wWA9L3AzMRg-r-QOETTeI?authuser=0&hl=en&rclk=1,"massage spa in General Luna, Siargao & Surigao, Philippines",General Luna
Lola's Rentals,5.0,(525),969 444 3413,https://wa.me/9694443413,,,Scooter rental service  Lola's Rentals Tourism RdClosed  Opens 9 AM,0969 444 3413,http://lolasrentals.com/,,,,9.7991596,126.15772,https://www.google.com/maps/place/Lola%27s+Rentals/data=!4m7!3m6!1s0x3304090069d4cb4d:0x48a08e679185497b!8m2!3d9.7991596!4d126.15772!16s%2Fg%2F11s9j9p_nv!19sChIJTcvUaQAJBDMRe0mFkWeOoEg?authuser=0&hl=en&rclk=1,"scooter rental in General Luna, Siargao & Surigao, Philippines",General Luna
Hibiscus Spa Siargao,4.6,(90),962 988 0364,https://wa.me/9629880364,,,Massage spa  Purok,3 Tourism Rd,,,,,9.7875367,126.1627867,https://www.google.com/maps/place/Hibiscus+Spa+Siargao/data=!4m7!3m6!1s0x3303f7a96b51a8cf:0x4abe56589a43ff78!8m2!3d9.7875367!4d126.1627867!16s%2Fg%2F11w_fvr39n!19sChIJz6hRa6n3AzMReP9DmlhWvko?authuser=0&hl=en&rclk=1,"massage spa in General Luna, Siargao & Surigao, Philippines",General Luna
Siargao 24/7 Telemedicine Clinic,5.0,(1),09958178701,https://wa.me/09958178701,https://www.instagram.com/rayaclinicsiargao,https://www.facebook.com/clinicsiargao,Medical clinic,"Q5P4+48, General Luna, 8419 Surigao del Norte",,https://lh3.googleusercontent.com/gps-cs-s/APNQkAFNkrNtzB_j40TnxGvq9vE-Pt-rvYDKGrpOzUkfWXgO7o4apPVmU8YTaWUdoevwOFUWp8ap63Amc03xyJUO2Z-hfbCARP2KKnIao7eY6Vp3M5ZeZIloPQVmbgEs6cLe3ZyqTlDVXxqo4XyF=w2048-h1536-k-no,,,9.7853125,126.1558125,https://www.google.com/maps/place/Siargao+24%2F7+Telemedicine+Clinic/data=!4m7!3m6!1s0x3303f57786699fa3:0xc6f67598c12c747!8m2!3d9.7853125!4d126.1558125!16s%2Fg%2F11msws5h89!19sChIJo59phnf1AzMRR8cSjFlnbww?authuser=0&hl=en&rclk=1,"medical clinic in General Luna, Siargao & Surigao, Philippines",General Luna
General Luna Rural Health Unit,4.0,(4),,,,https://www.facebook.com/profile.php,Medical Center,"Q5J4+MQ3 Siargao Island, General Luna, Lalawigan ng Surigao del Norte",,https://lh3.googleusercontent.com/gps-cs-s/APNQkAH9v3ck0pkhfeiYNrpplc-41krFE263qMZ8EtWRmZHY1hlm3c7luIIjea32QDsxxYJICmR7Z5mtfI9JnfgHDoXYrUhCW2_4Rlrtwlf2pF2XxWI4ek1i_sKL4veGLOwnEpDfvLjDgfkc_y0=w2048-h1536-k-no,"Wheelchair accessible, Wheelchair accessible entrance, Accessible",,9.7816281,126.1569285,https://www.google.com/maps/place/General+Luna+Rural+Health+Unit/data=!4m7!3m6!1s0x3303f6144ca4329d:0x9ae68d44a3150507!8m2!3d9.7816281!4d126.1569285!16s%2Fg%2F1tc_65zk!19sChIJnTKkTBT2AzMRBwUVo0SN5po?authuser=0&hl=en&rclk=1,"medical clinic in General Luna, Siargao & Surigao, Philippines",General Luna
General Luna Primary Care Facility,5.0,(1),09810674732,https://wa.me/09810674732,,https://www.facebook.com/people,Community health center,"Q5R4+QFF, Tourism Rd, General Luna, 8419 Surigao del Norte",,https://lh3.googleusercontent.com/gps-cs-s/APNQkAHZY7PCz_75oDcE9pJ32N0E1uyVIZK9esakWPq9pzxVVsrGNwu1w-9ENJVba6qopJG4-sMzmeM4yDwka7gsSUmiKyuwZgihp8f05ffTyuo7ut267bK7GtK2-t4N--lklr6Jxu4h3fcfDSa2=w2048-h1536-k-no,,,9.7919543,126.1561028,https://www.google.com/maps/place/General+Luna+Primary+Care+Facility/data=!4m7!3m6!1s0x3303f70048bbd46b:0x70b59c9c4776c910!8m2!3d9.7919543!4d126.1561028!16s%2Fg%2F11x5pmwvz1!19sChIJa9S7SAD3AzMREMl2R5yctXA?authuser=0&hl=en&rclk=1,"medical clinic in General Luna, Siargao & Surigao, Philippines",General Luna
Rabies Buster - Animal Bite Center Clinic (Siargao Island Branch),5.0,(7),09089872615,https://wa.me/09089872615,https://www.instagram.com/rabiesbuster.animalbite.center,https://www.facebook.com/rbabcgeneralluna,Medical clinic,"G/F Unit 106-107, Brgy, General Luna, 8419 Surigao del Norte",,https://lh3.googleusercontent.com/gps-cs-s/APNQkAH8yg0MFit1_wpdBo3vR1TPvxAxzNJjieX4G207pGyoUDq0NQ608tpr_NcHYkGcPZWRV9IuHkJajv5Bj4sBvDGxE4L16jNLu-q3UzYPpwbSU7gTbmrCmIeIc5PUk_jiTzHLQNRkTPzoaZAV=w2048-h1536-k-no,,,9.8118628,126.1632119,https://www.google.com/maps/place/Rabies+Buster+-+Animal+Bite+Center+Clinic+%28Siargao+Island+Branch%29/data=!4m7!3m6!1s0x33040900391244a5:0x2288aa141c0f69a0!8m2!3d9.8118628!4d126.1632119!16s%2Fg%2F11ym8xzjg1!19sChIJpUQSOQAJBDMRoGkPHBSqiCI?authuser=0&hl=en&rclk=1,"medical clinic in General Luna, Siargao & Surigao, Philippines",General Luna
Recovery Current,5.0,(10),09751540770,https://wa.me/09751540770,,https://www.facebook.com/UNLTDSiargao,Physical therapy clinic,"Tourism Rd, Brgy. Catangnan, General Luna, 8419 Surigao del Norte",https://recoverycurrent27.wixsite.com/recovery-current,https://lh3.googleusercontent.com/gps-cs-s/APNQkAGw9qOqabX5-xmRknuO32GUK6htsmgZOM7SW8gsNSFwtTck_SFc2gyqzsJSuRntOC89mvz8nTHmayLuvMV0y-Ye3e7ED_IXnJPslo30cSi75q7adi1ivF15nDH3LOdbeAo6xK-4G29-nKMu=w2048-h1536-k-no,Gym,,9.7962276,126.1602883,https://www.google.com/maps/place/Recovery+Current/data=!4m7!3m6!1s0x3304090392ffc355:0x5ed39a971b007dfe!8m2!3d9.7962276!4d126.1602883!16s%2Fg%2F11z15r5q3c!19sChIJVcP_kgMJBDMR_n0AG5ea014?authuser=0&hl=en&rclk=1,"medical clinic in General Luna, Siargao & Surigao, Philippines",General Luna
PEOPLE'S DRUGSTORE,4.0,(4),,,,https://www.facebook.com/people,Pharmacy,"Q5M4+FGP, Dapa, General Luna, Surigao del Norte",,https://lh3.googleusercontent.com/gps-cs-s/APNQkAGBUowPfO7rMhS02eNHskkNDRLwap_YBGq0VQzoegsa7VfyALT0gQvqFxkhaCRyhVUTdfk2r_0gN5A361x8xDyKnibPRdZ-JLZYrk8igbijno_aGMLvevd3bhvaG0bRbOPrvxgN=w2048-h1536-k-no,,,9.7837122,126.1563293,https://www.google.com/maps/place/PEOPLE%27S+DRUGSTORE/data=!4m7!3m6!1s0x3303f6166e23a93d:0x27a916af0d40cdf9!8m2!3d9.7837122!4d126.1563293!16s%2Fg%2F11wj6fcxvz!19sChIJPakjbhb2AzMR-c1ADa8WqSc?authuser=0&hl=en&rclk=1,"pharmacy in General Luna, Siargao & Surigao, Philippines",General Luna
LIFECHECK PHARMA,3.9,(9),09104355155,https://wa.me/09104355155,https://www.instagram.com/lifecheck.g,https://www.facebook.com/profile.php,Pharmacy,"Pob. 2, General Luna, Surigao del Norte",,https://lh3.googleusercontent.com/gps-cs-s/APNQkAE2pKDi4ZvQ6sQJBnv92TLuoTvDUH9cCxHux_Qo7DOXWidjKX0fGVJnFsaAuBgFdlRQHNNupIvZ1IwsGpJpSOmXZmY7H7HoFkS7sXsCyXGqH-5znycDNoU2wmCH5c_ghMe-REnH=w2048-h1536-k-no,,,9.7832832,126.1553571,https://www.google.com/maps/place/LIFECHECK+PHARMA/data=!4m7!3m6!1s0x3303f70025e3a4b5:0x5e0a83cd64e198c2!8m2!3d9.7832832!4d126.1553571!16s%2Fg%2F11w3qp0n6y!19sChIJtaTjJQD3AzMRwpjhZM2DCl4?authuser=0&hl=en&rclk=1,"pharmacy in General Luna, Siargao & Surigao, Philippines",General Luna
TGP The Generics Pharmacy (General Luna),4.0,(6),09188118227,https://wa.me/09188118227,,https://www.facebook.com/100064662130701,Pharmacy,"JFC COMMERCIAL CENTER, Poblacion I (Purok I), General Luna, 8419 Surigao del Norte",http://www.tgp.com.ph/,https://lh3.googleusercontent.com/gps-cs-s/APNQkAGBUowPfO7rMhS02eNHskkNDRLwap_YBGq0VQzoegsa7VfyALT0gQvqFxkhaCRyhVUTdfk2r_0gN5A361x8xDyKnibPRdZ-JLZYrk8igbijno_aGMLvevd3bhvaG0bRbOPrvxgN=w2048-h1536-k-no,,,9.7848935,126.1559904,https://www.google.com/maps/place/TGP+The+Generics+Pharmacy+%28General+Luna%29/data=!4m7!3m6!1s0x3303f7cf38b6a715:0x1032f17174404ea0!8m2!3d9.7848935!4d126.1559904!16s%2Fg%2F11j96sqkpy!19sChIJFae2OM_3AzMRoE5AdHHxMhA?authuser=0&hl=en&rclk=1,"pharmacy in General Luna, Siargao & Surigao, Philippines",General Luna
MASSAGE CARE SPA-Siargao,5.0,(24),09762871466,https://wa.me/09762871466,,https://www.facebook.com/100085780175025,Massage spa,"San Roque - Sabang, Purok 3, General Luna, Surigao del Norte",,https://lh3.googleusercontent.com/grass-cs/ANxoTn36BsUzPeJZCHftqN-DyVCe92p0t99g-_uo1jmaJsv7pCRGZPonYe95tP4siu_iDD4aFOMe_GXnYFpEitCKjjcb_HEJ0dDH9Cn7sJfIaVXtexg5RUqOyyPQS3dQucL4kpHOgwJtgI8ycmm4=w2048-h1536-k-no,Spa,,9.7837075,126.1577118,https://www.google.com/maps/place/MASSAGE+CARE+SPA-Siargao/data=!4m7!3m6!1s0x3301316ae8574885:0x5ecd7b2e23cb55c6!8m2!3d9.7837075!4d126.1577118!16s%2Fg%2F11zjmck1nm!19sChIJhUhX6GoxATMRxlXLIy57zV4?authuser=0&hl=en&rclk=1,"massage spa in General Luna, Siargao & Surigao, Philippines",General Luna
OM Spa and Wellness,5.0,(44),09070698092,https://wa.me/09070698092,,https://www.facebook.com/61555866096896,Massage spa,"OM Home, Tourism Rd, Catangnan, General Luna, 8419 Surigao del Norte",,https://lh3.googleusercontent.com/gps-cs-s/APNQkAEelnTvpuJ9mFsJQbvNRdOG2S3PleKMM8o4N8Z5HpHkcK9s0ZRdouS8z2E3eBqeocOj2TWLZndJ4mdKMPqbBcajeVNFnjfFJ4Txo9-yvSlwiFhwBkEOmX51QCAnfUxv1H_f2AZVfIIRYTu3=w2048-h1536-k-no,Spa,,9.7999854,126.1600448,https://www.google.com/maps/place/OM+Spa+and+Wellness/data=!4m7!3m6!1s0x330409c35f57ddff:0xa6d3a764bc5394e!8m2!3d9.7999854!4d126.1600448!16s%2Fg%2F11z38yrst8!19sChIJ_91XX8MJBDMRTjnFS3Y6bQo?authuser=0&hl=en&rclk=1,"massage spa in General Luna, Siargao & Surigao, Philippines",General Luna
Celestia Spa and Aesthetics,4.9,(71),,,https://www.instagram.com/celestia.siargao/,https://www.facebook.com/61582022487388,Spa,"Q5P4+7H3 Lot No. 1761 General Luna Siargao Poblacion V (Purok V, Surigao del Norte",https://celestiaspa.ph/,https://lh3.googleusercontent.com/gps-cs-s/APNQkAGy53fbCB8SPy5Ypp0HPPMiPgH3tBCw3Gi6oVRlvlrvDmeBzxc_3heoQg1JTz30ZW6q9DgI8TbONznNl0poZpuiWUfTsvdIj60pnv7GmveX7qvm-OJYBFezP75TxhWu40Nuf5GUygklYFHp=w2048-h1536-k-no,Spa,,9.7855633,126.1563797,https://www.google.com/maps/place/Celestia+Spa+and+Aesthetics/data=!4m7!3m6!1s0x3303f7949de92977:0xb6853d23c92bdd3c!8m2!3d9.7855633!4d126.1563797!16s%2Fg%2F11yyf8pymc!19sChIJdynpnZT3AzMRPN0rySM9hbY?authuser=0&hl=en&rclk=1,"massage spa in General Luna, Siargao & Surigao, Philippines",General Luna
Nemil Massage - Siargao,4.8,(43),09951184613,https://wa.me/09951184613,,https://www.facebook.com/nemilmassagespa17,Massage spa,"Across Strangers Inn Pangdan, General Luna, 8419 Surigao del Norte",,https://lh3.googleusercontent.com/gps-cs-s/APNQkAEQYe5ozAYmW1RItFHEG_gokbD63ykx4FLYcxPqc_XRPuyfS1AEqoTMPFsgRsX32OyCKhhP-I-jgC_Z2-ICuqSfTg9P0UK3gFIdH93tKAy-MmVqJLk7IFsOWTSOpNIWZzKMuRj1zFVgj4yU=w2048-h1536-k-no,Spa,,9.7857443,126.1587165,https://www.google.com/maps/place/Nemil+Massage+-+Siargao/data=!4m7!3m6!1s0x3304090035436b37:0x922a9a5c055bc0c1!8m2!3d9.7857443!4d126.1587165!16s%2Fg%2F11h0t5r2h3!19sChIJN2tDNQAJBDMRwcBbBVyaKpI?authuser=0&hl=en&rclk=1,"massage spa in General Luna, Siargao & Surigao, Philippines",General Luna
Reefresh Spa - Siargao,4.6,(63),09568411485,https://wa.me/09568411485,https://www.instagram.com/reefreshspa.siargao,https://www.facebook.com/p,Massage spa,"Tourism Rd, General Luna, 8419 Surigao del Norte",,https://lh3.googleusercontent.com/gps-cs-s/APNQkAGWO_38Im1rtt7gaECsKm_uZSqYQQjAyQHV5lPnKzkU_J4Ci6hBydyWX--hj_HuFbRSySNwn6Kj6q5DxyYrNkO-xNa5NIZSLpLeOxNkRAkPZkewEiZUSTEf2j0FAZpwk8gQi1569khXhOg=w2048-h1536-k-no,Spa,,9.7881184,126.1622767,https://www.google.com/maps/place/Reefresh+Spa+-+Siargao/data=!4m7!3m6!1s0x3303f794a4effe21:0x59389470742acc20!8m2!3d9.7881184!4d126.1622767!16s%2Fg%2F11mdmkt_bx!19sChIJIf7vpJT3AzMRIMwqdHCUOFk?authuser=0&hl=en&rclk=1,"massage spa in General Luna, Siargao & Surigao, Philippines",General Luna
LORS Waxing & Massage Services,5.0,(27),09549874505,https://wa.me/09549874505,,https://www.facebook.com/Lors-waxing-and-massage-services-103535704807100,Spa,"R546+W2Q, General Luna, Surigao del Norte",,https://lh3.googleusercontent.com/gps-cs-s/APNQkAGHllRZ9-iwjit-CJfA1GI3XUFyFYHseiJPATDd1rQ3fHYB9Ty_HfRO7HqQGcLJYPwsmR3JH3u6GBL91heyPjPmdl3c6TRjGNy-bzHF3_sTHblAFKPxzKNG1P2jY9qmEFiSbE4AfdRfY906=w2048-h1536-k-no,,,9.8073344,126.160124,https://www.google.com/maps/place/LORS+Waxing+%26+Massage+Services/data=!4m7!3m6!1s0x330409003c1d13f9:0xbc3451134532bacb!8m2!3d9.8073344!4d126.160124!16s%2Fg%2F11n4f9hh3h!19sChIJ-RMdPAAJBDMRy7oyRRNRNLw?authuser=0&hl=en&rclk=1,"massage spa in General Luna, Siargao & Surigao, Philippines",General Luna
MALINAWON SPA,3.9,(25),09178267518,https://wa.me/09178267518,,https://www.facebook.com/malinawonspasiargao,Spa,"Tourism Rd, poblacion 3, General Luna, Surigao del Norte",,https://lh3.googleusercontent.com/gps-cs-s/APNQkAGxcKtFRg0oU1YM6GSULlmhPWoAtxHj9RMeR5Xw6lFzjZNGDcGbnqSlG8WCtKw9NOIlwWlnri85JNdFbaRPkBHsEdZdGpxaSXUmnyOset73w_oC2oNdTURJnFjFRDCiBi6wKOBr16mNVM75=w2048-h1536-k-no,Spa,,9.785049,126.1600843,https://www.google.com/maps/place/MALINAWON+SPA/data=!4m7!3m6!1s0x3303f7e29d2cb3f7:0x89e27f4ba27eb7d3!8m2!3d9.785049!4d126.1600843!16s%2Fg%2F11h53047wr!19sChIJ97MsneL3AzMR07d-okt_4ok?authuser=0&hl=en&rclk=1,"massage spa in General Luna, Siargao & Surigao, Philippines",General Luna
Sirenity Body Massage Spa,4.6,(8),09977582280,https://wa.me/09977582280,,https://www.facebook.com/people,Spa,"Tourism Rd, General Luna, 8419 Surigao del Norte",,https://lh3.googleusercontent.com/gps-cs-s/APNQkAHAyDMhF2y2Vhl1S1_mX-ZW9shNecTuH-p3KUVtPONMu7tbGCwJ0Hs30x68wmAeVRNtdRCWj156y9F6SCskyK_PKCgPF7UAsawvTEtS7hC7cSawS5a7rx76ZPEuaLDaLJYMtSCdNctUcmUC=w2048-h1536-k-no,Spa,,9.7885664,126.1621891,https://www.google.com/maps/place/Sirenity+Body+Massage+Spa/data=!4m7!3m6!1s0x3303f7935a5e25d7:0x12f2641a47fbc7ac!8m2!3d9.7885664!4d126.1621891!16s%2Fg%2F11mz1hs144!19sChIJ1yVeWpP3AzMRrMf7Rxpk8hI?authuser=0&hl=en&rclk=1,"massage spa in General Luna, Siargao & Surigao, Philippines",General Luna
Isla Masahista Siargao (Home/hotel service massage only),4.7,(6),09355139862,https://wa.me/09355139862,https://www.instagram.com/islanaturasiargao,https://www.facebook.com/people,Spa and health club,"None, Purok 2 general luna, Surigao city, 8420 Surigao del Norte",,https://lh3.googleusercontent.com/gps-cs-s/APNQkAE6E5PzBq8fkgrOtdHdcMczZ1iyz9r4KFRXB9RJsFv8LEiroZ0-oL2Dac9BnRWJuFswGXG9FeqFno9dmSQs2rqjyBZ5Z_1NvJQYj8To8a4CpvPa0bZ4WaG8btDE5wLrwsBZsoqivzy8-dE=w2048-h1536-k-no,,,9.7828216,126.1543364,https://www.google.com/maps/place/Isla+Masahista+Siargao+%28Home%2Fhotel+service+massage+only%29/data=!4m7!3m6!1s0x3303f772794b4e01:0xd4bc95ad25d96b59!8m2!3d9.7828216!4d126.1543364!16s%2Fg%2F11mymmxrq7!19sChIJAU5LeXL3AzMRWWvZJa2VvNQ?authuser=0&hl=en&rclk=1,"massage spa in General Luna, Siargao & Surigao, Philippines",General Luna
I Love Massage Services,5.0,(55),09105747349,https://wa.me/09105747349,,https://www.facebook.com/profile.php,Massage spa,"Q5M3+29H, Tourism Rd, General Luna, Surigao del Norte",,https://lh3.googleusercontent.com/gps-cs-s/APNQkAF77yB6gbCtwT5Bkq_JiREgRbYz29lCF3rYTXRNJvF9KP-zxu3MTPVz9d1IXJrfOV81WSLoRhoKCdUuDXF82UWDKikeq9IVr5YYxtIFiAG6Cuh_F7WD01L-SMcYLLYkVIHPgKfWO3dtR-0=w2048-h1536-k-no,,,9.7827374,126.1532345,https://www.google.com/maps/place/I+Love+Massage+Services/data=!4m7!3m6!1s0x3303f7007b9f0529:0x3cb8e13299c98cb1!8m2!3d9.7827374!4d126.1532345!16s%2Fg%2F11xmf5xlf4!19sChIJKQWfewD3AzMRsYzJmTLhuDw?authuser=0&hl=en&rclk=1,"massage spa in General Luna, Siargao & Surigao, Philippines",General Luna
BODY VIBE SPA,5.0,(2),09560631412,https://wa.me/09560631412,,https://www.facebook.com/share,Spa and health club,"PUROK 5 8419, General Luna, 8419 Surigao del Norte",https://www.facebook.com/share/19yxjbqWZw/?mibextid=wwXIfr,https://lh3.googleusercontent.com/gps-cs-s/APNQkAE0tIj7pNNtMCZTrxwq8uZ4FJrpzrubgdVvwlJDHF3EUVqT2vMwtFQKq1tbqRj_6sw1ACmIgoQVZU7iQp8i0fpMgPODFf-M_ewpxbhyJwoBKFMj1QoQmnxMHUjCsPUfKl0_5YXVOmpTdB-V=w2048-h1536-k-no,Spa,,9.7854099,126.1560184,https://www.google.com/maps/place/BODY+VIBE+SPA/data=!4m7!3m6!1s0x3303f700149fa927:0xd3314cfed0ae00de!8m2!3d9.7854099!4d126.1560184!16s%2Fg%2F11m6mwgc46!19sChIJJ6mfFAD3AzMR3gCu0P5MMdM?authuser=0&hl=en&rclk=1,"massage spa in General Luna, Siargao & Surigao, Philippines",General Luna
Tropics Beauty Lounge & Spa,4.3,(228),09859689919,https://wa.me/09859689919,https://www.instagram.com/tropicsbeautyloungeandspa,https://www.facebook.com/people,Spa,"Tourism Rd, Siargao, 8419 Surigao del Norte",,https://lh3.googleusercontent.com/gps-cs-s/APNQkAFCPtUYrKfdp8FWZeSUPQGeVx40OSDwASrl-d2DwNZILgYbGGt9Vo-CSFPRUXR2B3QJkKYUFijoCXYdAqbCHecUWaHDCGf8pFw4ntRO6rZLsQ4jvBD1za0lwQ2Hvx8v3fO6SeAp5ExdJd8=w2048-h1536-k-no,Spa,,9.7842032,126.157874,https://www.google.com/maps/place/Tropics+Beauty+Lounge+%26+Spa/data=!4m7!3m6!1s0x3303f70956e38f9f:0x2450df0746e6796d!8m2!3d9.7842032!4d126.157874!16s%2Fg%2F11sv0mvw_g!19sChIJn4_jVgn3AzMRbXnmRgffUCQ?authuser=0&hl=en&rclk=1,"massage spa in General Luna, Siargao & Surigao, Philippines",General Luna
Kuya Yulac & Ate Ning,4.9,(8),09554936691,https://wa.me/09554936691,,,Massage therapist,"Q5R3+26V, Poblacion V (Purok V, General Luna, Surigao del Norte",,https://lh3.googleusercontent.com/gps-cs-s/APNQkAF6hDS-He4c4OFtUBt3lVX0C3p5-1qEE9q1UDyrUmYa9MzxXOvWHPL8fbIkNsGdNPHV10KmpMdz3UZ-_21Xt0BYNn_sj2X0ESIngqdeZj1cPzzdEUxoq-_rFlkvqIyiOX71w_5D2yvH_MdE=w2048-h1536-k-no,,,9.7901184,126.1530528,https://www.google.com/maps/place/Kuya+Yulac+%26+Ate+Ning/data=!4m7!3m6!1s0x3303f7004328e199:0x86c535efd8328674!8m2!3d9.7901184!4d126.1530528!16s%2Fg%2F11yphcx9mb!19sChIJmeEoQwD3AzMRdIYy2O81xYY?authuser=0&hl=en&rclk=1,"massage spa in General Luna, Siargao & Surigao, Philippines",General Luna
LABJANAN REJUVENATION SALON AND SPA,5.0,(14),,,,https://www.facebook.com/people,Beauty salon,"Siargao Island, Purok 6, Baranggay, General Luna, 8419 Surigao del Norte",,https://lh3.googleusercontent.com/gps-cs-s/APNQkAHOCP_BUKCqie6CUOJI4W8pfLA6TkuRXIjfTr9PhKJ7OonXhFSxFpQHUXx9oQ2l4Lu-kVSvhljuvg9GPNE5ZB4qlkiOygyaYIJ_kF8maOhE0cvOSpdj8PBYWoXsO-2WpAjgH8a7l5EX5lAD=w2048-h1536-k-no,Spa,,9.7915812,126.146097,https://www.google.com/maps/place/LABJANAN+REJUVENATION+SALON+AND+SPA/data=!4m7!3m6!1s0x33040900188869ed:0xa56f3bce5a23f031!8m2!3d9.7915812!4d126.146097!16s%2Fg%2F11mrrk_gcv!19sChIJ7WmIGAAJBDMRMfAjWs47b6U?authuser=0&hl=en&rclk=1,"massage spa in General Luna, Siargao & Surigao, Philippines",General Luna
Pinay Massage & Spa,4.8,(66),09776616076,https://wa.me/09776616076,https://www.instagram.com/sirenaspasiargao,https://www.facebook.com/p,Massage spa,"Siargao Island, Blue House, Purok 5 kermit street, General Luna",,https://lh3.googleusercontent.com/gps-cs-s/APNQkAF5vOhzoD5JXQYvDnoTZjtVuG7cbYi-qf2152cH_G9TJqgqeC92nAG9nhHGfp_fDMeSliaPZq6aKTecdR6jPb9vhnUnzzBjYIg5pUq5f5gkVd1I4KVkfykVJgZTJh0Xmwlsyn4i0w=w2048-h1536-k-no,Spa,,9.7879993,126.1622608,https://www.google.com/maps/place/Pinay+Massage+%26+Spa/data=!4m7!3m6!1s0x3303f70061749375:0xff65f4d02b5aad26!8m2!3d9.7879993!4d126.1622608!16s%2Fg%2F11y5k48rmr!19sChIJdZN0YQD3AzMRJq1aK9D0Zf8?authuser=0&hl=en&rclk=1,"massage spa in General Luna, Siargao & Surigao, Philippines",General Luna
Valhalla Sauna Spa,5.0,(94),09605623674,https://wa.me/09605623674,https://www.instagram.com/valhallasaunaspa,https://www.facebook.com/61578601717024,Health spa,"General Luna, Surigao del Norte",,https://lh3.googleusercontent.com/gps-cs-s/APNQkAEVkt-KXhztcqLjR4yKQP-hKBCAZF9NhuWrH3rr60TW-YyQJKE8POGvfYymbCQQYrVuHDTF5vzBqwvkRAzM6C3NKa2tHmBZSwHpuNEuYCzQzlhKJO-sk1XQYqzlLTB-MlM5gjEXGl72wt24=w2048-h1536-k-no,"Spa, Bar",,9.7904287,126.1508244,https://www.google.com/maps/place/Valhalla+Sauna+Spa/data=!4m7!3m6!1s0x3303f70057a53053:0xeccfb4a452160bf4!8m2!3d9.7904287!4d126.1508244!16s%2Fg%2F11ygw1vzml!19sChIJUzClVwD3AzMR9AsWUqS0z-w?authuser=0&hl=en&rclk=1,"massage spa in General Luna, Siargao & Surigao, Philippines",General Luna
Sarong Spa and Coffee Shop,3.6,(15),,,https://www.instagram.com/warongsarong,https://www.facebook.com/people,Spa,"Q5W6+96M, Warung, General Luna, Surigao del Norte",,https://lh3.googleusercontent.com/gps-cs-s/APNQkAFQpVeIsWmKpqLdl0RPsSBmygfBl0RIKgf6o29iw2yvs8X9OCO7bFAYvnZ4Oyo_k942oMf4ucekD7CyYdzyrRvLHdpX2S7E8tLD8moQsvpJyqoxug74GNUDPjJXdKXWInpviPA=w2048-h1536-k-no,Spa,,9.795968,126.1605402,https://www.google.com/maps/place/Sarong+Spa+and+Coffee+Shop/data=!4m7!3m6!1s0x3303f70041453cdf:0xd763fbbfcdde4cc0!8m2!3d9.795968!4d126.1605402!16s%2Fg%2F11vk15fxz0!19sChIJ3zxFQQD3AzMRwEzezb_7Y9c?authuser=0&hl=en&rclk=1,"massage spa in General Luna, Siargao & Surigao, Philippines",General Luna
SIARGAO MOBILE MASSAGE SERVICES,5.0,(21),09369066111,https://wa.me/09369066111,,https://www.facebook.com/groups,Massage therapist,"Tourism Rd, Catangnan, General Luna, 8419 Surigao del Norte",https://siargaomobilemassageservices.com/,https://lh3.googleusercontent.com/gps-cs-s/APNQkAF6x2_tpPegVY9bVB3hC8I00-8GGCvOHgJjkR8OZGuc0AyunG3bBGRklSczITKSVjKoOia92SOn8gOfD2owS6I1m7agNfwvuNHUd8t8hDNqFR8Et9qNgIZas4lAwHdjtdXtvhVfsJaVVrUa=w2048-h1536-k-no,Spa,,9.8080135,126.1602522,https://www.google.com/maps/place/SIARGAO+MOBILE+MASSAGE+SERVICES/data=!4m7!3m6!1s0xaf4d593fad130711:0x4a31f7a7c9b2fdce!8m2!3d9.8080135!4d126.1602522!16s%2Fg%2F11x5lb3zj5!19sChIJEQcTrT9ZTa8Rzv2yyaf3MUo?authuser=0&hl=en&rclk=1,"massage spa in General Luna, Siargao & Surigao, Philippines",General Luna
Isla Massaje Home Massage Therapy,3.8,(8),09692052829,https://wa.me/09692052829,,https://www.facebook.com/102073129134530,Massage spa,"Purok 5, beside Hangloose, General Luna, 8419 Surigao del Norte",,https://lh3.googleusercontent.com/gps-cs-s/APNQkAFeuI67O8hjeitYAMZf697N_NjsQsgqluwfXlVGUeOxhGlZdsqUQZuPkafLrk4oH7pz37vhiIz9e7nPjA4TG-ZB955ktrY8NrWEEZtO1j2c_oUFUDNI3Sln7fF1ZB4qEpSc-r1xj3OlPiQ=w2048-h1536-k-no,,,9.7884222,126.1577741,https://www.google.com/maps/place/Isla+Massaje+Home+Massage+Therapy/data=!4m7!3m6!1s0x3303f7075401570f:0x3e30ed036707e3d1!8m2!3d9.7884222!4d126.1577741!16s%2Fg%2F11xflv49t1!19sChIJD1cBVAf3AzMR0eMHZwPtMD4?authuser=0&hl=en&rclk=1,"massage spa in General Luna, Siargao & Surigao, Philippines",General Luna
THE HEALING MASSAGE SIARGAO-HOME SERVICE,5.0,(3),09105834476,https://wa.me/09105834476,https://www.instagram.com/mantrahsm.siargao,https://www.facebook.com/61566369599469,Massage spa,,,https://lh3.googleusercontent.com/gps-cs-s/APNQkAGxkFY7XPeH7PKcLbyritH_wMLTpOgIo-w9dmtUxGNiQ8ww9aSv8rGMkrKEFt4WCbIf5xHFQPHBlMZetNa7r0zuMyXcwv0MooyF0BIKzFDhxwRjliMj6ZqPZzUtze1IZ8J07jeaq0IAgng=w2048-h1536-k-no,,,9.7236485,126.1374314,https://www.google.com/maps/place/THE+HEALING+MASSAGE+SIARGAO-HOME+SERVICE/data=!4m7!3m6!1s0x4b85c32d0bc98c89:0xa01673ab6929dbad!8m2!3d9.7236485!4d126.1374314!16s%2Fg%2F11z3gx86d5!19sChIJiYzJCy3DhUsRrdspaatzFqA?authuser=0&hl=en&rclk=1,"massage spa in General Luna, Siargao & Surigao, Philippines",General Luna
Marina Siargao Nails & Lashes spa,4.9,(82),09397477613,https://wa.me/09397477613,https://www.instagram.com/marinasiargao,https://www.facebook.com/HomeSalonSiagao,Beauty salon,"libertad, General Luna, 8419 Surigao del Norte",https://www.instagram.com/marinasiargao,https://lh3.googleusercontent.com/gps-cs-s/APNQkAFHKY_IrhNLqanms32_JZxn730c9wTfxfOKiOhTPjjcm0Mffu-fzSFghpVMRfYpP_TYoaufcsYT5FPYXCInF4QLBc1nVRXcItttx1VRkb8thMqvBHKYkrPktntRsUrT8rMRZtVo8qfVc2DN=w2048-h1536-k-no,Spa,,9.8280277,126.1418126,https://www.google.com/maps/place/Marina+Siargao+Nails+%26+Lashes+spa/data=!4m7!3m6!1s0x330409edfb6029d3:0xda51470bc235dd84!8m2!3d9.8280277!4d126.1418126!16s%2Fg%2F11s2ygcs8s!19sChIJ0ylg--0JBDMRhN01wgtHUdo?authuser=0&hl=en&rclk=1,"massage spa in General Luna, Siargao & Surigao, Philippines",General Luna
The Sanctuary Siargao,5.0,(3),,,https://www.instagram.com/akawsiargao,https://www.facebook.com/people,Wellness center,"Q5R5+JRP, General Luna, Surigao del Norte",,https://lh3.googleusercontent.com/grass-cs/ANxoTn2ytjrob0-dUQn4o_vztBckGT1c32xbhkZkPsR9XiSIK5DFGbzgkG1nXYIgHjuHQ1YCJd1HDDe4Eiszcn2AKstXCyjRaHZ-2ifs3PRWRCXdAhgO-sWpAoo7CIhdk17uBBipsiIDcyhc0ADI=w2048-h1536-k-no,,,9.792427,126.159378,https://www.google.com/maps/place/The+Sanctuary+Siargao/data=!4m7!3m6!1s0x3303f7007e7e4ec1:0x746c35e65127a7a3!8m2!3d9.792427!4d126.159378!16s%2Fg%2F11nb38b9jc!19sChIJwU5-fgD3AzMRo6cnUeY1bHQ?authuser=0&hl=en&rclk=1,"massage spa in General Luna, Siargao & Surigao, Philippines",General Luna
Ayo Spa,4.6,(5),09197124619,https://wa.me/09197124619,https://www.instagram.com/ayospa,https://www.facebook.com/profile.php,Beauty salon,"Q5Q6+8XG, Tourism Rd, General Luna, Surigao del Norte",,https://lh3.googleusercontent.com/gps-cs-s/APNQkAFB6CgqEIXXeZyxPRpFQQ_XKIXsDLaoS-i39x-iBfw-lQG1FOeTgAfAlH6CkuZ2j6e48oQXumgGgUAlB4MkYAi3tjFGlNevCMhkJqh203PoqQHYP-dXkVbYEJIBRg2sdrN71-dVKw=w2048-h1536-k-no,Spa,,9.7883005,126.1624389,https://www.google.com/maps/place/Ayo+Spa/data=!4m7!3m6!1s0x3303f760c6b07929:0x358f115694a9813a!8m2!3d9.7883005!4d126.1624389!16s%2Fg%2F11h55n9xhm!19sChIJKXmwxmD3AzMROoGplFYRjzU?authuser=0&hl=en&rclk=1,"massage spa in General Luna, Siargao & Surigao, Philippines",General Luna
ESKAPO FITNESS SIARGAO,4.6,(147),,,http://www.instagram.com/eskaposiargao,https://www.facebook.com/eskapofitness,Gym,"General Luna, 8419 Surigao del Norte",http://www.instagram.com/eskaposiargao,https://lh3.googleusercontent.com/gps-cs-s/APNQkAEwURyINZU43JbEES94xXeH48j9ZEJJZcxdd6D-NSg69DInx8UEWY2QsfLeEAiId33SUHvJc6K6eR7_7kmlwH4wztDqZWJ2Q1qNkG3fuQOUfNhnKcUTr2p5zR8ADzzJpCABNQ4v=w2048-h1536-k-no,"Gym, Wheelchair accessible, Wheelchair accessible entrance, Accessible",,9.7889375,126.1599375,https://www.google.com/maps/place/ESKAPO+FITNESS+SIARGAO/data=!4m7!3m6!1s0x3303f7c674e91797:0x337eb0233cc89ee7!8m2!3d9.7889375!4d126.1599375!16s%2Fg%2F11k474n67f!19sChIJlxfpdMb3AzMR557IPCOwfjM?authuser=0&hl=en&rclk=1,"gym in General Luna, Siargao & Surigao, Philippines",General Luna
SwimFIT Siargao,5.0,(112),09616040150,https://wa.me/09616040150,https://www.instagram.com/swimfit_siargao/,http://www.facebook.com/2008/fbml,Swimming instructor,"Purok 5 main backroad, right across fire station, General Luna, 8419 Surigao del Norte",http://www.swimfit-siargao.com/,https://lh3.googleusercontent.com/gps-cs-s/APNQkAGCaQp5ItuD2xruTQvU4SylF-a697lTUvMFAoN1JCVnpmGqKf2aP9GTz1oaa5Lv4CjTUEHxaA6uRqWIoOfHmaHRN2hqqkpBckKXUjr8RBGjgp4XCl4Nvw3DylaiCt1wOjKtL_o7=w2048-h1536-k-no,"Gym, Wheelchair accessible, Wheelchair accessible entrance, Accessible",,9.7945713,126.158776,https://www.google.com/maps/place/SwimFIT+Siargao/data=!4m7!3m6!1s0x3303f7e692ec4a23:0x75e7c0f82c3092ba!8m2!3d9.7945713!4d126.158776!16s%2Fg%2F11y7ht27wc!19sChIJI0rskub3AzMRupIwLPjA53U?authuser=0&hl=en&rclk=1,"gym in General Luna, Siargao & Surigao, Philippines",General Luna
SOS FIGHT GYM,4.9,(114),,,https://www.instagram.com/sos.island,https://www.facebook.com/sos.islandgym,Muay Thai boxing gym,"General Luna, Surigao del Norte",https://www.facebook.com/sos.islandgym,https://lh3.googleusercontent.com/gps-cs-s/APNQkAFthf18m8ggX_4ukcJkNy3Yk0UEzOB3TSNDFSKWTYi5Faz_da-WJfQoWy72KjqzG1rMzDmBdT8jKso-ogwzwoBDO609XYQDa3gAegDhgsraDPtcGdSzi5hPRIt8cRNY-Dlz2QBr=w2048-h1536-k-no,Gym,,9.776782,126.1416931,https://www.google.com/maps/place/SOS+FIGHT+GYM/data=!4m7!3m6!1s0x3303f72d4bfb8c35:0xb669b9cd2f22929c!8m2!3d9.776782!4d126.1416931!16s%2Fg%2F11hdjv5jf4!19sChIJNYz7Sy33AzMRnJIiL825abY?authuser=0&hl=en&rclk=1,"gym in General Luna, Siargao & Surigao, Philippines",General Luna
Siargao Climbing,5.0,(44),,,https://www.instagram.com/siargaoclimbing,https://www.facebook.com/profile.php,Rock climbing gym,"Padel and Palms, Siargao, General Luna, 8419 Surigao del Norte",https://www.instagram.com/siargaoclimbing/,https://lh3.googleusercontent.com/gps-cs-s/APNQkAH17GymnWs1Qj28hmLaN2r86bN8Dm5RFeIudb1RQcud9JvOTxHGvmLEl1h901QNK42L3D3LHk8u_u9jp7B8kYyPsv0V6NzRwQhVrkOgrWi2GwrMSdnhbSat0IE2pfwRttW49awKfCWK0ys0=w2048-h1536-k-no,Pool,,9.8022457,126.1586113,https://www.google.com/maps/place/Siargao+Climbing/data=!4m7!3m6!1s0x3304091dedde8b8f:0xe68ec3430070d792!8m2!3d9.8022457!4d126.1586113!16s%2Fg%2F11xsrb2krv!19sChIJj4ve7R0JBDMRktdwAEPDjuY?authuser=0&hl=en&rclk=1,"gym in General Luna, Siargao & Surigao, Philippines",General Luna
Emerald Yoga Breathwork Siargao,5.0,(71),09813576707,https://wa.me/09813576707,https://www.instagram.com/emeraldhousevillage_siargao/?hl=es,https://www.facebook.com/EmeraldHouseVillage/?locale=es_ES,Wellness center,"Tourism Rd, Catangnan, General Luna, 8419 Surigao del Norte",https://www.emeraldhousevillage.com/yoga,https://lh3.googleusercontent.com/gps-cs-s/APNQkAGVO005ACskBsefeY5sRRt7cwfuzrVgRvPoNlOAocwCeehDX3HYpjNB42l7Yt-83bMBncVHu4R7MIyA5XBNIkBUOhku-stZ8auL-GCRp9rgpNvcH5iKQIL7lFMgGnt2LbhWAorRuA=w2048-h1536-k-no,Gym,,9.8105783,126.1648256,https://www.google.com/maps/place/Emerald+Yoga+Breathwork+Siargao/data=!4m7!3m6!1s0x3303f7027e1cc755:0x1712740b4d187cd4!8m2!3d9.8105783!4d126.1648256!16s%2Fg%2F11y431t_7j!19sChIJVcccfgL3AzMR1HwYTQt0Ehc?authuser=0&hl=en&rclk=1,"gym in General Luna, Siargao & Surigao, Philippines",General Luna
Tropeak Climbing Sauna & Ice Bath,5.0,(130),09369385766,https://wa.me/09369385766,https://www.instagram.com/tropeak.siargao,https://www.facebook.com/p,Rock climbing,"catangnan, general luna, surigao del norte, 8419 Catangnan, General Luna, 8419 Surigao del Norte",,https://lh3.googleusercontent.com/gps-cs-s/APNQkAFY3SH0D2NlyWeKMnrEjb8OxSLdb0PzuwSfTpedQ34wEGD-ey_wxtbmWhGsLbYj_RIgGr3NrlAeqpZRjLZAAPCD-FePEbIoHgLoHVPqYWnlMksMErgrjDELDXUJkIh863f32aIcu7AEBWnr=w2048-h1536-k-no,Gym,,9.8085545,126.1580909,https://www.google.com/maps/place/Tropeak+Climbing+Sauna+%26+Ice+Bath/data=!4m7!3m6!1s0x330409b7ab65cef3:0xd1f807a11d9f6981!8m2!3d9.8085545!4d126.1580909!16s%2Fg%2F11zkmvh7wh!19sChIJ885lq7cJBDMRgWmfHaEH-NE?authuser=0&hl=en&rclk=1,"gym in General Luna, Siargao & Surigao, Philippines",General Luna
Kermit Yoga Shala Siargao,4.9,(13),09391528219,https://wa.me/09391528219,http://instagram.com/marijarathe,https://www.facebook.com/kermitsiargao/,Yoga studio,"Kermit surf resort, Purok 5, General Luna",https://www.kermitsiargao.com/yoga,https://lh3.googleusercontent.com/gps-cs-s/APNQkAF7yuYlIFIL3Li3NbGnROjGN2rsiIKLhX-KTjCgcARLmdEtIUfce1kGdznEFmGBAGAL72dFacTHKDQpBhPlw-zWZSvbVqEMIKe-nUDi6BKrrTerLbK0FgKXWpQiBZD_TIbojq3ON84BA5Ni=w2048-h1536-k-no,Restaurant,,9.7877393,126.160236,https://www.google.com/maps/place/Kermit+Yoga+Shala+Siargao/data=!4m7!3m6!1s0x3303f7005e7cb315:0xed7dc909c0da5b8!8m2!3d9.7877393!4d126.160236!16s%2Fg%2F11ycd5ww0j!19sChIJFbN8XgD3AzMRuKUNnJDc1w4?authuser=0&hl=en&rclk=1,"gym in General Luna, Siargao & Surigao, Philippines",General Luna
Feral Pilates & Physical Therapy,5.0,(46),09560017753,https://wa.me/09560017753,https://www.instagram.com/vultun_/,https://www.facebook.com/p/Vultun-100088249222083/,Pilates studio,"SOS Gym, Floor 1 Unit 3, General Luna, 8419 Surigao del Norte",https://vultun.com/feralpilates/,https://lh3.googleusercontent.com/gps-cs-s/APNQkAF8OAicnjcLdMxXdG77X6-KKn8IEJexHHJT3xIBM4y2Yn3URTO17RWjIEsKt4XKugxx2ZpWGCIFfQlGZvxiby3y3_qAO1pliqCfTVr3Vp6FXsl3JfBrqot_ZfbpV4FCwa8JjsCbZVYk44s5=w2048-h1536-k-no,Gym,,9.7768351,126.1416404,https://www.google.com/maps/place/Feral+Pilates+%26+Physical+Therapy/data=!4m7!3m6!1s0x3303f73a9fa86a45:0x8e865db944b9dfc4!8m2!3d9.7768351!4d126.1416404!16s%2Fg%2F11x2xwcxrp!19sChIJRWqonzr3AzMRxN-5RLldho4?authuser=0&hl=en&rclk=1,"gym in General Luna, Siargao & Surigao, Philippines",General Luna
Buddha Wellness,5.0,(105),09212220669,https://wa.me/09212220669,https://www.instagram.com/buddhawellnesssiargao/,,Wellness center,"Buddha Resort, General Luna, 8419 Surigao del Norte",https://buddha.ph/,https://lh3.googleusercontent.com/gps-cs-s/APNQkAFCIjazv6yrP5WRm61W5Ik6JUP9StJIDQ8iFcFtVKP_JgFjYlL555TM7KCEp-oeETuSsPHlC6r9Lc6fK-wnRgvjjsCNDOvAaTfQEiEkzbKtuQOgQXIp-EnkJI2yH6UblwqzAZcl=w2048-h1536-k-no,,,9.7965975,126.1597235,https://www.google.com/maps/place/Buddha+Wellness/data=!4m7!3m6!1s0x3303f745508fd161:0xcfa7cd84ef635492!8m2!3d9.7965975!4d126.1597235!16s%2Fg%2F11y7bs_5xt!19sChIJYdGPUEX3AzMRklRj74TNp88?authuser=0&hl=en&rclk=1,"massage spa in General Luna, Siargao & Surigao, Philippines",General Luna
Bodhi Yoga Center Siargao - Lakshmi,4.9,(64),09479919018,https://wa.me/09479919018,https://www.instagram.com/bodhiyogacenter/,https://www.facebook.com/BodhiYogaCenter/,"Yoga studio  Closed  Opens 8:30 AM  ""I tried","General Luna, Surigao del Norte",http://www.bodhiyogacenter.com/siargao-yoga,https://lh3.googleusercontent.com/gps-cs-s/APNQkAEjvZXTGskg1FU16mVRNA9HPsDQpGBhR5RjKJKvIh1HQAcTDtP6nUsBwXRsKG8l8FjRrC_WdUnt8y26rdmea2BZV0pJVfs5kaG7xXYZNW78Pk3C5kxN321qLXX9xHd9ryZUhcY=w2048-h1536-k-no,"Wheelchair accessible, Wheelchair accessible entrance, Accessible",,9.7949127,126.1550674,https://www.google.com/maps/place/Bodhi+Yoga+Center+Siargao+-+Lakshmi/data=!4m11!3m10!1s0x3303f75edf07e21d:0x806909b81e4dbee2!5m3!1s2026-10-31!4m1!1i2!8m2!3d9.7949127!4d126.1550674!16s%2Fg%2F11v06jf6ks!19sChIJHeIH3173AzMR4r5NHrgJaYA?authuser=0&hl=en&rclk=1,"gym in General Luna, Siargao & Surigao, Philippines",General Luna
Consuelo Gymnasium,4.3,(4),,,,https://www.facebook.com/Brgy-Consuelo-Gym-General-Luna-Siargao-Islands-Surigao-del-Norte-491237494358440,Gym,"Q4W5+9HM, General Luna, Surigao del Norte",,https://lh3.googleusercontent.com/gps-cs-s/APNQkAGbr0adtMUw5658Tx71Uxr46U8l4lGay1OVc84ZukOuTQ4L5pKnKEBPzV558IwUh2SkK0-xDKubALkhoEWIFJPO3Yx4I-fBbxgQRmqlc8ChUIvjrmJM3jlMLuvtOJXueAC1TeU=w2048-h1536-k-no,Gym,,9.7959515,126.1089148,https://www.google.com/maps/place/Consuelo+Gymnasium/data=!4m7!3m6!1s0x3303f7e7079aaaab:0xd93cea47017e7f8a!8m2!3d9.7959515!4d126.1089148!16s%2Fg%2F11sskrk9x5!19sChIJq6qaB-f3AzMRin9-AUfqPNk?authuser=0&hl=en&rclk=1,"gym in General Luna, Siargao & Surigao, Philippines",General Luna
"Anantha Yoga, Pilates & Sound Healing Classes Siargao",5.0,(20),09958167006,https://wa.me/09958167006,https://www.instagram.com/whatsapp/?hl=en,https://www.facebook.com/profile.php?id=100064758844406,Wellness center,"Libertad, General Luna, 8419 Surigao del Norte",http://wa.me/639524728856,https://lh3.googleusercontent.com/gps-cs-s/APNQkAFnl2Vld4ls1kYrPzGLikmYag8sHNZcYeQUjojPw0KpbaqC2vQeXa7rM8cj4modI1_TafVau7xgSP6nX6jE-0SA6ac6KrOAhAzGeiOZduA7IlKr6p3QI6zas8A8cSObgrjqChz4asfL8AM=w2048-h1536-k-no,Gym,,9.8332163,126.1401698,"https://www.google.com/maps/place/Anantha+Yoga,+Pilates+%26+Sound+Healing+Classes+Siargao/data=!4m7!3m6!1s0x330409e4f74fb4e5:0x4bf50d041f9d2b60!8m2!3d9.8332163!4d126.1401698!16s%2Fg%2F11yq8_q9p4!19sChIJ5bRP9-QJBDMRYCudHwQN9Us?authuser=0&hl=en&rclk=1","gym in General Luna, Siargao & Surigao, Philippines",General Luna
Rich Spirit Yoga Siargao,5.0,(22),,,http://instagram.com/squarespace,http://facebook.com/squarespace,Yoga studio,"Siargao Island, Santa Fe, General Luna, 8419 Surigao del Norte",https://www.richspirityoga.com/,https://lh3.googleusercontent.com/gps-cs-s/APNQkAE1Fz6KulIh-tRkg0e9u0Nh083zrAPaPU1rSE01mDnTbTFDTJV4-qRGjIMTD-zh-2i8AcSjr0lv4PteF6NdmcT_zpmGzKtT0NBdv6Vb882M_ahq9ISwXstnmpkkgNCRj9q-Px6go7aEms0=w2048-h1536-k-no,,,9.8415722,126.133111,https://www.google.com/maps/place/Rich+Spirit+Yoga+Siargao/data=!4m7!3m6!1s0x33040943e03ee9f5:0x43efb6d228836cbb!8m2!3d9.8415722!4d126.133111!16s%2Fg%2F11y0ydz8x8!19sChIJ9ek-4EMJBDMRu2yDKNK270M?authuser=0&hl=en&rclk=1,"gym in General Luna, Siargao & Surigao, Philippines",General Luna
Camiguin Island,5.0,(1),,,,https://www.facebook.com/people,Gym,"Q449+VP, General Luna, Surigao del Norte",,https://streetviewpixels-pa.googleapis.com/v1/thumbnail?panoid=Q6Fehm9ArcDNfjSolGFcqw&cb_client=search.gws-prod.gps&w=80&h=92&yaw=102.22575&pitch=0&thumbfov=100,,,9.7571875,126.1193125,https://www.google.com/maps/place/Camiguin+Island/data=!4m7!3m6!1s0x3303f7001055a479:0xac2987effe780379!8m2!3d9.7571875!4d126.1193125!16s%2Fg%2F11z7gbsbzj!19sChIJeaRVEAD3AzMReQN4_u-HKaw?authuser=0&hl=en&rclk=1,"gym in General Luna, Siargao & Surigao, Philippines",General Luna
Little Shell Yoga Shala,5.0,(27),09668276448,https://wa.me/09668276448,http://instagram.com/kwncy/,http://www.facebook.com/2008/fbml,Yoga studio,"Malinao Sands, Siargao Island, 8419 Surigao del Norte",https://www.littleshellyoga.com/,https://lh3.googleusercontent.com/gps-cs-s/APNQkAHBFMguSpHLcpjRX_IwIaWbj9kH2X68XCVOxnNXCufaROh-T4PKP_xoBHS_5AJ82xS2IQzAuztxdnhiWDK03bXmDI82xChJTP_PVg0b_tdAIUc-1SiZhyO7KYG872lHFOpjgkwZ-417FRYp=w2048-h1536-k-no,"Wheelchair accessible, Wheelchair accessible entrance, Accessible",,9.7597875,126.1260387,https://www.google.com/maps/place/Little+Shell+Yoga+Shala/data=!4m7!3m6!1s0x3303f7959a54e813:0x60282bbeda9de34b!8m2!3d9.7597875!4d126.1260387!16s%2Fg%2F11zj8lfkkj!19sChIJE-hUmpX3AzMRS-Od2r4rKGA?authuser=0&hl=en&rclk=1,"gym in General Luna, Siargao & Surigao, Philippines",General Luna
Lotus Shores Yoga and Surf Retreat,4.7,(74),09985696928,https://wa.me/09985696928,http://instagram.com/lotus_shores_siargao/,https://www.facebook.com/lotusshores,Yoga retreat center,"General Luna, Surigao del Norte",http://lotusshoressiargao.com/,https://lh3.googleusercontent.com/gps-cs-s/APNQkAEmFanGuB97oxFJKnLZX_y1nSGo3I-InDhXx769o-80Qs3KJcQ4IbQ9i-5DV2DFbmNXkUAWWuo5UkB_1TnVJCTcDuoA0bX87NjP1H6TDfFyruFTrMsWC9g8oT4uc2k3a7b2D-HCZw=w2048-h1536-k-no,,,9.7935759,126.1591424,https://www.google.com/maps/place/Lotus+Shores+Yoga+and+Surf+Retreat/data=!4m7!3m6!1s0x3303f61c298c25cd:0x72707052e4550050!8m2!3d9.7935759!4d126.1591424!16s%2Fg%2F11c1nkng03!19sChIJzSWMKRz2AzMRUABV5FJwcHI?authuser=0&hl=en&rclk=1,"gym in General Luna, Siargao & Surigao, Philippines",General Luna
Centerpoint Internet Cafe,3.5,(22),948 984 2970,https://wa.me/9489842970,,,Internet cafe  Brgy 4 General luna Surigao del norteClosed  Opens 7 AM,0948 984 2970,,,,,9.7839336,126.1550857,https://www.google.com/maps/place/Centerpoint+Internet+Cafe/data=!4m7!3m6!1s0x3303f6161ae53d95:0x9fdb67698cced7c3!8m2!3d9.7839336!4d126.1550857!16s%2Fg%2F1vzn32g0!19sChIJlT3lGhb2AzMRw9fOjGln258?authuser=0&hl=en&rclk=1,"public wifi in General Luna, Siargao & Surigao, Philippines",General Luna
RGL Place,4.8,(41),,,,,,,,,,,9.7863328,126.1579795,https://www.google.com/maps/place/RGL+Place/data=!4m11!3m10!1s0x3303f7b94169e7d7:0x19b439f518f43949!5m3!1s2026-10-31!4m1!1i2!8m2!3d9.7863328!4d126.1579795!16s%2Fg%2F11f794z0mr!19sChIJ1-dpQbn3AzMRSTn0GPU5tBk?authuser=0&hl=en&rclk=1,"public wifi in General Luna, Siargao & Surigao, Philippines",General Luna
COMEG SEVEN MOBILE PHONES & ACCESSORIES,4.7,(184),963 264 1584,https://wa.me/9632641584,,,Mobile phone repair shop  beside Siargao Beach Club Q5M5+M5C Tourism Road Beside Siargao Beach Club Torism Road in front of EloboOpen,,,https://lh3.googleusercontent.com/gps-cs-s/APNQkAFgAQ6gnlOu1BceFfu7xtN7hOED3dxox3qxRdL3GOYxUaboj9IIqrOBHpY5DGRcNQ4RkeBo9LTqqioM_pjmboMdW9hK1iFWS10Tl57OF3nJe_laCiCPcfqNei1-nwnGzq88TCILsn92c5k=w1600-h1200-k-no,,,9.7843775,126.1581828,https://www.google.com/maps/place/COMEG+SEVEN+MOBILE+PHONES+%26+ACCESSORIES/data=!4m7!3m6!1s0x3303f70054988f9f:0x7735e5fb18e59bb9!8m2!3d9.7843775!4d126.1581828!16s%2Fg%2F11y44rq78y!19sChIJn4-YVAD3AzMRuZvlGPvlNXc?authuser=0&hl=en&rclk=1,"sim card in General Luna, Siargao & Surigao, Philippines",General Luna
TAG minimart,3.8,(94),09505638842,https://wa.me/09505638842,,https://www.facebook.com/people,Supermarket,"General Luna, Surigao del Norte",,https://lh3.googleusercontent.com/gps-cs-s/APNQkAHTPrXDGY__fhCxcNJkEZMTAdd1EXyUA49RJ38Xkm6jXEtmz30blM_Kg4JHb7lGZRqPPIRCStVPbPY4BGHfZVPy1lWM_WtfmPdW4DIqgepugFV_17w1WbRcfdGBn0Gr7Gn96s_4=w2048-h1536-k-no,"Wheelchair accessible, Wheelchair accessible entrance, Accessible",,9.783791,126.1564816,https://www.google.com/maps/place/TAG+minimart/data=!4m7!3m6!1s0x3303f6166fa1aa0b:0x7f3491c57e3f5b59!8m2!3d9.783791!4d126.1564816!16s%2Fg%2F11cncp6h_x!19sChIJC6qhbxb2AzMRWVs_fsWRNH8?authuser=0&hl=en&rclk=1,"convenience store in General Luna, Siargao & Surigao, Philippines",General Luna
EC Store (Roadside Guest House Siargao),5.0,(1),09498705946,https://wa.me/09498705946,,https://www.facebook.com/profile.php?id=100091581693094,Convenience store,"General Luna, Surigao del Norte",https://www.facebook.com/profile.php?id=100091581693094,https://lh3.googleusercontent.com/gps-cs-s/APNQkAHqES_M8QPQNeGdlx_QlwqVyO0Fv8w5vZSn3DtS7vfTmzXa2qhB5ebP7IKQbfl5DCVC4-TQQr-RMJAq0-2QtMBzsguWf3dsptdz9mm4LgbW4lxnrizgP0j2Nsn20UKsk91SzESUt98Bz5E=w2048-h1536-k-no,,,9.8035952,126.1602961,https://www.google.com/maps/place/EC+Store+%28Roadside+Guest+House+Siargao%29/data=!4m7!3m6!1s0x3304098f00f11fcf:0x50136e3f84efd707!8m2!3d9.8035952!4d126.1602961!16s%2Fg%2F11qyd6xk8v!19sChIJzx_xAI8JBDMRB9fvhD9uE1A?authuser=0&hl=en&rclk=1,"convenience store in General Luna, Siargao & Surigao, Philippines",General Luna
Lisa’s Store,4.6,(9),,,,https://www.facebook.com/katigsiargao,Convenience store,"Siargao Island, Tourism Rd, Purok 3, General Luna, 8419 Surigao del Norte",,https://lh3.googleusercontent.com/gps-cs-s/APNQkAHvkSu7mbSnp426Bdu9aL1M16k89uyl2hk5YGHhhLAcfX2HqWaf60j8pdIXfi5ypn3JmNtu8QIi2Z7h0rsVTLRFpzc-bCcGqiyRSFo5GXjXr0MeW1hHJKdJGs6-XSN3PPX8M0Hl=w2048-h1536-k-no,,,9.7882603,126.1622046,https://www.google.com/maps/place/Lisa%E2%80%99s+Store/data=!4m7!3m6!1s0x3303f77a859269bd:0xdde204c6891ad344!8m2!3d9.7882603!4d126.1622046!16s%2Fg%2F11y7xf0yc9!19sChIJvWmShXr3AzMRRNMaicYE4t0?authuser=0&hl=en&rclk=1,"convenience store in General Luna, Siargao & Surigao, Philippines",General Luna
L & S Siargao Sari-Sari store,5.0,(3),09850463917,https://wa.me/09850463917,,https://www.facebook.com/61550286294121,Convenience store,"R558+2M6 Siargao island, Tourism Rd, General Luna, 8419 Surigao del Norte",,https://lh3.googleusercontent.com/gps-cs-s/APNQkAGHz7rb2BpgGpKpxhtVqJ7YQPPXnsMpXeK_H-SzGYvPy8q4DeSDqU_gfj_E33fDbsa2Etva3lgcuukmeTJkwru2SY_SwpVwAh4O51_QwA2a6-M89_24aa4BTmBZjyF-g_XWxzE6=w2048-h1536-k-no,,,9.808017,126.166789,https://www.google.com/maps/place/L+%26+S+Siargao+Sari-Sari+store/data=!4m7!3m6!1s0x330409004b62087d:0x5f5b858f8727d804!8m2!3d9.808017!4d126.166789!16s%2Fg%2F11lzqx62td!19sChIJfQhiSwAJBDMRBNgnh4-FW18?authuser=0&hl=en&rclk=1,"convenience store in General Luna, Siargao & Surigao, Philippines",General Luna
Savers Plus,4.6,(8),,,,https://www.facebook.com/DTI.SurigaoNorte,Convenience store,"Q5M5+Q88, General Luna, Surigao del Norte",,https://lh3.googleusercontent.com/gps-cs-s/APNQkAEU3DcrgghJEaZIK6FMpTkazbuL8Y538SlbznespuEAgRKScr71Kt4lae-KDcreUoukv_MYIQIpGTbm4yXd8iyuT2k5P8xBOrY7dQOoZtG403Tv4wxX41Bhqp7SBmuNlTUJFe7M=w2048-h1536-k-no,,,9.7844138,126.1583377,https://www.google.com/maps/place/Savers+Plus/data=!4m7!3m6!1s0x3303f616e935c501:0xc82446e70a816e5e!8m2!3d9.7844138!4d126.1583377!16s%2Fg%2F11gf97d1d6!19sChIJAcU16Rb2AzMRXm6BCudGJMg?authuser=0&hl=en&rclk=1,"convenience store in General Luna, Siargao & Surigao, Philippines",General Luna
Island Jury Siargao,5.0,(2),09534802808,https://wa.me/09534802808,,,Convenience store,"Siargao Island, Bugak, Sta Cruz, General Luna, Surigao del Norte",,https://lh3.googleusercontent.com/gps-cs-s/APNQkAGorZPsuNjyMtzBv-8EeumCs6KNl0W4K7b-Go1xyXchQ47qz-aZ8ZYcNSln1EmAPoVJ9caEEOQQq-3_aEe_uRxp9tWyCnXyrULOhFtCTq41e5LXF8u1G5KFnXr33MTOZwzoDrzs=w2048-h1536-k-no,,,9.8291347,126.1166281,https://www.google.com/maps/place/Island+Jury+Siargao/data=!4m7!3m6!1s0x330409002df07d45:0x731de87ded70759a!8m2!3d9.8291347!4d126.1166281!16s%2Fg%2F11lf3d_0yc!19sChIJRX3wLQAJBDMRmnVw7X3oHXM?authuser=0&hl=en&rclk=1,"convenience store in General Luna, Siargao & Surigao, Philippines",General Luna
Johlan and Dry Goods Store,4.5,(15),,,,https://www.facebook.com/Johlan-Dry-Good-Store-100908972054563,Grocery store,"Q5M5+RF2, Tourism Rd, General Luna, Surigao del Norte",,https://lh3.googleusercontent.com/gps-cs-s/APNQkAF7rp2cs59uj8qjKmEGQR5RJqDYJ2JNSGhk4Gkh0W4dlE7VtcxxeHkut8TeHaI1wfhf3NqXycVA6pYtPNyvd6aPFPQSyXDmkaTU7r9s4CHCqe0YusFZwtl4NdNnYPllvY6xdMmi=w2048-h1536-k-no,,,9.7845171,126.1586316,https://www.google.com/maps/place/Johlan+and+Dry+Goods+Store/data=!4m7!3m6!1s0x3303f711779d90bf:0x996be14e021eacc0!8m2!3d9.7845171!4d126.1586316!16s%2Fg%2F11h6s2d1vx!19sChIJv5CddxH3AzMRwKweAk7ha5k?authuser=0&hl=en&rclk=1,"convenience store in General Luna, Siargao & Surigao, Philippines",General Luna
Savers Plus,5.0,(2),,,,https://www.facebook.com/VERYGOODICE2017,Convenience store,"R548+WC6, Tourism Rd, General Luna, 8419 Surigao del Norte",,https://lh3.googleusercontent.com/gps-cs-s/APNQkAF5A_7xN2C2hn_ebQMd5XfBK7lSvbMWqrLKpUZ4DZaR8PJUYXnVtV29dAN95sSR5jwQrZCETTxhv5i6K_QJ2sIpTtzVzoCFDSg-J-tGo7m5YS3bP4UD-dSM4yzGveCzuvN35eucgY5v0SFc=w2048-h1536-k-no,,,9.8072997,126.1660233,https://www.google.com/maps/place/Savers+Plus/data=!4m7!3m6!1s0x3304090062f9e649:0x1831e3fc30126f03!8m2!3d9.8072997!4d126.1660233!16s%2Fg%2F11vyzhl529!19sChIJSeb5YgAJBDMRA28SMPzjMRg?authuser=0&hl=en&rclk=1,"convenience store in General Luna, Siargao & Surigao, Philippines",General Luna
Jogubming Grocery,5.0,(1),09700265378,https://wa.me/09700265378,,https://www.facebook.com/JogubmingretailstoreOPC,Convenience store,"Dapa - General Luna Rd, General Luna, Surigao del Norte",,https://lh3.googleusercontent.com/gps-cs-s/APNQkAFSX61UOToOB46CwBBWCEzGv2i5819S3ibrFn6iUJRiIjxk8G5GnSEk9TG4dixSlaNwzZdD3QRLtIwjLFqoXlH6xrfP8TKRfFU8NbbrbxVdii0d8PDDzDKd9_zpf-zYMMVtjHsTbNErpfgn=w2048-h1536-k-no,,,9.7835284,126.1558886,https://www.google.com/maps/place/Jogubming+Grocery/data=!4m7!3m6!1s0x3303f73ee4dfd7c9:0xa4bd99cdf9049d70!8m2!3d9.7835284!4d126.1558886!16s%2Fg%2F11mpcg2mq6!19sChIJydff5D73AzMRcJ0E-c2ZvaQ?authuser=0&hl=en&rclk=1,"convenience store in General Luna, Siargao & Surigao, Philippines",General Luna
Grace Sari-Sari Store,5.0,(2),,,,https://www.facebook.com/100089366690109,Convenience store,"R558+6PF, General Luna, Surigao del Norte",,https://lh3.googleusercontent.com/gps-cs-s/APNQkAGitVrTnGjeBt4sn690ZlGzsj-Tqo6SeMymg5xc85zKCHlKuT7i4a_Abd3iqhFuw9vswZ-1ZIfIY27Rfq5nme6ffZJaVYe2_aIE0LKvEgjuMTO3aFcCSZ_FR8MDS5H-yHrFVUw=w2048-h1536-k-no,,,9.8080625,126.1667969,https://www.google.com/maps/place/Grace+Sari-Sari+Store/data=!4m7!3m6!1s0x3304090061713e19:0x77bd2ff1d2f4d898!8m2!3d9.8080625!4d126.1667969!16s%2Fg%2F11wvrmwqws!19sChIJGT5xYQAJBDMRmNj00vEvvXc?authuser=0&hl=en&rclk=1,"convenience store in General Luna, Siargao & Surigao, Philippines",General Luna
Rena one stop shop,5.0,(2),09177302486,https://wa.me/09177302486,https://www.instagram.com/renaluna,https://www.facebook.com/UNLTDSiargao,Grocery store,"Q5M5+R9X, Tourism Rd, General Luna, Surigao del Norte",,https://lh3.googleusercontent.com/gps-cs-s/APNQkAGkoURzCmgZP1y3w08M4yVKk9OGFQnjG_Ug9psS4RNkSkE-pjE0kSiIjfvb2KaaWY6kzBSGUiVbqR1WCrOvH4kmZJd5PvbqQsRzRSJoIRcTrTbOvULksdHsoy70FLcCMk5DRXkY9g=w2048-h1536-k-no,,,9.7846045,126.1584975,https://www.google.com/maps/place/Rena+one+stop+shop/data=!4m7!3m6!1s0x3303f759409f8fa9:0xe2e36a3c0cc6c2e2!8m2!3d9.7846045!4d126.1584975!16s%2Fg%2F11n76ydccp!19sChIJqY-fQFn3AzMR4sLGDDxq4-I?authuser=0&hl=en&rclk=1,"convenience store in General Luna, Siargao & Surigao, Philippines",General Luna
Marc & Lawrence,4.0,(12),09761813952,https://wa.me/09761813952,,,Grocery store,"Q5M3+7R2, General Luna, Surigao del Norte",,https://lh3.googleusercontent.com/gps-cs-s/APNQkAE_vTvLf51rD_SjGkaiQhuDqL8o5quuZjy2xZccNaaJbcHD-RBxOMqKunb-63Ngxf_W7Vhte_bJSqp0tl8ZiHQbMbG-Au55kyAoxaEpZBezpboz8zdM7DmHsLZyPJzWeTdoaJupxA=w2048-h1536-k-no,,,9.7831309,126.1545289,https://www.google.com/maps/place/Marc+%26+Lawrence/data=!4m7!3m6!1s0x3303f63e01d41d63:0xbc0e408080c455e1!8m2!3d9.7831309!4d126.1545289!16s%2Fg%2F11g6j6h9kx!19sChIJYx3UAT72AzMR4VXEgIBADrw?authuser=0&hl=en&rclk=1,"convenience store in General Luna, Siargao & Surigao, Philippines",General Luna
AM Store and Dod's Motorbike Rental,5.0,(4),09350657900,https://wa.me/09350657900,,https://www.facebook.com/profile.php,General store,"General Luna, Surigao del Norte",,https://lh3.googleusercontent.com/gps-cs-s/APNQkAGm5jYUQl0KfO7cgwrA3LobLZQ_oLKzV8YWA8Z6n4-aRmgiwFgNDYpMCfF2YwDCRi_NlK8oaR4GL5UPJ_QhkL5EZxFuMrH_CrNsVlSbINpyyri7hodCbb19MqvDFTo_WA0JYQM5=w2048-h1536-k-no,,,9.8059075,126.161731,https://www.google.com/maps/place/AM+Store+and+Dod%27s+Motorbike+Rental/data=!4m7!3m6!1s0x330409fb20a5a11d:0x987f16e4767c2d1f!8m2!3d9.8059075!4d126.161731!16s%2Fg%2F11fp3k0rn1!19sChIJHaGlIPsJBDMRHy18duQWf5g?authuser=0&hl=en&rclk=1,"convenience store in General Luna, Siargao & Surigao, Philippines",General Luna
Vinta Alternative Market,4.9,(341),09958803220,https://wa.me/09958803220,https://www.instagram.com/vinta.siargao,https://www.facebook.com/tr?id=3289616587955223&ev=PageView&noscript=1,Store,"Vinta Alternative Market, Purok 2, General Luna, 8419 Surigao del Norte",http://www.vintaalternativemarket.com/,https://lh3.googleusercontent.com/gps-cs-s/APNQkAE_YaDEyl-9CPdE3Eypa_y3J-tQnBidCUci5Z6YVIB0dG5a-gi-mi4eYFV-8eqwGHlXKJaMMKQr7xXg_-QkgmD17mynRgcyG22jabAhM22sNqotkj5iTfn9rBlUJOC7d9aDgVO-RA=w2048-h1536-k-no,,,9.7832156,126.1556551,https://www.google.com/maps/place/Vinta+Alternative+Market/data=!4m7!3m6!1s0x33040918af0bf903:0xc34a4f5e190ac562!8m2!3d9.7832156!4d126.1556551!16s%2Fg%2F11kl80bcnn!19sChIJA_kLrxgJBDMRYsUKGV5PSsM?authuser=0&hl=en&rclk=1,"convenience store in General Luna, Siargao & Surigao, Philippines",General Luna
L & S Sari-Sari Store,5.0,(2),,,https://www.instagram.com/sarisari_shopping,https://www.facebook.com/siargaoshop,Convenience store,"near skate park, brgy catangnan, General Luna, Surigao del Norte",,https://lh3.googleusercontent.com/gps-cs-s/APNQkAGNmKis-eP0A2_3HWRb1JanqvPwwF6lbNXiNXJchhSrMrYFDfpN8QWF4gLFTBjASgCxO_s74OhCf2ww1tm8z9-n4HESAjcV_Hp6RUVTp2NWKvdLpRANDDl4Px82dByKrfkFTTkGJfo_5zwR=w2048-h1536-k-no,,,9.7947636,126.158845,https://www.google.com/maps/place/L+%26+S+Sari-Sari+Store/data=!4m7!3m6!1s0x3303f7005f1921ad:0x42ff8811e59dfc6b!8m2!3d9.7947636!4d126.158845!16s%2Fg%2F11ycfpcl2r!19sChIJrSEZXwD3AzMRa_yd5RGI_0I?authuser=0&hl=en&rclk=1,"convenience store in General Luna, Siargao & Surigao, Philippines",General Luna
KIM PANDOY STORE,5.0,(2),09562567556,https://wa.me/09562567556,,https://www.facebook.com/siargao.buddy.2024,Grocery store,"General Luna, Surigao del Norte",,https://lh3.googleusercontent.com/gps-cs-s/APNQkAGkhEPrBdPhJdIKpIkSzAghau8chih5WAQ06F7_URMn5tJmfjD1LItYvVD0OZlCPPZbDeE6PeEW_uBWvHnhxWImP89OWED6beUzGqGk8IiSfDieyLj36SaTs99mQWnYDHN0cgCioAZs7t-p=w2048-h1536-k-no,,,9.7902395,126.1561012,https://www.google.com/maps/place/KIM+PANDOY+STORE/data=!4m7!3m6!1s0x3303f7003d6cf649:0x3ccb7144cb628d09!8m2!3d9.7902395!4d126.1561012!16s%2Fg%2F11ywbmfgnz!19sChIJSfZsPQD3AzMRCY1iy0Rxyzw?authuser=0&hl=en&rclk=1,"convenience store in General Luna, Siargao & Surigao, Philippines",General Luna
Fiesta Sari-Sari Store,5.0,(1),,,,https://www.facebook.com/people,Convenience store,"Q5J4+F96, General Luna, Surigao del Norte",,https://lh3.googleusercontent.com/gps-cs-s/APNQkAF1cRjyy8f0PJyOs-Qj0Jgfdmmh4wZ3fTeDUEjomUI4ogTCaczgd-vRP0r8oSPBJef7NYyl4hWAwLTbAntgHHqUT88QG87FkVzYBDCVqX6Zug9M5RnFMOdvmtkBatfmd0w9dYRT=w2048-h1536-k-no,,,9.781157,126.1558915,https://www.google.com/maps/place/Fiesta+Sari-Sari+Store/data=!4m7!3m6!1s0x3303f61598a058b5:0xef0e7e5f665d1b0a!8m2!3d9.781157!4d126.1558915!16s%2Fg%2F11hd1rm2fy!19sChIJtVigmBX2AzMRChtdZl9-Du8?authuser=0&hl=en&rclk=1,"convenience store in General Luna, Siargao & Surigao, Philippines",General Luna
Croft Bulk Foods - Siargao,5.0,(2),,,https://www.instagram.com/croftbulkfoods,https://www.facebook.com/croftbulkfoods/,Health food store,"R536+P8P, General Luna, Surigao del Norte",http://www.croftbulkfoods.com/,https://lh3.googleusercontent.com/gps-cs-s/APNQkAHlgWDhxiQRaFhNVXvLSi7qti7t3TT0JF08ox7xgfe56L7RzYheXClr9wdaPnQ-9UHHjIofq6Z8nr_pNLd4YuLi2e7G2VjFvi9xYi8BJcO4DTFtDbPYh3PQ7iTF9O4WcXei_es7=w2048-h1536-k-no,,,9.8043492,126.1608307,https://www.google.com/maps/place/Croft+Bulk+Foods+-+Siargao/data=!4m7!3m6!1s0x33040900793f9189:0xda365e1657a1619a!8m2!3d9.8043492!4d126.1608307!16s%2Fg%2F11m6c2yxls!19sChIJiZE_eQAJBDMRmmGhVxZeNto?authuser=0&hl=en&rclk=1,"convenience store in General Luna, Siargao & Surigao, Philippines",General Luna
Miraflor Store,5.0,(1),,,,https://www.facebook.com/p,Grocery store,"General Luna, 8419 Surigao del Norte",,https://streetviewpixels-pa.googleapis.com/?cb_client,,,9.7807218,126.150491,https://www.google.com/maps/place/Miraflor+Store/data=!4m7!3m6!1s0x3303f7000bc639e5:0x34f8f7c47cc1071a!8m2!3d9.7807218!4d126.150491!16s%2Fg%2F11yvhnm3z0!19sChIJ5TnGCwD3AzMRGgfBfMT3-DQ?authuser=0&hl=en&rclk=1,"convenience store in General Luna, Siargao & Surigao, Philippines",General Luna
SGL Fruits&Vegetables,4.0,(2),,,,https://www.facebook.com/sgl.fruits.n.veggies,Grocery delivery service,"Poblacion 1 general luna, del norte, 8419 Surigao del Norte",,https://lh3.googleusercontent.com/gps-cs-s/APNQkAH_3QD9Jlh1028LWnqTHVxeUlmOdoF0_fshJACNqhF6j2UgveE47JG3oJkebRuETbXdM5HYRE5fLLcTNfBZyNMS0q9_4B8G5dIG22SLJqCcOCvfdIIhkRf0zpPGRi5ByLJKucekuvh4iX8=w2048-h1536-k-no,,,9.7817872,126.1546105,https://www.google.com/maps/place/SGL+Fruits%26Vegetables/data=!4m7!3m6!1s0x3303f70075242763:0x72ea219b8e83166c!8m2!3d9.7817872!4d126.1546105!16s%2Fg%2F11x66cxhxg!19sChIJYyckdQD3AzMRbBaDjpsh6nI?authuser=0&hl=en&rclk=1,"convenience store in General Luna, Siargao & Surigao, Philippines",General Luna
Komunidad Siargao Shop,4.8,(6),09765551622,https://wa.me/09765551622,,https://www.facebook.com/siargaoshop,Souvenir store,"Tourism Rd, General Luna, 8419 Surigao del Norte",,https://lh3.googleusercontent.com/gps-cs-s/APNQkAEtabHaXVEr7rsi9z0njKoRbMwxtE1qYzG-weU3DfQ2Mliy7cXUAzjtRrsUQXSP6HFR8O6UoOR9hfzM4U9m_RN2eDtvDb1SAr4FrsodfXAKtTqlK7AZct1n7kW0BSwZ-3hDtco8PCFLIa3f=w2048-h1536-k-no,,,9.7849511,126.1597673,https://www.google.com/maps/place/Komunidad+Siargao+Shop/data=!4m7!3m6!1s0x3303f7db0c812d7f:0x7b3ea4a624cbd405!8m2!3d9.7849511!4d126.1597673!16s%2Fg%2F11l1l_jd9s!19sChIJfy2BDNv3AzMRBdTLJKakPns?authuser=0&hl=en&rclk=1,"convenience store in General Luna, Siargao & Surigao, Philippines",General Luna
White Beard Coffee Tawin Tawin Branch,4.8,(13),09991327645,https://wa.me/09991327645,https://www.instagram.com/whitebeardcoffee,https://www.facebook.com/373336533443106,Coffee shop,"Siargao Island, Brgy, General Luna, 8419 Surigao del Norte",,https://lh3.googleusercontent.com/gps-cs-s/APNQkAEtH36zrW5NN-nboDdtrRpanadT2sO_QNjW3j7MExIqlbsp89hsG85JoozP1uzt9XgQrf3_cLh2dQAXjQ0Pddetvsw8REAJsFXkOfKiprrk7A44T8VU1k_B6eTGwKuM_J8RESinDQBfK7gH=w2048-h1536-k-no,,,9.7890528,126.1326138,https://www.google.com/maps/place/White+Beard+Coffee+Tawin+Tawin+Branch/data=!4m7!3m6!1s0x3303f76b4fb10c15:0xe9494e54c1250d72!8m2!3d9.7890528!4d126.1326138!16s%2Fg%2F11nbtjqjh0!19sChIJFQyxT2v3AzMRcg0lwVROSek?authuser=0&hl=en&rclk=1,"public wifi in General Luna, Siargao & Surigao, Philippines",General Luna
Happy Store,5.0,(2),,,,https://www.facebook.com/people,Convenience store,"R4QQ+QRG, Santa Fe, General Luna, Surigao del Norte",,https://lh3.googleusercontent.com/gps-cs-s/APNQkAGfCVcsf3BzClGC0r45N94cc1ZkEATJA4JKBLcwpuW03vIWhd6bba1VUgChksgPV35Kg1WJq2qKAvg25kKY_7FmN9kFhdDybWa1DsVqHQ66LsoYXCo-6j3bN618VKuf9IRqgLQijGZU1njM=w2048-h1536-k-no,,,9.8394323,126.1395664,https://www.google.com/maps/place/Happy+Store/data=!4m7!3m6!1s0x33040900795ed185:0x238961f0eee08740!8m2!3d9.8394323!4d126.1395664!16s%2Fg%2F11whl6nnvx!19sChIJhdFeeQAJBDMRQIfg7vBhiSM?authuser=0&hl=en&rclk=1,"convenience store in General Luna, Siargao & Surigao, Philippines",General Luna
Tag Agrivet,5.0,(4),,,,https://www.facebook.com/WRMAgrivet,General store,"Q5M4+WFW, General Luna, Surigao del Norte",,https://lh3.googleusercontent.com/gps-cs-s/APNQkAH8lwrKgPTiUvWdyXivGlf3kq7Z3t0emsEOGY6BOul4mIt3ALsIv5Rda_rZEqjxOKiBPkXVYDV8H3EikbiFR5jIf6HgGLIRgCyb81HYU5pwgS6Ng6aNQ5Yp5kNE7JOvdSzSh9G__g=w2048-h1536-k-no,,,9.7848596,126.1562061,https://www.google.com/maps/place/Tag+Agrivet/data=!4m7!3m6!1s0x3303f71c3437276d:0xccf5863aa70e1011!8m2!3d9.7848596!4d126.1562061!16s%2Fg%2F11f65y52rv!19sChIJbSc3NBz3AzMRERAOpzqG9cw?authuser=0&hl=en&rclk=1,"convenience store in General Luna, Siargao & Surigao, Philippines",General Luna
Kape.Ligay,5.0,(3),09709645079,https://wa.me/09709645079,,https://www.facebook.com/kapeluna.gl,Coffee shop,"San Sibatian St. Pob 2 General luna, Surigao del Norte Corner, Surigao, 8419 Surigao del Norte",,https://lh3.googleusercontent.com/gps-cs-s/APNQkAFslfIrT28jMRu4egmjFjXrLL2bcqUMnDV6QsmglVYnPO3SNPWjrDGZCHLYjps--qI83hIL-d5zjaOk36uv-N5gkUQAcGXAr0A1aimYLea9fShhBOkw42OeOnsAJW3eN8hMcFzYIAe2iM2H=w2048-h1536-k-no,,,9.7826357,126.153871,https://www.google.com/maps/place/Kape.Ligay/data=!4m7!3m6!1s0x3303f70012818d67:0xf62eee58b7a6654c!8m2!3d9.7826357!4d126.153871!16s%2Fg%2F11vwdwqpc8!19sChIJZ42BEgD3AzMRTGWmt1juLvY?authuser=0&hl=en&rclk=1,"public wifi in General Luna, Siargao & Surigao, Philippines",General Luna
Centro Dos Meatshop,5.0,(1),09175164051,https://wa.me/09175164051,,https://www.facebook.com/lagasmeatshop,Meat products store,"Q5M3+7X5, General Luna, Surigao del Norte",,https://lh3.googleusercontent.com/gps-cs-s/APNQkAEUlovlRRDN_OdqpMr2Jsgv3-AAxxsLXRSbzko9tv92t65RGvzrPUfFrXq3RqsmCbKT80MV1sD_1lnk_IKeVZfQGsu9MzBhBWWn32EYy_ehMxZ5PX8Sgq1lbl4A8sLP_nuWhsya=w2048-h1536-k-no,,,9.7831456,126.1549829,https://www.google.com/maps/place/Centro+Dos+Meatshop/data=!4m7!3m6!1s0x3303f72dd4df9be3:0xabb3cd5abe12de4f!8m2!3d9.7831456!4d126.1549829!16s%2Fg%2F11j7j3qwl_!19sChIJ45vf1C33AzMRT94SvlrNs6s?authuser=0&hl=en&rclk=1,"convenience store in General Luna, Siargao & Surigao, Philippines",General Luna
Raw Shop & Fishing Siargao,4.3,(12),,,https://www.instagram.com/rawfishingsiargao,https://www.facebook.com/RawShopSiargao,Coffee wholesaler,"Bridge, Barangay, R554+RH General Luna, Surigao del Norte Unit 2 Hale Aloha Building, Tourism Rd, Catangnan, General Luna, Surigao del Norte",https://www.facebook.com/RawShopSiargao,https://lh3.googleusercontent.com/gps-cs-s/APNQkAGl8q64KfJpriYQZc7Yx3Jo1Bq-bLzFnOiMXJFKqA3LL5bMlALaPy8820bgO9UlKu63XZsu5r69VUfgmdjdaDO612hjV0vo8fsBWZbJ2iwRTKVOw_ynnNBGcUu1qMY7yGG_9-YvcQ=w2048-h1536-k-no,,,9.8095406,126.1564155,https://www.google.com/maps/place/Raw+Shop+%26+Fishing+Siargao/data=!4m7!3m6!1s0x3303f61a60ed3a3b:0xf698e827790cd124!8m2!3d9.8095406!4d126.1564155!16s%2Fg%2F11d_8hckwp!19sChIJOzrtYBr2AzMRJNEMeSfomPY?authuser=0&hl=en&rclk=1,"public wifi in General Luna, Siargao & Surigao, Philippines",General Luna
Baryo Brew Siargao,5.0,(4),09484376296,https://wa.me/09484376296,,https://www.facebook.com/baryobrewsiargao,Coffee shop,"Siargao Island, Jacking Horse, Barangay Catangnan, General Luna, 8419 Surigao del Norte",,https://lh3.googleusercontent.com/gps-cs-s/APNQkAHYMbX7IK8C3H2ccp1RvmemneGmWNNYXHOylSw_o3foj6_l952HxF8is4pYoTwnz3tdelXOuQ_YJ30r1xMboPJNXu1tCFXApZ7owbqxZPJlXahr93NMe6UdZoo7e34fkLlBjEK3tgY0h6A=w2048-h1536-k-no,,,9.8124728,126.1613504,https://www.google.com/maps/place/Baryo+Brew+Siargao/data=!4m7!3m6!1s0x330409000ccf5b57:0x47fcdccc4063d71a!8m2!3d9.8124728!4d126.1613504!16s%2Fg%2F11yj_bvxgv!19sChIJV1vPDAAJBDMRGtdjQMzc_Ec?authuser=0&hl=en&rclk=1,"public wifi in General Luna, Siargao & Surigao, Philippines",General Luna
Janet & Noli Store,5.0,(1),,,https://www.instagram.com/nolistore_gt,https://www.facebook.com/janetmorales85,Convenience store,"R4RQ+7RW, General Luna, Surigao del Norte",,https://lh3.googleusercontent.com/gps-cs-s/APNQkAGTW_bfg3eVpD29S0WPhGbjHxgxHL_V16srsSjlCPKEheCVjzSMiLVaG92Gfz46JY62mgGj8qMGNUra5pxzbI6obCW8BNLOs-KXmR0m-vVicYiwkK8VD8LCH0cuUA5w1R5u_14T=w2048-h1536-k-no,,,9.8407363,126.1395729,https://www.google.com/maps/place/Janet+%26+Noli+Store/data=!4m7!3m6!1s0x330409fcaca29ccb:0x33d864a97c92c6e3!8m2!3d9.8407363!4d126.1395729!16s%2Fg%2F11pc3zztkp!19sChIJy5yirPwJBDMR48aSfKlk2DM?authuser=0&hl=en&rclk=1,"convenience store in General Luna, Siargao & Surigao, Philippines",General Luna
WeClean Siargao,4.4,(127),09176247132,https://wa.me/09176247132,https://www.instagram.com/weclean.ph/,https://www.facebook.com/wecleanlaundry.ph,Laundromat,"Q5P4+298, Dapa - General Luna Rd, General Luna, Surigao del Norte",http://www.weclean.com.ph/,https://lh3.googleusercontent.com/gps-cs-s/APNQkAExT1tQmSRi_GHILm3tGi_-Rj1eioU7U4hi1zyHoG92CeqQFW7dizL9yJFUJ9SHTBneEfcC3m6JuXINtur7JQG8TJrbKzYkF6b7d2_byBvHft78arzwOmBdUm3VcQZNzGQM4rJhsLVGrUNv=w2048-h1536-k-no,"Laundry service, Laundry",,9.7850376,126.1559783,https://www.google.com/maps/place/WeClean+Siargao/data=!4m7!3m6!1s0x3303f74313c7b3c7:0x95a056b1c63264e4!8m2!3d9.7850376!4d126.1559783!16s%2Fg%2F11kp_6nff4!19sChIJx7PHE0P3AzMR5GQyxrFWoJU?authuser=0&hl=en&rclk=1,"laundry in General Luna, Siargao & Surigao, Philippines",General Luna
LG Ken Laundry shop,4.9,(36),,,,https://www.facebook.com/p,Laundry service,"Purok 1, Brgy. Malinao, General Luna, 8419 Surigao del Norte",,https://lh3.googleusercontent.com/gps-cs-s/APNQkAGWD4cHRZGEDfblBICrekgxdoBoYtHMtgSHb9pxTZL0JUF6VDeC2wxKXuYw7IrG4sMr05f0NzIrrLPMgWzH3z-XXXxEKrjVt0UKSxpHFvbcxUfBLmAAfp6Ehf5ww_F3LLl-Tf5Y=w2048-h1536-k-no,"Laundry service, Laundry, Washing machine, Dryer",,9.7701634,126.128094,https://www.google.com/maps/place/LG+Ken+Laundry+shop/data=!4m7!3m6!1s0x3303f70034a8bc2d:0x54b4d67bcd948e45!8m2!3d9.7701634!4d126.128094!16s%2Fg%2F11wxl85_v_!19sChIJLbyoNAD3AzMRRY6UzXvWtFQ?authuser=0&hl=en&rclk=1,"laundry in General Luna, Siargao & Surigao, Philippines",General Luna
Islaundry Siargao,5.0,(1),,,https://www.instagram.com/lemonlaundrysiargao,https://www.facebook.com/p,Laundry service,"Sitio San Ramon, Poblacion, General Luna, 8419 Surigao del Norte",,https://streetviewpixels-pa.googleapis.com/?cb_client,,,9.7907623,126.1505993,https://www.google.com/maps/place/Islaundry+Siargao/data=!4m7!3m6!1s0x3303f7005e9b59fd:0xe1e71a2fd5fb1632!8m2!3d9.7907623!4d126.1505993!16s%2Fg%2F11y_zkz4tp!19sChIJ_VmbXgD3AzMRMhb71S8a5-E?authuser=0&hl=en&rclk=1,"laundry in General Luna, Siargao & Surigao, Philippines",General Luna
Swell Wash Laundry Malinao - Siargao,4.2,(21),09669033439,https://wa.me/09669033439,,https://www.facebook.com/swellwashsiargao,Laundry service,"General Luna, 8419 Surigao del Norte",,https://lh3.googleusercontent.com/gps-cs-s/APNQkAEtMP8hU2IoIy8Liyf7y6rNzJE2twGyy3xdhd0LHgnMjNiKOWWuHs5oIQfl7ED79pP_XZ3VPwq-SwgEc0YF0WzPXnZtTToiNc7HL_Hio5LAdbbHltIGq4651_nDRav969BSSkYT=w2048-h1536-k-no,"Laundry service, Laundry",,9.770581,126.1284676,https://www.google.com/maps/place/Swell+Wash+Laundry+Malinao+-+Siargao/data=!4m7!3m6!1s0x3303f78e2a0ba389:0x5af2330e2ec197a6!8m2!3d9.770581!4d126.1284676!16s%2Fg%2F11jt05lhdv!19sChIJiaMLKo73AzMRppfBLg4z8lo?authuser=0&hl=en&rclk=1,"laundry in General Luna, Siargao & Surigao, Philippines",General Luna
Abaii Laundry Services,5.0,(1),09158111401,https://wa.me/09158111401,,https://www.facebook.com/SuurfandSuds,Laundry service,"Tourism Rd, General Luna, 8419 Surigao del Norte",,https://lh3.googleusercontent.com/gps-cs-s/APNQkAE5XcwpSLVqA_wLpVTfkgcj9a2PN976YiCPlNtVZuC24vdpB2iKXLYnRGRv5qy3YqZF4-oGTQZ01NmLv4Rnz83vzEyerLiE75bcPI_BR8mYZmPZgDUtR2A6YT8u2-9SBObcfWShIIzgr70P=w2048-h1536-k-no,Laundry,,9.7885526,126.1621957,https://www.google.com/maps/place/Abaii+Laundry+Services/data=!4m7!3m6!1s0x330409007b988167:0xb3c6c545f5fe7658!8m2!3d9.7885526!4d126.1621957!16s%2Fg%2F11ywx2v498!19sChIJZ4GYewAJBDMRWHb-9UXFxrM?authuser=0&hl=en&rclk=1,"laundry in General Luna, Siargao & Surigao, Philippines",General Luna
Bubbles Carwash,5.0,(1),,,https://www.instagram.com/bubblescarwashcr,,Car wash,"Q5Q3+2W7, General Luna, Surigao del Norte",,https://lh3.googleusercontent.com/gps-cs-s/APNQkAFi4iAT3RORqDwHCLU90Zn0ZQ8QJFjCilxyEEkbK8ILtdHC2QEWNTpUp7Kz8hUH5LWs6pk6dI4pRrQWuCUYRdUosnVbLHS2kdQmHbcsv2q3vl3Ok3ACETWRS_H4KToc6ZKSvFTGFPSliTv0=w2048-h1536-k-no,,,9.7894117,126.1549269,https://www.google.com/maps/place/Bubbles+Carwash/data=!4m7!3m6!1s0x3303f70078e151ed:0xb81246cbfc03ceb2!8m2!3d9.7894117!4d126.1549269!16s%2Fg%2F11ymk46hy2!19sChIJ7VHheAD3AzMRss4D_MtGErg?authuser=0&hl=en&rclk=1,"laundry in General Luna, Siargao & Surigao, Philippines",General Luna
Morenta (Siargao Motorcycle and Car Rental),5.0,(347),953 923 7277,https://wa.me/9539237277,https://www.instagram.com/morentasiargao?igsh=a2N2cWtoNTJxMTB1&utm_source=qr,,Scooter rental service  Poblacion V (Purok VClosed  Opens 6 AM,0953 923 7277,https://www.instagram.com/morentasiargao?igsh=a2N2cWtoNTJxMTB1&utm_source=qr,,,,9.7888196,126.1601552,https://www.google.com/maps/place/Morenta+%28Siargao+Motorcycle+and+Car+Rental%29/data=!4m7!3m6!1s0x3303f7912e507e4d:0x7ca6a7d702d1fb8d!8m2!3d9.7888196!4d126.1601552!16s%2Fg%2F11y4l80yrd!19sChIJTX5QLpH3AzMRjfvRAtenpnw?authuser=0&hl=en&rclk=1,"scooter rental in General Luna, Siargao & Surigao, Philippines",General Luna
TravelGo – Siargao Transport & Airport Transfer,5.0,(2),09457014508,https://wa.me/09457014508,,https://www.facebook.com/yourservice.siargaotransport,Transportation service,"Blue Corner House, General Luna, Surigao del Norte",https://travelgo.ph/,https://lh3.googleusercontent.com/gps-cs-s/APNQkAGEpXcU51Lkk7G_AcpXyy7fD4AQzm5CX4IpfjQleP7VM6ZKx9PALZ7zMlyaqBZnbAsiaX-O4WBvMGIpLOB_dwd9qlVKPlpqhR57Ra9WqTSbq8VZqxlN9Qzw5Yv0YFlDecWUSH0uIusaXNpF=w2048-h1536-k-no,"Wheelchair accessible, Wheelchair accessible entrance, Accessible",,9.7851787,126.1573185,https://www.google.com/maps/place/TravelGo+%E2%80%93+Siargao+Transport+%26+Airport+Transfer/data=!4m7!3m6!1s0x3303f7a63892e2f9:0x629833becc27ba4d!8m2!3d9.7851787!4d126.1573185!16s%2Fg%2F11z20m3n36!19sChIJ-eKSOKb3AzMRTbonzL4zmGI?authuser=0&hl=en&rclk=1,"transportation in General Luna, Siargao & Surigao, Philippines",General Luna
Raba Motorbike Rental,5.0,(238),09267403844,https://wa.me/09267403844,,https://www.facebook.com/share/1917U49FX8/,Motorcycle rental agency,"Poblacion IV, General Luna, 8419 Surigao del Norte",https://www.facebook.com/share/1917U49FX8/,https://lh3.googleusercontent.com/gps-cs-s/APNQkAEWC7AolUflaGsjg2pCFYlyqkoelufp4ZEGG-u3MpGNEyqgh21JNjBir63moi6w6lxVYeYQOg8hvTk6yTwrfbuviJnoKzLnc2yJanWCMcZSNOnyGEj3_bUgm1ci2NqqB_NKxMuHAPCPh1sd=w2048-h1536-k-no,,,9.7837791,126.154788,https://www.google.com/maps/place/Raba+Motorbike+Rental/data=!4m7!3m6!1s0x3303f79163ea3873:0x73c6cba53a7cffe7!8m2!3d9.7837791!4d126.154788!16s%2Fg%2F11md176wbn!19sChIJczjqY5H3AzMR5_98OqXLxnM?authuser=0&hl=en&rclk=1,"scooter rental in General Luna, Siargao & Surigao, Philippines",General Luna
Tropa Store Siargao,4.4,(5),,,https://www.instagram.com/tropa.store,https://www.facebook.com/tropastore,Clothing store,"Tourism Rd, General Luna, Surigao del Norte",http://www.tropastore.com/,https://lh3.googleusercontent.com/gps-cs-s/APNQkAFXttpZAJZ7DoKDT6kU7JFJC_YP3kMfB0xhIzX2sa_-9a3ON8brtgGYozot5FAfjhrINfaSOMWSD3J72XRN-E5Tt4qOvTYIDAsLcBonTfrUVOlJgEMgueGg72VIInfFovO2MM5g=w2048-h1536-k-no,,,9.787278,126.162086,https://www.google.com/maps/place/Tropa+Store+Siargao/data=!4m7!3m6!1s0x3303f7456d95712f:0xe05e991bca5f78e!8m2!3d9.787278!4d126.162086!16s%2Fg%2F11rbkm1l2r!19sChIJL3GVbUX3AzMRjvelvJHpBQ4?authuser=0&hl=en&rclk=1,"convenience store in General Luna, Siargao & Surigao, Philippines",General Luna
Bayay Esteria,4.9,(13),,,,https://www.facebook.com/esteria.bayay,,"Q5V6+J54, General Luna, Surigao del Norte",,https://lh3.googleusercontent.com/gps-cs-s/APNQkAEEQLTmPO4EXmk_vnoyR1dJeBVBe7UX-Noc2godnDv01wSLVd5DVyefKj1D5LNvNurduUZbjJ_LHuAeMOBBscAVtob5KHgEOD-mQGtC8Yb37nMz0qowt9fTLfz06Sr5fNwIfqKkhg=w2048-h1536-k-no,Free Wi-Fi,,9.7942933,126.159709,https://www.google.com/maps/place/Bayay+Esteria/data=!4m11!3m10!1s0x3303f72268d2fa49:0x2fbdd0f84ce592a6!5m3!1s2026-10-31!4m1!1i2!8m2!3d9.7942933!4d126.159709!16s%2Fg%2F11tmr9l0cf!19sChIJSfrSaCL3AzMRppLlTPjQvS8?authuser=0&hl=en&rclk=1,"luggage storage in General Luna, Siargao & Surigao, Philippines",General Luna
Siargao Events,3.7,(3),09623585447,https://wa.me/09623585447,https://instagram.com/Siargao_events,https://www.facebook.com/genlunasiargao,Marketing agency,"Lot 1955 Poblacion 5, General Luna, 8419 Surigao del Norte",http://siargaoevents.com/,https://lh3.googleusercontent.com/gps-cs-s/APNQkAF4kC2DbCNDE3rANHg_EGKBfNCnlqlSVBwpMFlTXLM4bI6AnEt8N5KPklny66huLUbCK0B31Nr5TCmUNA0mnZzf1NJD5FkHp0IVa0mkzJGsGdQCgyEWEydIncEKzPCp4VZ6vRICDs2hit0=w2048-h1536-k-no,,,9.7925471,126.1525947,https://www.google.com/maps/place/Siargao+Events/data=!4m7!3m6!1s0x3303f7b14344cf23:0xa5d5a8d3c6ed155e!8m2!3d9.7925471!4d126.1525947!16s%2Fg%2F11x15v4grx!19sChIJI89EQ7H3AzMRXhXtxtOo1aU?authuser=0&hl=en&rclk=1,"convenience store in General Luna, Siargao & Surigao, Philippines",General Luna
Shuttle Siargao,5.0,(49),09396567034,https://wa.me/09396567034,,https://www.facebook.com/journeyinnsiargao,Airport shuttle service,"Bayubudhan, Poblacion 5, General Luna, 8419 Surigao del Norte",https://www.shuttlesiargao.com/,https://lh3.googleusercontent.com/gps-cs-s/APNQkAGtLtgve4MN5eArT1EgrFwmRoMVAB_SC5PQAX5R_AzD4OEIQieJ57eXO7mbqIeQDlkaMUv1brPTdKTRty_MHvMqWqyhL2MNplPSA0BEjOfZueQ0SSainHVTdZFj8IeKYC_ZkbKnF0q0G2Ck=w2048-h1536-k-no,,,9.7942096,126.1525027,https://www.google.com/maps/place/Shuttle+Siargao/data=!4m7!3m6!1s0x3303f745efa1ab51:0x621ab173e1e2e9b4!8m2!3d9.7942096!4d126.1525027!16s%2Fg%2F11x78z74f0!19sChIJUauh70X3AzMRtOni4XOxGmI?authuser=0&hl=en&rclk=1,"transportation in General Luna, Siargao & Surigao, Philippines",General Luna
General Luna Integrated Terminal,4.5,(2),,,,https://www.facebook.com/solfmatugas,Transportation service,"Q5R3+VMW, General Luna, Surigao del Norte",,https://lh3.googleusercontent.com/gps-cs-s/APNQkAFD8JmUAqAz_eJHkDLTx7YOZPEdpbzo6fbhrOh1o4Lj0uXzEFyMrsBwZpABgK9KnnIxdqIGqMJ1kgZ9ZoF7wj3359LraVhByZ9VNsHaIp-zQ3Sc9ELp0FQhxpSknN0w810vzJwLoTxN89KU=w2048-h1536-k-no,,,9.7928154,126.1553263,https://www.google.com/maps/place/General+Luna+Integrated+Terminal/data=!4m7!3m6!1s0x3303f7006ed3c911:0x7d1d32bb5234b0c8!8m2!3d9.7928154!4d126.1553263!16s%2Fg%2F11x81pw68y!19sChIJEcnTbgD3AzMRyLA0UrsyHX0?authuser=0&hl=en&rclk=1,"transportation in General Luna, Siargao & Surigao, Philippines",General Luna
Island MOVER tuktuk service,5.0,(27),09671272200,https://wa.me/09671272200,,https://www.facebook.com/share/1CoPF1FnWP/,Transportation service,"Purok 3 Sta fe, General Luna, 8419 Surigao del Norte",https://www.facebook.com/share/1CoPF1FnWP/,https://lh3.googleusercontent.com/gps-cs-s/APNQkAGJIcSBBPV5jenRFcyXKFW64T-zLWaKSKJw1AIrhDnqHwKfLBXbOwETJjdXfwl1Rbd20_XB2sOo0c7Rf0jg6pOkO_6E26rqfZVlrBC85tX08xxk6C3VNjBbGgkEHseVf4tmYHiPsTAc3ZZ3=w2048-h1536-k-no,Bar,,9.8397196,126.1351547,https://www.google.com/maps/place/Island+MOVER+tuktuk+service/data=!4m7!3m6!1s0x3304098666b66f7b:0x79a78ac5ee488377!8m2!3d9.8397196!4d126.1351547!16s%2Fg%2F11nc03hmx2!19sChIJe2-2ZoYJBDMRd4NI7sWKp3k?authuser=0&hl=en&rclk=1,"transportation in General Luna, Siargao & Surigao, Philippines",General Luna
Santos Van for Hire (Siargao Transport Service Cooperative),5.0,(7),09462962440,https://wa.me/09462962440,,https://www.facebook.com/profile.php,Van rental agency,"Brgy, Catangnan, General Luna, 8419 Surigao del Norte",,https://lh3.googleusercontent.com/gps-cs-s/APNQkAGnBLwmYMjbeYbNNSeMKI1z329X68tBjFv26-b8BZGqs8RsV4_FIPRf86LJVmJLbnhyIyN2QcfUYHEAoCult9e5H4YdnmM-nPQliv7Jche-cHSeQ6Qwuy7vb3GkKXQ1FA--BB59=w2048-h1536-k-no,,,9.812604,126.1620361,https://www.google.com/maps/place/Santos+Van+for+Hire+%28Siargao+Transport+Service+Cooperative%29/data=!4m7!3m6!1s0x3304094c853b1f1d:0x1ea803e2aaf8ecec!8m2!3d9.812604!4d126.1620361!16s%2Fg%2F11y579r190!19sChIJHR87hUwJBDMR7Oz4quIDqB4?authuser=0&hl=en&rclk=1,"transportation in General Luna, Siargao & Surigao, Philippines",General Luna
Siakay,5.0,(6),09951986518,https://wa.me/09951986518,,http://facebook.com/siakayph,Transportation service,"R535+WJQ, General Luna, Surigao del Norte",http://facebook.com/siakayph,https://lh3.googleusercontent.com/gps-cs-s/APNQkAG_cZ1U11T_BKEB1E2bz0W6HfyRaKDLSE0MZT-208Y9ckg8QjK0yAg5nulk204QjbMT4U_0y1gICo3F0mXSGqdq1vTa2LC3mI5ujUJSlpZfVjkuObY7IxAuCIG2MjHTo7cC7aw=w2048-h1536-k-no,,,9.8046356,126.1594354,https://www.google.com/maps/place/Siakay/data=!4m7!3m6!1s0x33040900563bfd13:0x737fcb3623bf0!8m2!3d9.8046356!4d126.1594354!16s%2Fg%2F11w44h3_v0!19sChIJE_07VgAJBDMR8Dtis_w3BwA?authuser=0&hl=en&rclk=1,"transportation in General Luna, Siargao & Surigao, Philippines",General Luna
Janoyoy island,5.0,(1),,,,,Transportation service,"Q43J+VM, General Luna, Surigao del Norte",,https://lh3.googleusercontent.com/gps-cs-s/APNQkAEOxCs32s5JkkL8ZriSfAyMMbFRCIobzK76O6Af632Jq9OHYqeYjHtOtA1ETH9lHPlOQQc3l3GfTwZZWfvjkyz00vitiLD3zL-jdKXHenfl4Koj2m1J_pUNAlvIVcUFTfuzFRdSUa-rVjWg=w2048-h1536-k-no,,,9.7547264,126.1316729,https://www.google.com/maps/place/Janoyoy+island/data=!4m7!3m6!1s0x3303f70000652747:0x2c9d70de088ae4e1!8m2!3d9.7547264!4d126.1316729!16s%2Fg%2F11yz0z24hf!19sChIJRydlAAD3AzMR4eSKCN5wnSw?authuser=0&hl=en&rclk=1,"transportation in General Luna, Siargao & Surigao, Philippines",General Luna
Dodong's Van Transpo,5.0,(3),09455796374,https://wa.me/09455796374,,https://www.facebook.com/profile.php,Van rental agency,"Q5M3+7QV, General Luna, Surigao del Norte",,https://lh3.googleusercontent.com/gps-cs-s/APNQkAHu-WiaILKAT98WLeeeNuCKz5zQefCIeaEnKGZrcEx_LIgHb_B0CC7w6v7VPEnktUA-RTsCFm2xYPHoNE716XubW3B2J8dW7tkfHvUUnKkJkv8BPPjq4upe6fO5_8vk_fIOvYo5=w2048-h1536-k-no,,,9.7832419,126.1543868,https://www.google.com/maps/place/Dodong%27s+Van+Transpo/data=!4m7!3m6!1s0x3303f700263c7f9f:0x91dee798727d6dbf!8m2!3d9.7832419!4d126.1543868!16s%2Fg%2F11y4hb5_gk!19sChIJn388JgD3AzMRv219cpjn3pE?authuser=0&hl=en&rclk=1,"transportation in General Luna, Siargao & Surigao, Philippines",General Luna
Dapa-Consuelo-General Luna Tricycle Operators And Drivers Cooperative,5.0,(1),0862317845,https://wa.me/0862317845,,https://www.facebook.com/BrigadaSiargao,Government office,"Q5J2+483, National Road, Consuelo, General Luna, 8419 Surigao del Norte",,https://lh3.googleusercontent.com/gps-cs-s/APNQkAGhMe-6U0iN-Z1ahaCx0bZNJo-JdVrs2MZFfoogKzKhVLCSXvzp74SdXsaqWcDD3Jrc6nSOiizm1r28GIQ526I-d2q87D68FaNEdocqyPjYsvkqlVcSU3ZhDJOSvTLIbFMrd88r=w2048-h1536-k-no,,,9.7802733,126.1508068,https://www.google.com/maps/place/Dapa-Consuelo-General+Luna+Tricycle+Operators+And+Drivers+Cooperative/data=!4m7!3m6!1s0x3303f63f13561e3f:0xeed1264b190fdca2!8m2!3d9.7802733!4d126.1508068!16s%2Fg%2F11bzvzs4ck!19sChIJPx5WEz_2AzMRotwPGUsm0e4?authuser=0&hl=en&rclk=1,"transportation in General Luna, Siargao & Surigao, Philippines",General Luna
Ebikes Siargao,4.4,(21),09764064082,https://wa.me/09764064082,,https://www.facebook.com/zennbikes,Car rental agency,"Back Road at Shapeshifter, General Luna, 8419 Surigao del Norte",https://www.rentalssiargao.com/,https://lh3.googleusercontent.com/gps-cs-s/APNQkAEOTm4uwPOEHxCgOrdGoAQRLwC4LZLkGrIu1q6SDHD5wpF7M8Hzcyo8JizhsvxeN8xmS2Yj0R4YJv5y2s22cQZys3LnLojjeXkNSfNB5NSi1LgzTWCJmSXBS7U3msk3ZQRxMvJO=w2048-h1536-k-no,,,9.8013312,126.158598,https://www.google.com/maps/place/Ebikes+Siargao/data=!4m7!3m6!1s0x3304094119ced2db:0xa75f9977d2de7f54!8m2!3d9.8013312!4d126.158598!16s%2Fg%2F11lf389dj4!19sChIJ29LOGUEJBDMRVH_e0neZX6c?authuser=0&hl=en&rclk=1,"scooter rental in General Luna, Siargao & Surigao, Philippines",General Luna
Happy Feet Siargao and Bike Rental,5.0,(29),09056558754,https://wa.me/09056558754,https://www.instagram.com/happyfeetsiargao,https://www.facebook.com/happyfeetsiargao,Motorcycle rental agency,"Siargao City, 8419 Surigao del Norte",,https://lh3.googleusercontent.com/gps-cs-s/APNQkAHKO9NGu4IpzLOXwo6tIRQL83sSzToXLQQBA6zNcUPqXq_otfrlHFtr9qIJc9QA8xgP30P9Qa4GRe6b67aMVV7Io5sS-cG72PQ_ued7byjbj9e_-8VIfiDE0LNm_DPHH9ltp2Iktg=w2048-h1536-k-no,,,9.8100445,126.1591099,https://www.google.com/maps/place/Happy+Feet+Siargao+and+Bike+Rental/data=!4m7!3m6!1s0x3304096d1f5f69a1:0xf9408175b6730e14!8m2!3d9.8100445!4d126.1591099!16s%2Fg%2F11x2tx7d06!19sChIJoWlfH20JBDMRFA5ztnWBQPk?authuser=0&hl=en&rclk=1,"scooter rental in General Luna, Siargao & Surigao, Philippines",General Luna
Cee Moto Rentals,4.9,(176),09617259493,https://wa.me/09617259493,https://www.instagram.com/ceemoto.iao,https://www.facebook.com/people,Scooter rental service,"CeeMoto Rental, Beside of Sparaiso Massage, Pangpang backroad, Siargao, 8419 Surigao del Norte",,https://lh3.googleusercontent.com/gps-cs-s/APNQkAFU8Qx8fsfEc5ikNA4y7PpeqrqWHaHzx6P_wqlFhGJSb6dHYIYw3QhtqpFHd_MD02iX9bQBuSPwxIiRL3ra_kpcV0q7RfT7vbuWQ7Y0ijytlxv9xPrb8pMrsfqFsylIao1zWfJxIE4udCU=w2048-h1536-k-no,,,9.796865,126.1572679,https://www.google.com/maps/place/Cee+Moto+Rentals/data=!4m7!3m6!1s0x3303f79f853c2acf:0x83c4216db52bd867!8m2!3d9.796865!4d126.1572679!16s%2Fg%2F11x2z22d00!19sChIJzyo8hZ_3AzMRZ9grtW0hxIM?authuser=0&hl=en&rclk=1,"scooter rental in General Luna, Siargao & Surigao, Philippines",General Luna
Siargao Motorbike Rentals,4.6,(90),09352272861,https://wa.me/09352272861,https://www.instagram.com/siargaomotorbikerental,https://www.facebook.com/profile.php?id=61573906883383,Scooter rental service,"Q5Q4+442, General Luna, Surigao del Norte",https://www.siargaomotorbikerentals.com/,https://lh3.googleusercontent.com/gps-cs-s/APNQkAFg6rofkZQX2gTxvE-KWK9VYFPfOffnlJGn_elsi0Y2B9dUFmigoynmVaPuHJZXDVIIOop73BNg-Miwou4eQsJl3R0odq53l-5R6gDcUM3NyqSko1Dm12XL9ugQUO3vk7CBjZsAvaXcXsy4=w2048-h1536-k-no,,,9.787806,126.15529,https://www.google.com/maps/place/Siargao+Motorbike+Rentals/data=!4m7!3m6!1s0x3303f700547f6f13:0xca3ef2330dc85ea0!8m2!3d9.787806!4d126.15529!16s%2Fg%2F11w3cjlbw3!19sChIJE29_VAD3AzMRoF7IDTPyPso?authuser=0&hl=en&rclk=1,"scooter rental in General Luna, Siargao & Surigao, Philippines",General Luna
Renta Gao (SIARGAO MOTORCYCLE RENTAL),4.8,(257),09535249658,https://wa.me/09535249658,https://www.instagram.com/renta.gao,https://www.facebook.com/profile.php?id=100086509365382,Motorcycle rental agency,"Old Road (Pang-Pang Back Road) Near Sparaiso Massage and Spa, Tourism Rd, Siargao, General Luna, Surigao del Norte",https://www.facebook.com/profile.php?id=100086509365382,https://lh3.googleusercontent.com/gps-cs-s/APNQkAFg6rofkZQX2gTxvE-KWK9VYFPfOffnlJGn_elsi0Y2B9dUFmigoynmVaPuHJZXDVIIOop73BNg-Miwou4eQsJl3R0odq53l-5R6gDcUM3NyqSko1Dm12XL9ugQUO3vk7CBjZsAvaXcXsy4=w2048-h1536-k-no,"Wheelchair accessible, Wheelchair accessible entrance, Accessible",,9.7969061,126.157284,https://www.google.com/maps/place/Renta+Gao+%28SIARGAO+MOTORCYCLE+RENTAL%29/data=!4m7!3m6!1s0x3303f791c0b88aa3:0x82ab802e838ac45f!8m2!3d9.7969061!4d126.157284!16s%2Fg%2F11shxl90qs!19sChIJo4q4wJH3AzMRX8SKgy6Aq4I?authuser=0&hl=en&rclk=1,"scooter rental in General Luna, Siargao & Surigao, Philippines",General Luna
La Cuacheros,5.0,(17),09178761680,https://wa.me/09178761680,https://www.instagram.com/lacuacheros,http://www.facebook.com/2008/fbml,Motorcycle rental agency,"General Luna, Surigao del Norte",https://www.lacuacheros.com/,https://lh3.googleusercontent.com/gps-cs-s/APNQkAGxh9cOUNSTkJuZoayJWAex5WBIHP2g-ek3i09hQNIbS1pIlPEsOatsMkILSLIprKJcAPECTfR7su4sMTTLtPhUKlEk6EI9cTkJBsaAFw1rrfJTGBqZzKkX28Iejol_EE0HgrUh6M92ihR1=w2048-h1536-k-no,,,9.7894371,126.1390747,https://www.google.com/maps/place/La+Cuacheros/data=!4m7!3m6!1s0x3303f70024a0341d:0xf5bd7746cdb0aa1b!8m2!3d9.7894371!4d126.1390747!16s%2Fg%2F11z0z3vsq8!19sChIJHTSgJAD3AzMRG6qwzUZ3vfU?authuser=0&hl=en&rclk=1,"scooter rental in General Luna, Siargao & Surigao, Philippines",General Luna
KanTwo-Wheels Zone Motorbike Rental,4.9,(86),09666932091,https://wa.me/09666932091,,https://www.facebook.com/share/1PZLVFkxWJ/?mibextid=wwXIfr,Motorcycle rental agency,"Poblacion 2, General Luna, 8419 Surigao del Norte",https://www.facebook.com/share/1PZLVFkxWJ/?mibextid=wwXIfr,https://lh3.googleusercontent.com/gps-cs-s/APNQkAEoCxRWKpMsBTJZpsefM7QbaAsg-C55n0vP2HaipJFwnuMN1CSa63Yl34f4D_rFaOGLZN4TH0qPsk6hoGpM6y60cJw-Q2QSl8ZGXxTjNmIFLB8lBXJxHHG-hotbpdJ1j56qi0MucgtVm8Q=w2048-h1536-k-no,,,9.7826336,126.1559883,https://www.google.com/maps/place/KanTwo-Wheels+Zone+Motorbike+Rental/data=!4m7!3m6!1s0x3303f7000af4ef17:0xd193250d053b5968!8m2!3d9.7826336!4d126.1559883!16s%2Fg%2F11vws7gdtr!19sChIJF-_0CgD3AzMRaFk7BQ0lk9E?authuser=0&hl=en&rclk=1,"scooter rental in General Luna, Siargao & Surigao, Philippines",General Luna
Cookie's Scooter Rentals,5.0,(3),09770870954,https://wa.me/09770870954,,https://www.facebook.com/ScootSiargao,Motorcycle rental agency,"Saging Saging Siargao Island, General Luna, 8419 Surigao del Norte",,https://lh3.googleusercontent.com/gps-cs-s/APNQkAHiu2jd2pK4Pm7f6GwilrMckSpztsiZ1tp9m4cfBJPPV04SWG2abSfETEW18tJvva0HdJPc91uKyNQmebc_Kiv2N7eAcdhYniMjJob80Lp-N8iVwAjksy6h9CRY_n6WlPkf4CSvHn8ueUpi=w2048-h1536-k-no,,,9.8055702,126.1602396,https://www.google.com/maps/place/Cookie%27s+Scooter+Rentals/data=!4m7!3m6!1s0x3304097dd49d31e7:0xb97c0092ce82b86f!8m2!3d9.8055702!4d126.1602396!16s%2Fg%2F11yrwstqjz!19sChIJ5zGd1H0JBDMRb7iCzpIAfLk?authuser=0&hl=en&rclk=1,"scooter rental in General Luna, Siargao & Surigao, Philippines",General Luna
Angelito's Car & Bike Rentals Siargao,4.9,(116),09953138930,https://wa.me/09953138930,https://www.instagram.com/angelitossiargao/?igsh=MXJ0MTZsMHg3Z3Bscg==&utm_source=qr,https://www.facebook.com/profile.php?id=100086486766852,Car rental agency,"Tourism Rd, General Luna, Surigao del Norte",https://angelitossiargao.com/,https://lh3.googleusercontent.com/gps-cs-s/APNQkAEuTnj7sDkB2-uewrtMWSaYFJZ-0Y6i45QgS66KuCdbMadfIyI2j0u-odKu70MWLiIDnXSjevW86v2gkYAixJYFkFy9ghS0jYWHojQI9Zzery2pdQFXDgfniYIogFckZHJ3vSMulN7q59ZV=w2048-h1536-k-no,,,9.780212,126.1501284,https://www.google.com/maps/place/Angelito%27s+Car+%26+Bike+Rentals+Siargao/data=!4m7!3m6!1s0x3303f7003610415d:0x3879796c02e4cb0c!8m2!3d9.780212!4d126.1501284!16s%2Fg%2F11y3nqr_q4!19sChIJXUEQNgD3AzMRDMvkAmx5eTg?authuser=0&hl=en&rclk=1,"scooter rental in General Luna, Siargao & Surigao, Philippines",General Luna
Palm Riders,5.0,(31),09457014440,https://wa.me/09457014440,https://www.instagram.com/palmriders.siargao,https://www.facebook.com/profile.php?id=61585650875574,Scooter rental service,"Blue Corner House, Barangay Pablacion 5, General Luna, 8419 Surigao del Norte",https://siargaoscooterrentals.com/,https://lh3.googleusercontent.com/gps-cs-s/APNQkAFB3uq0NMWaJ5EQHk5NUSOacIIzKpD_k4GiEB04OyT5bR5TQ3ss-krGpwYXlD_NtC2mDLk3x-qFnLf8EOdHQ8O_U6S32bjGmsqg-JAlA7lj-qOX0DKR-1peI1ErT1FNRN-kbFjxMSZft-M5=w2048-h1536-k-no,"Wheelchair accessible, Wheelchair accessible entrance, Accessible",,9.7852406,126.1573893,https://www.google.com/maps/place/Palm+Riders/data=!4m7!3m6!1s0x3303f7ffee172df7:0x9d6acb6f603b2468!8m2!3d9.7852406!4d126.1573893!16s%2Fg%2F11x8qmrnk2!19sChIJ9y0X7v_3AzMRaCQ7YG_Lap0?authuser=0&hl=en&rclk=1,"scooter rental in General Luna, Siargao & Surigao, Philippines",General Luna
Bridgestone Siargao (Motorbike and Car Rental),4.7,(46),09770776363,https://wa.me/09770776363,https://www.instagram.com/rentalsiargao,https://www.facebook.com/bridgestone.rental,Car rental agency,"Purok 5, Siargao, General Luna, Surigao del Norte",https://www.facebook.com/bridgestone.rental,https://lh3.googleusercontent.com/gps-cs-s/APNQkAFbF6YigKbNeE_nWS_G3PEzzhfacteFUfpgP2eROwPWiqjaECM8bryjFxKTje-VQlX9KOdTsVynqb7GY2UO2duZemAiwplC23Dg-kgpLHZwI4MxdMnhZo7kKFyc9qZZLoKWj1x4Lnm6nSqs=w2048-h1536-k-no,,,9.7860897,126.1555031,https://www.google.com/maps/place/Bridgestone+Siargao+%28Motorbike+and+Car+Rental%29/data=!4m7!3m6!1s0x3303f7bb4b67b3b5:0x47750cffb532dbd1!8m2!3d9.7860897!4d126.1555031!16s%2Fg%2F11tdnwb2w3!19sChIJtbNnS7v3AzMR0dsytf8MdUc?authuser=0&hl=en&rclk=1,"scooter rental in General Luna, Siargao & Surigao, Philippines",General Luna
Siargao Nomad Wheels,5.0,(2),09451889438,https://wa.me/09451889438,,https://www.facebook.com/profile.php,Motorcycle rental agency,"Tourism Rd, General Luna, 8419 Surigao del Norte",,https://lh3.googleusercontent.com/gps-cs-s/APNQkAGqtW7FbQPXzpSAhrfsutTBkJ5mWntQrGCkkhwTSVFs7YamH_RzWG2IowrD6eK9CKA_SRinBqybN8EZPlFH6zoUZ_kp-QyfWGPly2M72KF_8Ab91Q1gGTafdFUI0VW4G0TmBLGtywRJDR9Z=w2048-h1536-k-no,,,9.7911257,126.1618581,https://www.google.com/maps/place/Siargao+Nomad+Wheels/data=!4m7!3m6!1s0x3303f720f9e1ba0d:0xa617d6ef4e03fce!8m2!3d9.7911257!4d126.1618581!16s%2Fg%2F11zbgxfd1n!19sChIJDbrh-SD3AzMRzj_g9G59YQo?authuser=0&hl=en&rclk=1,"scooter rental in General Luna, Siargao & Surigao, Philippines",General Luna
TP Siargao Island Motorbike Rental,5.0,(4),09493629511,https://wa.me/09493629511,https://www.instagram.com/tpmotorsiargao,https://www.facebook.com/tpmotorsiargao,Scooter rental service,"Near gymnasium Purok 1, General Luna, 8419 Surigao del Norte",,https://lh3.googleusercontent.com/gps-cs-s/APNQkAHoFRvHiOW7OBKpdGfF2kEZbi4R7dyS1jn9kCAZJg9fUdg9Dy--ooogZkqWKM5TnmMUmTj9Nd8njyECcSRqRQA06f9K3ovCX2mIbmXaFlKhWngdxSR87_E8K5TIA99CPJUEXWpW=w2048-h1536-k-no,,,9.7815261,126.156154,https://www.google.com/maps/place/TP+Siargao+Island+Motorbike+Rental/data=!4m7!3m6!1s0x3303f736e0f2e56f:0x3ac18ee3f75d2094!8m2!3d9.7815261!4d126.156154!16s%2Fg%2F11t_tm4dqj!19sChIJb-Xy4Db3AzMRlCBd9-OOwTo?authuser=0&hl=en&rclk=1,"scooter rental in General Luna, Siargao & Surigao, Philippines",General Luna
Surf & Ride Siargao - Motorbike Rental,5.0,(8),09709553951,https://wa.me/09709553951,,https://www.facebook.com/61581327260920,Motorcycle rental agency,"Pob. 3 Tourism Rd, General Luna, Surigao del Norte",,https://lh3.googleusercontent.com/gps-cs-s/APNQkAH4IupbPQE5clpVasOwM8v5_ApU6C2mRors0c8Ubw4AwPY93ttJNrFYiUrQ6w3botxcKew1ygb31dsGs_Gz1kIuZjiYVeVnhaSPYsdcvSXqJZnHxlVNrypkoy9eFUaH01tc3oKeijFyvbv5=w2048-h1536-k-no,,,9.7848208,126.159032,https://www.google.com/maps/place/Surf+%26+Ride+Siargao+-+Motorbike+Rental/data=!4m7!3m6!1s0x3303f70002afb74d:0x2ed00dc70b259604!8m2!3d9.7848208!4d126.159032!16s%2Fg%2F11lylcxhvw!19sChIJTbevAgD3AzMRBJYlC8cN0C4?authuser=0&hl=en&rclk=1,"scooter rental in General Luna, Siargao & Surigao, Philippines",General Luna
Dapyakan RENTAL,5.0,(3),09369418917,https://wa.me/09369418917,,https://www.facebook.com/siargaopropertyforrent,Motorcycle rental agency,"Brgy, Catangnan, General Luna, 8419 Surigao del Norte",,https://lh3.googleusercontent.com/gps-cs-s/APNQkAEDlLlyzQ4y449xlGbpWTLy5ej0mrZ2SxN33GNyewSMU_qhGq5zKJE4h8J1ooC2zCTbemk1AoPyAoczqs25cKICldZk3-Ex32PLfpB4Sejk3Z_Iv-wEMu5qTfHcwhpdEAqGegVAo-Mm1n7C=w2048-h1536-k-no,,,9.799774,126.1577823,https://www.google.com/maps/place/Dapyakan+RENTAL/data=!4m7!3m6!1s0x3304096226ec63b7:0x2b1293f25abed720!8m2!3d9.799774!4d126.1577823!16s%2Fg%2F11vsvrz5dy!19sChIJt2PsJmIJBDMRINe-WvKTEis?authuser=0&hl=en&rclk=1,"scooter rental in General Luna, Siargao & Surigao, Philippines",General Luna
Siargao Rides Hub (Car & Motorcycle Rentals),5.0,(4),09292509359,https://wa.me/09292509359,https://www.instagram.com/siargao_rides_hub,https://www.facebook.com/siargaorideshub,Motorcycle rental agency,"Siargao Island, Purok 3 Tourism Rd, General Luna, 8419 Surigao del Norte",https://www.facebook.com/siargaorideshub,https://lh3.googleusercontent.com/gps-cs-s/APNQkAFg6rofkZQX2gTxvE-KWK9VYFPfOffnlJGn_elsi0Y2B9dUFmigoynmVaPuHJZXDVIIOop73BNg-Miwou4eQsJl3R0odq53l-5R6gDcUM3NyqSko1Dm12XL9ugQUO3vk7CBjZsAvaXcXsy4=w2048-h1536-k-no,,,9.7870134,126.1620581,https://www.google.com/maps/place/Siargao+Rides+Hub+%28Car+%26+Motorcycle+Rentals%29/data=!4m7!3m6!1s0x3303f784c63aa11f:0xab289f99e1e862f6!8m2!3d9.7870134!4d126.1620581!16s%2Fg%2F11x1g6ssrr!19sChIJH6E6xoT3AzMR9mLo4ZmfKKs?authuser=0&hl=en&rclk=1,"scooter rental in General Luna, Siargao & Surigao, Philippines",General Luna
Suroy Motorbike Rental,5.0,(1),09292539051,https://wa.me/09292539051,,https://www.facebook.com/61573906883383,Motorcycle rental agency,"Q5J3+W92, General Luna, Surigao del Norte",,https://lh3.googleusercontent.com/gps-cs-s/APNQkAGvTqQ8Ao4p-IfZY_EOpoPAetvYak6RU4gjpckQTjVxSsuYeKIDz7mTVg5FG81ra9H3bQrqsKvt9iVZMoUJZBW_sy1kHtUtqaMXFn3P2KkEBaOQTYh_RXWgKps0S7pU1lVZWRTC=w2048-h1536-k-no,,,9.782264,126.153405,https://www.google.com/maps/place/Suroy+Motorbike+Rental/data=!4m7!3m6!1s0x3303f7007957c6ad:0x7e0402ac70ba417b!8m2!3d9.782264!4d126.153405!16s%2Fg%2F11wjmgffj6!19sChIJrcZXeQD3AzMRe0G6cKwCBH4?authuser=0&hl=en&rclk=1,"scooter rental in General Luna, Siargao & Surigao, Philippines",General Luna
Firefly Siargao,5.0,(5),09660184105,https://wa.me/09660184105,https://www.instagram.com/fireflysiargao,https://www.facebook.com/FireflySiargao,Scooter rental service,"Malinao Rd, Purok 3, General Luna, 8419 Surigao del Norte",https://www.instagram.com/fireflysiargao,https://lh3.googleusercontent.com/gps-cs-s/APNQkAG2iRhyz5HD0yKklXz9cvuTsFNqWLVPIUM5wQK5CnjwtRTwLnT1X02bGOb-U4NJnPCCrEo68UHybaXbgptomC4hKkYEKUGQZgrh7w2eurlZOksmQjRuLcagV94NSqHW_ONHx8TZ=w2048-h1536-k-no,,,9.7719013,126.1258228,https://www.google.com/maps/place/Firefly+Siargao/data=!4m7!3m6!1s0x3303f7ad83c97abd:0xd6cd5d34b3324a4b!8m2!3d9.7719013!4d126.1258228!16s%2Fg%2F11lnhhg_sg!19sChIJvXrJg633AzMRS0oyszRdzdY?authuser=0&hl=en&rclk=1,"scooter rental in General Luna, Siargao & Surigao, Philippines",General Luna
D&V Scooter Rentals IAO,5.0,(2),09454793034,https://wa.me/09454793034,,https://www.facebook.com/VroomVroomNiDondon,Scooter rental service,"Tourism Rd, Bry Catangnan, General Luna Surigao, 8419 Surigao del Norte",,https://streetviewpixels-pa.googleapis.com/?cb_client,,,9.7966569,126.1603034,https://www.google.com/maps/place/D%26V+Scooter+Rentals+IAO/data=!4m7!3m6!1s0x330409e513e505f7:0x19770743fc545f09!8m2!3d9.7966569!4d126.1603034!16s%2Fg%2F11njbvfgjh!19sChIJ9wXlE-UJBDMRCV9U_EMHdxk?authuser=0&hl=en&rclk=1,"scooter rental in General Luna, Siargao & Surigao, Philippines",General Luna
Bonjoi Motorbike Rentals,5.0,(2),09562248578,https://wa.me/09562248578,,https://www.facebook.com/siargaomotorbikerental,Motorcycle rental agency,"Q5R5+JCP, Poblacion V (Purok V), General Luna, Surigao del Norte",,https://lh3.googleusercontent.com/gps-cs-s/APNQkAFg6rofkZQX2gTxvE-KWK9VYFPfOffnlJGn_elsi0Y2B9dUFmigoynmVaPuHJZXDVIIOop73BNg-Miwou4eQsJl3R0odq53l-5R6gDcUM3NyqSko1Dm12XL9ugQUO3vk7CBjZsAvaXcXsy4=w2048-h1536-k-no,,,9.7915916,126.1585714,https://www.google.com/maps/place/Bonjoi+Motorbike+Rentals/data=!4m7!3m6!1s0x3303f7448359869b:0x1c8e566dc088fdd3!8m2!3d9.7915916!4d126.1585714!16s%2Fg%2F11y23k5s5d!19sChIJm4ZZg0T3AzMR0_2IwG1Wjhw?authuser=0&hl=en&rclk=1,"scooter rental in General Luna, Siargao & Surigao, Philippines",General Luna
DS Scooter motorbike rentals,5.0,(2),09655465197,https://wa.me/09655465197,,https://www.facebook.com/siargaomotorbikerental,Scooter rental service,"Tourism Rd, Brgy 5, General Luna, 8419 Surigao del Norte",,https://lh3.googleusercontent.com/gps-cs-s/APNQkAFO4v5jynsyDY0w5_YbThwAGwYzgpRgzl8QAPyQYK0BzM9yE22S8NwrZ-SRGiqad9_Q8otvJAM6yMLZvSLEqJmlRFdpr9F5UnGP2jmAl4ZFXIbblauRXLxW0a2Zsx40ysp3Nl6pLh99ZJM=w2048-h1536-k-no,"Wheelchair accessible, Wheelchair accessible entrance, Accessible",,9.7898405,126.1617836,https://www.google.com/maps/place/DS+Scooter+motorbike+rentals/data=!4m7!3m6!1s0x3303f799e91cc8a1:0xcc613b8fa0d44961!8m2!3d9.7898405!4d126.1617836!16s%2Fg%2F11zhpn2d_y!19sChIJocgc6Zn3AzMRYUnUoI87Ycw?authuser=0&hl=en&rclk=1,"scooter rental in General Luna, Siargao & Surigao, Philippines",General Luna
VroomVroom Ni Dondon,5.0,(78),09361203453,https://wa.me/09361203453,,https://www.facebook.com/VroomVroomNiDondon,Scooter rental service,"Backroad Barangay Catangnan near Tropical Temple, General Luna, 8419 Surigao del Norte",https://www.facebook.com/VroomVroomNiDondon,https://lh3.googleusercontent.com/gps-cs-s/APNQkAELLsxczZDom3ka9tdYEsUtpz4QZqKDNV4VzhAMmnqxQ1CebblK4Ry14LU10n4f-wUutDgBxkqr5f-VCz6FkGV3ZZBM8M9QmxkGbW84DqazkQ_L3nvMqKUVokdFkorHCLkjzVwLF_1n_dc=w2048-h1536-k-no,,,9.8015372,126.1586809,https://www.google.com/maps/place/VroomVroom+Ni+Dondon/data=!4m7!3m6!1s0x3304095df7a38819:0x9e1f791953498fd8!8m2!3d9.8015372!4d126.1586809!16s%2Fg%2F11yd7xk6vs!19sChIJGYij910JBDMR2I9JUxl5H54?authuser=0&hl=en&rclk=1,"scooter rental in General Luna, Siargao & Surigao, Philippines",General Luna
Siargao Motorbike Rental-sayak,5.0,(2),09950117791,https://wa.me/09950117791,,https://www.facebook.com/siargaomotorbikerentalsayak,Motorcycle dealer,"Poblacion V (Purok V), General Luna, 8418 Surigao del Norte",,https://lh3.googleusercontent.com/gps-cs-s/APNQkAHJPTrZj5JzuumkRJP6WhleFS9uu0GZ2fJa3SROM_u_SsG0MDgOP38FPfoyoj8qQZhKoOg00rSzBsB8ztlr3jmnsTT21Z45101iMPExeaLqpiUgw4TirRLrf0Y28VTa8cDNZUgP=w2048-h1536-k-no,,,9.7889652,126.1609628,https://www.google.com/maps/place/Siargao+Motorbike+Rental-sayak/data=!4m7!3m6!1s0x3303f7393a6b357f:0x8cf94e7c694431f4!8m2!3d9.7889652!4d126.1609628!16s%2Fg%2F11l1y1g3kh!19sChIJfzVrOjn3AzMR9DFEaXxO-Yw?authuser=0&hl=en&rclk=1,"scooter rental in General Luna, Siargao & Surigao, Philippines",General Luna
Rom's Motor Rental,4.7,(14),09451940855,https://wa.me/09451940855,,,Motorcycle rental agency,"Beside Mad Monkey, Tourism Rd, General Luna, 8419 Surigao del Norte",,https://lh3.googleusercontent.com/gps-cs-s/APNQkAHmMCNiYD9zvadkw0h5GywPfXTNxWfhGkmF0G-ddBkACUEUj4JWk22ZjG-oPwPj4hVsmkhjR410nDZs7kPT2C2xs9CdoOO4O4RYmE9Edc_0OVfxEpGMcWTLlZ2nmXSmZIEFFaAe--iZbwab=w2048-h1536-k-no,,,9.810105,126.1589507,https://www.google.com/maps/place/Rom%27s+Motor+Rental/data=!4m7!3m6!1s0x330409bb1dd4888f:0x4510316a7a9949b2!8m2!3d9.810105!4d126.1589507!16s%2Fg%2F11v_8r5zgh!19sChIJj4jUHbsJBDMRskmZemoxEEU?authuser=0&hl=en&rclk=1,"scooter rental in General Luna, Siargao & Surigao, Philippines",General Luna
Gwyn Motorbike Rental Siargao (Registered),4.5,(20),09952345126,https://wa.me/09952345126,https://www.instagram.com/gwyn_motorbike_rental,https://www.facebook.com/61573906883383,Car rental agency,"General Luna, Surigao del Norte",,https://lh3.googleusercontent.com/gps-cs-s/APNQkAHQn-2QfwuyNcby5U6SAdWpoT8_16rMLh2oOi81osA6TdWu9iNmxDn2EG-O8ibG32vigSAt3sB94Z0FfvjnTMVMM227CXYJeSpAUU1kdIWiv_kghkeNS17uPlY4eJv9GY8mRAPEr9wdP6YV=w2048-h1536-k-no,,,9.8072823,126.1600627,https://www.google.com/maps/place/Gwyn+Motorbike+Rental+Siargao+%28Registered%29/data=!4m7!3m6!1s0x33040900139a6761:0xcbd590522256b621!8m2!3d9.8072823!4d126.1600627!16s%2Fg%2F11lw2brs7k!19sChIJYWeaEwAJBDMRIbZWIlKQ1cs?authuser=0&hl=en&rclk=1,"scooter rental in General Luna, Siargao & Surigao, Philippines",General Luna
Back Road Motorbike Rental-GL,4.9,(17),09389817974,https://wa.me/09389817974,,https://www.facebook.com/elmersaladojr,Scooter rental service,"Sta. Ines, Tourism Rd, Surigao City, 8419 Surigao del Norte",https://www.facebook.com/elmersaladojr,https://lh3.googleusercontent.com/gps-cs-s/APNQkAEzzmvJYSyyx4h9LPRKOlbETGjbajEuOD8tCBGLAWYzRmmekuNvF5SRwPHzcJeOHqWCLZNGj8nWXo73Ak9MD4ktvOZUBYsXIjkzDRbIbrifRGuqjfflCdtdC3BJJYwImkzjnBHcxQ=w2048-h1536-k-no,,,9.7920741,126.1544998,https://www.google.com/maps/place/Back+Road+Motorbike+Rental-GL/data=!4m7!3m6!1s0x330409084b86b37f:0x65b288f0057577bc!8m2!3d9.7920741!4d126.1544998!16s%2Fg%2F11vpvdkyg6!19sChIJf7OGSwgJBDMRvHd1BfCIsmU?authuser=0&hl=en&rclk=1,"scooter rental in General Luna, Siargao & Surigao, Philippines",General Luna
Pangpang scooter rental,4.2,(21),09175100782,https://wa.me/09175100782,,https://www.facebook.com/siargaomotorbikerental,Scooter rental service,"General Luna, Surigao del Norte",,https://lh3.googleusercontent.com/gps-cs-s/APNQkAHTJCVSLu5inNFn5yglf2v2UrrxIjFKMPyGkdengm8alINapWnprTi41wlJi08ifIej0F7FYqAzEeMtxKd-86FnL14HxV1IEkxn5S3QBboE0NwNK0zstZl_eKYWK9382RmHB9OK=w2048-h1536-k-no,,,9.7990625,126.1575625,https://www.google.com/maps/place/Pangpang+scooter+rental/data=!4m7!3m6!1s0x3304090047d34a39:0x8971ff94844ccbbf!8m2!3d9.7990625!4d126.1575625!16s%2Fg%2F11vy6j5h1w!19sChIJOUrTRwAJBDMRv8tMhJT_cYk?authuser=0&hl=en&rclk=1,"scooter rental in General Luna, Siargao & Surigao, Philippines",General Luna
Vagabond Rentals,5.0,(13),09623585447,https://wa.me/09623585447,https://instagram.com/Siargao_events,https://www.facebook.com/61558404321509,Scooter rental service,"Tourism Rd, General Luna, 8419 Surigao del Norte",https://siargaoevents.com/c/cmb4n6ve20000l7044zcy07i7,https://lh3.googleusercontent.com/gps-cs-s/APNQkAHOD0q3rVAhbIV_wljgZo1Tf22LbnCvNoHIktokPGnoTMcNsKkMCbV_RsWGiq8a3gn0lAPLh5tAp2EAWGItC9GRqp1RQCwnJ6H77R7eWAoXYOMbcOukpBvSiaSH7U2-EqoeJXexXQpSLzSj=w2048-h1536-k-no,,,9.8081244,126.1631318,https://www.google.com/maps/place/Vagabond+Rentals/data=!4m7!3m6!1s0x3303f7450a5c10f3:0x8b03b258dcbf5b9a!8m2!3d9.8081244!4d126.1631318!16s%2Fg%2F11xs87h85m!19sChIJ8xBcCkX3AzMRmlu_3FiyA4s?authuser=0&hl=en&rclk=1,"scooter rental in General Luna, Siargao & Surigao, Philippines",General Luna
Paolo Motorbike Rental,5.0,(5),09603785548,https://wa.me/09603785548,,https://www.facebook.com/people,Motorcycle rental agency,"Across old Building Of MDMC, Brgy. 4, General Luna, 8419 Surigao del Norte",,https://lh3.googleusercontent.com/gps-cs-s/APNQkAEzzmvJYSyyx4h9LPRKOlbETGjbajEuOD8tCBGLAWYzRmmekuNvF5SRwPHzcJeOHqWCLZNGj8nWXo73Ak9MD4ktvOZUBYsXIjkzDRbIbrifRGuqjfflCdtdC3BJJYwImkzjnBHcxQ=w2048-h1536-k-no,,,9.7842676,126.1558963,https://www.google.com/maps/place/Paolo+Motorbike+Rental/data=!4m7!3m6!1s0x330409ae91b187f7:0x5c5bc1e4c1962a4d!8m2!3d9.7842676!4d126.1558963!16s%2Fg%2F11y3d5vmqp!19sChIJ94exka4JBDMRTSqWweTBW1w?authuser=0&hl=en&rclk=1,"scooter rental in General Luna, Siargao & Surigao, Philippines",General Luna
Meckoy Motorbikes/Bikes Rental And Tours,5.0,(7),09668019468,https://wa.me/09668019468,,https://www.facebook.com/Meckoys-Siargao-Tours-1944630349179096,Motorcycle rental agency,"Purok 5, General Luna, 8419 Surigao del Norte",,https://lh3.googleusercontent.com/gps-cs-s/APNQkAGMZMvCH1hf9SXb3mO4eP9SrdALNvn5yL5Q6YOnVsKGQORhJGoRen7r20qZPUAgYBT34wsPnwzavQyS5ScV0lMhLNLF_HE6S90sEKen-xjr6PuE3AuW8wuUCqEV4FO56OXzULiU=w2048-h1536-k-no,,,9.7906626,126.161705,https://www.google.com/maps/place/Meckoy+Motorbikes%2FBikes+Rental+And+Tours/data=!4m7!3m6!1s0x3303f61b987e37ef:0x9b111c70f184e093!8m2!3d9.7906626!4d126.161705!16s%2Fg%2F11f3qx1gn4!19sChIJ7zd-mBv2AzMRk-CE8XAcEZs?authuser=0&hl=en&rclk=1,"scooter rental in General Luna, Siargao & Surigao, Philippines",General Luna
Furiousa Scooter rent,5.0,(2),09542760371,https://wa.me/09542760371,,https://www.facebook.com/sunnycloudsiargao,Scooter rental service,"Besides Suyog Space suites, Poblacion 5, General Luna, Siargao, Siargao Island, 8419 Surigao del Norte",,https://lh3.googleusercontent.com/gps-cs-s/APNQkAFm5UlZPA3qJCxYX0VexALYYodfW6z9CHZbzIV0uE272g6gSxV3bQFkcy6VGHD-ykWOK2jpXFzhodY7r79B7e56nt3gPYiQld_OLAKB-At4hOBRGE1gdDcKlFshm4XvxUX_pv67KW-mZn5b=w2048-h1536-k-no,,,9.7868164,126.1568896,https://www.google.com/maps/place/Furiousa+Scooter+rent/data=!4m7!3m6!1s0x3303f7dd50e5aba3:0xced7400ad8b69190!8m2!3d9.7868164!4d126.1568896!16s%2Fg%2F11mf6w1y61!19sChIJo6vlUN33AzMRkJG22ApA184?authuser=0&hl=en&rclk=1,"scooter rental in General Luna, Siargao & Surigao, Philippines",General Luna
CJG Motorcycle Rental,5.0,(2),09464746566,https://wa.me/09464746566,,https://www.facebook.com/siargaomotorbikerental,Motorcycle rental agency,"Poblacion 05, General Luna, 8419 Surigao del Norte",,https://lh3.googleusercontent.com/gps-cs-s/APNQkAGYMhVc-C1pGcE_RNuYJWPiVPBFwj73FGyT1Cf1Btd8T5aijwF4hLIyKdVLwbqE8X1V_BxCTp9Pe9_FVwDo8x8Vg-lgt985xnsP_A-E10P0owqm-p8TXzL8Mehg-yDcCOCfUUvu=w2048-h1536-k-no,,,9.7892358,126.1596623,https://www.google.com/maps/place/CJG+Motorcycle+Rental/data=!4m7!3m6!1s0x330409a485939eab:0x8fbdd95fe8ff4727!8m2!3d9.7892358!4d126.1596623!16s%2Fg%2F11vyvn3hgk!19sChIJq56ThaQJBDMRJ0f_6F_ZvY8?authuser=0&hl=en&rclk=1,"scooter rental in General Luna, Siargao & Surigao, Philippines",General Luna
Joyridesiargao,5.0,(1),09150479803,https://wa.me/09150479803,,https://www.facebook.com/iaosunshine,Scooter rental service,"R534+JWC Siargao, Riptide, Catangnan, General Luna, 8419 Surigao del Norte",,https://lh3.googleusercontent.com/gps-cs-s/APNQkAEIt_TZ9q-f2DpFR4G53HtwWQHJGw8QWwowBvt1VdOMv138amDkD1fBFBlDl6NuFOLCGRpPRPGY_TmByzmSgu4tSL8AliajSCV9Jz7YmbCaMUJGHryuCoedqLDmKBBI=w2048-h1536-k-no,,,9.8040509,126.1572559,https://www.google.com/maps/place/Joyridesiargao/data=!4m7!3m6!1s0x33040988cab17feb:0x7e1c2c53f180698c!8m2!3d9.8040509!4d126.1572559!16s%2Fg%2F11k9szcjdy!19sChIJ63-xyogJBDMRjGmA8VMsHH4?authuser=0&hl=en&rclk=1,"scooter rental in General Luna, Siargao & Surigao, Philippines",General Luna
Conte motorbike rental,5.0,(1),09489735468,https://wa.me/09489735468,,https://www.facebook.com/61573906883383,Motorcycle rental agency,"Q5M3+5PJ, General Luna, Surigao del Norte",,https://lh3.googleusercontent.com/gps-cs-s/APNQkAFVfW-IyPfifPXGPIZMr8XxbWxE5Bpvs6P7gYptUUOmMa1Ie-bDI1uvDogHYUuUarnQPyDUerZiLXw1XE4ZWu22UeXoqufjcvtd6wgLk5v_uWTxbRX8CxRUxRjQay0ZjFGJAwdX5g=w2048-h1536-k-no,,,9.7829653,126.154254,https://www.google.com/maps/place/Conte+motorbike+rental/data=!4m7!3m6!1s0x3303f77e274d90d5:0x4401b510c0050851!8m2!3d9.7829653!4d126.154254!16s%2Fg%2F11mqwklfp4!19sChIJ1ZBNJ373AzMRUQgFwBC1AUQ?authuser=0&hl=en&rclk=1,"scooter rental in General Luna, Siargao & Surigao, Philippines",General Luna
Wenden motor bike rental,4.0,(4),,,,https://www.facebook.com/61573906883383,Scooter rental service,"Q5J4+XCV, General Luna, Surigao del Norte",,https://lh3.googleusercontent.com/gps-cs-s/APNQkAFVfW-IyPfifPXGPIZMr8XxbWxE5Bpvs6P7gYptUUOmMa1Ie-bDI1uvDogHYUuUarnQPyDUerZiLXw1XE4ZWu22UeXoqufjcvtd6wgLk5v_uWTxbRX8CxRUxRjQay0ZjFGJAwdX5g=w2048-h1536-k-no,,,9.7824925,126.1559143,https://www.google.com/maps/place/Wenden+motor+bike+rental/data=!4m7!3m6!1s0x3303f7005ce003f3:0xdd40c0d6918c3708!8m2!3d9.7824925!4d126.1559143!16s%2Fg%2F11vsbjgcg9!19sChIJ8wPgXAD3AzMRCDeMkdbAQN0?authuser=0&hl=en&rclk=1,"scooter rental in General Luna, Siargao & Surigao, Philippines",General Luna
RideWise Moto Rentals,5.0,(1),,,,https://www.facebook.com/ridewise.moto.rentals,Motorcycle rental agency,"san sebastian St, Purok 1, General Luna, 8419 Surigao del Norte",,https://lh3.googleusercontent.com/gps-cs-s/APNQkAGVJab4dhgdoJbSHn4kuJXP9UDEdwpZzTUcAXP8Q-OrNzi6uNWfFToz029USHxmJh9dCnPp9N0uDuBPoSr6sOI9X24d_W6ZI0fWPL236W3QjaJZu1jRiF1M28xxgpxBMUMkBT5W=w2048-h1536-k-no,,,9.7826779,126.1543765,https://www.google.com/maps/place/RideWise+Moto+Rentals/data=!4m7!3m6!1s0x3303f763fbd21b1b:0x73c80b29367a3f6!8m2!3d9.7826779!4d126.1543765!16s%2Fg%2F11lf4g2qk4!19sChIJGxvS-2P3AzMR9qNnk7KAPAc?authuser=0&hl=en&rclk=1,"scooter rental in General Luna, Siargao & Surigao, Philippines",General Luna
L'Sevilla Vehicle Rental Siargao,5.0,(2),09456784306,https://wa.me/09456784306,,https://www.facebook.com/profile.php,Car rental agency,"Purok 5, Poblacion, General Luna, 8419 Surigao del Norte",,https://lh3.googleusercontent.com/gps-cs-s/APNQkAHe9dzrgROzKOTsQsXSEK29pEcaDQ6u21lBlodQ-zTof1h8P1jNPWC0PwnKMmUfqWEPvsRl0bDXDECtq-_8xNl3ozlyKALZGJSffWoYA32NvxMeQ7cC8yd7GWpwtiryRfyuHw1n3WweeI5K=w2048-h1536-k-no,,,9.7875313,126.1563911,https://www.google.com/maps/place/L%27Sevilla+Vehicle+Rental+Siargao/data=!4m7!3m6!1s0x3303f71506021b83:0x4d1100766acb681c!8m2!3d9.7875313!4d126.1563911!16s%2Fg%2F11n4481sy7!19sChIJgxsCBhX3AzMRHGjLanYAEU0?authuser=0&hl=en&rclk=1,"scooter rental in General Luna, Siargao & Surigao, Philippines",General Luna
Ride away motorbike rental,5.0,(125),09770044936,https://wa.me/09770044936,,https://www.facebook.com/61565082565805,Scooter rental service,"purok 4 sta. fe, General Luna, 8419 Surigao del Norte",,https://lh3.googleusercontent.com/gps-cs-s/APNQkAGNI-mLWMQAMF00rcvGWntD0XPMKkQ-hsNJIqJap5XK0glGAcud34rM2VHk7tGBmXITuE2XoSaMdFrygJ9_GCVT7IpWwmJcTn2j2jKDXZVLz2hJzIgEbFgzS5iEDHdESOth0S5i=w2048-h1536-k-no,,,9.8393765,126.1315868,https://www.google.com/maps/place/Ride+away+motorbike+rental/data=!4m7!3m6!1s0x330409c4981a29bd:0x24416d2912ce68ce!8m2!3d9.8393765!4d126.1315868!16s%2Fg%2F11vq66hmrt!19sChIJvSkamMQJBDMRzmjOEiltQSQ?authuser=0&hl=en&rclk=1,"scooter rental in General Luna, Siargao & Surigao, Philippines",General Luna
E-Scooters by Tawhay,4.0,(3),,,https://www.instagram.com/tawhaysiargao/,https://m.facebook.com/p/Tawhay-Siargao-100091459158564/,Electric bicycle store,"Sitio Sta. Ines, Old Tourism Rd, Catangnan, General Luna, 8419 Surigao del Norte",https://www.tawhaysiargao.com/escooter-booking,https://lh3.googleusercontent.com/gps-cs-s/APNQkAEOTm4uwPOEHxCgOrdGoAQRLwC4LZLkGrIu1q6SDHD5wpF7M8Hzcyo8JizhsvxeN8xmS2Yj0R4YJv5y2s22cQZys3LnLojjeXkNSfNB5NSi1LgzTWCJmSXBS7U3msk3ZQRxMvJO=w2048-h1536-k-no,,,9.8020364,126.1582539,https://www.google.com/maps/place/E-Scooters+by+Tawhay/data=!4m7!3m6!1s0x330409ad60498b8d:0x9d786021f477181c!8m2!3d9.8020364!4d126.1582539!16s%2Fg%2F11y30_rvfq!19sChIJjYtJYK0JBDMRHBh39CFgeJ0?authuser=0&hl=en&rclk=1,"convenience store in General Luna, Siargao & Surigao, Philippines",General Luna
TLShaw Homestay,5.0,(92),,,,https://www.facebook.com/tlshawhomestay,,"Q5P4+P8W, Tourism Rd, General Luna, Surigao del Norte",,https://lh3.googleusercontent.com/gps-cs-s/APNQkAE6CAgU1zqsm0hayVmtAGtkXBQTZTutNG7RgUCgd_QDCNSAnGG0pzlrQJgcdytaB67ufzqHQYGUA0s_CQkE3OvM2XH6UiAWrGu5ovfWTxgS3aqWBc1bn6ppYCvM0tgXSLRT7Qc=w2048-h1536-k-no,,,9.786865,126.155827,https://www.google.com/maps/place/TLShaw+Homestay/data=!4m7!3m6!1s0x3303f7f6ef5e5877:0x295ec32bccd1e8ae!8m2!3d9.786865!4d126.155827!16s%2Fg%2F11j1fhf8kk!19sChIJd1he7_b3AzMRrujRzCvDXik?authuser=0&hl=en&rclk=1,"scooter rental in General Luna, Siargao & Surigao, Philippines",General Luna
Petron General Luna,3.9,(56),929 453 5621,https://wa.me/9294535621,,,Gas station  Q5P4+R46Closed  Opens 6 AM,0929 453 5621,,,,,9.7870424,126.1552629,https://www.google.com/maps/place/Petron+General+Luna/data=!4m7!3m6!1s0x3303f617ef4e0129:0x10bee17fbf15b403!8m2!3d9.7870424!4d126.1552629!16s%2Fg%2F11ggh6_0_2!19sChIJKQFO7xf2AzMRA7QVv3_hvhA?authuser=0&hl=en&rclk=1,"gas station in General Luna, Siargao & Surigao, Philippines",General Luna
nissi 24h gas station,4.9,(7),,,,,,,,,,,9.7893988,126.1542718,https://www.google.com/maps/place/nissi+24h+gas+station/data=!4m7!3m6!1s0x3303f7002dd1220d:0x5d985c49cd3d9510!8m2!3d9.7893988!4d126.1542718!16s%2Fg%2F11vz53cmwk!19sChIJDSLRLQD3AzMREJU9zUlcmF0?authuser=0&hl=en&rclk=1,"gas station in General Luna, Siargao & Surigao, Philippines",General Luna
Full Tank Fuel Station,4.3,(6),,,,,,,,,,,9.8106861,126.165298,https://www.google.com/maps/place/Full+Tank+Fuel+Station/data=!4m7!3m6!1s0x330409314cb812fb:0xe877c6bcbb32b3ca!8m2!3d9.8106861!4d126.165298!16s%2Fg%2F11k3pjk96w!19sChIJ-xK4TDEJBDMRyrMyu7zGd-g?authuser=0&hl=en&rclk=1,"gas station in General Luna, Siargao & Surigao, Philippines",General Luna
Euronet ATM,5.0,(1),,,,,ATM  Siargao Airport LunaOpen,,https://www.euronetatms.ph/,,,,9.857175,126.015442,https://www.google.com/maps/place/Euronet+ATM/data=!4m7!3m6!1s0x330407002b250297:0x7d6f0eef47ef1792!8m2!3d9.857175!4d126.015442!16s%2Fg%2F11y8gqmz6w!19sChIJlwIlKwAHBDMRkhfvR-8Ob30?authuser=0&hl=en&rclk=1,"atm in Siargao, Siargao & Surigao, Philippines",Siargao
BDO ATM,5.0,(1),,,,,ATM  Q3HF+FM3Open,,,,,,9.7786331,126.0740748,https://www.google.com/maps/place/BDO+ATM/data=!4m7!3m6!1s0x3303f90076066705:0x979039e3182b71d!8m2!3d9.7786331!4d126.0740748!16s%2Fg%2F11x8vtbztj!19sChIJBWcGdgD5AzMRHbeCMZ4DeQk?authuser=0&hl=en&rclk=1,"atm in Siargao, Siargao & Surigao, Philippines",Siargao
ATM DBP,4.0,(2),,,,,ATM  Q352+3F2Open,,,,,,9.7576292,126.0511268,https://www.google.com/maps/place/ATM+DBP/data=!4m7!3m6!1s0x3303f9a158de5bf7:0x38a7ae62af6c84ad!8m2!3d9.7576292!4d126.0511268!16s%2Fg%2F11c0rgp7db!19sChIJ91veWKH5AzMRrYRsr2Kupzg?authuser=0&hl=en&rclk=1,"atm in Siargao, Siargao & Surigao, Philippines",Siargao
ATM Easwest Rural Bank,4.0,(1),,,,,,,,,,,9.7561282,126.0500617,https://www.google.com/maps/place/ATM+Easwest+Rural+Bank/data=!4m7!3m6!1s0x3303f9a19fb269fb:0x600494a280a5ce8f!8m2!3d9.7561282!4d126.0500617!16s%2Fg%2F11c0rc0ryl!19sChIJ-2myn6H5AzMRj86lgKKUBGA?authuser=0&hl=en&rclk=1,"atm in Siargao, Siargao & Surigao, Philippines",Siargao
Siargao Airport,3.5,(659),912 997 2777,https://wa.me/9129972777,,,Airport    Barangay Sayak 8418 Siargao Circumferential Rd,0912 997 2777,https://www.visitdelcarmen.com/siargao-airport/,,,,9.8567271,126.0159734,https://www.google.com/maps/place/Siargao+Airport/data=!4m7!3m6!1s0x330406da7cad4d5b:0x85711d19a145d9d!8m2!3d9.8567271!4d126.0159734!16zL20vMGYyODNk!19sChIJW02tfNoGBDMRnV0UmtERVwg?authuser=0&hl=en&rclk=1,"transportation in Siargao, Siargao & Surigao, Philippines",Siargao
Development Bank of the Philippines ATM,4.0,(1),,,,,,,,,,,9.791697,125.493913,https://www.google.com/maps/place/Development+Bank+of+the+Philippines+ATM/data=!4m7!3m6!1s0x330136bb432946d5:0x3abfe9a327d48c08!8m2!3d9.791697!4d125.493913!16s%2Fg%2F1pzq007k2!19sChIJ1UYpQ7s2ATMRCIzUJ6Ppvzo?authuser=0&hl=en&rclk=1,"atm in Siargao, Siargao & Surigao, Philippines",Siargao
DBP Siargao,5.0,(2),,,,,,,,,,,9.7576596,126.0508659,https://www.google.com/maps/place/DBP+Siargao/data=!4m7!3m6!1s0x3303f9a15beb0281:0x44cdc21c3cc883c4!8m2!3d9.7576596!4d126.0508659!16s%2Fg%2F11c6cwtm0q!19sChIJgQLrW6H5AzMRxIPIPBzCzUQ?authuser=0&hl=en&rclk=1,"bank in Siargao, Siargao & Surigao, Philippines",Siargao
JM Siargao Motorbike Rental Airport,4.9,(38),916 690 3045,https://wa.me/9166903045,,,Motorcycle rental agency  BrgyOpen,,,,,,9.8574546,126.0163548,https://www.google.com/maps/place/JM+Siargao+Motorbike+Rental+Airport/data=!4m7!3m6!1s0x330407884ff29ac7:0xb1d0fd90afee1a02!8m2!3d9.8574546!4d126.0163548!16s%2Fg%2F11z2k9vtrw!19sChIJx5ryT4gHBDMRAhrur5D90LE?authuser=0&hl=en&rclk=1,"scooter rental in Siargao, Siargao & Surigao, Philippines",Siargao
Siargao rose bike & car rental,4.9,(610),916 282 0491,https://wa.me/9162820491,,,Motorcycle rental agency    Sayak AirportOpen,,https://wa.me/+639162820491,,,,9.8577643,126.016879,https://www.google.com/maps/place/Siargao+rose+bike+%26+car+rental/data=!4m7!3m6!1s0x3304070034accfc3:0xd3b8d5fe7a8b8001!8m2!3d9.8577643!4d126.016879!16s%2Fg%2F11vs4x6l9p!19sChIJw8-sNAAHBDMRAYCLev7VuNM?authuser=0&hl=en&rclk=1,"scooter rental in Siargao, Siargao & Surigao, Philippines",Siargao
M Lhuillier - Del Carmen,4.0,(3),947 999 0337,https://wa.me/9479990337,,,Financial institution    Siargao Circumferential RdClosed  Opens 8 AM,0947 999 0337,https://mlhuillier.com/,,,,9.8857168,126.0136363,https://www.google.com/maps/place/M+Lhuillier+-+Del+Carmen/data=!4m7!3m6!1s0x330406a61bcbdd77:0x7ce27377fd2cc5b6!8m2!3d9.8857168!4d126.0136363!16s%2Fg%2F11b6c5qxb1!19sChIJd93LG6YGBDMRtsUs_Xdz4nw?authuser=0&hl=en&rclk=1,"currency exchange in Siargao, Siargao & Surigao, Philippines",Siargao
Isla Satori Massage,5.0,(8),09150452253,https://wa.me/09150452253,,https://www.facebook.com/pacifico8421,Spa,"Purok 1, Pacifico, San Isidro, 8421 Surigao del Norte",,https://lh3.googleusercontent.com/gps-cs-s/APNQkAE2FIvVTiAIH7Wa9PvhqIexVNAQX-GLhasnjuJM5y4PMJorXFdsEDUYDFYOXITsdQppioyGJZVlRYmi5cQsjo-Xx-NzlrmQWygRPukkeXXdBjaolC_s-FE5TGrTCWgZdc3tFdknPwOutEXn=w2048-h1536-k-no,,,9.9475699,126.1014919,https://www.google.com/maps/place/Isla+Satori+Massage/data=!4m7!3m6!1s0x33040f94505b6a4b:0x32f3323648d90440!8m2!3d9.9475699!4d126.1014919!16s%2Fg%2F11z6mmw_nb!19sChIJS2pbUJQPBDMRQATZSDYy8zI?authuser=0&hl=en&rclk=1,"massage spa in Siargao, Siargao & Surigao, Philippines",Siargao
Lilo Massage & Beauty,4.2,(22),,,https://www.instagram.com/lilo.beauty.saloon,https://www.facebook.com/reel,Massage spa,"W3XX+XR7, Barangay Pacifico Rd, San Isidro, Surigao del Norte",,https://lh3.googleusercontent.com/gps-cs-s/APNQkAE3y4s6Koq_54jVC-Je8MSzxoEfSeYRLhFfm64O4HLFa95Gi_WYIhB-n5eCvWgS8m_tjPnppjEfpXb8Fu04WCfsF-9006jK-ZTtbZRZg5RHUJr8EEKIn2i8De1rluqOsSz7HWyl7wTek6ku=w2048-h1536-k-no,Spa,,9.9499212,126.0995578,https://www.google.com/maps/place/Lilo+Massage+%26+Beauty/data=!4m7!3m6!1s0x33040f002e1ff067:0x4122cdf122988c8c!8m2!3d9.9499212!4d126.0995578!16s%2Fg%2F11wh2792qm!19sChIJZ_AfLgAPBDMRjIyYIvHNIkE?authuser=0&hl=en&rclk=1,"massage spa in Siargao, Siargao & Surigao, Philippines",Siargao
Calm Cove Massage & Spa North Siargao,4.8,(46),09279225179,https://wa.me/09279225179,https://www.instagram.com/calm_covespa,https://www.facebook.com/people,Massage spa,"Purok 2, Garcia, Santa Monica (Sapao), 8422 Surigao del Norte",,https://lh3.googleusercontent.com/gps-cs-s/APNQkAE3y4s6Koq_54jVC-Je8MSzxoEfSeYRLhFfm64O4HLFa95Gi_WYIhB-n5eCvWgS8m_tjPnppjEfpXb8Fu04WCfsF-9006jK-ZTtbZRZg5RHUJr8EEKIn2i8De1rluqOsSz7HWyl7wTek6ku=w2048-h1536-k-no,Spa,,10.041196,126.0704464,https://www.google.com/maps/place/Calm+Cove+Massage+%26+Spa+North+Siargao/data=!4m7!3m6!1s0x33041948b591a1d5:0xc60b7e90421bc866!8m2!3d10.041196!4d126.0704464!16s%2Fg%2F11vys7xw__!19sChIJ1aGRtUgZBDMRZsgbQpB-C8Y?authuser=0&hl=en&rclk=1,"massage spa in Siargao, Siargao & Surigao, Philippines",Siargao
"Yoga, Ice Bath and Wellness at Happiness Siargao",5.0,(25),09624586471,https://wa.me/09624586471,https://www.instagram.com/happinessphboracay/,https://www.facebook.com/profile.php?id=61553831526678,Wellness center,"Happiness Hostel, Siargao, Tourism Rd, General Luna, 8419 Surigao del Norte",https://www.happinessphilippines.com/,https://lh3.googleusercontent.com/gps-cs-s/APNQkAE2maC-bLkNyCguZehFPi6DFt2VrE35LJ6kFN_-bF_cMhQ6ctvhKpOo-NyPMHv_lid5HJlaX2sa8tKoi2jPulm2XwZz3W8t9E39XXeTmC7TnCO7K2wmOiBgzdrDiXvMY615Jm4g=w2048-h1536-k-no,,,9.8017693,126.1595929,"https://www.google.com/maps/place/Yoga,+Ice+Bath+and+Wellness+at+Happiness+Siargao/data=!4m7!3m6!1s0x330409517c09be09:0xfbe192ca9036d7b!8m2!3d9.8017693!4d126.1595929!16s%2Fg%2F11wxkkq9yx!19sChIJCb4JfFEJBDMRe20DqSwZvg8?authuser=0&hl=en&rclk=1","massage spa in Siargao, Siargao & Surigao, Philippines",Siargao
LIYOLI Sport Physiotherapy Clinic & Spa,5.0,(56),09171241731,https://wa.me/09171241731,https://www.instagram.com/liyoliphysio.siargao,https://www.facebook.com/journeyinnsiargao,Physical therapy clinic,"Purok 5, General Luna, 8419 Surigao del Norte",,https://lh3.googleusercontent.com/gps-cs-s/APNQkAEVv8XT44JjM11wokigBM-T-dju0GWARei1nQqmaluj6pW75RA60V-JET4TbjadgFgtEyljKRUii8nSE8L3ytCD2NfrItxx_ctZIgFzLxxEugiUYCxPn0q18YG8w1QPgNmW9SGgDDfxRPI=w2048-h1536-k-no,Spa,,9.7900355,126.1617359,https://www.google.com/maps/place/LIYOLI+Sport+Physiotherapy+Clinic+%26+Spa/data=!4m7!3m6!1s0x3303f74cc4e70ab9:0x3d3de5e47dffbf53!8m2!3d9.7900355!4d126.1617359!16s%2Fg%2F11wjmb2vzq!19sChIJuQrnxEz3AzMRU7__feTlPT0?authuser=0&hl=en&rclk=1,"massage spa in Siargao, Siargao & Surigao, Philippines",Siargao
Aibrow Beauty,4.6,(406),09350626568,https://wa.me/09350626568,https://www.instagram.com/aibrowbeauty,https://www.facebook.com/Aibrowbeauty,Nail salon,"Purok 3, Siargao Island, General Luna, 8419 Surigao del Norte",https://www.instagram.com/aibrowbeauty?igshid=OGQ5ZDc2ODk2ZA==,https://lh3.googleusercontent.com/gps-cs-s/APNQkAEPudKHzM-R_isC38IWYp7ViKqfaJTbzymWiI-ya6t8EJfm2-o7Rt97JT0WjU1_0PJ9esgSCEnZpR_OSMZBiyBPsPWHKXOqh0itPJj0rQf3VOf3O8ip6-VA7fycGX_fxbVq0RU=w2048-h1536-k-no,Spa,,9.7870725,126.1620556,https://www.google.com/maps/place/Aibrow+Beauty/data=!4m7!3m6!1s0x3303f753b106158d:0xf5eb389c8736a59!8m2!3d9.7870725!4d126.1620556!16s%2Fg%2F11kb6_lrr3!19sChIJjRUGsVP3AzMRWWpzyImzXg8?authuser=0&hl=en&rclk=1,"massage spa in Siargao, Siargao & Surigao, Philippines",Siargao
Awake Siargao Retreats,4.9,(67),09763640197,https://wa.me/09763640197,https://www.instagram.com/awakesiargaoretreats,https://www.facebook.com/tr?id=946569463365906&ev=PageView&noscript=1,Retreat center,"Tourism Rd, General Luna, 8419 Surigao del Norte",https://www.awakesiargao.com/,https://lh3.googleusercontent.com/gps-cs-s/APNQkAGZEYTB5yf6WC0K_D7gfm_AFZiYyu49Qj5rjs1QFxTf8QGQXQjJ40XZsxgzDKJR2PY__8Saj7H9Wc5za3-HPTPDI2NCPguOueLNl6If50ftqqOVxQ_OjiemBp_V7V6tS8lITYFl=w2048-h1536-k-no,,,9.8100987,126.1591049,https://www.google.com/maps/place/Awake+Siargao+Retreats/data=!4m7!3m6!1s0x33040937aa5a2e2d:0x8988c8d57f2f8ad!8m2!3d9.8100987!4d126.1591049!16s%2Fg%2F11v3lz4n_b!19sChIJLS5aqjcJBDMRrfjyV42MmAg?authuser=0&hl=en&rclk=1,"massage spa in Siargao, Siargao & Surigao, Philippines",Siargao
"The Island Aesthetics – Nail, Lash, Brow & Hair Studio Siargao",4.6,(186),,,https://www.instagram.com/theislandaesthetics,https://www.facebook.com/p,Nail salon,"General Luna, 8419 Surigao del Norte",,https://lh3.googleusercontent.com/gps-cs-s/APNQkAEDq-vhV1r93webivtxMnhCbpTlhH5zoAEtWReBQpiMJHJ69BE_Z3NDJsrwdvgrPcvXvtIcXvRmvhwn34_sDhdzrZAX5h9qBDhNasH0AFhDpgN73JliIybrg_hmxm-5NgsfwvZl=w2048-h1536-k-no,Spa,,9.811727,126.1630547,"https://www.google.com/maps/place/The+Island+Aesthetics+%E2%80%93+Nail,+Lash,+Brow+%26+Hair+Studio+Siargao/data=!4m7!3m6!1s0x3304095e31c54677:0xbecd34b63d4df4ee!8m2!3d9.811727!4d126.1630547!16s%2Fg%2F11y55ssnn0!19sChIJd0bFMV4JBDMR7vRNPbY0zb4?authuser=0&hl=en&rclk=1","massage spa in Siargao, Siargao & Surigao, Philippines",Siargao
AMORE BEAUTY LOUNGE (HOME BASED NAIL STUDIO),5.0,(35),09264225273,https://wa.me/09264225273,https://www.instagram.com/amore_nailsandbeauty,https://www.facebook.com/61569720740009,Nail salon,"Purok 5, Poblacion, General Luna, 8419 Surigao del Norte",,https://lh3.googleusercontent.com/gps-cs-s/APNQkAG0O3CXpPfQTIMb1xgCNOp6p1elHya030YZdwaEM5vAfVy_8SnLYrSTEfOL8nuPLCrix1NkJCm7M-qn6FBpCB5lJqc7-xlcW2Bz5hPLptwVp1j1cHeKeoWL5tN3_VzeeGASmCD4=w2048-h1536-k-no,Spa,,9.7929022,126.1525851,https://www.google.com/maps/place/AMORE+BEAUTY+LOUNGE+%28HOME+BASED+NAIL+STUDIO%29/data=!4m7!3m6!1s0x3303f7fbd128a3af:0xde5d9e85ba061bf4!8m2!3d9.7929022!4d126.1525851!16s%2Fg%2F11y9d1r_q3!19sChIJr6Mo0fv3AzMR9BsGuoWeXd4?authuser=0&hl=en&rclk=1,"massage spa in Siargao, Siargao & Surigao, Philippines",Siargao
PrimeFit Gym Dapa,4.9,(51),09171154150,https://wa.me/09171154150,https://www.instagram.com/primefit_iao?igsh=bTVib3I1cmZtaWZr&utm_source=qr,https://www.facebook.com/307923952414505,Gym,"Q342+RPJ, Dapa, 8417 Surigao del Norte",http://primefitsiargao.com/,https://lh3.googleusercontent.com/gps-cs-s/APNQkAGsGF1jYSLykUPYwdV4pjT9XarZOZkKQwCZ8YOhoP3YldjZRMHKMehCTA_HuikML83DeJia6JXQfIqes9MovCt6f7-yLiapV8gUc-C9l9kLBUAzfTADp5s81ap7Qjqw45jgeZC1jtVXvEoU=w2048-h1536-k-no,Gym,,9.757189,126.051797,https://www.google.com/maps/place/PrimeFit+Gym+Dapa/data=!4m7!3m6!1s0x3303f9004d40eee3:0xafb5dc1439975542!8m2!3d9.757189!4d126.051797!16s%2Fg%2F11xkg31ncg!19sChIJ4-5ATQD5AzMRQlWXORTcta8?authuser=0&hl=en&rclk=1,"gym in Siargao, Siargao & Surigao, Philippines",Siargao
Ocean Brew Siargao,4.3,(20),963 927 1591,https://wa.me/9639271591,,https://m.facebook.com/oceanbrewsiargao/,₱200–400Cafe  Q342+XJ4 Lopez Jaena StClosed  Opens 9 AM,0963 927 1591,https://m.facebook.com/oceanbrewsiargao/,,,,9.7573755,126.0515727,https://www.google.com/maps/place/Ocean+Brew+Siargao/data=!4m7!3m6!1s0x3303f9a98df66e43:0x246371090f3603a5!8m2!3d9.7573755!4d126.0515727!16s%2Fg%2F11fpr0qp_q!19sChIJQ272jan5AzMRpQM2DwlxYyQ?authuser=0&hl=en&rclk=1,"public wifi in Siargao, Siargao & Surigao, Philippines",Siargao
Puregold Siargao,4.0,(221),,,,https://www.facebook.com/people,Supermarket,"Q3HF+FM3, Dapa, Surigao del Norte",,https://lh3.googleusercontent.com/gps-cs-s/APNQkAGuzTEsrU-gs7C99HM-zMaWFiX-2tX26qRWW4Doielieoawj7I2P1CQvX9f__YWrkQPPPtn4okonlkip71KNwlQnTMq7NYnPhySc4GWwWMQU9nX3LM4N3t126Pt0SXqbeaDeiejuQ=w2048-h1536-k-no,"Parking, Wheelchair accessible, Wheelchair accessible entrance, Accessible",,9.7786417,126.0741586,https://www.google.com/maps/place/Puregold+Siargao/data=!4m7!3m6!1s0x3303f914ca25403b:0x1f722a8ef11191fb!8m2!3d9.7786417!4d126.0741586!16s%2Fg%2F11nrtwry0_!19sChIJO0AlyhT5AzMR-5ER8Y4qch8?authuser=0&hl=en&rclk=1,"convenience store in Siargao, Siargao & Surigao, Philippines",Siargao
La's Isla Kristina Convenience Store,4.0,(1),09985341403,https://wa.me/09985341403,,https://www.facebook.com/lasIslaKristina,Convenience store,"Del Carmen Municipal Road Seaside at Numancia Center Mall Numancia Center Mall Del Carmen Siargao Islands Surigao del Norte Surigao del Norte PH, 8418",,https://lh3.googleusercontent.com/gps-cs-s/APNQkAGT-Z67tdZuADVD-MHTThILGuF4qLKPRvjwKUT0VVXbnzfE6ld1Z_YaJr3tVJ4_h8mg6unZ2SjhkaXpBJc1yye6UWnUKxVOnwzfmx5qTbzO-HQjgiJpZUBqvDjC8RMTWf8Amkza=w2048-h1536-k-no,,,9.868496,125.9690292,https://www.google.com/maps/place/La%27s+Isla+Kristina+Convenience+Store/data=!4m7!3m6!1s0x330401fa75ebe459:0x933b2eb51a4a323d!8m2!3d9.868496!4d125.9690292!16s%2Fg%2F11gkwlxxh7!19sChIJWeTrdfoBBDMRPTJKGrUuO5M?authuser=0&hl=en&rclk=1,"convenience store in Siargao, Siargao & Surigao, Philippines",Siargao
Prince Hypermart Siargao,4.1,(23),,,,https://www.facebook.com/PrinceHypermartSiargaoo,Supermarket,"Poblacion 12, Dapa, 8417 Surigao del Norte",,https://lh3.googleusercontent.com/gps-cs-s/APNQkAEwfixeuaJzGnvhOTQvsBx_0-BQxo7SBQasDkFgqw9uU3xapp0Rlm0ruWwouxQSCCBhi3BCtK938WjvdF6CY4fJv9A_wYq3yEhVq-Zyzh_YvMNnqUyzu_STUYPevId9lQeyutus=w2048-h1536-k-no,,,9.7612747,126.046843,https://www.google.com/maps/place/Prince+Hypermart+Siargao/data=!4m7!3m6!1s0x3303f91b3cf14f47:0x658e5aaf20b9c8ab!8m2!3d9.7612747!4d126.046843!16s%2Fg%2F11w_hybprk!19sChIJR0_xPBv5AzMRq8i5IK9ajmU?authuser=0&hl=en&rclk=1,"convenience store in Siargao, Siargao & Surigao, Philippines",Siargao
Kriscarl General Merchandise,5.0,(1),,,,https://www.facebook.com/delcarmen.sdn,Supermarket,"VXC9+WPV, Del Carmen, Surigao del Norte",,https://lh3.googleusercontent.com/gps-cs-s/APNQkAGOHmF0fm_GIdIiobv8BaTO9yzQ5ut70vmLIOugOFqXxhYpKN9-RQEbfy19bXrIWluxJ11J_3zJXKR2iJHcEcTPO0Y5lydZt9iBYcqQYlATNKZ8SMiMPWSraWkkT_0fj3_eSzE=w2048-h1536-k-no,Parking,,9.8723669,125.9692936,https://www.google.com/maps/place/Kriscarl+General+Merchandise/data=!4m7!3m6!1s0x3304010df7348dff:0xc6a7745a882b4287!8m2!3d9.8723669!4d125.9692936!16s%2Fg%2F11g9q1hdx6!19sChIJ_4009w0BBDMRh0IriFp0p8Y?authuser=0&hl=en&rclk=1,"convenience store in Siargao, Siargao & Surigao, Philippines",Siargao
WHITE BEARD COFFEE SHOP ( SIARGAO TOWN CENTER BRANCH ),4.7,(44),09991327645,https://wa.me/09991327645,https://www.instagram.com/whitebeardcoffee,https://www.facebook.com/whitebeardcoffeesiargao,Coffee shop,"Siargao Town Center, Osmeña, Dapa, 8417 Surigao del Norte",,https://lh3.googleusercontent.com/gps-cs-s/APNQkAFL7Lv0ntpeI4v-2nOxX6HQJHIO70l5QRIyIksmospGerPhT1bTEXUkm_1U40VaAF-jfKLZUtq_IGz5pIoy_LonOKumkx_SD4WQUC5VygYXq9fttFj8fDr3bvdBAME5NcUdAqg=w2048-h1536-k-no,,,9.7785621,126.0738455,https://www.google.com/maps/place/WHITE+BEARD+COFFEE+SHOP+%28+SIARGAO+TOWN+CENTER+BRANCH+%29/data=!4m7!3m6!1s0x3303f9002ae08273:0x2a3dc8321945338f!8m2!3d9.7785621!4d126.0738455!16s%2Fg%2F11y3vwwy_b!19sChIJc4LgKgD5AzMRjzNFGTLIPSo?authuser=0&hl=en&rclk=1,"public wifi in Siargao, Siargao & Surigao, Philippines",Siargao
Meraki Bakery and Coffee,5.0,(135),,,https://www.instagram.com/meraki.iao,https://www.facebook.com/talisfoodandtreats,Coffee shop,"W3QR+X3, San Isidro, Surigao del Norte",,https://lh3.googleusercontent.com/gps-cs-s/APNQkAEQoZpdcf4w1_q-SjmHbmVDb4OOKrRxm1BJ0zOgfkgI539Cu-r558uc_Qya7CEfx4aR4X06TdrAI_GhFdoqOLvECqUIsb8Lx6EKnotmzNOgRtRWVW8L9sZNCIWEEc-txCHDARxuarMnqOyu=w2048-h1536-k-no,,,9.939982,126.09021,https://www.google.com/maps/place/Meraki+Bakery+and+Coffee/data=!4m7!3m6!1s0x33040f0070b76087:0xa70a1558fad4b9dc!8m2!3d9.939982!4d126.09021!16s%2Fg%2F11mt65ghj1!19sChIJh2C3cAAPBDMR3LnU-lgVCqc?authuser=0&hl=en&rclk=1,"public wifi in Siargao, Siargao & Surigao, Philippines",Siargao
DT General Merchandise,4.3,(3),,,,https://www.facebook.com/DRichShoppe,Supermarket,"Burgos, Corner Jacinto Zamora St, Dapa, Surigao del Norte",,https://streetviewpixels-pa.googleapis.com/v1/thumbnail?panoid=IqFmn3ucEgMMs6vRk9dJgw&cb_client=search.gws-prod.gps&w=80&h=92&yaw=282.37802&pitch=0&thumbfov=100,,,9.7582031,126.0513572,https://www.google.com/maps/place/DT+General+Merchandise/data=!4m7!3m6!1s0x3303f9b768ace61b:0x21cda88b2fe60f65!8m2!3d9.7582031!4d126.0513572!16s%2Fg%2F11j8dzjcnb!19sChIJG-asaLf5AzMRZQ_mL4uozSE?authuser=0&hl=en&rclk=1,"convenience store in Siargao, Siargao & Surigao, Philippines",Siargao
Timpla Siargao Coffee Shop,4.8,(25),09488630234,https://wa.me/09488630234,https://www.instagram.com/timpla_siargao,https://www.facebook.com/timplasiargao,Coffee shop,"Poblacion 12 National Highway, Dapa, 8419 Surigao del Norte",,https://lh3.googleusercontent.com/gps-cs-s/APNQkAFFT6LLITTjtm7PORAvVabsU01ocQYmXql4C4guunaFzAeKRFWmYLQfVKQ-6w0Rh7pegG7MsSECTjgyaNDgjJqN_x-0G3BOiggInKJrQym5aB3JzeSpVuJGlENwZxBEDE7UJdQmSSAdBrbp=w2048-h1536-k-no,Restaurant,,9.7604412,126.047335,https://www.google.com/maps/place/Timpla+Siargao+Coffee+Shop/data=!4m7!3m6!1s0x3304096c241093ab:0x70f23931edc5be1f!8m2!3d9.7604412!4d126.047335!16s%2Fg%2F11y3b8cwwm!19sChIJq5MQJGwJBDMRH77F7TE58nA?authuser=0&hl=en&rclk=1,"public wifi in Siargao, Siargao & Surigao, Philippines",Siargao
Carretera Surf & Café,5.0,(36),09561928509,https://wa.me/09561928509,,https://www.facebook.com/carreteracafesiargao,Coffee shop,"Paradise surf spot, Union Rd, Dapa, 8417 Surigao del Norte",,https://lh3.googleusercontent.com/gps-cs-s/APNQkAHlNA4tTjkTIpSgtk2UTTjYwQETTM8VP8eZ9QOyly21HTDV4OmOzAHOVkrkKdPJVP_ZAP0dEAeBa3FVh5CPX1fNf8jAaInBDujWiVk3GvFQWwJhg3jsVNG6aVTwjlVx6oqjLVz9VG8dt98=w2048-h1536-k-no,,,9.7508449,126.099988,https://www.google.com/maps/place/Carretera+Surf+%26+Caf%C3%A9/data=!4m7!3m6!1s0x3303f78a3a50ae7d:0x1fa22ead0c9f20d3!8m2!3d9.7508449!4d126.099988!16s%2Fg%2F11yrdpzyzc!19sChIJfa5QOor3AzMR0yCfDK0uoh8?authuser=0&hl=en&rclk=1,"public wifi in Siargao, Siargao & Surigao, Philippines",Siargao
"KenZen Trading - Dapa, SIARGAO",5.0,(1),09088160414,https://wa.me/09088160414,https://www.instagram.com/anchornewzealand/?hl=en,https://www.facebook.com/anchornz/,Food products supplier,"Barangay 12 Rizal St, Dapa, 8417 Surigao del Norte",http://anchordairy.com/,https://lh3.googleusercontent.com/gps-cs-s/APNQkAEc9amYGddw5pLqH7_goXmHHAejyegohdCrr2qYY33GWoBJtn2uFvKLiwCtKlScQF8vJoY2iEQa4VckotBwNkraFU_J-A2mciN-8jluRUrLCpqVA--bKXMLKz-gSWcTUKh9-oo=w2048-h1536-k-no,,,9.7589252,126.0501014,"https://www.google.com/maps/place/KenZen+Trading+-+Dapa,+SIARGAO/data=!4m7!3m6!1s0x3303f98eafae395d:0x8f92ba90a32f3bbf!8m2!3d9.7589252!4d126.0501014!16s%2Fg%2F11scbmrx35!19sChIJXTmur475AzMRvzsvo5C6ko8?authuser=0&hl=en&rclk=1","convenience store in Siargao, Siargao & Surigao, Philippines",Siargao
HomeBreak Cafe Siargao,5.0,(16),09062251639,https://wa.me/09062251639,https://www.instagram.com/homebreak_iao,https://www.facebook.com/profile.php,Coffee shop,"Purok 4 Santa Fe, General Luna, 8419 Surigao del Norte",https://www.instagram.com/homebreak_iao/,https://lh3.googleusercontent.com/gps-cs-s/APNQkAFuIipLi4J1mctabK1x1NtVpjqUJfmxt8MhEY5pKhHeRQC9EVWraxLTOve4c5xkXwL7lw_fTmTUF6zIGCgtGSv9fBFTnrFubel1SYoa1VSpgwmmnbpgyNCV6uf5HPcCdIjlw7Oy=w2048-h1536-k-no,,,9.8396246,126.1334287,https://www.google.com/maps/place/HomeBreak+Cafe+Siargao/data=!4m7!3m6!1s0x3304095ed3bdcf27:0xdedc6884099f45c9!8m2!3d9.8396246!4d126.1334287!16s%2Fg%2F11m6kgsb_m!19sChIJJ8-9014JBDMRyUWfCYRo3N4?authuser=0&hl=en&rclk=1,"public wifi in Siargao, Siargao & Surigao, Philippines",Siargao
Nearby Coffee Siargao,5.0,(35),09564861554,https://wa.me/09564861554,https://www.instagram.com/nearbycoffee.iao,https://www.facebook.com/nearbycoffee.iao,Coffee shop,"Purok 3 Tourism Rd, General Luna, 8419 Surigao del Norte",,https://lh3.googleusercontent.com/gps-cs-s/APNQkAH11DYVeQwxLMymU6IPUmJ7coZTUejIP7NDdrdp0SqkN0KB7_g7rQezoIdbx5hW8Lltt1H96cMUp-D9BRS_qebwpBHrRZR1j-H-t-_2n7kd3KLNrm8fSLG6AOh1IebBPNZTBCKgig=w2048-h1536-k-no,,,9.784885,126.1596036,https://www.google.com/maps/place/Nearby+Coffee+Siargao/data=!4m7!3m6!1s0x3303f7df88d12beb:0x61683e9da35332c3!8m2!3d9.784885!4d126.1596036!16s%2Fg%2F11vdq51tct!19sChIJ6yvRiN_3AzMRwzJTo50-aGE?authuser=0&hl=en&rclk=1,"public wifi in Siargao, Siargao & Surigao, Philippines",Siargao
Current Siargao,5.0,(9),09164816950,https://wa.me/09164816950,http://instagram.com/currentsiargao,https://www.facebook.com/UNLTDSiargao,Coffee shop,"Barangay, Tourism Rd, Catangnan, General Luna, 8419 Surigao del Norte",http://instagram.com/currentsiargao,https://lh3.googleusercontent.com/gps-cs-s/APNQkAHbogVL8oteuHjJkovhhaKw5FdpSVhyp9G4R-uZuMCu91MV_gPGGeEBLv6PQ5EJkJrxLTL-WJtzyo2M40kaOtcl2XVnHOFWyPgPvwxd8s73BqZNXlxHTHiNeFvbfW6j6JAgLSIylA=w2048-h1536-k-no,,,9.7971606,126.1611488,https://www.google.com/maps/place/Current+Siargao/data=!4m7!3m6!1s0x33040953814389d3:0xc6ec5d3c26b52610!8m2!3d9.7971606!4d126.1611488!16s%2Fg%2F11tnh_1pmz!19sChIJ04lDgVMJBDMRECa1Jjxd7MY?authuser=0&hl=en&rclk=1,"public wifi in Siargao, Siargao & Surigao, Philippines",Siargao
"Passenger Comfort Room, Dapa Port",4.7,(3),,,,,,,,https://lh3.googleusercontent.com/gps-cs-s/APNQkAFnJPNJpOLfhuM2RsjIWsHzVOvDxjBbCywibDVg0osyF25BAQRQaHRx1RO-u6MTkjafBY0tPZ5RIB5okpuv6pImYsbKTRo7zwba6X4Fwys2td5RepWsCAor83uoNn_MuKJJiGZHtQ=w1600-h1200-k-no,,,9.7551676,126.0509585,"https://www.google.com/maps/place/Passenger+Comfort+Room,+Dapa+Port/data=!4m7!3m6!1s0x3303f9a18b8b4a93:0xa16b9d460b0574be!8m2!3d9.7551676!4d126.0509585!16s%2Fg%2F11c4ydz50z!19sChIJk0qLi6H5AzMRvnQFC0ada6E?authuser=0&hl=en&rclk=1","public restroom in Siargao, Siargao & Surigao, Philippines",Siargao
Tropical Nomad Siargao,5.0,(10),,,,https://www.facebook.com/tropicalnomadph,Luggage store,"Q5P6+6FH, General Luna, Surigao del Norte",,https://lh3.googleusercontent.com/gps-cs-s/APNQkAHNyJQ1-mRj1sW_lZMbVHMPn94HZYKvReF8HXEOhWCfXsZWraEonK8rLJqsL5-5x8Gm8Fa71WqRn605wmh-9ES4KbWgzH49fLkLsW_ZpI-5JHdqby83sy45a2Lh_vKlFp84sYiFCZIbpwo=w2048-h1536-k-no,,,9.7855637,126.1612369,https://www.google.com/maps/place/Tropical+Nomad+Siargao/data=!4m7!3m6!1s0x3303f7006eb9a427:0x29aee009b403d347!8m2!3d9.7855637!4d126.1612369!16s%2Fg%2F11mrkw09c4!19sChIJJ6S5bgD3AzMRR9MDtAngrik?authuser=0&hl=en&rclk=1,"luggage storage in Siargao, Siargao & Surigao, Philippines",Siargao
Siargao Car Rental Services,5.0,(5),09763680352,https://wa.me/09763680352,,https://www.facebook.com/people/Siargao-Car-Rental-Services/100085069764632/?mibextid=LQQJ4d,Car rental agency,"purok 3, Del Carmen, poblacion, Del Carmen, 8418 Surigao del Norte",https://www.facebook.com/people/Siargao-Car-Rental-Services/100085069764632/?mibextid=LQQJ4d,https://lh3.googleusercontent.com/gps-cs-s/APNQkAEY7Vg5WrWFXmpNTzYPZwDohGUMQtNCY00z7uSMV7oQQ73OZPpMvPzrdphNDdDlFzY1f5XhNRhvrSF-3xrzPgxpzOlTkMgasmHQrbtYvn4428HynrsNZ1FwBIbb4d4HFfICII4ZtQ=w2048-h1536-k-no,,,9.8692747,125.9710084,https://www.google.com/maps/place/Siargao+Car+Rental+Services/data=!4m7!3m6!1s0x330401ffbb207095:0xcf2e0c632c692d09!8m2!3d9.8692747!4d125.9710084!16s%2Fg%2F11y4b060zy!19sChIJlXAgu_8BBDMRCS1pLGMMLs8?authuser=0&hl=en&rclk=1,"scooter rental in Siargao, Siargao & Surigao, Philippines",Siargao
Port of Caub,5.0,(1),,,,https://www.facebook.com/pages,Cruise terminal,"VVVW+V53, Del Carmen, Surigao del Norte",,https://lh3.googleusercontent.com/gps-cs-s/APNQkAGK4teb1YjzcsawMYO3uc3sHUpFI42Amn-4vvzyp5EhP-6eJ5fqFaf4jsteBoAgY-UyN2cDmG2u4fW874PcTdHLrvuwHBqEEHffArDX6qFSlyrR0KfAwnhntlpRsi3cKQ9t_d5M=w2048-h1536-k-no,,,9.8946264,125.8954304,https://www.google.com/maps/place/Port+of+Caub/data=!4m7!3m6!1s0x3306aa17889b4787:0x9dcd28ab29d96047!8m2!3d9.8946264!4d125.8954304!16s%2Fg%2F11f1rr6l1x!19sChIJh0ebiBeqBjMRR2DZKasozZ0?authuser=0&hl=en&rclk=1,"transportation in Siargao, Siargao & Surigao, Philippines",Siargao
Isla Siargao Motorbike Rental,4.7,(52),09107776121,https://wa.me/09107776121,https://www.instagram.com/islasiargaomotorbikerental,https://www.facebook.com/islasiargaomotorbikerental,Motorcycle rental agency,"Siargao Airport Siargao Island, Brgy Sayak, Del Carmen, 8418 Surigao del Norte",https://www.facebook.com/islasiargaomotorbikerental,https://lh3.googleusercontent.com/gps-cs-s/APNQkAFvCZqcllypHzZk-SE3BACeLawTpM6cLsrQc90BdUxYgpjKsrWvhzshESNlHETgFNGWdcxd_6icpkwG0y8ALkjZUqXeQAYDHs6LfS4WqwicWIw2S81P9VAVyaJgjX42Yg0X7BIXfA=w2048-h1536-k-no,"Wheelchair accessible, Wheelchair accessible entrance, Accessible",,9.8577972,126.0167634,https://www.google.com/maps/place/Isla+Siargao+Motorbike+Rental/data=!4m7!3m6!1s0x330407f7b769656b:0x86be29e0ae17f84f!8m2!3d9.8577972!4d126.0167634!16s%2Fg%2F11trrg1jgs!19sChIJa2Vpt_cHBDMRT_gXruApvoY?authuser=0&hl=en&rclk=1,"scooter rental in Siargao, Siargao & Surigao, Philippines",Siargao
Siargao Van For Hire,4.5,(8),09206403543,https://wa.me/09206403543,,https://www.facebook.com/profile.php,Tour operator,"3349+526, Santa Monica (Sapao), Surigao del Norte",,https://lh3.googleusercontent.com/gps-cs-s/APNQkAEYPimIdI2YEvaOdPT3Io51FD1jz6YMzPMxmnMiNZ6Fj-po4c1w-aN_GG2wMliuJKIF2Pw2UtQxDLZVa06EGi0J63PGu2Q09vT6q3XB4x6UABsAJmcN48oSPpA3rHvDvUkabtNHdQ=w2048-h1536-k-no,,,10.0554075,126.0675269,https://www.google.com/maps/place/Siargao+Van+For+Hire/data=!4m7!3m6!1s0x3304192e920aa1c9:0xed2f62e206b394a5!8m2!3d10.0554075!4d126.0675269!16s%2Fg%2F11h07xvg_3!19sChIJyaEKki4ZBDMRpZSzBuJiL-0?authuser=0&hl=en&rclk=1,"transportation in Siargao, Siargao & Surigao, Philippines",Siargao
Camiel Sulima Motor Bike Rental,5.0,(104),09774714518,https://wa.me/09774714518,,https://www.facebook.com/profile.php?id=100082318279592,Motorcycle rental agency,"sayak, Sayak Airport, Del Carmen, 8418 Surigao del Norte",https://www.facebook.com/profile.php?id=100082318279592,https://lh3.googleusercontent.com/gps-cs-s/APNQkAH9PzIwYmn7GKbyArD9IGggag0FqnBy71YaCwHbeLcHbyMxCW3eMJsrBu77ghWzZsRab0sCHGb6A0t5DsfEfMR8KohGwbtRi3Z44CRgxvEAC06cElbIQ_R8OmzPTfcwGieAORM=w2048-h1536-k-no,,,9.8575918,126.0164351,https://www.google.com/maps/place/Camiel+Sulima+Motor+Bike+Rental/data=!4m7!3m6!1s0x3304078c2e659ae3:0xf631df4b186a0af1!8m2!3d9.8575918!4d126.0164351!16s%2Fg%2F11wfvk5kc1!19sChIJ45plLowHBDMR8QpqGEvfMfY?authuser=0&hl=en&rclk=1,"scooter rental in Siargao, Siargao & Surigao, Philippines",Siargao
Teban Sayak Siargao Airport Motor and Car Rental,4.9,(54),09276721037,https://wa.me/09276721037,,https://www.facebook.com/tebanmotorbikerental,Transportation service,"sayak, Siargao Circumferential Rd, Del Carmen, 8418 Surigao del Norte",,https://lh3.googleusercontent.com/gps-cs-s/APNQkAES-N0PNflyC-QPbF8Cnp2rvNIitLtpoLJsRWDkUnBeT4np_L9Ft5b-EGh72nsWzIMrsLmHAxVzgw8n-Jnm_yv64h24Y9VF0JYKOnSwPQe7WiO4DO8uBp40TdUIhwHxAxs7DPVP3m62nqUz=w2048-h1536-k-no,,,9.8576934,126.0168475,https://www.google.com/maps/place/Teban+Sayak+Siargao+Airport+Motor+and+Car+Rental/data=!4m7!3m6!1s0x3304074da68356a7:0xbdc3d94196e0b189!8m2!3d9.8576934!4d126.0168475!16s%2Fg%2F11x0mtzq1l!19sChIJp1aDpk0HBDMRibHglkHZw70?authuser=0&hl=en&rclk=1,"scooter rental in Siargao, Siargao & Surigao, Philippines",Siargao
Dave motorbike rental siargao,5.0,(52),09664234399,https://wa.me/09664234399,https://www.instagram.com/siargaoatv,https://www.facebook.com/islasiargaomotorbikerental,Car rental agency,"Brgy, Del Carmen, 8418 Surigao del Norte",,https://lh3.googleusercontent.com/gps-cs-s/APNQkAG4VTbyffF8hr-bVOFm3hgLcxbXGc7bZgJKosmbtkhFU1M6eAx520zOv3xiBcCGNcbViBWdJQu8DeqDQ2sX3T47uodYWUk4sz3C2LpcYf3if_NNHQZh6bqjYn9oSj-TektQBA_WaHLbO8w=w2048-h1536-k-no,,,9.8576404,126.0166108,https://www.google.com/maps/place/Dave+motorbike+rental+siargao/data=!4m7!3m6!1s0x3304078f1ad9f877:0xed51e44944ad557b!8m2!3d9.8576404!4d126.0166108!16s%2Fg%2F11z2t2105m!19sChIJd_jZGo8HBDMRe1WtREnkUe0?authuser=0&hl=en&rclk=1,"scooter rental in Siargao, Siargao & Surigao, Philippines",Siargao
Touchdown Siargao Moto Rentals,5.0,(35),09951026818,https://wa.me/09951026818,,https://www.facebook.com/siargaomotorbikerentalsayak,Rideshare pickup location,"Sayak Airport, Del Carmen, Surigao del Norte",,https://lh3.googleusercontent.com/gps-cs-s/APNQkAFWmfvfvoZcV9n4VCnyvACeXE_R3bg63cgIFj_y3M0kc_xbde65fVClqs5_R6NsH_xaEftuhTePESysG7dX-NvO6ql7FnN_FbHXgH66X6r9LRrQ5xzMNJ4H5v5uK9kNtnK4izVqbi7GeKA=w2048-h1536-k-no,,,9.8576774,126.0165528,https://www.google.com/maps/place/Touchdown+Siargao+Moto+Rentals/data=!4m7!3m6!1s0x3304070036c5f4fd:0xafc01a3c32d26298!8m2!3d9.8576774!4d126.0165528!16s%2Fg%2F11z2lvwxg0!19sChIJ_fTFNgAHBDMRmGLSMjwawK8?authuser=0&hl=en&rclk=1,"scooter rental in Siargao, Siargao & Surigao, Philippines",Siargao
Triple Rock Motorcycle Rental,5.0,(2),09708970180,https://wa.me/09708970180,,https://www.facebook.com/61568554883728,Motorcycle rental agency,"Barangay Sayak Siargao Airport, Del Carmen, 8418 Surigao del Norte",https://siargaomotorcyclerental.com/,https://lh3.googleusercontent.com/gps-cs-s/APNQkAGvTqQ8Ao4p-IfZY_EOpoPAetvYak6RU4gjpckQTjVxSsuYeKIDz7mTVg5FG81ra9H3bQrqsKvt9iVZMoUJZBW_sy1kHtUtqaMXFn3P2KkEBaOQTYh_RXWgKps0S7pU1lVZWRTC=w2048-h1536-k-no,,,9.8576804,126.0162403,https://www.google.com/maps/place/Triple+Rock+Motorcycle+Rental/data=!4m7!3m6!1s0x33041b836ad66c81:0xbe5bf00827073371!8m2!3d9.8576804!4d126.0162403!16s%2Fg%2F11x2snsrzb!19sChIJgWzWaoMbBDMRcTMHJwjwW74?authuser=0&hl=en&rclk=1,"scooter rental in Siargao, Siargao & Surigao, Philippines",Siargao
Siargao Airport Rent-to-Go,5.0,(3),09514501548,https://wa.me/09514501548,,https://www.facebook.com/profile.php?id=61570443564275,Motorcycle rental agency,"V258+6QW, Sayak Airport, Del Carmen, Surigao del Norte",https://www.facebook.com/profile.php?id=61570443564275,https://lh3.googleusercontent.com/gps-cs-s/APNQkAFI_OdIa-UqgBYTU_9STbfsnbckjx_An6P1lEcUvd3HroaCz40zATjX73Piz9WMqvYb-lBR7pWx-ITJCtNzip1JOYNrBsqk7Nh1jCPEGtOEDWwHyNGPAPCtYwKdy1nXsElulvHob5774Jfr=w2048-h1536-k-no,,,9.8581031,126.0169508,https://www.google.com/maps/place/Siargao+Airport+Rent-to-Go/data=!4m7!3m6!1s0x330407001719b5b7:0x6b0650f0dfeb0213!8m2!3d9.8581031!4d126.0169508!16s%2Fg%2F11x63d252g!19sChIJt7UZFwAHBDMREwLr3_BQBms?authuser=0&hl=en&rclk=1,"scooter rental in Siargao, Siargao & Surigao, Philippines",Siargao
Siargao Neil Motor-Bike Rental,5.0,(1),09162159596,https://wa.me/09162159596,,https://www.facebook.com/people,Motorcycle rental agency,"Brgy, Del Carmen, 8418 Surigao del Norte",,https://lh3.googleusercontent.com/gps-cs-s/APNQkAFqQ0_C5-rtxHftJbdf8crIhYZd5WmHgyhGg4Kca7psgJkecqWXHyAQdocVe0W6VYt4ncAoOeC_4HROzl31fThY0imO6ML4kaOm7SmSZxCOlZDVH62cvMb-Nh0gfdMFC6JCggFFceyvvvjR=w2048-h1536-k-no,,,9.8577305,126.0168453,https://www.google.com/maps/place/Siargao+Neil+Motor-Bike+Rental/data=!4m7!3m6!1s0x330407fd84543c9b:0x27ec00aa7a648cb3!8m2!3d9.8577305!4d126.0168453!16s%2Fg%2F11xth3pqjr!19sChIJmzxUhP0HBDMRs4xkeqoA7Cc?authuser=0&hl=en&rclk=1,"scooter rental in Siargao, Siargao & Surigao, Philippines",Siargao
Ronnie's Motorbike Rental,3.9,(7),09564601395,https://wa.me/09564601395,,https://www.facebook.com/p,Rental car return location,"Siargao, Ronie Sulapas, Sayak Airport, Del Carmen, 8418 Surigao del Norte",,https://lh3.googleusercontent.com/gps-cs-s/APNQkAHIzXgHMIrc2ZVERraZDvYSjjuu_-zwfInFzdGqCV7-xVeWw4Ib7y9_5ePkPWnHyT3rD0FVefZ04VPoWdumzIkzDh9OOYMM0DN8Ee74jOgiLkjzCX9EVKQk2X-qL0ln2zC29tup=w2048-h1536-k-no,,,9.878348,126.0104846,https://www.google.com/maps/place/Ronnie%27s+Motorbike+Rental/data=!4m7!3m6!1s0x3304010f65b6ce6b:0x96182804cd3c7b0a!8m2!3d9.878348!4d126.0104846!16s%2Fg%2F11wfqjs2h6!19sChIJa862ZQ8BBDMRCns8zQQoGJY?authuser=0&hl=en&rclk=1,"scooter rental in Siargao, Siargao & Surigao, Philippines",Siargao
Sayak Motor Bike Rent,3.5,(15),09950117791,https://wa.me/09950117791,,https://www.facebook.com/61567763764730,Motorcycle rental agency,"Sayak Airport, Del Carmen, 8418 Surigao del Norte",,https://lh3.googleusercontent.com/gps-cs-s/APNQkAH9PzIwYmn7GKbyArD9IGggag0FqnBy71YaCwHbeLcHbyMxCW3eMJsrBu77ghWzZsRab0sCHGb6A0t5DsfEfMR8KohGwbtRi3Z44CRgxvEAC06cElbIQ_R8OmzPTfcwGieAORM=w2048-h1536-k-no,,,9.8652839,126.0158113,https://www.google.com/maps/place/Sayak+Motor+Bike+Rent/data=!4m7!3m6!1s0x33040712b6808f1b:0x1e695fa9d2a824c2!8m2!3d9.8652839!4d126.0158113!16s%2Fg%2F11jmwdx0gd!19sChIJG4-AthIHBDMRwiSo0qlfaR4?authuser=0&hl=en&rclk=1,"scooter rental in Siargao, Siargao & Surigao, Philippines",Siargao
Ilihan ATV Rental in Siargao,4.7,(24),09685548327,https://wa.me/09685548327,,https://www.facebook.com/ilihanatvrental,Adventure sports center,"Del Carmen, 8418 Surigao del Norte",https://www.facebook.com/ilihanatvrental,https://lh3.googleusercontent.com/gps-cs-s/APNQkAEkLITCtvZKX_1e4zrjxq7jwb_4llonFF7INch_KV54kDZ005yPXRK8UJRoktN57AMc3X7tt3G6AePZmvDZIKiNNTEY1--Wy-2zrz_Xg2TUm_GDqCOhgdwnRvTbEgiV2XouSa5bNg=w2048-h1536-k-no,,,9.8910665,126.0195174,https://www.google.com/maps/place/Ilihan+ATV+Rental+in+Siargao/data=!4m7!3m6!1s0x330407c2cfb94c63:0x7faa47d0181c9a09!8m2!3d9.8910665!4d126.0195174!16s%2Fg%2F11qsbg48rn!19sChIJY0y5z8IHBDMRCZocGNBHqn8?authuser=0&hl=en&rclk=1,"transportation in Siargao, Siargao & Surigao, Philippines",Siargao
Bureau of Immigration - Surigao Immigration Field Office,4.5,(21),,,,https://www.facebook.com/officialbureauofimmigration,Government office,"Luna, Surigao, 8400 Surigao del Norte",,https://lh3.googleusercontent.com/gps-cs-s/APNQkAGkk0mNJu7SZ-TmLB6V6r8YulPL9ZbdrZMU01w9wTlQdyp0U2Gzc02tWqVy5sC_RHWR_EoI2VKXfBrQvjVEbRShLbmbU0qOciFxlnwJr1IGgFMnz4DZzoVc0Ij-OOslXbtvSgY=w2048-h1536-k-no,"Wheelchair accessible, Wheelchair accessible entrance, Accessible",,9.7639379,125.4840402,https://www.google.com/maps/place/Bureau+of+Immigration+-+Surigao+Immigration+Field+Office/data=!4m7!3m6!1s0x33013729860575bb:0x497fb9fb152af807!8m2!3d9.7639379!4d125.4840402!16s%2Fg%2F11c5b1g530!19sChIJu3UFhik3ATMRB_gqFfu5f0k?authuser=0&hl=en&rclk=1,"embassy in Siargao, Siargao & Surigao, Philippines",Siargao
Eco-Oil Siargao,4.5,(2),985 031 3105,https://wa.me/9850313105,,,Gas station  Q3F9+226 Siargao Circumferential RdOpen  Closes 9 PM,0985 031 3105,,,,,9.7725297,126.0675273,https://www.google.com/maps/place/Eco-Oil+Siargao/data=!4m7!3m6!1s0x3303f914812f592b:0x4145e59eb4cda9!8m2!3d9.7725297!4d126.0675273!16s%2Fg%2F11j33836xf!19sChIJK1kvgRT5AzMRqc20nuVFQQA?authuser=0&hl=en&rclk=1,"gas station in Siargao, Siargao & Surigao, Philippines",Siargao
Prince Fuel Station,5.0,(3),909 626 1256,https://wa.me/9096261256,,,Gas station  R2X9+2QM brgyOpen  Closes 6:37 PM,0909 626 1256,,,,,9.84759,126.0194183,https://www.google.com/maps/place/Prince+Fuel+Station/data=!4m7!3m6!1s0x330407ae55d1d7ef:0xb418c28ebff8a1c4!8m2!3d9.84759!4d126.0194183!16s%2Fg%2F11k35t4mcq!19sChIJ79fRVa4HBDMRxKH4v47CGLQ?authuser=0&hl=en&rclk=1,"gas station in Siargao, Siargao & Surigao, Philippines",Siargao
Nier Gasoline Station,4.3,(3),977 137 3013,https://wa.me/9771373013,,,Gas station  Siargao Circumferential RdOpens soon  5:30 AM,0977 137 3013,https://www.niergas27.com/ph/471628_nier-gasoline-station,,,,9.8662535,126.0977999,https://www.google.com/maps/place/Nier+Gasoline+Station/data=!4m7!3m6!1s0x330409f2507f0231:0x421ee14b12b26c56!8m2!3d9.8662535!4d126.0977999!16s%2Fg%2F11v0b9l6q0!19sChIJMQJ_UPIJBDMRVmyyEkvhHkI?authuser=0&hl=en&rclk=1,"gas station in Siargao, Siargao & Surigao, Philippines",Siargao
National Book Store - Siargao,3.8,(5),,,https://www.instagram.com/nationalbookstore/,https://www.facebook.com/nbsalert/,Book store,"Siargao Island, Dapa - Gen. Luna Road National Highway 2nd Floor Siargao Town Center Brgy, Osmeña, Dapa, 8419 Surigao del Norte",http://www.nationalbookstore.com/,https://lh3.googleusercontent.com/gps-cs-s/APNQkAEoRU3s9j8PMdlZ_PRK9dJKgXT5h05-RP6PlUAeM7ntBSlWut8uFf4vjoUMdUJo6uc9IrXS3-8C5uqRnJGUBckcb8NaEMsg668Ef-nzgLsT3xldPgE19yprR40Xu7xVRilT6vMSXg=w2048-h1536-k-no,,,9.7783244,126.074796,https://www.google.com/maps/place/National+Book+Store+-+Siargao/data=!4m7!3m6!1s0x3303f9002a60841b:0x7ca286dff42563ab!8m2!3d9.7783244!4d126.074796!16s%2Fg%2F11vqyd2wn_!19sChIJG4RgKgD5AzMRq2Ml9N-Gonw?authuser=0&hl=en&rclk=1,"convenience store in Siargao, Siargao & Surigao, Philippines",Siargao
Quadro,5.0,(10),,,,https://www.facebook.com/quadrolounge,Fitness center,"VXCC+W8Q, Del Carmen, Surigao del Norte",,https://lh3.googleusercontent.com/gps-cs-s/APNQkAH4POdR4swjSN_AhfXODh8Soa02lq2RLaoEVi4kAWANE-GGNwwRQhY-S_fTML8dWm2-gn_ZhaW8liXAc9HKaQOf-aFLc0bxr-U8MvM4RSNzhi4Vh_xx80Cp6hTl4ZgKrAcrhmr-=w2048-h1536-k-no,Gym,,9.872338,125.9708666,https://www.google.com/maps/place/Quadro/data=!4m7!3m6!1s0x330401f579343e17:0xc4f771fc9f04fc9e!8m2!3d9.872338!4d125.9708666!16s%2Fg%2F11llc9p6sl!19sChIJFz40efUBBDMRnvwEn_xx98Q?authuser=0&hl=en&rclk=1,"gym in Sugba Lagoon, Siargao & Surigao, Philippines",Sugba Lagoon
Sugba Lagoon Gift Shop & General Store,4.0,(5),,,,https://www.facebook.com/SugbaLagoonSiargao,Souvenir store,"VX99+87C, Del Carmen, Surigao del Norte",,https://lh3.googleusercontent.com/gps-cs-s/APNQkAHIxc-nqsmPKDwouJO0S214P-rpgDPCVMnh7vwn6tUbTvizrzsgtZYrRQClR3AtfCw6FgGRDBLcMXmpuuGFMs7ERgXbMVaQKCW-pia-5tAbwisbeGujwlG6UeX7EdlhXTeg0jI=w2048-h1536-k-no,,,9.8683168,125.968127,https://www.google.com/maps/place/Sugba+Lagoon+Gift+Shop+%26+General+Store/data=!4m7!3m6!1s0x33040176a293550f:0x4a6a1056a0fd050c!8m2!3d9.8683168!4d125.968127!16s%2Fg%2F11fctvc97y!19sChIJD1WTonYBBDMRDAX9oFYQako?authuser=0&hl=en&rclk=1,"convenience store in Sugba Lagoon, Siargao & Surigao, Philippines",Sugba Lagoon
