Title,City,Filed As,Verdict,Confidence,Real Type,Reason,Proposed Action,Raw Industry,Rating,Reviews,Address,Google Maps Link
Cayale Covered Court,Britania Islands,gym,INCORRECT,high,playground,type 'playground' is excluded from gym,drop from 'gym'  (true type: playground — reclassify there if wanted),Playground,5.0,(4),"X4M9+JGF Gymnasium, Tago, Surigao del Sur",https://www.google.com/maps/place/Cayale+Covered+Court/data=!4m7!3m6!1s0x33023bb41391fd5b:0x7011a784edf524f6!8m2!3d8.9840505!4d126.1188107!16s%2Fg%2F11m_kk17km!19sChIJW_2RE7Q7AjMR9iT17YSnEXA?authuser=0&hl=en&rclk=1
ZY ELoading Station,Bucas Grande,currency exchange,CORRECT,high,money transfer service,type 'money transfer service' matches currency exchange,keep in 'currency exchange',Money transfer service  Navarro Street Purok 5Closed  Opens 8 AM,4.0,(1),0938 407 4851,https://www.google.com/maps/place/ZY+ELoading+Station/data=!4m7!3m6!1s0x3303e34f16fc510b:0x621a17d326a376f7!8m2!3d9.6228052!4d125.9665522!16s%2Fg%2F11t2fth0gl!19sChIJC1H8Fk_jAzMR93ajJtMXGmI?authuser=0&hl=en&rclk=1
Dapa Ferry Terminal,Bucas Grande,currency exchange,REVIEW,low,,Industry blank — cannot judge,human review — no type signal,,3.6,(46),,https://www.google.com/maps/place/Dapa+Ferry+Terminal/data=!4m7!3m6!1s0x3303f9a1931a4c81:0x49705105c0138f6f!8m2!3d9.7551063!4d126.0504112!16s%2Fg%2F1tdx1nq2!19sChIJgUwak6H5AzMRb48TwAVRcEk?authuser=0&hl=en&rclk=1
Socorro District Hospital,Bucas Grande,medical clinic,CORRECT,high,hospital,type 'hospital' matches medical clinic,keep in 'medical clinic',Hospital,4.4,(5),"JX96+WJ6, Socorro, Surigao del Norte",https://www.google.com/maps/place/Socorro+District+Hospital/data=!4m7!3m6!1s0x3303e3b0ffeeef05:0x7a364fc3d3d727ee!8m2!3d9.619784!4d125.961513!16s%2Fg%2F1hc542fd_!19sChIJBe_u_7DjAzMR7ifX08NPNno?authuser=0&hl=en&rclk=1
Bucas Grande Foundation College,Bucas Grande,medical clinic,INCORRECT,high,community college,type 'community college' is not a medical clinic,drop from 'medical clinic'  (true type: community college — reclassify there if wanted),Community college,4.4,(7),"JX87+935, Timcang St, Albino Taruc, Socorro, Surigao del Norte",https://www.google.com/maps/place/Bucas+Grande+Foundation+College/data=!4m7!3m6!1s0x3303e3ae42796a91:0x25b9e214e118206c!8m2!3d9.6158903!4d125.9627328!16s%2Fg%2F11xdjlwjw!19sChIJkWp5Qq7jAzMRbCAY4RTiuSU?authuser=0&hl=en&rclk=1
Guil's Pharmacy,Bucas Grande,pharmacy,CORRECT,high,pharmacy,type 'pharmacy' matches pharmacy,keep in 'pharmacy',Pharmacy,5.0,(2),"JX98+35G, Socorro, Surigao del Norte",https://www.google.com/maps/place/Guil%27s+Pharmacy/data=!4m7!3m6!1s0x3303e3dc21bde199:0xc93f189b7946f058!8m2!3d9.6176875!4d125.9654411!16s%2Fg%2F11fj_f7z8j!19sChIJmeG9IdzjAzMRWPBGeZsYP8k?authuser=0&hl=en&rclk=1
Cagdianao Gym,Bucas Grande,gym,CORRECT,high,community center,"type 'community center', but name reads as gym",keep in 'gym',Community center,5.0,(2),"GVH6+XH9, Claver, Surigao del Norte",https://www.google.com/maps/place/Cagdianao+Gym/data=!4m7!3m6!1s0x330161007186e259:0x101ea3b019aeee4b!8m2!3d9.5302037!4d125.8616408!16s%2Fg%2F11x5p02mrl!19sChIJWeKGcQBhATMRS-6uGbCjHhA?authuser=0&hl=en&rclk=1
Socorro Port,Bucas Grande,public wifi,REVIEW,low,,Industry blank — cannot judge,human review — no type signal,,4.2,(14),,https://www.google.com/maps/place/Socorro+Port/data=!4m7!3m6!1s0x3303e3386012c59d:0x184ab0af6d821d0c!8m2!3d9.6168954!4d125.9663643!16s%2Fg%2F11f6kxd4v8!19sChIJncUSYDjjAzMRDB2Cba-wShg?authuser=0&hl=en&rclk=1
Buko Love Stop fresh co,Bucas Grande,convenience store,INCORRECT,high,juice shop,type 'juice shop' is excluded from convenience store,drop from 'convenience store'  (true type: juice shop — reclassify there if wanted),Juice shop,4.6,(5),"M3VP+43W, Unnamed Road, Dapa, Surigao del Norte",https://www.google.com/maps/place/Buko+Love+Stop+fresh+co/data=!4m7!3m6!1s0x3303fbe9256acac3:0xd62f6f3216d48da6!8m2!3d9.6928684!4d126.0851979!16s%2Fg%2F11j3553qbk!19sChIJw8pqJen7AzMRpo3UFjJvL9Y?authuser=0&hl=en&rclk=1
Bahay ng pogi,Bucas Grande,convenience store,INCORRECT,high,coffee shop,type 'coffee shop' is excluded from convenience store,drop from 'convenience store'  (true type: coffee shop — reclassify there if wanted),Coffee shop,5.0,(1),"M3VG+3VC, Corregidor, Dapa, Surigao del Norte",https://www.google.com/maps/place/Bahay+ng+pogi/data=!4m7!3m6!1s0x3303fb0026d1c66d:0x70b374a0466fee60!8m2!3d9.6926907!4d126.0771347!16s%2Fg%2F11yjl7sn7l!19sChIJbcbRJgD7AzMRYO5vRqB0s3A?authuser=0&hl=en&rclk=1
Carbon,Bucas Grande,laundry,CORRECT,high,laundry,type 'laundry' matches laundry,keep in 'laundry',Laundry,4.0,(1),"JW6R+653, Socorro, Surigao del Norte",https://www.google.com/maps/place/Carbon/data=!4m7!3m6!1s0x3303e300268f66e7:0x5a6a2db19a243caa!8m2!3d9.6105208!4d125.940429!16s%2Fg%2F11xcnjvdjq!19sChIJ52aPJgDjAzMRqjwkmrEtalo?authuser=0&hl=en&rclk=1
CATSCO Main Office,Bucas Grande,transportation,CORRECT,high,transportation service,type 'transportation service' matches transportation,keep in 'transportation',Transportation service,5.0,(1),"GVM6+4J5, Cagdianao, Claver, Surigao del Norte",https://www.google.com/maps/place/CATSCO+Main+Office/data=!4m7!3m6!1s0x330161007f40552d:0x978a803521330ff9!8m2!3d9.5327613!4d125.8616193!16s%2Fg%2F11vwzjm46v!19sChIJLVVAfwBhATMR-Q8zITWAipc?authuser=0&hl=en&rclk=1
Corregidor dapa surigao del norte,Bucas Grande,transportation,CORRECT,high,transportation service,type 'transportation service' matches transportation,keep in 'transportation',Transportation service,4.0,(4),"P32G+4VP, Dapa, Surigao del Norte",https://www.google.com/maps/place/Corregidor+dapa+surigao+del+norte/data=!4m7!3m6!1s0x3303fb00044aac8d:0x85be4ca63b15f686!8m2!3d9.700346!4d126.0771985!16s%2Fg%2F11vqmb1bt6!19sChIJjaxKBAD7AzMRhvYVO6ZMvoU?authuser=0&hl=en&rclk=1
J&T Express F-Socorro DHSP,Bucas Grande,transportation,INCORRECT,high,courier service,type 'courier service' is not a transportation,drop from 'transportation'  (true type: courier service — reclassify there if wanted),Courier service,5.0,(1),"JX87+JCH, Socorro, Surigao del Norte",https://www.google.com/maps/place/J%26T+Express+F-Socorro+DHSP/data=!4m7!3m6!1s0x3303e3006de42d9f:0x7e9dcb58b699af2c!8m2!3d9.6165509!4d125.9636142!16s%2Fg%2F11x7rgd4bq!19sChIJny3kbQDjAzMRLK-ZtljLnX4?authuser=0&hl=en&rclk=1
Dapa Seaport,Bucas Grande,transportation,CORRECT,medium,seaport,name reads as transportation,keep in 'transportation',Seaport,3.9,(17),"Dapa, Surigao del Norte",https://www.google.com/maps/place/Dapa+Seaport/data=!4m7!3m6!1s0x3303f9a192eb65f1:0xdf00749e09324d9!8m2!3d9.7550751!4d126.0505174!16s%2Fg%2F1tcv3vh2!19sChIJ8WXrkqH5AzMR2SST4EkH8A0?authuser=0&hl=en&rclk=1
Del Pilar Bridge,Bucas Grande,transportation,INCORRECT,high,bridge,type 'bridge' is not a transportation,drop from 'transportation'  (true type: bridge — reclassify there if wanted),Bridge,4.0,(1),"JXH3+4X, Socorro, Surigao del Norte",https://www.google.com/maps/place/Del+Pilar+Bridge/data=!4m7!3m6!1s0x3303e3002ec3cecd:0xe2ba705a139aba64!8m2!3d9.6278531!4d125.9549867!16s%2Fg%2F11myg3c505!19sChIJzc7DLgDjAzMRZLqaE1pwuuI?authuser=0&hl=en&rclk=1
Safeways Gasoline Station,Bucas Grande,gas station,CORRECT,high,diesel fuel supplier,type 'diesel fuel supplier' matches gas station,keep in 'gas station',Diesel fuel supplier  JWWC+PGROpen,5.0,(1),,https://www.google.com/maps/place/Safeways+Gasoline+Station/data=!4m7!3m6!1s0x3303e3c562b3e069:0xdcf7d8a490d5a488!8m2!3d9.6468714!4d125.9212595!16s%2Fg%2F11nykvcw5n!19sChIJaeCzYsXjAzMRiKTVkKTY99w?authuser=0&hl=en&rclk=1
Kj GASOLINE STATION,Bucas Grande,gas station,CORRECT,high,gas station,type 'gas station' matches gas station,keep in 'gas station',Gas station  JWGR+7W5 Socorro - Estrella - Pamosaingan RdClosed  Opens 6 AM,4.5,(2),0998 453 7121,https://www.google.com/maps/place/Kj+GASOLINE+STATION/data=!4m7!3m6!1s0x3303e372030f525b:0xe20512c5742f4fef!8m2!3d9.6256397!4d125.9423729!16s%2Fg%2F11s7zn4vpn!19sChIJW1IPA3LjAzMR708vdMUSBeI?authuser=0&hl=en&rclk=1
Amira Gasoline Station,Bucas Grande,gas station,CORRECT,medium,,name reads as gas station,keep in 'gas station',,5.0,(1),,https://www.google.com/maps/place/Amira+Gasoline+Station/data=!4m7!3m6!1s0x3303e3d21d22d029:0x6735fc637c38ba7c!8m2!3d9.622435!4d125.954293!16s%2Fg%2F11tdjjsx7n!19sChIJKdAiHdLjAzMRfLo4fGP8NWc?authuser=0&hl=en&rclk=1
LTC Gasoline Station,Bucas Grande,gas station,CORRECT,medium,,name reads as gas station,keep in 'gas station',,4.0,(1),,https://www.google.com/maps/place/LTC+Gasoline+Station/data=!4m7!3m6!1s0x3303e3004e01bc35:0xf03685fb3e9f23f2!8m2!3d9.6128708!4d125.9387734!16s%2Fg%2F11xcnjk6fp!19sChIJNbwBTgDjAzMR8iOfPvuFNvA?authuser=0&hl=en&rclk=1
Kilometer Zero (Bucas Grande Island),Bucas Grande,tourist information,INCORRECT,high,tourist attraction,type 'tourist attraction' is not a tourist information,drop from 'tourist information'  (true type: tourist attraction — reclassify there if wanted),Tourist attraction,4.3,(3),"JX98+895, Socorro, Surigao del Norte",https://www.google.com/maps/place/Kilometer+Zero+%28Bucas+Grande+Island%29/data=!4m7!3m6!1s0x3303e3cceb2a5cbd:0x975c51e5bc2fd612!8m2!3d9.618107!4d125.965978!16s%2Fg%2F11k4k9thkp!19sChIJvVwq68zjAzMREtYvvOVRXJc?authuser=0&hl=en&rclk=1
Sohoton Cave,Bucas Grande,tourist information,INCORRECT,high,tourist attraction,type 'tourist attraction' is not a tourist information,drop from 'tourist information'  (true type: tourist attraction — reclassify there if wanted),Tourist attraction,5.0,(1),"HWVC+MC, Socorro, Surigao del Norte",https://www.google.com/maps/place/Sohoton+Cave/data=!4m7!3m6!1s0x3303e1003680338d:0x1ceac0d8f051fba0!8m2!3d9.5941406!4d125.921103!16s%2Fg%2F11zfnt7ypx!19sChIJjTOANgDhAzMRoPtR8NjA6hw?authuser=0&hl=en&rclk=1
Horseshoe,Bucas Grande,tourist information,INCORRECT,high,tourist attraction,type 'tourist attraction' is not a tourist information,drop from 'tourist information'  (true type: tourist attraction — reclassify there if wanted),Tourist attraction,4.7,(25),"HWRC+GF3, San Roque - Sabang, Socorro, Surigao del Norte",https://www.google.com/maps/place/Horseshoe/data=!4m7!3m6!1s0x3303e1349bc33d13:0xea9f132df613d8ce!8m2!3d9.5912688!4d125.9211805!16s%2Fg%2F11gns7127p!19sChIJEz3DmzThAzMRztgT9i0Tn-o?authuser=0&hl=en&rclk=1
Kapihan Nature and Adventure Park,Bucas Grande,tourist information,INCORRECT,medium,park,name implies not a real tourist information,drop from 'tourist information'  (true type: park — reclassify there if wanted),Park,4.4,(19),"MX8G+G5G, Socorro, Surigao del Norte",https://www.google.com/maps/place/Kapihan+Nature+and+Adventure+Park/data=!4m7!3m6!1s0x3303e33479f7e169:0x4cab7e46aa43b5d1!8m2!3d9.6663153!4d125.9754487!16s%2Fg%2F11by_h6vjf!19sChIJaeH3eTTjAzMR0bVDqkZ-q0w?authuser=0&hl=en&rclk=1
Sun Island,Bucas Grande,tourist information,INCORRECT,high,tourist attraction,type 'tourist attraction' is not a tourist information,drop from 'tourist information'  (true type: tourist attraction — reclassify there if wanted),Tourist attraction,4.5,(2),"MXVH+37, Dapa, Surigao del Norte",https://www.google.com/maps/place/Sun+Island/data=!4m7!3m6!1s0x3303fd0d91d987c9:0x2567c447a0a11955!8m2!3d9.6933975!4d125.9776933!16s%2Fg%2F11l6c55v28!19sChIJyYfZkQ39AzMRVRmhoEfEZyU?authuser=0&hl=en&rclk=1
ISLA CASA,Bucas Grande,tourist information,INCORRECT,high,tourist attraction,type 'tourist attraction' is not a tourist information,drop from 'tourist information'  (true type: tourist attraction — reclassify there if wanted),Tourist attraction,5.0,(3),"HWGP+XC, Socorro, Surigao del Norte",https://www.google.com/maps/place/ISLA+CASA/data=!4m7!3m6!1s0x3303e10025e213bd:0xa3931047b06d0069!8m2!3d9.5774611!4d125.9360185!16s%2Fg%2F11lckxzzf7!19sChIJvRPiJQDhAzMRaQBtsEcQk6M?authuser=0&hl=en&rclk=1
Corregidor Shed,Bucas Grande,tourist information,INCORRECT,high,tourist attraction,type 'tourist attraction' is not a tourist information,drop from 'tourist information'  (true type: tourist attraction — reclassify there if wanted),Tourist attraction,5.0,(1),"M3VP+32, Dapa, Surigao del Norte",https://www.google.com/maps/place/Corregidor+Shed/data=!4m7!3m6!1s0x3303fb0013363d0d:0x9f802becc3978532!8m2!3d9.6926784!4d126.0850527!16s%2Fg%2F11y0tx5y0s!19sChIJDT02EwD7AzMRMoWXw-wrgJ8?authuser=0&hl=en&rclk=1
Cansodmon private beach resort,Bucas Grande,tourist information,INCORRECT,high,tourist attraction,type 'tourist attraction' is not a tourist information,drop from 'tourist information'  (true type: tourist attraction — reclassify there if wanted),Tourist attraction,5.0,(1),"P23G+7WP, Cansodmon, Sta felomina, Dapa, Surigao del Norte",https://www.google.com/maps/place/Cansodmon+private+beach+resort/data=!4m7!3m6!1s0x3303fbc366e0aba3:0x1033d3917be9d95d!8m2!3d9.7032179!4d126.0273182!16s%2Fg%2F11tk3wqqr0!19sChIJo6vgZsP7AzMRXdnpe5HTMxA?authuser=0&hl=en&rclk=1
"Santa Cruz, Socorro, Surigao del Norte",Bucas Grande,tourist information,INCORRECT,high,tourist attraction,type 'tourist attraction' is not a tourist information,drop from 'tourist information'  (true type: tourist attraction — reclassify there if wanted),Tourist attraction,3.7,(3),"Socorro, Surigao del Norte","https://www.google.com/maps/place/Santa+Cruz,+Socorro,+Surigao+del+Norte/data=!4m7!3m6!1s0x330159945b5b7c97:0x8cfea6df78464144!8m2!3d9.6467791!4d125.905399!16s%2Fg%2F11rb0rml7t!19sChIJl3xbW5RZATMRREFGeN-m_ow?authuser=0&hl=en&rclk=1"
Kayapaggan Beach,Bucas Grande,tourist information,INCORRECT,high,tourist attraction,type 'tourist attraction' is not a tourist information,drop from 'tourist information'  (true type: tourist attraction — reclassify there if wanted),Tourist attraction,5.0,(1),"M2RJ+J46, Kayapaggan, Dapa, Surigao del Norte",https://www.google.com/maps/place/Kayapaggan+Beach/data=!4m7!3m6!1s0x3303fba030fddeab:0xf74c681eb17f5edc!8m2!3d9.6915326!4d126.0302713!16s%2Fg%2F11lgwsl3hx!19sChIJq979MKD7AzMR3F5_sR5oTPc?authuser=0&hl=en&rclk=1
Tojoman Lagoon,Bucas Grande,tourist information,INCORRECT,high,water,type 'water' is not a tourist information,drop from 'tourist information'  (true type: water — reclassify there if wanted),Water,4.6,(5),"Socorro, Surigao del Norte",https://www.google.com/maps/place/Tojoman+Lagoon/data=!4m7!3m6!1s0x3303e1fd71cc23af:0x9d1e73a8a6b76e66!8m2!3d9.5936247!4d125.9160586!16s%2Fg%2F1q5hrhrb2!19sChIJryPMcf3hAzMRZm63pqhzHp0?authuser=0&hl=en&rclk=1
Metrodocs Medical Clinic,Cloud 9,medical clinic,CORRECT,high,urgent care center,type 'urgent care center' matches medical clinic,keep in 'medical clinic',Urgent care center,4.7,(189),"PUROK 5, General Luna, Surigao del Norte",https://www.google.com/maps/place/Metrodocs+Medical+Clinic/data=!4m7!3m6!1s0x3303f7d8f6d96085:0xa39ddc147fa69b4a!8m2!3d9.7861781!4d126.1558629!16s%2Fg%2F11f6lzps9k!19sChIJhWDZ9tj3AzMRSpumfxTcnaM?authuser=0&hl=en&rclk=1
Siargao Primary Care Facility,Cloud 9,medical clinic,CORRECT,high,medical diagnostic imaging center,type 'medical diagnostic imaging center' matches medical clinic,keep in 'medical clinic',Medical diagnostic imaging center,4.5,(22),"Back Road, Catangnan, General Luna, 8419 Surigao del Norte",https://www.google.com/maps/place/Siargao+Primary+Care+Facility/data=!4m7!3m6!1s0x3304090ff2bdbe75:0x75c6aab622afb7cb!8m2!3d9.8031127!4d126.1587849!16s%2Fg%2F11vyj7n48d!19sChIJdb698g8JBDMRy7evIraqxnU?authuser=0&hl=en&rclk=1
Dr. Boyd MD Medical,Cloud 9,medical clinic,CORRECT,high,medical clinic,type 'medical clinic' matches medical clinic,keep in 'medical clinic',Medical clinic,5.0,(31),"Suite 210, Pops District Cloud, 9 Tourism Rd, Catangnan, General Luna, 8419 Surigao del Norte",https://www.google.com/maps/place/Dr.+Boyd+MD+Medical/data=!4m7!3m6!1s0x3304091c396d9e13:0x3b45732d5ab2b8b3!8m2!3d9.81181!4d126.1632008!16s%2Fg%2F11wfg8mvy4!19sChIJE55tORwJBDMRs7iyWi1zRTs?authuser=0&hl=en&rclk=1
The Raya Clinic Siargao,Cloud 9,medical clinic,CORRECT,high,hospital,type 'hospital' matches medical clinic,keep in 'medical clinic',Hospital,4.4,(70),"National Road, Poblacion IV (Purok IV), General Luna, 8419 Surigao del Norte",https://www.google.com/maps/place/The+Raya+Clinic+Siargao/data=!4m7!3m6!1s0x3303f7d18c950f25:0x99101f30a68c688c!8m2!3d9.7850943!4d126.1558999!16s%2Fg%2F11y44qh55t!19sChIJJQ-VjNH3AzMRjGiMpjAfEJk?authuser=0&hl=en&rclk=1
Island Doctors PH,Cloud 9,medical clinic,CORRECT,high,medical clinic,type 'medical clinic' matches medical clinic,keep in 'medical clinic',Medical clinic,4.8,(15),"Q5M4+XFF, GMV Apartment Building, National Highway, Dapa - General Luna Rd, Purok 5, General Luna, 8419 Surigao del Norte",https://www.google.com/maps/place/Island+Doctors+PH/data=!4m7!3m6!1s0x3303f78996ec5619:0xe90b8a1f26db4559!8m2!3d9.7848744!4d126.156205!16s%2Fg%2F11hzwfshq6!19sChIJGVbslon3AzMRWUXbJh-KC-k?authuser=0&hl=en&rclk=1
Bright Medical Clinic Inc. (BMCI),Cloud 9,medical clinic,CORRECT,high,medical clinic,type 'medical clinic' matches medical clinic,keep in 'medical clinic',Medical clinic,4.0,(1),"BDO, 234 ESPIRIDION POBLACION 4, Siargao Island, General Luna, 8419 Surigao del Norte",https://www.google.com/maps/place/Bright+Medical+Clinic+Inc.+%28BMCI%29/data=!4m7!3m6!1s0x2cd373fbe517ee33:0xc2a16f32d105ead!8m2!3d9.7855575!4d126.1556845!16s%2Fg%2F11s9y52drr!19sChIJM-4X5ftz0ywRrV4QLfMWKgw?authuser=0&hl=en&rclk=1
Eyog Dental Clinic - Siargao,Cloud 9,medical clinic,CORRECT,high,emergency dental service,type 'emergency dental service' matches medical clinic,keep in 'medical clinic',Emergency dental service,4.7,(51),"Plaza Sumabat Purok I, General Luna, 8419 Surigao del Norte",https://www.google.com/maps/place/Eyog+Dental+Clinic+-+Siargao/data=!4m7!3m6!1s0x3303f70a484cfecd:0x4d1157eb64f3f71!8m2!3d9.7819342!4d126.1562151!16s%2Fg%2F11nsvg5y0n!19sChIJzf5MSAr3AzMRcT9Ptn4V0QQ?authuser=0&hl=en&rclk=1
Siargao Pharmacy,Cloud 9,pharmacy,CORRECT,high,pharmacy,type 'pharmacy' matches pharmacy,keep in 'pharmacy',Pharmacy,4.1,(18),"Siargao Island, Poblacion 2, Beside Don Macchiatos, General Luna, 8419 Surigao del Norte",https://www.google.com/maps/place/Siargao+Pharmacy/data=!4m7!3m6!1s0x3303f7659a5c8c35:0x341698fa1e81c31d!8m2!3d9.7837235!4d126.1563617!16s%2Fg%2F11trq4zw97!19sChIJNYxcmmX3AzMRHcOBHvqYFjQ?authuser=0&hl=en&rclk=1
MOM Pharmacy,Cloud 9,pharmacy,CORRECT,high,pharmacy,type 'pharmacy' matches pharmacy,keep in 'pharmacy',Pharmacy,4.2,(32),"R535+7G9, Tourism Rd, General Luna, 8419 Surigao del Norte",https://www.google.com/maps/place/MOM+Pharmacy/data=!4m7!3m6!1s0x3304098883ed5a75:0xf704178255648930!8m2!3d9.8031478!4d126.1588149!16s%2Fg%2F11trx55026!19sChIJdVrtg4gJBDMRMIlkVYIXBPc?authuser=0&hl=en&rclk=1
EMERALD SPA SIARGAO,Cloud 9,massage spa,CORRECT,high,massage spa,type 'massage spa' matches massage spa,keep in 'massage spa',Massage spa,4.7,(77),"Siargao Island Located at Emerald House Village, Emerald SPA, Tourism rd, Siargao 💚💆, Catangnan, General Luna, 8419 Surigao del Norte",https://www.google.com/maps/place/EMERALD+SPA+SIARGAO/data=!4m7!3m6!1s0x3304091c0983c5b1:0x4a5b34ad3dc31a4!8m2!3d9.8106997!4d126.164722!16s%2Fg%2F11vm9mfn15!19sChIJscWDCRwJBDMRpDHc00qzpQQ?authuser=0&hl=en&rclk=1
CLOUD MASSAGE AND SPA,Cloud 9,massage spa,CORRECT,high,massage spa,type 'massage spa' matches massage spa,keep in 'massage spa',Massage spa,5.0,(43),"Surfing Spot, Cloud 9 Tower, Brgy.Catangnan Pops District Building 2nd Floor, Front Of, Tourism Rd, General Luna, 8419 Surigao del Norte",https://www.google.com/maps/place/CLOUD+MASSAGE+AND+SPA/data=!4m7!3m6!1s0x33040978f8768175:0x10339c3390c3e708!8m2!3d9.8118691!4d126.163156!16s%2Fg%2F11vztw0jps!19sChIJdYF2-HgJBDMRCOfDkDOcMxA?authuser=0&hl=en&rclk=1
Mantra Home Service Massage - Siargao,Cloud 9,massage spa,CORRECT,high,massage spa,type 'massage spa' matches massage spa,keep in 'massage spa',Massage spa,4.8,(96),"Old Tourism Rd, Catangan, General Luna, 8419 Surigao del Norte",https://www.google.com/maps/place/Mantra+Home+Service+Massage+-+Siargao/data=!4m7!3m6!1s0x2bc0ac4c928239e1:0xbaac250705184fc4!8m2!3d9.8061752!4d126.160216!16s%2Fg%2F11wh80rh6q!19sChIJ4TmCkkyswCsRxE8YBQclrLo?authuser=0&hl=en&rclk=1
Sparaiso Siargao Massage and Spa,Cloud 9,massage spa,CORRECT,high,massage spa,type 'massage spa' matches massage spa,keep in 'massage spa',Massage spa,4.8,(74),"Pang-Pang Back Road, General Luna, 8419 Surigao del Norte",https://www.google.com/maps/place/Sparaiso+Siargao+Massage+and+Spa/data=!4m7!3m6!1s0x3303f7205e07bb41:0xdec7531632f3fa4a!8m2!3d9.7968003!4d126.1572915!16s%2Fg%2F11kqxy76zz!19sChIJQbsHXiD3AzMRSvrzMhZTx94?authuser=0&hl=en&rclk=1
SIARGAO MASSAGE SPA,Cloud 9,massage spa,CORRECT,high,massage spa,type 'massage spa' matches massage spa,keep in 'massage spa',Massage spa,5.0,(5),"purok 3 Tourism Rd, General Luna, 8419 Surigao del Norte",https://www.google.com/maps/place/SIARGAO+MASSAGE+SPA/data=!4m7!3m6!1s0x3303f7ae725544ab:0x989079eb5449925b!8m2!3d9.7852276!4d126.1604048!16s%2Fg%2F11mrn_gkqx!19sChIJq0RVcq73AzMRW5JJVOt5kJg?authuser=0&hl=en&rclk=1
LAWOD MASSAGE and SPA,Cloud 9,massage spa,CORRECT,high,spa,type 'spa' matches massage spa,keep in 'massage spa',Spa,4.3,(149),"Poblacion V (Purok V), General Luna, Surigao del Norte",https://www.google.com/maps/place/LAWOD+MASSAGE+and+SPA/data=!4m7!3m6!1s0x3303f61a68a48e1b:0xb6821536b03ce8d5!8m2!3d9.7961096!4d126.1602446!16s%2Fg%2F11hbb_bwwf!19sChIJG46kaBr2AzMR1eg8sDYVgrY?authuser=0&hl=en&rclk=1
Perisseia Spa Siargao,Cloud 9,massage spa,CORRECT,high,massage spa,type 'massage spa' matches massage spa,keep in 'massage spa',Massage spa,4.9,(51),"Purok 3, In front of Watsons, 3 Tourism Rd, Poblacion, General Luna, 8419 Surigao del Norte",https://www.google.com/maps/place/Perisseia+Spa+Siargao/data=!4m7!3m6!1s0x3303f76fcf5081b5:0xf08f626ab405b0e!8m2!3d9.7874416!4d126.1627215!16s%2Fg%2F11yqv2k6vx!19sChIJtYFQz2_3AzMRDltAqyb2CA8?authuser=0&hl=en&rclk=1
Hands of Gold Massage Siargao,Cloud 9,massage spa,CORRECT,high,massage spa,type 'massage spa' matches massage spa,keep in 'massage spa',Massage spa,4.9,(433),"Poblacion 2, General Luna, 8419 Surigao del Norte",https://www.google.com/maps/place/Hands+of+Gold+Massage+Siargao/data=!4m7!3m6!1s0x3303f7c9dc7230d3:0xba2cf0ea16a81e9b!8m2!3d9.7827261!4d126.1539944!16s%2Fg%2F11h4pcfhfl!19sChIJ0zBy3Mn3AzMRmx6oFurwLLo?authuser=0&hl=en&rclk=1
Filosopía Wellness,Cloud 9,massage spa,CORRECT,high,spa,type 'spa' matches massage spa,keep in 'massage spa',Spa,4.8,(139),"3143, General Luna, 8400 Surigao del Norte",https://www.google.com/maps/place/Filosop%C3%ADa+Wellness/data=!4m7!3m6!1s0x3304090ae799b89f:0x870322d6d826b255!8m2!3d9.8061726!4d126.1602151!16s%2Fg%2F11wj0jcy7c!19sChIJn7iZ5woJBDMRVbIm2NYiA4c?authuser=0&hl=en&rclk=1
Staycation Massage @Home Spa,Cloud 9,massage spa,CORRECT,high,massage spa,type 'massage spa' matches massage spa,keep in 'massage spa',Massage spa,4.8,(165),"Tourism Rd, General Luna, 8419 Surigao del Norte",https://www.google.com/maps/place/Staycation+Massage+@Home+Spa/data=!4m7!3m6!1s0x3303f7123ba23ed9:0x9e485b38c7d53955!8m2!3d9.7896113!4d126.1617968!16s%2Fg%2F11q8jvzsjm!19sChIJ2T6iOxL3AzMRVTnVxzhbSJ4?authuser=0&hl=en&rclk=1
Isla Natura Spa,Cloud 9,massage spa,CORRECT,high,massage spa,type 'massage spa' matches massage spa,keep in 'massage spa',Massage spa,4.9,(291),"Siargao Island, Purok 3 Tourism Rd, General Luna, 8419 Surigao del Norte",https://www.google.com/maps/place/Isla+Natura+Spa/data=!4m7!3m6!1s0x3303f79676fca98b:0xf39d906584238353!8m2!3d9.7844567!4d126.1577374!16s%2Fg%2F11vkby7j85!19sChIJi6n8dpb3AzMRU4MjhGWQnfM?authuser=0&hl=en&rclk=1
BAYUD SPA,Cloud 9,massage spa,CORRECT,high,massage spa,type 'massage spa' matches massage spa,keep in 'massage spa',Massage spa,4.7,(400),"Poblacion 5, General Luna, 8419 Surigao del Norte",https://www.google.com/maps/place/BAYUD+SPA/data=!4m7!3m6!1s0x3303f7f37696b215:0xb8a73ceb82b5c37e!8m2!3d9.7941088!4d126.1608703!16s%2Fg%2F11vbrqk35l!19sChIJFbKWdvP3AzMRfsO1gus8p7g?authuser=0&hl=en&rclk=1
Esencia Massage and Wellness Siargao,Cloud 9,massage spa,CORRECT,high,massage spa,type 'massage spa' matches massage spa,keep in 'massage spa',Massage spa,4.9,(45),"Tourism Rd, General Luna, Surigao del Norte",https://www.google.com/maps/place/Esencia+Massage+and+Wellness+Siargao/data=!4m7!3m6!1s0x3303f7003a6e67cd:0x30ef84c0fa75949b!8m2!3d9.7904756!4d126.1617579!16s%2Fg%2F11ybhv0k20!19sChIJzWduOgD3AzMRm5R1-sCE7zA?authuser=0&hl=en&rclk=1
Sirena Spa,Cloud 9,massage spa,CORRECT,high,spa,type 'spa' matches massage spa,keep in 'massage spa',Spa,4.1,(327),"Shop 2, Arka Hayahay Lot, Tourism Rd, Catangnan, General Luna, 8419 Surigao del Norte",https://www.google.com/maps/place/Sirena+Spa/data=!4m7!3m6!1s0x3303f77f3d503e17:0xd638580734be4008!8m2!3d9.8017463!4d126.1599768!16s%2Fg%2F11f794zw6b!19sChIJFz5QPX_3AzMRCEC-NAdYONY?authuser=0&hl=en&rclk=1
Bayud Wellness Spa Back Road,Cloud 9,massage spa,CORRECT,high,massage spa,type 'massage spa' matches massage spa,keep in 'massage spa',Massage spa,4.7,(36),"Catangnan, Back road, General Luna, 8419 Surigao del Norte",https://www.google.com/maps/place/Bayud+Wellness+Spa+Back+Road/data=!4m7!3m6!1s0x330409497b490d2f:0xea32bc56dee23430!8m2!3d9.8037571!4d126.159037!16s%2Fg%2F11xcffpxbr!19sChIJLw1Je0kJBDMRMDTi3la8Muo?authuser=0&hl=en&rclk=1
Tawhay Fitness Siargao,Cloud 9,gym,CORRECT,high,gym,type 'gym' matches gym,keep in 'gym',Gym,4.8,(392),"Tawhay Fitness, General Luna, 8419 Surigao del Norte",https://www.google.com/maps/place/Tawhay+Fitness+Siargao/data=!4m7!3m6!1s0x330409b5bfdb2695:0xa5c23178ce15c62c!8m2!3d9.8020661!4d126.1582323!16s%2Fg%2F11kbfk5p6c!19sChIJlSbbv7UJBDMRLMYVzngxwqU?authuser=0&hl=en&rclk=1
CBD Siargao (Catangnan Beach Dojo),Cloud 9,gym,CORRECT,high,gym,type 'gym' matches gym,keep in 'gym',Gym,5.0,(152),"R565+9J3, Tourism Rd, General Luna, Surigao del Norte",https://www.google.com/maps/place/CBD+Siargao+%28Catangnan+Beach+Dojo%29/data=!4m7!3m6!1s0x3304092cda671c83:0x7553122d0ffa6362!8m2!3d9.8106592!4d126.1591434!16s%2Fg%2F11kc97s2qt!19sChIJgxxn2iwJBDMRYmP6Dy0SU3U?authuser=0&hl=en&rclk=1
PRIMEFIT PERFORMANCE GYM,Cloud 9,gym,CORRECT,high,fitness center,type 'fitness center' matches gym,keep in 'gym',Fitness center,5.0,(74),"SITIO STA. INES, General Luna, 8419 Surigao del Norte",https://www.google.com/maps/place/PRIMEFIT+PERFORMANCE+GYM/data=!4m7!3m6!1s0x330409f62caabc21:0x8d14879538191499!8m2!3d9.7948916!4d126.1583993!16s%2Fg%2F11n3_zr835!19sChIJIbyqLPYJBDMRmRQZOJWHFI0?authuser=0&hl=en&rclk=1
"Asgard Siargao MMA, Fitness & Recovery Resort",Cloud 9,gym,CORRECT,medium,,name reads as gym,keep in 'gym',,4.9,(184),"Saging, Catangnan, General Luna, 8419 Surigao del Norte","https://www.google.com/maps/place/Asgard+Siargao+MMA,+Fitness+%26+Recovery+Resort/data=!4m11!3m10!1s0x330409bfda8eb6cf:0xeb545edb34831e4d!5m3!1s2026-10-31!4m1!1i2!8m2!3d9.8048961!4d126.1590316!16s%2Fg%2F11w3t8qflg!19sChIJz7aO2r8JBDMRTR6DNNteVOs?authuser=0&hl=en&rclk=1"
CrossFit Siargao,Cloud 9,gym,CORRECT,high,gym,type 'gym' matches gym,keep in 'gym',Gym,4.9,(178),"Siargao Island, Poblacion, 5, General Luna, Surigao del Norte",https://www.google.com/maps/place/CrossFit+Siargao/data=!4m7!3m6!1s0x3303f7613b7b4ba7:0xf231a864d51cc09a!8m2!3d9.7915432!4d126.1605613!16s%2Fg%2F11j1cztz7y!19sChIJp0t7O2H3AzMRmsAc1WSoMfI?authuser=0&hl=en&rclk=1
SurFit Gym Siargao,Cloud 9,gym,CORRECT,high,gym,type 'gym' matches gym,keep in 'gym',Gym,4.9,(455),"Tourism Rd, Purok 5, General Luna, 8419 Surigao del Norte",https://www.google.com/maps/place/SurFit+Gym+Siargao/data=!4m7!3m6!1s0x3303f700455eef0f:0xd3a76f8310a7ec58!8m2!3d9.787995!4d126.1630469!16s%2Fg%2F11xw4bl6lp!19sChIJD-9eRQD3AzMRWOynEINvp9M?authuser=0&hl=en&rclk=1
PrimeFit Gym General Luna,Cloud 9,gym,CORRECT,high,gym,type 'gym' matches gym,keep in 'gym',Gym,4.9,(350),"Tourism Rd, purok 3, General Luna, 8419 Surigao del Norte",https://www.google.com/maps/place/PrimeFit+Gym+General+Luna/data=!4m7!3m6!1s0x3303f7006cb2377f:0xa58dae8df184557a!8m2!3d9.7854365!4d126.1604944!16s%2Fg%2F11wbdgv_rf!19sChIJfzeybAD3AzMRelWE8Y2ujaU?authuser=0&hl=en&rclk=1
TheIslandBoxer,Cloud 9,gym,CORRECT,high,personal trainer,type 'personal trainer' matches gym,keep in 'gym',Personal trainer,5.0,(6),"R535+WJQ, General Luna, 8419 Surigao del Norte",https://www.google.com/maps/place/TheIslandBoxer/data=!4m7!3m6!1s0x330409f17007de07:0x1290a4d506f16cef!8m2!3d9.8048125!4d126.1590625!16s%2Fg%2F11vpnb4rtd!19sChIJB94HcPEJBDMR72zxBtWkkBI?authuser=0&hl=en&rclk=1
Tag grocery,Cloud 9,convenience store,CORRECT,high,grocery store,type 'grocery store' matches convenience store,keep in 'convenience store',Grocery store,4.0,(160),"Q5M4+72Q, General Luna, Surigao del Norte",https://www.google.com/maps/place/Tag+grocery/data=!4m7!3m6!1s0x3303f616065564ad:0xdd6cf3fd3c37f71!8m2!3d9.7834208!4d126.1550415!16s%2Fg%2F11b6jddrhw!19sChIJrWRVBhb2AzMRcX_D0z_P1g0?authuser=0&hl=en&rclk=1
Barna's Specialty Grocer,Cloud 9,convenience store,CORRECT,high,gourmet grocery store,type 'gourmet grocery store' matches convenience store,keep in 'convenience store',Gourmet grocery store,4.4,(41),"Q5M4+P49 to Malinao, Road from, Barangay 1, General Luna, 8419 Surigao del Norte",https://www.google.com/maps/place/Barna%27s+Specialty+Grocer/data=!4m7!3m6!1s0x3303f72b8e9eddc3:0x5e40cb5f228f0394!8m2!3d9.7834409!4d126.1560387!16s%2Fg%2F11fnr9d70h!19sChIJw92ejiv3AzMRlAOPIl_LQF4?authuser=0&hl=en&rclk=1
Barbies Ice Cream,Cloud 9,convenience store,INCORRECT,high,ice cream shop,type 'ice cream shop' is excluded from convenience store,drop from 'convenience store'  (true type: ice cream shop — reclassify there if wanted),Ice cream shop,4.1,(9),"Catagnan 8419, right across the entrance of, Yes surf tourism road, Cloud 9 Dr, Catagnan, Surigao City, 8419 Surigao del Norte",https://www.google.com/maps/place/Barbies+Ice+Cream/data=!4m7!3m6!1s0x3304098c8878a69b:0x97eae3a80cc21e59!8m2!3d9.8117318!4d126.163364!16s%2Fg%2F11x13jb04y!19sChIJm6Z4iIwJBDMRWR7CDKjj6pc?authuser=0&hl=en&rclk=1
"WASH RIDE CLUB | Laundry - Catangnan, Cloud 9",Cloud 9,laundry,CORRECT,high,laundry service,type 'laundry service' matches laundry,keep in 'laundry',Laundry service,4.4,(39),"Touristen Road, Catangnan, General Luna, 8419 Surigao del Norte","https://www.google.com/maps/place/WASH+RIDE+CLUB+%7C+Laundry+-+Catangnan,+Cloud+9/data=!4m7!3m6!1s0x3304091d6d9f829b:0x3ded0432a6e6c857!8m2!3d9.8116683!4d126.1630014!16s%2Fg%2F11x10nk_y_!19sChIJm4KfbR0JBDMRV8jmpjIE7T0?authuser=0&hl=en&rclk=1"
Clean Queen Siargao,Cloud 9,laundry,CORRECT,high,laundry service,type 'laundry service' matches laundry,keep in 'laundry',Laundry service,4.5,(80),"Tuason Point, Lifestyle Center, Akaw, General Luna, 8419 Surigao del Norte",https://www.google.com/maps/place/Clean+Queen+Siargao/data=!4m7!3m6!1s0x33040993c3648d27:0x2496ca6edc9a40e0!8m2!3d9.8075311!4d126.1662278!16s%2Fg%2F11wntwfs0_!19sChIJJ41kw5MJBDMR4ECa3G7KliQ?authuser=0&hl=en&rclk=1
Siargao Laundry,Cloud 9,laundry,CORRECT,high,laundry service,type 'laundry service' matches laundry,keep in 'laundry',Laundry service,4.1,(79),"General Luna, 8419 Surigao del Norte",https://www.google.com/maps/place/Siargao+Laundry/data=!4m7!3m6!1s0x3304090d561ac52b:0x4a7f8466a879df48!8m2!3d9.7977231!4d126.1575899!16s%2Fg%2F11sswn7vj_!19sChIJK8UaVg0JBDMRSN95qGaEf0o?authuser=0&hl=en&rclk=1
Lemon Laundry,Cloud 9,laundry,CORRECT,high,laundromat,type 'laundromat' matches laundry,keep in 'laundry',Laundromat,4.0,(83),"R546+HRX, Tourism Rd, General Luna, Surigao del Norte",https://www.google.com/maps/place/Lemon+Laundry/data=!4m7!3m6!1s0x330409746ad72463:0x94090941470d10bf!8m2!3d9.8065561!4d126.1621586!16s%2Fg%2F11h7z8fb72!19sChIJYyTXanQJBDMRvxANR0EJCZQ?authuser=0&hl=en&rclk=1
Suurf and Suds Laundry Siargao,Cloud 9,laundry,CORRECT,high,laundry service,type 'laundry service' matches laundry,keep in 'laundry',Laundry service,4.6,(51),"Pang-pang, General Luna, 8419 Surigao del Norte",https://www.google.com/maps/place/Suurf+and+Suds+Laundry+Siargao/data=!4m7!3m6!1s0x3304090b37ab502d:0x4894cbe997328053!8m2!3d9.7998463!4d126.1577032!16s%2Fg%2F11x7h6x538!19sChIJLVCrNwsJBDMRU4Ayl-nLlEg?authuser=0&hl=en&rclk=1
Swell Wash Laundry Catangnan - Siargao,Cloud 9,laundry,CORRECT,high,laundry service,type 'laundry service' matches laundry,keep in 'laundry',Laundry service,4.1,(44),"Barangay, Catangnan, General Luna, 8419 Surigao del Norte",https://www.google.com/maps/place/Swell+Wash+Laundry+Catangnan+-+Siargao/data=!4m7!3m6!1s0x3304095778b94dd1:0x390a02fb077d92b3!8m2!3d9.8087872!4d126.1600151!16s%2Fg%2F11txtp3g6x!19sChIJ0U25eFcJBDMRs5J9B_sCCjk?authuser=0&hl=en&rclk=1
HardWash Laundry,Cloud 9,laundry,CORRECT,high,laundromat,type 'laundromat' matches laundry,keep in 'laundry',Laundromat,4.0,(113),"5 Tourism Rd, General Luna, Surigao del Norte",https://www.google.com/maps/place/HardWash+Laundry/data=!4m7!3m6!1s0x3303f76bae7cd331:0x98e753c046b120c6!8m2!3d9.7921906!4d126.1614011!16s%2Fg%2F11jsp7ry2s!19sChIJMdN8rmv3AzMRxiCxRsBT55g?authuser=0&hl=en&rclk=1
Bayud Laundry Siargao,Cloud 9,laundry,CORRECT,high,laundry service,type 'laundry service' matches laundry,keep in 'laundry',Laundry service,4.3,(16),"Backroad, General Luna, 8419 Surigao del Norte",https://www.google.com/maps/place/Bayud+Laundry+Siargao/data=!4m7!3m6!1s0x330409086a14d247:0xcb6e39babda71360!8m2!3d9.8038051!4d126.1590469!16s%2Fg%2F11xzqj_cmd!19sChIJR9IUaggJBDMRYBOnvbo5bss?authuser=0&hl=en&rclk=1
Silver Wave Laundry Shop,Cloud 9,laundry,CORRECT,high,laundry service,type 'laundry service' matches laundry,keep in 'laundry',Laundry service,5.0,(10),"Dapa-Union, Poblacion 1, Purok 1 Dapa - General Luna Rd, Poblacion 1, General Luna, 8419 Surigao del Norte",https://www.google.com/maps/place/Silver+Wave+Laundry+Shop/data=!4m7!3m6!1s0x3303f7f0d90ba529:0x1ec99b95549a3ff9!8m2!3d9.7822105!4d126.1532119!16s%2Fg%2F11z0yglfmr!19sChIJKaUL2fD3AzMR-T-aVJWbyR4?authuser=0&hl=en&rclk=1
TAPOK Kitchen Siargao,Cloud 9,laundry,CORRECT,high,laundry service,type 'laundry service' matches laundry,keep in 'laundry',Laundry service,4.3,(6),"Purok 1, General Luna, 8419 Surigao del Norte",https://www.google.com/maps/place/TAPOK+Kitchen+Siargao/data=!4m7!3m6!1s0x3303f7007292fee5:0x1de50662e78e7b72!8m2!3d9.7821555!4d126.1562174!16s%2Fg%2F11wnkz6dxb!19sChIJ5f6ScgD3AzMRcnuO52IG5R0?authuser=0&hl=en&rclk=1
Alwine Laundry Shop 2,Cloud 9,laundry,CORRECT,high,laundry service,type 'laundry service' matches laundry,keep in 'laundry',Laundry service,4.1,(31),"Pob5, General Luna, Surigao del Norte",https://www.google.com/maps/place/Alwine+Laundry+Shop+2/data=!4m7!3m6!1s0x3303f70017b5fec1:0x7ab3d2a5378d9eee!8m2!3d9.7845333!4d126.1563253!16s%2Fg%2F11xlj5348v!19sChIJwf61FwD3AzMR7p6NN6XSs3o?authuser=0&hl=en&rclk=1
Swell Wash Laundry General Luna,Cloud 9,laundry,CORRECT,high,laundry service,type 'laundry service' matches laundry,keep in 'laundry',Laundry service,3.6,(35),"In Front of Bebie's BBQ Poblacion, 3 Tourism Rd, General Luna, 8419 Surigao del Norte",https://www.google.com/maps/place/Swell+Wash+Laundry+General+Luna/data=!4m7!3m6!1s0x3303f7bd09230ca7:0x7b937e567f021d9e!8m2!3d9.785277!4d126.160292!16s%2Fg%2F11h6dlb27v!19sChIJpwwjCb33AzMRnh0Cf1Z-k3s?authuser=0&hl=en&rclk=1
HAPPYCLEAN LAUNDRY SERVICES,Cloud 9,laundry,CORRECT,high,laundry service,type 'laundry service' matches laundry,keep in 'laundry',Laundry service,4.4,(21),"Q5X6+729, Tourism Rd, General Luna, Surigao del Norte",https://www.google.com/maps/place/HAPPYCLEAN+LAUNDRY+SERVICES/data=!4m7!3m6!1s0x3303f7007ae1bd63:0x75cdf9e349134c4!8m2!3d9.7888822!4d126.1622552!16s%2Fg%2F11lyntcjd8!19sChIJY73hegD3AzMRxDSRNJ7fXAc?authuser=0&hl=en&rclk=1
ALWINE laundry shop,Cloud 9,laundry,CORRECT,high,laundry service,type 'laundry service' matches laundry,keep in 'laundry',Laundry service,4.1,(22),"Purok 1, Poblacion, General Luna, Surigao del Norte",https://www.google.com/maps/place/ALWINE+laundry+shop/data=!4m7!3m6!1s0x3303f700410f59cf:0x1aa1837beeb35ac9!8m2!3d9.7812483!4d126.1512694!16s%2Fg%2F11wqk55n14!19sChIJz1kPQQD3AzMRyVqz7nuDoRo?authuser=0&hl=en&rclk=1
Swell Wash Laundry Santa Fe,Cloud 9,laundry,CORRECT,high,laundry service,type 'laundry service' matches laundry,keep in 'laundry',Laundry service,4.4,(18),"R4QQ+WV, General Luna, Surigao del Norte",https://www.google.com/maps/place/Swell+Wash+Laundry+Santa+Fe/data=!4m7!3m6!1s0x3304098c9178240f:0xda49da9ef5d27a15!8m2!3d9.8398099!4d126.1396601!16s%2Fg%2F11sdqq_f69!19sChIJDyR4kYwJBDMRFXrS9Z7aSdo?authuser=0&hl=en&rclk=1
Jully's Laundry,Cloud 9,laundry,CORRECT,high,laundry service,type 'laundry service' matches laundry,keep in 'laundry',Laundry service,3.7,(15),"3 Dapa - General Luna Rd, General Luna, Surigao del Norte",https://www.google.com/maps/place/Jully%27s+Laundry/data=!4m7!3m6!1s0x3303f70073a9fda1:0x6732895f62301f1c!8m2!3d9.7839385!4d126.1580674!16s%2Fg%2F11y4n53fg3!19sChIJof2pcwD3AzMRHB8wYl-JMmc?authuser=0&hl=en&rclk=1
Hardwash laundry Santa Fe,Cloud 9,laundry,CORRECT,high,laundry service,type 'laundry service' matches laundry,keep in 'laundry',Laundry service,4.0,(15),"Santa Fe, Main road, Santa Fe, General Luna, 8419 Surigao del Norte",https://www.google.com/maps/place/Hardwash+laundry+Santa+Fe/data=!4m7!3m6!1s0x330409d4ac5925e5:0xa9647b75f35cec79!8m2!3d9.840093!4d126.1374553!16s%2Fg%2F11w8r79cch!19sChIJ5SVZrNQJBDMReexc83V7ZKk?authuser=0&hl=en&rclk=1
Casa Bianca Siargao,Cloud 9,laundry,INCORRECT,high,lodging,type 'lodging' is excluded from laundry,drop from 'laundry'  (true type: lodging — reclassify there if wanted),Lodging,4.3,(16),"R555+PPX, General Luna, Surigao del Norte",https://www.google.com/maps/place/Casa+Bianca+Siargao/data=!4m11!3m10!1s0x330409b7346d7a95:0xd0556a143f8d8ffa!5m3!1s2026-10-31!4m1!1i2!8m2!3d9.8093504!4d126.1593727!16s%2Fg%2F11hz9hkm0c!19sChIJlXptNLcJBDMR-o-NPxRqVdA?authuser=0&hl=en&rclk=1
Taga-Trento Laundry Shop,Cloud 9,laundry,CORRECT,high,laundry service,type 'laundry service' matches laundry,keep in 'laundry',Laundry service,5.0,(2),"Q5R5+4HV, Tourism Rd, General Luna, Surigao del Norte",https://www.google.com/maps/place/Taga-Trento+Laundry+Shop/data=!4m7!3m6!1s0x3303f7d691a8c1cd:0x2e45b2b1300d69eb!8m2!3d9.7903584!4d126.1589237!16s%2Fg%2F11h1m40592!19sChIJzcGokdb3AzMR62kNMLGyRS4?authuser=0&hl=en&rclk=1
Rides R Us Siargao,Cloud 9,scooter rental,CORRECT,high,scooter rental service,type 'scooter rental service' matches scooter rental,keep in 'scooter rental',Scooter rental service,4.9,(56),"R565+2V4, Tourism Rd, General Luna, 8419 Surigao del Norte",https://www.google.com/maps/place/Rides+R+Us+Siargao/data=!4m7!3m6!1s0x330409f98651da5f:0x3b77d425c952d76f!8m2!3d9.8100625!4d126.1596875!16s%2Fg%2F11wbgpbm73!19sChIJX9pRhvkJBDMRb9dSySXUdzs?authuser=0&hl=en&rclk=1
Bureau of Immigration Siargao,Cloud 9,embassy,INCORRECT,high,government office,type 'government office' is not a embassy,drop from 'embassy'  (true type: government office — reclassify there if wanted),Government office,4.9,(26),"Poblacion 1, Surigao del Norte",https://www.google.com/maps/place/Bureau+of+Immigration+Siargao/data=!4m7!3m6!1s0x3303f7004b23607f:0x48ed61f5696c55aa!8m2!3d9.7810752!4d126.1566216!16s%2Fg%2F11vyxmnbhg!19sChIJf2AjSwD3AzMRqlVsafVh7Ug?authuser=0&hl=en&rclk=1
Eco-Oil General Luna,Cloud 9,gas station,CORRECT,high,gas station,type 'gas station' matches gas station,keep in 'gas station',Gas station,5.0,(2),135 san sebastian St,https://www.google.com/maps/place/Eco-Oil+General+Luna/data=!4m7!3m6!1s0x3303f7006bc2b47b:0x70bbc2c50679d351!8m2!3d9.7839906!4d126.1574076!16s%2Fg%2F11mt2x4k9c!19sChIJe7TCawD3AzMRUdN5BsXCu3A?authuser=0&hl=en&rclk=1
Pops District Cloud 9 Siargao,Cloud 9,tourist information,INCORRECT,high,tourist attraction,type 'tourist attraction' is not a tourist information,drop from 'tourist information'  (true type: tourist attraction — reclassify there if wanted),Tourist attraction,4.5,(4),"Tourism Rd, General Luna, Surigao del Norte",https://www.google.com/maps/place/Pops+District+Cloud+9+Siargao/data=!4m7!3m6!1s0x330409003ed24d63:0xfa07c223429beb0f!8m2!3d9.8118823!4d126.1631981!16s%2Fg%2F11w1wv9zfj!19sChIJY03SPgAJBDMRD-ubQiPCB_o?authuser=0&hl=en&rclk=1
Broken Board,Cloud 9,tourist information,REVIEW,low,,Industry blank — cannot judge,human review — no type signal,,4.5,(41),"R555+FFX, Tourism Rd, General Luna, Surigao del Norte",https://www.google.com/maps/place/Broken+Board/data=!4m11!3m10!1s0x33040915c7616855:0x32b9f02bb9fc573b!5m3!1s2026-10-31!4m1!1i2!8m2!3d9.8087468!4d126.1587251!16s%2Fg%2F11h5khv_j6!19sChIJVWhhxxUJBDMRO1f8uSvwuTI?authuser=0&hl=en&rclk=1
Surfing spot,Cloud 9,tourist information,INCORRECT,high,tourist attraction,type 'tourist attraction' is not a tourist information,drop from 'tourist information'  (true type: tourist attraction — reclassify there if wanted),Tourist attraction,4.8,(4),"R4HX+G7R, General Luna, Surigao del Norte",https://www.google.com/maps/place/Surfing+spot/data=!4m7!3m6!1s0x3304094cbe3b5665:0xf58960015350cccc!8m2!3d9.8288647!4d126.1481436!16s%2Fg%2F11sdz7_55v!19sChIJZVY7vkwJBDMRzMxQUwFgifU?authuser=0&hl=en&rclk=1
Djee Kho,Cloud 9,tourist information,CORRECT,high,tourist information center,type 'tourist information center' matches tourist information,keep in 'tourist information',Tourist information center,5.0,(6),"Catangnan, Cloud 9 Dr, General Luna, 8419 Surigao del Norte",https://www.google.com/maps/place/Djee+Kho/data=!4m7!3m6!1s0x33040903fd5a1ef9:0xb6824f77722bbb96!8m2!3d9.8123244!4d126.1634488!16s%2Fg%2F11y6trcj5b!19sChIJ-R5a_QMJBDMRlrsrcndPgrY?authuser=0&hl=en&rclk=1
WaveWork Co-Working Space,Cloud 9,coworking space,CORRECT,high,coworking space,type 'coworking space' matches coworking space,keep in 'coworking space',Coworking space,5.0,(17),"Rucksack Inn Siargao Barangay Catangnan, St, General Luna, 8419 Surigao del Norte",https://www.google.com/maps/place/WaveWork+Co-Working+Space/data=!4m7!3m6!1s0x330409001f8138f3:0xe793f7518406b335!8m2!3d9.8079741!4d126.1630927!16s%2Fg%2F11zkrz0_60!19sChIJ8ziBHwAJBDMRNbMGhFH3k-c?authuser=0&hl=en&rclk=1
Lexias Hostel Workspace Siargao,Cloud 9,coworking space,INCORRECT,high,hostel,type 'hostel' is excluded from coworking space,drop from 'coworking space'  (true type: hostel — reclassify there if wanted),Hostel,4.0,(68),"R534+5R2 Siargao Island, Sitio pangpang, Tourism Rd, Catangnan, General Luna, 8419 Surigao del Norte",https://www.google.com/maps/place/Lexias+Hostel+Workspace+Siargao/data=!4m11!3m10!1s0x3304097875e0f1b9:0x283e836dc255e97c!5m3!1s2026-10-31!4m1!1i2!8m2!3d9.8028793!4d126.1570073!16s%2Fg%2F11q8w9ks3w!19sChIJufHgdXgJBDMRfOlVwm2DPig?authuser=0&hl=en&rclk=1
"Lungga Coworking, Coliving & Cafe",Cloud 9,coworking space,CORRECT,high,coworking space,type 'coworking space' matches coworking space,keep in 'coworking space',Coworking space,5.0,(31),"Libertad, General Luna, 8419 Surigao del Norte","https://www.google.com/maps/place/Lungga+Coworking,+Coliving+%26+Cafe/data=!4m11!3m10!1s0x330409cca3f87847:0xfc794b8b3611c392!5m3!1s2026-10-31!4m1!1i2!8m2!3d9.8317121!4d126.1336402!16s%2Fg%2F11zjmpv3kf!19sChIJR3j4o8wJBDMRksMRNotLefw?authuser=0&hl=en&rclk=1"
7-Eleven ST3982 Diatagon,Enchanted River,convenience store,CORRECT,high,convenience store,type 'convenience store' matches convenience store,keep in 'convenience store',Convenience store,4.8,(5),"M4GQ+W98, Diatagon, Lianga, Surigao del Sur",https://www.google.com/maps/place/7-Eleven+ST3982+Diatagon/data=!4m7!3m6!1s0x330209e1afc8dd23:0x63c193aca1cdca6c!8m2!3d8.6772902!4d126.138451!16s%2Fg%2F11kqsxk_qk!19sChIJI93Ir-EJAjMRbMrNoayTwWM?authuser=0&hl=en&rclk=1
Euronet ATM,General Luna,atm,CORRECT,high,atm,type 'atm' matches atm,keep in 'atm',ATM  Big,5.0,(1),9 Hostel,https://www.google.com/maps/place/Euronet+ATM/data=!4m7!3m6!1s0x3303f7482df41f61:0x51a942549f96d4ed!8m2!3d9.7856796!4d126.1610198!16s%2Fg%2F11yjh2lmz0!19sChIJYR_0LUj3AzMR7dSWn1RCqVE?authuser=0&hl=en&rclk=1
Euronet ATM,General Luna,atm,CORRECT,high,atm,type 'atm' matches atm,keep in 'atm',ATM  Torres' Residence Brgy 3 Tourism Road General LunaOpen,4.0,(1),,https://www.google.com/maps/place/Euronet+ATM/data=!4m7!3m6!1s0x3303f773bd853cf5:0x1a35551f340b03eb!8m2!3d9.784949!4d126.159656!16s%2Fg%2F11xt00l567!19sChIJ9TyFvXP3AzMR6wMLNB9VNRo?authuser=0&hl=en&rclk=1
GoTyme Bank Kiosk POPS District Building Wodd Coffee Shop Siargao,General Luna,atm,CORRECT,high,bank,type 'bank' matches atm,keep in 'atm',Bank  Cloud,5.0,(2),9 Dr,https://www.google.com/maps/place/GoTyme+Bank+Kiosk+POPS+District+Building+Wodd+Coffee+Shop+Siargao/data=!4m7!3m6!1s0x3304093048c8e039:0xd6911cf2eefb43eb!8m2!3d9.8123706!4d126.1635016!16s%2Fg%2F11yb6jhs5m!19sChIJOeDISDAJBDMR60P77vIckdY?authuser=0&hl=en&rclk=1
Cebuana Lhuillier Pawnshop - General Luna,General Luna,atm,INCORRECT,high,pawn shop,type 'pawn shop' is excluded from atm,drop from 'atm'  (true type: pawn shop — reclassify there if wanted),Pawn shop  Figuoron Bldg,4.2,(5),135 san sebastian St,https://www.google.com/maps/place/Cebuana+Lhuillier+Pawnshop+-+General+Luna/data=!4m7!3m6!1s0x33022dc7de92ed83:0xb86bedf647a150e3!8m2!3d9.7842284!4d126.157347!16s%2Fg%2F11fd4wlb7z!19sChIJg-2S3sctAjMR41ChR_bta7g?authuser=0&hl=en&rclk=1
Namnama Siargao,General Luna,atm,INCORRECT,high,homestay,type 'homestay' is not a atm,drop from 'atm'  (true type: homestay — reclassify there if wanted),Homestay  Siargao Island Poblacion,5.0,(57),50909 745 1734,https://www.google.com/maps/place/Namnama+Siargao/data=!4m7!3m6!1s0x3303f7006eabb6cd:0x7d3c15693ec981ee!8m2!3d9.7845352!4d126.1563494!16s%2Fg%2F11xrsmppdp!19sChIJzbarbgD3AzMR7oHJPmkVPH0?authuser=0&hl=en&rclk=1
Guiral store,General Luna,atm,INCORRECT,high,store,type 'store' is not a atm,drop from 'atm'  (true type: store — reclassify there if wanted),StoreOpen  Closes 12 AM,4.6,(9),0906 380 0615,https://www.google.com/maps/place/Guiral+store/data=!4m7!3m6!1s0x330409e8ea1ea7cd:0xde24b182b26d10f8!8m2!3d9.8095723!4d126.1595784!16s%2Fg%2F11vprqvtx3!19sChIJzace6ugJBDMR-BBtsoKxJN4?authuser=0&hl=en&rclk=1
Euronet ATM,General Luna,atm,CORRECT,high,atm,type 'atm' matches atm,keep in 'atm',ATM  Forcadilla Residence Brgy StaFeOpen,5.0,(1),,https://www.google.com/maps/place/Euronet+ATM/data=!4m7!3m6!1s0x33040990b6641fbb:0x65c3d09f247f5bc!8m2!3d9.8403787!4d126.1388716!16s%2Fg%2F11xt0nqc7c!19sChIJux9ktpAJBDMRvPVH8gk9XAY?authuser=0&hl=en&rclk=1
GoldenBell Motorbike Rental - Siargao,General Luna,atm,INCORRECT,high,motorcycle rental agency,type 'motorcycle rental agency' is not a atm,drop from 'atm'  (true type: motorcycle rental agency — reclassify there if wanted),Motorcycle rental agency  Tourism RdClosed  Opens 7:30 AM,5.0,(866),0945 615 5438,https://www.google.com/maps/place/GoldenBell+Motorbike+Rental+-+Siargao/data=!4m7!3m6!1s0x3303f7002840556b:0x2bc08e6d848fbdd6!8m2!3d9.7859572!4d126.1616636!16s%2Fg%2F11vy_8g9tf!19sChIJa1VAKAD3AzMR1r2PhG2OwCs?authuser=0&hl=en&rclk=1
Mlhullier Pawnshop,General Luna,currency exchange,REVIEW,low,,Industry blank — cannot judge,human review — no type signal,,3.5,(20),,https://www.google.com/maps/place/Mlhullier+Pawnshop/data=!4m7!3m6!1s0x3303f6164173db97:0xa174244a79ed1a59!8m2!3d9.7845245!4d126.1561852!16s%2Fg%2F11dyx9vkrh!19sChIJl9tzQRb2AzMRWRrteUokdKE?authuser=0&hl=en&rclk=1
M Lhuillier - General Luna,General Luna,currency exchange,CORRECT,high,financial institution,type 'financial institution' matches currency exchange,keep in 'currency exchange',Financial institution  Q5M4+RFClosed  Opens 7:30 AM,5.0,(1),0947 999 0337,https://www.google.com/maps/place/M+Lhuillier+-+General+Luna/data=!4m7!3m6!1s0x3303f70f6cf6ab13:0xd4406c6d723bc57d!8m2!3d9.7844631!4d126.1562083!16s%2Fg%2F11msjs8f41!19sChIJE6v2bA_3AzMRfcU7cm1sQNQ?authuser=0&hl=en&rclk=1
Arugao Wellness and Spa Siargao,General Luna,currency exchange,INCORRECT,high,spa,type 'spa' is excluded from currency exchange,drop from 'currency exchange'  (true type: spa — reclassify there if wanted),Spa  Tourism RdClosed  Opens 1 PM,4.3,(86),0915 649 6527,https://www.google.com/maps/place/Arugao+Wellness+and+Spa+Siargao/data=!4m7!3m6!1s0x3303f7d20316cc0f:0xe24d13e140feea83!8m2!3d9.7909514!4d126.1616883!16s%2Fg%2F11l6c8hwdx!19sChIJD8wWA9L3AzMRg-r-QOETTeI?authuser=0&hl=en&rclk=1
Lola's Rentals,General Luna,currency exchange,INCORRECT,high,scooter rental service,type 'scooter rental service' is excluded from currency exchange,drop from 'currency exchange'  (true type: scooter rental service — reclassify there if wanted),Scooter rental service  Lola's Rentals Tourism RdClosed  Opens 9 AM,5.0,(525),0969 444 3413,https://www.google.com/maps/place/Lola%27s+Rentals/data=!4m7!3m6!1s0x3304090069d4cb4d:0x48a08e679185497b!8m2!3d9.7991596!4d126.15772!16s%2Fg%2F11s9j9p_nv!19sChIJTcvUaQAJBDMRe0mFkWeOoEg?authuser=0&hl=en&rclk=1
Hibiscus Spa Siargao,General Luna,currency exchange,INCORRECT,high,massage spa,type 'massage spa' is excluded from currency exchange,drop from 'currency exchange'  (true type: massage spa — reclassify there if wanted),Massage spa  Purok,4.6,(90),3 Tourism Rd,https://www.google.com/maps/place/Hibiscus+Spa+Siargao/data=!4m7!3m6!1s0x3303f7a96b51a8cf:0x4abe56589a43ff78!8m2!3d9.7875367!4d126.1627867!16s%2Fg%2F11w_fvr39n!19sChIJz6hRa6n3AzMReP9DmlhWvko?authuser=0&hl=en&rclk=1
Siargao 24/7 Telemedicine Clinic,General Luna,medical clinic,CORRECT,high,medical clinic,type 'medical clinic' matches medical clinic,keep in 'medical clinic',Medical clinic,5.0,(1),"Q5P4+48, General Luna, 8419 Surigao del Norte",https://www.google.com/maps/place/Siargao+24%2F7+Telemedicine+Clinic/data=!4m7!3m6!1s0x3303f57786699fa3:0xc6f67598c12c747!8m2!3d9.7853125!4d126.1558125!16s%2Fg%2F11msws5h89!19sChIJo59phnf1AzMRR8cSjFlnbww?authuser=0&hl=en&rclk=1
General Luna Rural Health Unit,General Luna,medical clinic,CORRECT,high,medical center,type 'medical center' matches medical clinic,keep in 'medical clinic',Medical Center,4.0,(4),"Q5J4+MQ3 Siargao Island, General Luna, Lalawigan ng Surigao del Norte",https://www.google.com/maps/place/General+Luna+Rural+Health+Unit/data=!4m7!3m6!1s0x3303f6144ca4329d:0x9ae68d44a3150507!8m2!3d9.7816281!4d126.1569285!16s%2Fg%2F1tc_65zk!19sChIJnTKkTBT2AzMRBwUVo0SN5po?authuser=0&hl=en&rclk=1
General Luna Primary Care Facility,General Luna,medical clinic,CORRECT,high,community health center,type 'community health center' matches medical clinic,keep in 'medical clinic',Community health center,5.0,(1),"Q5R4+QFF, Tourism Rd, General Luna, 8419 Surigao del Norte",https://www.google.com/maps/place/General+Luna+Primary+Care+Facility/data=!4m7!3m6!1s0x3303f70048bbd46b:0x70b59c9c4776c910!8m2!3d9.7919543!4d126.1561028!16s%2Fg%2F11x5pmwvz1!19sChIJa9S7SAD3AzMREMl2R5yctXA?authuser=0&hl=en&rclk=1
Rabies Buster - Animal Bite Center Clinic (Siargao Island Branch),General Luna,medical clinic,CORRECT,high,medical clinic,type 'medical clinic' matches medical clinic,keep in 'medical clinic',Medical clinic,5.0,(7),"G/F Unit 106-107, Brgy, General Luna, 8419 Surigao del Norte",https://www.google.com/maps/place/Rabies+Buster+-+Animal+Bite+Center+Clinic+%28Siargao+Island+Branch%29/data=!4m7!3m6!1s0x33040900391244a5:0x2288aa141c0f69a0!8m2!3d9.8118628!4d126.1632119!16s%2Fg%2F11ym8xzjg1!19sChIJpUQSOQAJBDMRoGkPHBSqiCI?authuser=0&hl=en&rclk=1
Recovery Current,General Luna,medical clinic,CORRECT,high,physical therapy clinic,type 'physical therapy clinic' matches medical clinic,keep in 'medical clinic',Physical therapy clinic,5.0,(10),"Tourism Rd, Brgy. Catangnan, General Luna, 8419 Surigao del Norte",https://www.google.com/maps/place/Recovery+Current/data=!4m7!3m6!1s0x3304090392ffc355:0x5ed39a971b007dfe!8m2!3d9.7962276!4d126.1602883!16s%2Fg%2F11z15r5q3c!19sChIJVcP_kgMJBDMR_n0AG5ea014?authuser=0&hl=en&rclk=1
PEOPLE'S DRUGSTORE,General Luna,pharmacy,CORRECT,high,pharmacy,type 'pharmacy' matches pharmacy,keep in 'pharmacy',Pharmacy,4.0,(4),"Q5M4+FGP, Dapa, General Luna, Surigao del Norte",https://www.google.com/maps/place/PEOPLE%27S+DRUGSTORE/data=!4m7!3m6!1s0x3303f6166e23a93d:0x27a916af0d40cdf9!8m2!3d9.7837122!4d126.1563293!16s%2Fg%2F11wj6fcxvz!19sChIJPakjbhb2AzMR-c1ADa8WqSc?authuser=0&hl=en&rclk=1
LIFECHECK PHARMA,General Luna,pharmacy,CORRECT,high,pharmacy,type 'pharmacy' matches pharmacy,keep in 'pharmacy',Pharmacy,3.9,(9),"Pob. 2, General Luna, Surigao del Norte",https://www.google.com/maps/place/LIFECHECK+PHARMA/data=!4m7!3m6!1s0x3303f70025e3a4b5:0x5e0a83cd64e198c2!8m2!3d9.7832832!4d126.1553571!16s%2Fg%2F11w3qp0n6y!19sChIJtaTjJQD3AzMRwpjhZM2DCl4?authuser=0&hl=en&rclk=1
TGP The Generics Pharmacy (General Luna),General Luna,pharmacy,CORRECT,high,pharmacy,type 'pharmacy' matches pharmacy,keep in 'pharmacy',Pharmacy,4.0,(6),"JFC COMMERCIAL CENTER, Poblacion I (Purok I), General Luna, 8419 Surigao del Norte",https://www.google.com/maps/place/TGP+The+Generics+Pharmacy+%28General+Luna%29/data=!4m7!3m6!1s0x3303f7cf38b6a715:0x1032f17174404ea0!8m2!3d9.7848935!4d126.1559904!16s%2Fg%2F11j96sqkpy!19sChIJFae2OM_3AzMRoE5AdHHxMhA?authuser=0&hl=en&rclk=1
MASSAGE CARE SPA-Siargao,General Luna,massage spa,CORRECT,high,massage spa,type 'massage spa' matches massage spa,keep in 'massage spa',Massage spa,5.0,(24),"San Roque - Sabang, Purok 3, General Luna, Surigao del Norte",https://www.google.com/maps/place/MASSAGE+CARE+SPA-Siargao/data=!4m7!3m6!1s0x3301316ae8574885:0x5ecd7b2e23cb55c6!8m2!3d9.7837075!4d126.1577118!16s%2Fg%2F11zjmck1nm!19sChIJhUhX6GoxATMRxlXLIy57zV4?authuser=0&hl=en&rclk=1
OM Spa and Wellness,General Luna,massage spa,CORRECT,high,massage spa,type 'massage spa' matches massage spa,keep in 'massage spa',Massage spa,5.0,(44),"OM Home, Tourism Rd, Catangnan, General Luna, 8419 Surigao del Norte",https://www.google.com/maps/place/OM+Spa+and+Wellness/data=!4m7!3m6!1s0x330409c35f57ddff:0xa6d3a764bc5394e!8m2!3d9.7999854!4d126.1600448!16s%2Fg%2F11z38yrst8!19sChIJ_91XX8MJBDMRTjnFS3Y6bQo?authuser=0&hl=en&rclk=1
Celestia Spa and Aesthetics,General Luna,massage spa,CORRECT,high,spa,type 'spa' matches massage spa,keep in 'massage spa',Spa,4.9,(71),"Q5P4+7H3 Lot No. 1761 General Luna Siargao Poblacion V (Purok V, Surigao del Norte",https://www.google.com/maps/place/Celestia+Spa+and+Aesthetics/data=!4m7!3m6!1s0x3303f7949de92977:0xb6853d23c92bdd3c!8m2!3d9.7855633!4d126.1563797!16s%2Fg%2F11yyf8pymc!19sChIJdynpnZT3AzMRPN0rySM9hbY?authuser=0&hl=en&rclk=1
Nemil Massage - Siargao,General Luna,massage spa,CORRECT,high,massage spa,type 'massage spa' matches massage spa,keep in 'massage spa',Massage spa,4.8,(43),"Across Strangers Inn Pangdan, General Luna, 8419 Surigao del Norte",https://www.google.com/maps/place/Nemil+Massage+-+Siargao/data=!4m7!3m6!1s0x3304090035436b37:0x922a9a5c055bc0c1!8m2!3d9.7857443!4d126.1587165!16s%2Fg%2F11h0t5r2h3!19sChIJN2tDNQAJBDMRwcBbBVyaKpI?authuser=0&hl=en&rclk=1
Reefresh Spa - Siargao,General Luna,massage spa,CORRECT,high,massage spa,type 'massage spa' matches massage spa,keep in 'massage spa',Massage spa,4.6,(63),"Tourism Rd, General Luna, 8419 Surigao del Norte",https://www.google.com/maps/place/Reefresh+Spa+-+Siargao/data=!4m7!3m6!1s0x3303f794a4effe21:0x59389470742acc20!8m2!3d9.7881184!4d126.1622767!16s%2Fg%2F11mdmkt_bx!19sChIJIf7vpJT3AzMRIMwqdHCUOFk?authuser=0&hl=en&rclk=1
LORS Waxing & Massage Services,General Luna,massage spa,CORRECT,high,spa,type 'spa' matches massage spa,keep in 'massage spa',Spa,5.0,(27),"R546+W2Q, General Luna, Surigao del Norte",https://www.google.com/maps/place/LORS+Waxing+%26+Massage+Services/data=!4m7!3m6!1s0x330409003c1d13f9:0xbc3451134532bacb!8m2!3d9.8073344!4d126.160124!16s%2Fg%2F11n4f9hh3h!19sChIJ-RMdPAAJBDMRy7oyRRNRNLw?authuser=0&hl=en&rclk=1
MALINAWON SPA,General Luna,massage spa,CORRECT,high,spa,type 'spa' matches massage spa,keep in 'massage spa',Spa,3.9,(25),"Tourism Rd, poblacion 3, General Luna, Surigao del Norte",https://www.google.com/maps/place/MALINAWON+SPA/data=!4m7!3m6!1s0x3303f7e29d2cb3f7:0x89e27f4ba27eb7d3!8m2!3d9.785049!4d126.1600843!16s%2Fg%2F11h53047wr!19sChIJ97MsneL3AzMR07d-okt_4ok?authuser=0&hl=en&rclk=1
Sirenity Body Massage Spa,General Luna,massage spa,CORRECT,high,spa,type 'spa' matches massage spa,keep in 'massage spa',Spa,4.6,(8),"Tourism Rd, General Luna, 8419 Surigao del Norte",https://www.google.com/maps/place/Sirenity+Body+Massage+Spa/data=!4m7!3m6!1s0x3303f7935a5e25d7:0x12f2641a47fbc7ac!8m2!3d9.7885664!4d126.1621891!16s%2Fg%2F11mz1hs144!19sChIJ1yVeWpP3AzMRrMf7Rxpk8hI?authuser=0&hl=en&rclk=1
Isla Masahista Siargao (Home/hotel service massage only),General Luna,massage spa,CORRECT,high,spa and health club,type 'spa and health club' matches massage spa,keep in 'massage spa',Spa and health club,4.7,(6),"None, Purok 2 general luna, Surigao city, 8420 Surigao del Norte",https://www.google.com/maps/place/Isla+Masahista+Siargao+%28Home%2Fhotel+service+massage+only%29/data=!4m7!3m6!1s0x3303f772794b4e01:0xd4bc95ad25d96b59!8m2!3d9.7828216!4d126.1543364!16s%2Fg%2F11mymmxrq7!19sChIJAU5LeXL3AzMRWWvZJa2VvNQ?authuser=0&hl=en&rclk=1
I Love Massage Services,General Luna,massage spa,CORRECT,high,massage spa,type 'massage spa' matches massage spa,keep in 'massage spa',Massage spa,5.0,(55),"Q5M3+29H, Tourism Rd, General Luna, Surigao del Norte",https://www.google.com/maps/place/I+Love+Massage+Services/data=!4m7!3m6!1s0x3303f7007b9f0529:0x3cb8e13299c98cb1!8m2!3d9.7827374!4d126.1532345!16s%2Fg%2F11xmf5xlf4!19sChIJKQWfewD3AzMRsYzJmTLhuDw?authuser=0&hl=en&rclk=1
BODY VIBE SPA,General Luna,massage spa,CORRECT,high,spa and health club,type 'spa and health club' matches massage spa,keep in 'massage spa',Spa and health club,5.0,(2),"PUROK 5 8419, General Luna, 8419 Surigao del Norte",https://www.google.com/maps/place/BODY+VIBE+SPA/data=!4m7!3m6!1s0x3303f700149fa927:0xd3314cfed0ae00de!8m2!3d9.7854099!4d126.1560184!16s%2Fg%2F11m6mwgc46!19sChIJJ6mfFAD3AzMR3gCu0P5MMdM?authuser=0&hl=en&rclk=1
Tropics Beauty Lounge & Spa,General Luna,massage spa,CORRECT,high,spa,type 'spa' matches massage spa,keep in 'massage spa',Spa,4.3,(228),"Tourism Rd, Siargao, 8419 Surigao del Norte",https://www.google.com/maps/place/Tropics+Beauty+Lounge+%26+Spa/data=!4m7!3m6!1s0x3303f70956e38f9f:0x2450df0746e6796d!8m2!3d9.7842032!4d126.157874!16s%2Fg%2F11sv0mvw_g!19sChIJn4_jVgn3AzMRbXnmRgffUCQ?authuser=0&hl=en&rclk=1
Kuya Yulac & Ate Ning,General Luna,massage spa,CORRECT,high,massage therapist,type 'massage therapist' matches massage spa,keep in 'massage spa',Massage therapist,4.9,(8),"Q5R3+26V, Poblacion V (Purok V, General Luna, Surigao del Norte",https://www.google.com/maps/place/Kuya+Yulac+%26+Ate+Ning/data=!4m7!3m6!1s0x3303f7004328e199:0x86c535efd8328674!8m2!3d9.7901184!4d126.1530528!16s%2Fg%2F11yphcx9mb!19sChIJmeEoQwD3AzMRdIYy2O81xYY?authuser=0&hl=en&rclk=1
LABJANAN REJUVENATION SALON AND SPA,General Luna,massage spa,CORRECT,high,beauty salon,type 'beauty salon' matches massage spa,keep in 'massage spa',Beauty salon,5.0,(14),"Siargao Island, Purok 6, Baranggay, General Luna, 8419 Surigao del Norte",https://www.google.com/maps/place/LABJANAN+REJUVENATION+SALON+AND+SPA/data=!4m7!3m6!1s0x33040900188869ed:0xa56f3bce5a23f031!8m2!3d9.7915812!4d126.146097!16s%2Fg%2F11mrrk_gcv!19sChIJ7WmIGAAJBDMRMfAjWs47b6U?authuser=0&hl=en&rclk=1
Pinay Massage & Spa,General Luna,massage spa,CORRECT,high,massage spa,type 'massage spa' matches massage spa,keep in 'massage spa',Massage spa,4.8,(66),"Siargao Island, Blue House, Purok 5 kermit street, General Luna",https://www.google.com/maps/place/Pinay+Massage+%26+Spa/data=!4m7!3m6!1s0x3303f70061749375:0xff65f4d02b5aad26!8m2!3d9.7879993!4d126.1622608!16s%2Fg%2F11y5k48rmr!19sChIJdZN0YQD3AzMRJq1aK9D0Zf8?authuser=0&hl=en&rclk=1
Valhalla Sauna Spa,General Luna,massage spa,CORRECT,high,health spa,type 'health spa' matches massage spa,keep in 'massage spa',Health spa,5.0,(94),"General Luna, Surigao del Norte",https://www.google.com/maps/place/Valhalla+Sauna+Spa/data=!4m7!3m6!1s0x3303f70057a53053:0xeccfb4a452160bf4!8m2!3d9.7904287!4d126.1508244!16s%2Fg%2F11ygw1vzml!19sChIJUzClVwD3AzMR9AsWUqS0z-w?authuser=0&hl=en&rclk=1
Sarong Spa and Coffee Shop,General Luna,massage spa,CORRECT,high,spa,type 'spa' matches massage spa,keep in 'massage spa',Spa,3.6,(15),"Q5W6+96M, Warung, General Luna, Surigao del Norte",https://www.google.com/maps/place/Sarong+Spa+and+Coffee+Shop/data=!4m7!3m6!1s0x3303f70041453cdf:0xd763fbbfcdde4cc0!8m2!3d9.795968!4d126.1605402!16s%2Fg%2F11vk15fxz0!19sChIJ3zxFQQD3AzMRwEzezb_7Y9c?authuser=0&hl=en&rclk=1
SIARGAO MOBILE MASSAGE SERVICES,General Luna,massage spa,CORRECT,high,massage therapist,type 'massage therapist' matches massage spa,keep in 'massage spa',Massage therapist,5.0,(21),"Tourism Rd, Catangnan, General Luna, 8419 Surigao del Norte",https://www.google.com/maps/place/SIARGAO+MOBILE+MASSAGE+SERVICES/data=!4m7!3m6!1s0xaf4d593fad130711:0x4a31f7a7c9b2fdce!8m2!3d9.8080135!4d126.1602522!16s%2Fg%2F11x5lb3zj5!19sChIJEQcTrT9ZTa8Rzv2yyaf3MUo?authuser=0&hl=en&rclk=1
Isla Massaje Home Massage Therapy,General Luna,massage spa,CORRECT,high,massage spa,type 'massage spa' matches massage spa,keep in 'massage spa',Massage spa,3.8,(8),"Purok 5, beside Hangloose, General Luna, 8419 Surigao del Norte",https://www.google.com/maps/place/Isla+Massaje+Home+Massage+Therapy/data=!4m7!3m6!1s0x3303f7075401570f:0x3e30ed036707e3d1!8m2!3d9.7884222!4d126.1577741!16s%2Fg%2F11xflv49t1!19sChIJD1cBVAf3AzMR0eMHZwPtMD4?authuser=0&hl=en&rclk=1
THE HEALING MASSAGE SIARGAO-HOME SERVICE,General Luna,massage spa,CORRECT,high,massage spa,type 'massage spa' matches massage spa,keep in 'massage spa',Massage spa,5.0,(3),,https://www.google.com/maps/place/THE+HEALING+MASSAGE+SIARGAO-HOME+SERVICE/data=!4m7!3m6!1s0x4b85c32d0bc98c89:0xa01673ab6929dbad!8m2!3d9.7236485!4d126.1374314!16s%2Fg%2F11z3gx86d5!19sChIJiYzJCy3DhUsRrdspaatzFqA?authuser=0&hl=en&rclk=1
Marina Siargao Nails & Lashes spa,General Luna,massage spa,CORRECT,high,beauty salon,type 'beauty salon' matches massage spa,keep in 'massage spa',Beauty salon,4.9,(82),"libertad, General Luna, 8419 Surigao del Norte",https://www.google.com/maps/place/Marina+Siargao+Nails+%26+Lashes+spa/data=!4m7!3m6!1s0x330409edfb6029d3:0xda51470bc235dd84!8m2!3d9.8280277!4d126.1418126!16s%2Fg%2F11s2ygcs8s!19sChIJ0ylg--0JBDMRhN01wgtHUdo?authuser=0&hl=en&rclk=1
The Sanctuary Siargao,General Luna,massage spa,CORRECT,high,wellness center,type 'wellness center' matches massage spa,keep in 'massage spa',Wellness center,5.0,(3),"Q5R5+JRP, General Luna, Surigao del Norte",https://www.google.com/maps/place/The+Sanctuary+Siargao/data=!4m7!3m6!1s0x3303f7007e7e4ec1:0x746c35e65127a7a3!8m2!3d9.792427!4d126.159378!16s%2Fg%2F11nb38b9jc!19sChIJwU5-fgD3AzMRo6cnUeY1bHQ?authuser=0&hl=en&rclk=1
Ayo Spa,General Luna,massage spa,CORRECT,high,beauty salon,type 'beauty salon' matches massage spa,keep in 'massage spa',Beauty salon,4.6,(5),"Q5Q6+8XG, Tourism Rd, General Luna, Surigao del Norte",https://www.google.com/maps/place/Ayo+Spa/data=!4m7!3m6!1s0x3303f760c6b07929:0x358f115694a9813a!8m2!3d9.7883005!4d126.1624389!16s%2Fg%2F11h55n9xhm!19sChIJKXmwxmD3AzMROoGplFYRjzU?authuser=0&hl=en&rclk=1
ESKAPO FITNESS SIARGAO,General Luna,gym,CORRECT,high,gym,type 'gym' matches gym,keep in 'gym',Gym,4.6,(147),"General Luna, 8419 Surigao del Norte",https://www.google.com/maps/place/ESKAPO+FITNESS+SIARGAO/data=!4m7!3m6!1s0x3303f7c674e91797:0x337eb0233cc89ee7!8m2!3d9.7889375!4d126.1599375!16s%2Fg%2F11k474n67f!19sChIJlxfpdMb3AzMR557IPCOwfjM?authuser=0&hl=en&rclk=1
SwimFIT Siargao,General Luna,gym,CORRECT,high,swimming instructor,type 'swimming instructor' matches gym,keep in 'gym',Swimming instructor,5.0,(112),"Purok 5 main backroad, right across fire station, General Luna, 8419 Surigao del Norte",https://www.google.com/maps/place/SwimFIT+Siargao/data=!4m7!3m6!1s0x3303f7e692ec4a23:0x75e7c0f82c3092ba!8m2!3d9.7945713!4d126.158776!16s%2Fg%2F11y7ht27wc!19sChIJI0rskub3AzMRupIwLPjA53U?authuser=0&hl=en&rclk=1
SOS FIGHT GYM,General Luna,gym,CORRECT,high,muay thai boxing gym,type 'muay thai boxing gym' matches gym,keep in 'gym',Muay Thai boxing gym,4.9,(114),"General Luna, Surigao del Norte",https://www.google.com/maps/place/SOS+FIGHT+GYM/data=!4m7!3m6!1s0x3303f72d4bfb8c35:0xb669b9cd2f22929c!8m2!3d9.776782!4d126.1416931!16s%2Fg%2F11hdjv5jf4!19sChIJNYz7Sy33AzMRnJIiL825abY?authuser=0&hl=en&rclk=1
Siargao Climbing,General Luna,gym,CORRECT,high,rock climbing gym,type 'rock climbing gym' matches gym,keep in 'gym',Rock climbing gym,5.0,(44),"Padel and Palms, Siargao, General Luna, 8419 Surigao del Norte",https://www.google.com/maps/place/Siargao+Climbing/data=!4m7!3m6!1s0x3304091dedde8b8f:0xe68ec3430070d792!8m2!3d9.8022457!4d126.1586113!16s%2Fg%2F11xsrb2krv!19sChIJj4ve7R0JBDMRktdwAEPDjuY?authuser=0&hl=en&rclk=1
Emerald Yoga Breathwork Siargao,General Luna,gym,CORRECT,high,wellness center,"type 'wellness center', but name reads as gym",keep in 'gym',Wellness center,5.0,(71),"Tourism Rd, Catangnan, General Luna, 8419 Surigao del Norte",https://www.google.com/maps/place/Emerald+Yoga+Breathwork+Siargao/data=!4m7!3m6!1s0x3303f7027e1cc755:0x1712740b4d187cd4!8m2!3d9.8105783!4d126.1648256!16s%2Fg%2F11y431t_7j!19sChIJVcccfgL3AzMR1HwYTQt0Ehc?authuser=0&hl=en&rclk=1
Tropeak Climbing Sauna & Ice Bath,General Luna,gym,CORRECT,high,rock climbing,type 'rock climbing' matches gym,keep in 'gym',Rock climbing,5.0,(130),"catangnan, general luna, surigao del norte, 8419 Catangnan, General Luna, 8419 Surigao del Norte",https://www.google.com/maps/place/Tropeak+Climbing+Sauna+%26+Ice+Bath/data=!4m7!3m6!1s0x330409b7ab65cef3:0xd1f807a11d9f6981!8m2!3d9.8085545!4d126.1580909!16s%2Fg%2F11zkmvh7wh!19sChIJ885lq7cJBDMRgWmfHaEH-NE?authuser=0&hl=en&rclk=1
Kermit Yoga Shala Siargao,General Luna,gym,CORRECT,high,yoga studio,type 'yoga studio' matches gym,keep in 'gym',Yoga studio,4.9,(13),"Kermit surf resort, Purok 5, General Luna",https://www.google.com/maps/place/Kermit+Yoga+Shala+Siargao/data=!4m7!3m6!1s0x3303f7005e7cb315:0xed7dc909c0da5b8!8m2!3d9.7877393!4d126.160236!16s%2Fg%2F11ycd5ww0j!19sChIJFbN8XgD3AzMRuKUNnJDc1w4?authuser=0&hl=en&rclk=1
Feral Pilates & Physical Therapy,General Luna,gym,CORRECT,high,pilates studio,type 'pilates studio' matches gym,keep in 'gym',Pilates studio,5.0,(46),"SOS Gym, Floor 1 Unit 3, General Luna, 8419 Surigao del Norte",https://www.google.com/maps/place/Feral+Pilates+%26+Physical+Therapy/data=!4m7!3m6!1s0x3303f73a9fa86a45:0x8e865db944b9dfc4!8m2!3d9.7768351!4d126.1416404!16s%2Fg%2F11x2xwcxrp!19sChIJRWqonzr3AzMRxN-5RLldho4?authuser=0&hl=en&rclk=1
Buddha Wellness,General Luna,gym,INCORRECT,high,wellness center,type 'wellness center' is not a gym,drop from 'gym'  (true type: wellness center — reclassify there if wanted),Wellness center,5.0,(105),"Buddha Resort, General Luna, 8419 Surigao del Norte",https://www.google.com/maps/place/Buddha+Wellness/data=!4m7!3m6!1s0x3303f745508fd161:0xcfa7cd84ef635492!8m2!3d9.7965975!4d126.1597235!16s%2Fg%2F11y7bs_5xt!19sChIJYdGPUEX3AzMRklRj74TNp88?authuser=0&hl=en&rclk=1
Bodhi Yoga Center Siargao - Lakshmi,General Luna,gym,CORRECT,high,yoga studio,type 'yoga studio' matches gym,keep in 'gym',"Yoga studio  Closed  Opens 8:30 AM  ""I tried",4.9,(64),"General Luna, Surigao del Norte",https://www.google.com/maps/place/Bodhi+Yoga+Center+Siargao+-+Lakshmi/data=!4m11!3m10!1s0x3303f75edf07e21d:0x806909b81e4dbee2!5m3!1s2026-10-31!4m1!1i2!8m2!3d9.7949127!4d126.1550674!16s%2Fg%2F11v06jf6ks!19sChIJHeIH3173AzMR4r5NHrgJaYA?authuser=0&hl=en&rclk=1
Consuelo Gymnasium,General Luna,gym,CORRECT,high,gym,type 'gym' matches gym,keep in 'gym',Gym,4.3,(4),"Q4W5+9HM, General Luna, Surigao del Norte",https://www.google.com/maps/place/Consuelo+Gymnasium/data=!4m7!3m6!1s0x3303f7e7079aaaab:0xd93cea47017e7f8a!8m2!3d9.7959515!4d126.1089148!16s%2Fg%2F11sskrk9x5!19sChIJq6qaB-f3AzMRin9-AUfqPNk?authuser=0&hl=en&rclk=1
"Anantha Yoga, Pilates & Sound Healing Classes Siargao",General Luna,gym,CORRECT,high,wellness center,"type 'wellness center', but name reads as gym",keep in 'gym',Wellness center,5.0,(20),"Libertad, General Luna, 8419 Surigao del Norte","https://www.google.com/maps/place/Anantha+Yoga,+Pilates+%26+Sound+Healing+Classes+Siargao/data=!4m7!3m6!1s0x330409e4f74fb4e5:0x4bf50d041f9d2b60!8m2!3d9.8332163!4d126.1401698!16s%2Fg%2F11yq8_q9p4!19sChIJ5bRP9-QJBDMRYCudHwQN9Us?authuser=0&hl=en&rclk=1"
Rich Spirit Yoga Siargao,General Luna,gym,CORRECT,high,yoga studio,type 'yoga studio' matches gym,keep in 'gym',Yoga studio,5.0,(22),"Siargao Island, Santa Fe, General Luna, 8419 Surigao del Norte",https://www.google.com/maps/place/Rich+Spirit+Yoga+Siargao/data=!4m7!3m6!1s0x33040943e03ee9f5:0x43efb6d228836cbb!8m2!3d9.8415722!4d126.133111!16s%2Fg%2F11y0ydz8x8!19sChIJ9ek-4EMJBDMRu2yDKNK270M?authuser=0&hl=en&rclk=1
Camiguin Island,General Luna,gym,CORRECT,high,gym,type 'gym' matches gym,keep in 'gym',Gym,5.0,(1),"Q449+VP, General Luna, Surigao del Norte",https://www.google.com/maps/place/Camiguin+Island/data=!4m7!3m6!1s0x3303f7001055a479:0xac2987effe780379!8m2!3d9.7571875!4d126.1193125!16s%2Fg%2F11z7gbsbzj!19sChIJeaRVEAD3AzMReQN4_u-HKaw?authuser=0&hl=en&rclk=1
Little Shell Yoga Shala,General Luna,gym,CORRECT,high,yoga studio,type 'yoga studio' matches gym,keep in 'gym',Yoga studio,5.0,(27),"Malinao Sands, Siargao Island, 8419 Surigao del Norte",https://www.google.com/maps/place/Little+Shell+Yoga+Shala/data=!4m7!3m6!1s0x3303f7959a54e813:0x60282bbeda9de34b!8m2!3d9.7597875!4d126.1260387!16s%2Fg%2F11zj8lfkkj!19sChIJE-hUmpX3AzMRS-Od2r4rKGA?authuser=0&hl=en&rclk=1
LASA Siargao,General Luna,gym,INCORRECT,high,restaurant,type 'restaurant' is excluded from gym,drop from 'gym'  (true type: restaurant — reclassify there if wanted),Restaurant,5.0,(63),"General Luna, Surigao del Norte",https://www.google.com/maps/place/LASA+Siargao/data=!4m7!3m6!1s0x3303f7004569ed2f:0xac2f985f3b12f141!8m2!3d9.7878964!4d126.1617859!16s%2Fg%2F11yxlhn89b!19sChIJL-1pRQD3AzMRQfESO1-YL6w?authuser=0&hl=en&rclk=1
Pepito’s Homestay,General Luna,gym,INCORRECT,high,housing complex,type 'housing complex' is excluded from gym,drop from 'gym'  (true type: housing complex — reclassify there if wanted),Housing complex,4.4,(48),"Q5Q5+CW7, General Luna, Surigao del Norte",https://www.google.com/maps/place/Pepito%E2%80%99s+Homestay/data=!4m7!3m6!1s0x3303f7d76130a5cb:0x5c5239945208fe36!8m2!3d9.7888692!4d126.1598565!16s%2Fg%2F11pd34c14b!19sChIJy6UwYdf3AzMRNv4IUpQ5Ulw?authuser=0&hl=en&rclk=1
Lotus Shores Yoga and Surf Retreat,General Luna,gym,CORRECT,high,yoga retreat center,type 'yoga retreat center' matches gym,keep in 'gym',Yoga retreat center,4.7,(74),"General Luna, Surigao del Norte",https://www.google.com/maps/place/Lotus+Shores+Yoga+and+Surf+Retreat/data=!4m7!3m6!1s0x3303f61c298c25cd:0x72707052e4550050!8m2!3d9.7935759!4d126.1591424!16s%2Fg%2F11c1nkng03!19sChIJzSWMKRz2AzMRUABV5FJwcHI?authuser=0&hl=en&rclk=1
Centerpoint Internet Cafe,General Luna,public wifi,CORRECT,high,internet cafe,type 'internet cafe' matches public wifi,keep in 'public wifi',Internet cafe  Brgy 4 General luna Surigao del norteClosed  Opens 7 AM,3.5,(22),0948 984 2970,https://www.google.com/maps/place/Centerpoint+Internet+Cafe/data=!4m7!3m6!1s0x3303f6161ae53d95:0x9fdb67698cced7c3!8m2!3d9.7839336!4d126.1550857!16s%2Fg%2F1vzn32g0!19sChIJlT3lGhb2AzMRw9fOjGln258?authuser=0&hl=en&rclk=1
Kawili resort,General Luna,public wifi,INCORRECT,high,2-star hotel,type '2-star hotel' is excluded from public wifi,drop from 'public wifi'  (true type: 2-star hotel — reclassify there if wanted),2-star hotel,4.5,(146),0966 903 0459,https://www.google.com/maps/place/Kawili+resort/data=!4m11!3m10!1s0x3303f61b9d634d55:0xb2050d579a25a2c1!5m3!1s2026-10-31!4m1!1i2!8m2!3d9.7908177!4d126.1625933!16s%2Fg%2F119t_9sgz!19sChIJVU1jnRv2AzMRwaIlmlcNBbI?authuser=0&hl=en&rclk=1
RGL Place,General Luna,public wifi,REVIEW,low,,Industry blank — cannot judge,human review — no type signal,,4.8,(41),,https://www.google.com/maps/place/RGL+Place/data=!4m11!3m10!1s0x3303f7b94169e7d7:0x19b439f518f43949!5m3!1s2026-10-31!4m1!1i2!8m2!3d9.7863328!4d126.1579795!16s%2Fg%2F11f794z0mr!19sChIJ1-dpQbn3AzMRSTn0GPU5tBk?authuser=0&hl=en&rclk=1
YAMA APARTMENTS - Private Beachfront,General Luna,public wifi,INCORRECT,high,3-star hotel,type '3-star hotel' is excluded from public wifi,drop from 'public wifi'  (true type: 3-star hotel — reclassify there if wanted),3-star hotel,4.3,(92),0938 233 2292,https://www.google.com/maps/place/YAMA+APARTMENTS+-+Private+Beachfront/data=!4m11!3m10!1s0x3303f61af8877c0b:0x9ce8dbbf49b4001f!5m3!1s2026-10-31!4m1!1i2!8m2!3d9.7893235!4d126.1633095!16s%2Fg%2F11fzq0qc1f!19sChIJC3yH-Br2AzMRHwC0Sb_b6Jw?authuser=0&hl=en&rclk=1
Bayay verde Siargao( pamilya homestay),General Luna,public wifi,INCORRECT,high,bed & breakfast,type 'bed & breakfast' is not a public wifi,drop from 'public wifi'  (true type: bed & breakfast — reclassify there if wanted),Bed & breakfast,4.5,(24),0906 380 2024,https://www.google.com/maps/place/Bayay+verde+Siargao%28+pamilya+homestay%29/data=!4m7!3m6!1s0x3303f70039145c6f:0x9c3fc7ef57db8793!8m2!3d9.7906877!4d126.1589472!16s%2Fg%2F11vx0r3pdl!19sChIJb1wUOQD3AzMRk4fbV-_HP5w?authuser=0&hl=en&rclk=1
Amigo Inn,General Luna,public wifi,INCORRECT,medium,,name implies not a public wifi,drop from 'public wifi',,3.9,(39),,https://www.google.com/maps/place/Amigo+Inn/data=!4m7!3m6!1s0x3303f79c78b90865:0x6b87c310ae78c362!8m2!3d9.7857281!4d126.160056!16s%2Fg%2F11hf8s5zb3!19sChIJZQi5eJz3AzMRYsN4rhDDh2s?authuser=0&hl=en&rclk=1
Triangle Palms Siargao,General Luna,public wifi,INCORRECT,high,homestay,type 'homestay' is not a public wifi,drop from 'public wifi'  (true type: homestay — reclassify there if wanted),Homestay  Triangle Palms Old Tourism Rd,4.6,(59),0920 409 5905,https://www.google.com/maps/place/Triangle+Palms+Siargao/data=!4m7!3m6!1s0x330409989f155bd1:0xe788de96f0be50ce!8m2!3d9.8026267!4d126.1581503!16s%2Fg%2F11gr406ngm!19sChIJ0VsVn5gJBDMRzlC-8JbeiOc?authuser=0&hl=en&rclk=1
COMEG SEVEN MOBILE PHONES & ACCESSORIES,General Luna,sim card,CORRECT,high,mobile phone repair shop,type 'mobile phone repair shop' matches sim card,keep in 'sim card',Mobile phone repair shop  beside Siargao Beach Club Q5M5+M5C Tourism Road Beside Siargao Beach Club Torism Road in front of EloboOpen,4.7,(184),,https://www.google.com/maps/place/COMEG+SEVEN+MOBILE+PHONES+%26+ACCESSORIES/data=!4m7!3m6!1s0x3303f70054988f9f:0x7735e5fb18e59bb9!8m2!3d9.7843775!4d126.1581828!16s%2Fg%2F11y44rq78y!19sChIJn4-YVAD3AzMRuZvlGPvlNXc?authuser=0&hl=en&rclk=1
TAG minimart,General Luna,convenience store,CORRECT,high,supermarket,type 'supermarket' matches convenience store,keep in 'convenience store',Supermarket,3.8,(94),"General Luna, Surigao del Norte",https://www.google.com/maps/place/TAG+minimart/data=!4m7!3m6!1s0x3303f6166fa1aa0b:0x7f3491c57e3f5b59!8m2!3d9.783791!4d126.1564816!16s%2Fg%2F11cncp6h_x!19sChIJC6qhbxb2AzMRWVs_fsWRNH8?authuser=0&hl=en&rclk=1
EC Store (Roadside Guest House Siargao),General Luna,convenience store,CORRECT,high,convenience store,type 'convenience store' matches convenience store,keep in 'convenience store',Convenience store,5.0,(1),"General Luna, Surigao del Norte",https://www.google.com/maps/place/EC+Store+%28Roadside+Guest+House+Siargao%29/data=!4m7!3m6!1s0x3304098f00f11fcf:0x50136e3f84efd707!8m2!3d9.8035952!4d126.1602961!16s%2Fg%2F11qyd6xk8v!19sChIJzx_xAI8JBDMRB9fvhD9uE1A?authuser=0&hl=en&rclk=1
Lisa’s Store,General Luna,convenience store,CORRECT,high,convenience store,type 'convenience store' matches convenience store,keep in 'convenience store',Convenience store,4.6,(9),"Siargao Island, Tourism Rd, Purok 3, General Luna, 8419 Surigao del Norte",https://www.google.com/maps/place/Lisa%E2%80%99s+Store/data=!4m7!3m6!1s0x3303f77a859269bd:0xdde204c6891ad344!8m2!3d9.7882603!4d126.1622046!16s%2Fg%2F11y7xf0yc9!19sChIJvWmShXr3AzMRRNMaicYE4t0?authuser=0&hl=en&rclk=1
L & S Siargao Sari-Sari store,General Luna,convenience store,CORRECT,high,convenience store,type 'convenience store' matches convenience store,keep in 'convenience store',Convenience store,5.0,(3),"R558+2M6 Siargao island, Tourism Rd, General Luna, 8419 Surigao del Norte",https://www.google.com/maps/place/L+%26+S+Siargao+Sari-Sari+store/data=!4m7!3m6!1s0x330409004b62087d:0x5f5b858f8727d804!8m2!3d9.808017!4d126.166789!16s%2Fg%2F11lzqx62td!19sChIJfQhiSwAJBDMRBNgnh4-FW18?authuser=0&hl=en&rclk=1
Savers Plus,General Luna,convenience store,CORRECT,high,convenience store,type 'convenience store' matches convenience store,keep in 'convenience store',Convenience store,4.6,(8),"Q5M5+Q88, General Luna, Surigao del Norte",https://www.google.com/maps/place/Savers+Plus/data=!4m7!3m6!1s0x3303f616e935c501:0xc82446e70a816e5e!8m2!3d9.7844138!4d126.1583377!16s%2Fg%2F11gf97d1d6!19sChIJAcU16Rb2AzMRXm6BCudGJMg?authuser=0&hl=en&rclk=1
Island Jury Siargao,General Luna,convenience store,CORRECT,high,convenience store,type 'convenience store' matches convenience store,keep in 'convenience store',Convenience store,5.0,(2),"Siargao Island, Bugak, Sta Cruz, General Luna, Surigao del Norte",https://www.google.com/maps/place/Island+Jury+Siargao/data=!4m7!3m6!1s0x330409002df07d45:0x731de87ded70759a!8m2!3d9.8291347!4d126.1166281!16s%2Fg%2F11lf3d_0yc!19sChIJRX3wLQAJBDMRmnVw7X3oHXM?authuser=0&hl=en&rclk=1
Johlan and Dry Goods Store,General Luna,convenience store,CORRECT,high,grocery store,type 'grocery store' matches convenience store,keep in 'convenience store',Grocery store,4.5,(15),"Q5M5+RF2, Tourism Rd, General Luna, Surigao del Norte",https://www.google.com/maps/place/Johlan+and+Dry+Goods+Store/data=!4m7!3m6!1s0x3303f711779d90bf:0x996be14e021eacc0!8m2!3d9.7845171!4d126.1586316!16s%2Fg%2F11h6s2d1vx!19sChIJv5CddxH3AzMRwKweAk7ha5k?authuser=0&hl=en&rclk=1
Savers Plus,General Luna,convenience store,CORRECT,high,convenience store,type 'convenience store' matches convenience store,keep in 'convenience store',Convenience store,5.0,(2),"R548+WC6, Tourism Rd, General Luna, 8419 Surigao del Norte",https://www.google.com/maps/place/Savers+Plus/data=!4m7!3m6!1s0x3304090062f9e649:0x1831e3fc30126f03!8m2!3d9.8072997!4d126.1660233!16s%2Fg%2F11vyzhl529!19sChIJSeb5YgAJBDMRA28SMPzjMRg?authuser=0&hl=en&rclk=1
Jogubming Grocery,General Luna,convenience store,CORRECT,high,convenience store,type 'convenience store' matches convenience store,keep in 'convenience store',Convenience store,5.0,(1),"Dapa - General Luna Rd, General Luna, Surigao del Norte",https://www.google.com/maps/place/Jogubming+Grocery/data=!4m7!3m6!1s0x3303f73ee4dfd7c9:0xa4bd99cdf9049d70!8m2!3d9.7835284!4d126.1558886!16s%2Fg%2F11mpcg2mq6!19sChIJydff5D73AzMRcJ0E-c2ZvaQ?authuser=0&hl=en&rclk=1
Grace Sari-Sari Store,General Luna,convenience store,CORRECT,high,convenience store,type 'convenience store' matches convenience store,keep in 'convenience store',Convenience store,5.0,(2),"R558+6PF, General Luna, Surigao del Norte",https://www.google.com/maps/place/Grace+Sari-Sari+Store/data=!4m7!3m6!1s0x3304090061713e19:0x77bd2ff1d2f4d898!8m2!3d9.8080625!4d126.1667969!16s%2Fg%2F11wvrmwqws!19sChIJGT5xYQAJBDMRmNj00vEvvXc?authuser=0&hl=en&rclk=1
Rena one stop shop,General Luna,convenience store,CORRECT,high,grocery store,type 'grocery store' matches convenience store,keep in 'convenience store',Grocery store,5.0,(2),"Q5M5+R9X, Tourism Rd, General Luna, Surigao del Norte",https://www.google.com/maps/place/Rena+one+stop+shop/data=!4m7!3m6!1s0x3303f759409f8fa9:0xe2e36a3c0cc6c2e2!8m2!3d9.7846045!4d126.1584975!16s%2Fg%2F11n76ydccp!19sChIJqY-fQFn3AzMR4sLGDDxq4-I?authuser=0&hl=en&rclk=1
Marc & Lawrence,General Luna,convenience store,CORRECT,high,grocery store,type 'grocery store' matches convenience store,keep in 'convenience store',Grocery store,4.0,(12),"Q5M3+7R2, General Luna, Surigao del Norte",https://www.google.com/maps/place/Marc+%26+Lawrence/data=!4m7!3m6!1s0x3303f63e01d41d63:0xbc0e408080c455e1!8m2!3d9.7831309!4d126.1545289!16s%2Fg%2F11g6j6h9kx!19sChIJYx3UAT72AzMR4VXEgIBADrw?authuser=0&hl=en&rclk=1
AM Store and Dod's Motorbike Rental,General Luna,convenience store,CORRECT,high,general store,type 'general store' matches convenience store,keep in 'convenience store',General store,5.0,(4),"General Luna, Surigao del Norte",https://www.google.com/maps/place/AM+Store+and+Dod%27s+Motorbike+Rental/data=!4m7!3m6!1s0x330409fb20a5a11d:0x987f16e4767c2d1f!8m2!3d9.8059075!4d126.161731!16s%2Fg%2F11fp3k0rn1!19sChIJHaGlIPsJBDMRHy18duQWf5g?authuser=0&hl=en&rclk=1
Vinta Alternative Market,General Luna,convenience store,CORRECT,high,store,type 'store' matches convenience store,keep in 'convenience store',Store,4.9,(341),"Vinta Alternative Market, Purok 2, General Luna, 8419 Surigao del Norte",https://www.google.com/maps/place/Vinta+Alternative+Market/data=!4m7!3m6!1s0x33040918af0bf903:0xc34a4f5e190ac562!8m2!3d9.7832156!4d126.1556551!16s%2Fg%2F11kl80bcnn!19sChIJA_kLrxgJBDMRYsUKGV5PSsM?authuser=0&hl=en&rclk=1
L & S Sari-Sari Store,General Luna,convenience store,CORRECT,high,convenience store,type 'convenience store' matches convenience store,keep in 'convenience store',Convenience store,5.0,(2),"near skate park, brgy catangnan, General Luna, Surigao del Norte",https://www.google.com/maps/place/L+%26+S+Sari-Sari+Store/data=!4m7!3m6!1s0x3303f7005f1921ad:0x42ff8811e59dfc6b!8m2!3d9.7947636!4d126.158845!16s%2Fg%2F11ycfpcl2r!19sChIJrSEZXwD3AzMRa_yd5RGI_0I?authuser=0&hl=en&rclk=1
KIM PANDOY STORE,General Luna,convenience store,CORRECT,high,grocery store,type 'grocery store' matches convenience store,keep in 'convenience store',Grocery store,5.0,(2),"General Luna, Surigao del Norte",https://www.google.com/maps/place/KIM+PANDOY+STORE/data=!4m7!3m6!1s0x3303f7003d6cf649:0x3ccb7144cb628d09!8m2!3d9.7902395!4d126.1561012!16s%2Fg%2F11ywbmfgnz!19sChIJSfZsPQD3AzMRCY1iy0Rxyzw?authuser=0&hl=en&rclk=1
Fiesta Sari-Sari Store,General Luna,convenience store,CORRECT,high,convenience store,type 'convenience store' matches convenience store,keep in 'convenience store',Convenience store,5.0,(1),"Q5J4+F96, General Luna, Surigao del Norte",https://www.google.com/maps/place/Fiesta+Sari-Sari+Store/data=!4m7!3m6!1s0x3303f61598a058b5:0xef0e7e5f665d1b0a!8m2!3d9.781157!4d126.1558915!16s%2Fg%2F11hd1rm2fy!19sChIJtVigmBX2AzMRChtdZl9-Du8?authuser=0&hl=en&rclk=1
RAGÙ,General Luna,convenience store,INCORRECT,high,deli,type 'deli' is excluded from convenience store,drop from 'convenience store'  (true type: deli — reclassify there if wanted),Deli,4.8,(151),"Tourism Rd, General Luna, 8419 Surigao del Norte",https://www.google.com/maps/place/RAG%C3%99/data=!4m7!3m6!1s0x3303f710c641e32f:0x2910b9091e410071!8m2!3d9.7901792!4d126.1617695!16s%2Fg%2F11yrg0p4__!19sChIJL-NBxhD3AzMRcQBBHgm5ECk?authuser=0&hl=en&rclk=1
All About Cocoo - Coconut Desserts & Drinks,General Luna,convenience store,INCORRECT,high,dessert shop,type 'dessert shop' is excluded from convenience store,drop from 'convenience store'  (true type: dessert shop — reclassify there if wanted),Dessert shop,5.0,(251),"General Luna, Surigao del Norte",https://www.google.com/maps/place/All+About+Cocoo+-+Coconut+Desserts+%26+Drinks/data=!4m7!3m6!1s0x3303f700456c2d6f:0xb57f2e28377f04f1!8m2!3d9.7899941!4d126.1619175!16s%2Fg%2F11yknwgmr3!19sChIJby1sRQD3AzMR8QR_Nyguf7U?authuser=0&hl=en&rclk=1
Kambal Pandesal - Siargao,General Luna,convenience store,INCORRECT,high,bakery,type 'bakery' is excluded from convenience store,drop from 'convenience store'  (true type: bakery — reclassify there if wanted),Bakery,4.8,(36),"Purok 5, General Luna, Siargao, General Luna, Surigao del Norte",https://www.google.com/maps/place/Kambal+Pandesal+-+Siargao/data=!4m7!3m6!1s0x3303f7ceda22eed5:0x2327bd126a74bef3!8m2!3d9.7859155!4d126.1557347!16s%2Fg%2F11fd4_1th8!19sChIJ1e4i2s73AzMR8750ahK9JyM?authuser=0&hl=en&rclk=1
Croft Bulk Foods - Siargao,General Luna,convenience store,CORRECT,high,health food store,type 'health food store' matches convenience store,keep in 'convenience store',Health food store,5.0,(2),"R536+P8P, General Luna, Surigao del Norte",https://www.google.com/maps/place/Croft+Bulk+Foods+-+Siargao/data=!4m7!3m6!1s0x33040900793f9189:0xda365e1657a1619a!8m2!3d9.8043492!4d126.1608307!16s%2Fg%2F11m6c2yxls!19sChIJiZE_eQAJBDMRmmGhVxZeNto?authuser=0&hl=en&rclk=1
JB Bakeshop,General Luna,convenience store,INCORRECT,high,bakery,type 'bakery' is excluded from convenience store,drop from 'convenience store'  (true type: bakery — reclassify there if wanted),Bakery,4.5,(11),"Q5M4+WCR, Dapa - General Luna Rd, General Luna, Surigao del Norte",https://www.google.com/maps/place/JB+Bakeshop/data=!4m7!3m6!1s0x3303f7002788b1c3:0x9b58ec32447fc340!8m2!3d9.7848622!4d126.1560122!16s%2Fg%2F11xp260z3t!19sChIJw7GIJwD3AzMRQMN_RDLsWJs?authuser=0&hl=en&rclk=1
Miraflor Store,General Luna,convenience store,CORRECT,high,grocery store,type 'grocery store' matches convenience store,keep in 'convenience store',Grocery store,5.0,(1),"General Luna, 8419 Surigao del Norte",https://www.google.com/maps/place/Miraflor+Store/data=!4m7!3m6!1s0x3303f7000bc639e5:0x34f8f7c47cc1071a!8m2!3d9.7807218!4d126.150491!16s%2Fg%2F11yvhnm3z0!19sChIJ5TnGCwD3AzMRGgfBfMT3-DQ?authuser=0&hl=en&rclk=1
"Bugnaw, Siargao's Froyo",General Luna,convenience store,INCORRECT,high,frozen yogurt shop,type 'frozen yogurt shop' is excluded from convenience store,drop from 'convenience store'  (true type: frozen yogurt shop — reclassify there if wanted),Frozen yogurt shop,4.7,(80),"Tourism Rd, General Luna, 8419 Surigao del Norte","https://www.google.com/maps/place/Bugnaw,+Siargao%27s+Froyo/data=!4m7!3m6!1s0x3303f7235fe64ce9:0x72129569d32d1167!8m2!3d9.7859713!4d126.1614892!16s%2Fg%2F11v05y88d9!19sChIJ6UzmXyP3AzMRZxEt02mVEnI?authuser=0&hl=en&rclk=1"
SGL Fruits&Vegetables,General Luna,convenience store,CORRECT,high,grocery delivery service,type 'grocery delivery service' matches convenience store,keep in 'convenience store',Grocery delivery service,4.0,(2),"Poblacion 1 general luna, del norte, 8419 Surigao del Norte",https://www.google.com/maps/place/SGL+Fruits%26Vegetables/data=!4m7!3m6!1s0x3303f70075242763:0x72ea219b8e83166c!8m2!3d9.7817872!4d126.1546105!16s%2Fg%2F11x66cxhxg!19sChIJYyckdQD3AzMRbBaDjpsh6nI?authuser=0&hl=en&rclk=1
The Island Deli,General Luna,convenience store,INCORRECT,high,deli,type 'deli' is excluded from convenience store,drop from 'convenience store'  (true type: deli — reclassify there if wanted),Deli,4.5,(104),"Purok 3, General Luna, 8419 Surigao del Norte",https://www.google.com/maps/place/The+Island+Deli/data=!4m7!3m6!1s0x3303f7e083d2eb7f:0x80fc3f7a5e66933b!8m2!3d9.7835263!4d126.1577897!16s%2Fg%2F11l6r4_b2f!19sChIJf-vSg-D3AzMRO5NmXno__IA?authuser=0&hl=en&rclk=1
Komunidad Siargao Shop,General Luna,convenience store,CORRECT,high,souvenir store,type 'souvenir store' matches convenience store,keep in 'convenience store',Souvenir store,4.8,(6),"Tourism Rd, General Luna, 8419 Surigao del Norte",https://www.google.com/maps/place/Komunidad+Siargao+Shop/data=!4m7!3m6!1s0x3303f7db0c812d7f:0x7b3ea4a624cbd405!8m2!3d9.7849511!4d126.1597673!16s%2Fg%2F11l1l_jd9s!19sChIJfy2BDNv3AzMRBdTLJKakPns?authuser=0&hl=en&rclk=1
White Beard Coffee Tawin Tawin Branch,General Luna,convenience store,INCORRECT,high,coffee shop,type 'coffee shop' is excluded from convenience store,drop from 'convenience store'  (true type: coffee shop — reclassify there if wanted),Coffee shop,4.8,(13),"Siargao Island, Brgy, General Luna, 8419 Surigao del Norte",https://www.google.com/maps/place/White+Beard+Coffee+Tawin+Tawin+Branch/data=!4m7!3m6!1s0x3303f76b4fb10c15:0xe9494e54c1250d72!8m2!3d9.7890528!4d126.1326138!16s%2Fg%2F11nbtjqjh0!19sChIJFQyxT2v3AzMRcg0lwVROSek?authuser=0&hl=en&rclk=1
Yoh! Siargao,General Luna,convenience store,INCORRECT,high,frozen yogurt shop,type 'frozen yogurt shop' is excluded from convenience store,drop from 'convenience store'  (true type: frozen yogurt shop — reclassify there if wanted),Frozen yogurt shop,4.5,(53),"8419 Tourism Rd, General Luna, Surigao del Norte",https://www.google.com/maps/place/Yoh!+Siargao/data=!4m7!3m6!1s0x3303f7fdbb29bbbd:0x666ec5349700cda4!8m2!3d9.7911367!4d126.1618078!16s%2Fg%2F11t_gwmzkc!19sChIJvbspu_33AzMRpM0AlzTFbmY?authuser=0&hl=en&rclk=1
Wang's Bakeshop,General Luna,convenience store,INCORRECT,high,bakery,type 'bakery' is excluded from convenience store,drop from 'convenience store'  (true type: bakery — reclassify there if wanted),Bakery,4.7,(12),"Q5M4+CJW, Dapa - General Luna Rd, General Luna, Surigao del Norte",https://www.google.com/maps/place/Wang%27s+Bakeshop/data=!4m7!3m6!1s0x3303f72084dc9947:0x4f83ba0704423a77!8m2!3d9.7834721!4d126.1565521!16s%2Fg%2F11s9xflplm!19sChIJR5nchCD3AzMRdzpCBAe6g08?authuser=0&hl=en&rclk=1
Chablets Quality Meats - Siargao Branch,General Luna,convenience store,INCORRECT,high,butcher shop,type 'butcher shop' is excluded from convenience store,drop from 'convenience store'  (true type: butcher shop — reclassify there if wanted),Butcher shop,5.0,(1),"Unit No. 103, Purok 2 Tourism Rd, Poblacion 2, General Luna, 8419 Surigao del Norte",https://www.google.com/maps/place/Chablets+Quality+Meats+-+Siargao+Branch/data=!4m7!3m6!1s0x3303f75033a86931:0x918dd675794ffa11!8m2!3d9.7837467!4d126.1564005!16s%2Fg%2F11zjy5kcct!19sChIJMWmoM1D3AzMREfpPeXXWjZE?authuser=0&hl=en&rclk=1
Siargao Shoppers,General Luna,convenience store,INCORRECT,high,gift shop,type 'gift shop' is excluded from convenience store,drop from 'convenience store'  (true type: gift shop — reclassify there if wanted),Gift shop,5.0,(1),"Purok 2, Q4W4+GRP Brgy. Consuelo, General Luna, 8419 Surigao del Norte",https://www.google.com/maps/place/Siargao+Shoppers/data=!4m7!3m6!1s0x3303f7c547240d57:0x2679d3ab25b528e8!8m2!3d9.8004834!4d126.11145!16s%2Fg%2F11vzqgngxf!19sChIJVw0kR8X3AzMR6Ci1JavTeSY?authuser=0&hl=en&rclk=1
Happy Store,General Luna,convenience store,CORRECT,high,convenience store,type 'convenience store' matches convenience store,keep in 'convenience store',Convenience store,5.0,(2),"R4QQ+QRG, Santa Fe, General Luna, Surigao del Norte",https://www.google.com/maps/place/Happy+Store/data=!4m7!3m6!1s0x33040900795ed185:0x238961f0eee08740!8m2!3d9.8394323!4d126.1395664!16s%2Fg%2F11whl6nnvx!19sChIJhdFeeQAJBDMRQIfg7vBhiSM?authuser=0&hl=en&rclk=1
Siaruko Bread Station,General Luna,convenience store,INCORRECT,high,bakery,type 'bakery' is excluded from convenience store,drop from 'convenience store'  (true type: bakery — reclassify there if wanted),Bakery,4.8,(13),"Q5M4+FHV, General Luna, Surigao del Norte",https://www.google.com/maps/place/Siaruko+Bread+Station/data=!4m7!3m6!1s0x3303f7bd6d1844db:0x3b7e66d7a46236a6!8m2!3d9.7836202!4d126.1564137!16s%2Fg%2F11tk6q8xk_!19sChIJ20QYbb33AzMRpjZipNdmfjs?authuser=0&hl=en&rclk=1
Tag Agrivet,General Luna,convenience store,CORRECT,high,general store,type 'general store' matches convenience store,keep in 'convenience store',General store,5.0,(4),"Q5M4+WFW, General Luna, Surigao del Norte",https://www.google.com/maps/place/Tag+Agrivet/data=!4m7!3m6!1s0x3303f71c3437276d:0xccf5863aa70e1011!8m2!3d9.7848596!4d126.1562061!16s%2Fg%2F11f65y52rv!19sChIJbSc3NBz3AzMRERAOpzqG9cw?authuser=0&hl=en&rclk=1
SOLAYA SIARGAO,General Luna,convenience store,INCORRECT,high,homestay,type 'homestay' is not a convenience store,drop from 'convenience store'  (true type: homestay — reclassify there if wanted),Homestay,5.0,(10),"Tourism Rd, General Luna, Surigao del Norte",https://www.google.com/maps/place/SOLAYA+SIARGAO/data=!4m7!3m6!1s0x33040900010fc44b:0xc7f10debf1ebe66d!8m2!3d9.8099738!4d126.159711!16s%2Fg%2F11y0v5ybpl!19sChIJS8QPAQAJBDMRbebr8esN8cc?authuser=0&hl=en&rclk=1
Kape.Ligay,General Luna,convenience store,INCORRECT,high,coffee shop,type 'coffee shop' is excluded from convenience store,drop from 'convenience store'  (true type: coffee shop — reclassify there if wanted),Coffee shop,5.0,(3),"San Sibatian St. Pob 2 General luna, Surigao del Norte Corner, Surigao, 8419 Surigao del Norte",https://www.google.com/maps/place/Kape.Ligay/data=!4m7!3m6!1s0x3303f70012818d67:0xf62eee58b7a6654c!8m2!3d9.7826357!4d126.153871!16s%2Fg%2F11vwdwqpc8!19sChIJZ42BEgD3AzMRTGWmt1juLvY?authuser=0&hl=en&rclk=1
Centro Dos Meatshop,General Luna,convenience store,CORRECT,high,meat products store,type 'meat products store' matches convenience store,keep in 'convenience store',Meat products store,5.0,(1),"Q5M3+7X5, General Luna, Surigao del Norte",https://www.google.com/maps/place/Centro+Dos+Meatshop/data=!4m7!3m6!1s0x3303f72dd4df9be3:0xabb3cd5abe12de4f!8m2!3d9.7831456!4d126.1549829!16s%2Fg%2F11j7j3qwl_!19sChIJ45vf1C33AzMRT94SvlrNs6s?authuser=0&hl=en&rclk=1
Raw Shop & Fishing Siargao,General Luna,convenience store,INCORRECT,high,coffee wholesaler,type 'coffee wholesaler' is excluded from convenience store,drop from 'convenience store'  (true type: coffee wholesaler — reclassify there if wanted),Coffee wholesaler,4.3,(12),"Bridge, Barangay, R554+RH General Luna, Surigao del Norte Unit 2 Hale Aloha Building, Tourism Rd, Catangnan, General Luna, Surigao del Norte",https://www.google.com/maps/place/Raw+Shop+%26+Fishing+Siargao/data=!4m7!3m6!1s0x3303f61a60ed3a3b:0xf698e827790cd124!8m2!3d9.8095406!4d126.1564155!16s%2Fg%2F11d_8hckwp!19sChIJOzrtYBr2AzMRJNEMeSfomPY?authuser=0&hl=en&rclk=1
Baryo Brew Siargao,General Luna,convenience store,INCORRECT,high,coffee shop,type 'coffee shop' is excluded from convenience store,drop from 'convenience store'  (true type: coffee shop — reclassify there if wanted),Coffee shop,5.0,(4),"Siargao Island, Jacking Horse, Barangay Catangnan, General Luna, 8419 Surigao del Norte",https://www.google.com/maps/place/Baryo+Brew+Siargao/data=!4m7!3m6!1s0x330409000ccf5b57:0x47fcdccc4063d71a!8m2!3d9.8124728!4d126.1613504!16s%2Fg%2F11yj_bvxgv!19sChIJV1vPDAAJBDMRGtdjQMzc_Ec?authuser=0&hl=en&rclk=1
Janet & Noli Store,General Luna,convenience store,CORRECT,high,convenience store,type 'convenience store' matches convenience store,keep in 'convenience store',Convenience store,5.0,(1),"R4RQ+7RW, General Luna, Surigao del Norte",https://www.google.com/maps/place/Janet+%26+Noli+Store/data=!4m7!3m6!1s0x330409fcaca29ccb:0x33d864a97c92c6e3!8m2!3d9.8407363!4d126.1395729!16s%2Fg%2F11pc3zztkp!19sChIJy5yirPwJBDMR48aSfKlk2DM?authuser=0&hl=en&rclk=1
The Smoking Joint Vape Shop - San Sebastian,General Luna,convenience store,INCORRECT,high,cigar shop,type 'cigar shop' is excluded from convenience store,drop from 'convenience store'  (true type: cigar shop — reclassify there if wanted),Cigar shop,3.8,(4),"Q5M3+2FJ, san sebastian St, General Luna, Surigao del Norte",https://www.google.com/maps/place/The+Smoking+Joint+Vape+Shop+-+San+Sebastian/data=!4m7!3m6!1s0x3303f7007ed60adf:0xafeaad1f8bd5b3a3!8m2!3d9.7826767!4d126.1537005!16s%2Fg%2F11wr4mjnzv!19sChIJ3wrWfgD3AzMRo7PVix-t6q8?authuser=0&hl=en&rclk=1
WeClean Siargao,General Luna,laundry,CORRECT,high,laundromat,type 'laundromat' matches laundry,keep in 'laundry',Laundromat,4.4,(127),"Q5P4+298, Dapa - General Luna Rd, General Luna, Surigao del Norte",https://www.google.com/maps/place/WeClean+Siargao/data=!4m7!3m6!1s0x3303f74313c7b3c7:0x95a056b1c63264e4!8m2!3d9.7850376!4d126.1559783!16s%2Fg%2F11kp_6nff4!19sChIJx7PHE0P3AzMR5GQyxrFWoJU?authuser=0&hl=en&rclk=1
LG Ken Laundry shop,General Luna,laundry,CORRECT,high,laundry service,type 'laundry service' matches laundry,keep in 'laundry',Laundry service,4.9,(36),"Purok 1, Brgy. Malinao, General Luna, 8419 Surigao del Norte",https://www.google.com/maps/place/LG+Ken+Laundry+shop/data=!4m7!3m6!1s0x3303f70034a8bc2d:0x54b4d67bcd948e45!8m2!3d9.7701634!4d126.128094!16s%2Fg%2F11wxl85_v_!19sChIJLbyoNAD3AzMRRY6UzXvWtFQ?authuser=0&hl=en&rclk=1
Islaundry Siargao,General Luna,laundry,CORRECT,high,laundry service,type 'laundry service' matches laundry,keep in 'laundry',Laundry service,5.0,(1),"Sitio San Ramon, Poblacion, General Luna, 8419 Surigao del Norte",https://www.google.com/maps/place/Islaundry+Siargao/data=!4m7!3m6!1s0x3303f7005e9b59fd:0xe1e71a2fd5fb1632!8m2!3d9.7907623!4d126.1505993!16s%2Fg%2F11y_zkz4tp!19sChIJ_VmbXgD3AzMRMhb71S8a5-E?authuser=0&hl=en&rclk=1
Swell Wash Laundry Malinao - Siargao,General Luna,laundry,CORRECT,high,laundry service,type 'laundry service' matches laundry,keep in 'laundry',Laundry service,4.2,(21),"General Luna, 8419 Surigao del Norte",https://www.google.com/maps/place/Swell+Wash+Laundry+Malinao+-+Siargao/data=!4m7!3m6!1s0x3303f78e2a0ba389:0x5af2330e2ec197a6!8m2!3d9.770581!4d126.1284676!16s%2Fg%2F11jt05lhdv!19sChIJiaMLKo73AzMRppfBLg4z8lo?authuser=0&hl=en&rclk=1
Abaii Laundry Services,General Luna,laundry,CORRECT,high,laundry service,type 'laundry service' matches laundry,keep in 'laundry',Laundry service,5.0,(1),"Tourism Rd, General Luna, 8419 Surigao del Norte",https://www.google.com/maps/place/Abaii+Laundry+Services/data=!4m7!3m6!1s0x330409007b988167:0xb3c6c545f5fe7658!8m2!3d9.7885526!4d126.1621957!16s%2Fg%2F11ywx2v498!19sChIJZ4GYewAJBDMRWHb-9UXFxrM?authuser=0&hl=en&rclk=1
Bubbles Carwash,General Luna,laundry,CORRECT,high,car wash,type 'car wash' matches laundry,keep in 'laundry',Car wash,5.0,(1),"Q5Q3+2W7, General Luna, Surigao del Norte",https://www.google.com/maps/place/Bubbles+Carwash/data=!4m7!3m6!1s0x3303f70078e151ed:0xb81246cbfc03ceb2!8m2!3d9.7894117!4d126.1549269!16s%2Fg%2F11ymk46hy2!19sChIJ7VHheAD3AzMRss4D_MtGErg?authuser=0&hl=en&rclk=1
Abukay Resort,General Luna,public restroom,INCORRECT,high,resort hotel,type 'resort hotel' is not a public restroom,drop from 'public restroom'  (true type: resort hotel — reclassify there if wanted),Resort hotel  Q5W6+RCX Tourism Rd,4.3,(71),0918 921 1098,https://www.google.com/maps/place/Abukay+Resort/data=!4m7!3m6!1s0x330409e20d8f43d7:0x882511fd311aafab!8m2!3d9.7971154!4d126.1611128!16s%2Fg%2F11bw50v98g!19sChIJ10OPDeIJBDMRq68aMf0RJYg?authuser=0&hl=en&rclk=1
Morenta (Siargao Motorcycle and Car Rental),General Luna,public restroom,INCORRECT,high,scooter rental service,type 'scooter rental service' is not a public restroom,drop from 'public restroom'  (true type: scooter rental service — reclassify there if wanted),Scooter rental service  Poblacion V (Purok VClosed  Opens 6 AM,5.0,(347),0953 923 7277,https://www.google.com/maps/place/Morenta+%28Siargao+Motorcycle+and+Car+Rental%29/data=!4m7!3m6!1s0x3303f7912e507e4d:0x7ca6a7d702d1fb8d!8m2!3d9.7888196!4d126.1601552!16s%2Fg%2F11y4l80yrd!19sChIJTX5QLpH3AzMRjfvRAtenpnw?authuser=0&hl=en&rclk=1
TravelGo – Siargao Transport & Airport Transfer,General Luna,luggage storage,INCORRECT,high,transportation service,type 'transportation service' is not a luggage storage,drop from 'luggage storage'  (true type: transportation service — reclassify there if wanted),Transportation service,5.0,(2),"Blue Corner House, General Luna, Surigao del Norte",https://www.google.com/maps/place/TravelGo+%E2%80%93+Siargao+Transport+%26+Airport+Transfer/data=!4m7!3m6!1s0x3303f7a63892e2f9:0x629833becc27ba4d!8m2!3d9.7851787!4d126.1573185!16s%2Fg%2F11z20m3n36!19sChIJ-eKSOKb3AzMRTbonzL4zmGI?authuser=0&hl=en&rclk=1
The Whale's Tale,General Luna,luggage storage,INCORRECT,high,souvenir store,type 'souvenir store' is not a luggage storage,drop from 'luggage storage'  (true type: souvenir store — reclassify there if wanted),Souvenir store,3.5,(18),"Tourism Road General Luna Siargao, 8419 Surigao del Norte",https://www.google.com/maps/place/The+Whale%27s+Tale/data=!4m7!3m6!1s0x3303f76ef45800e1:0xfa8b07df8dbd39d4!8m2!3d9.7901449!4d126.1619211!16s%2Fg%2F11tmrcywtc!19sChIJ4QBY9G73AzMR1Dm9jd8Hi_o?authuser=0&hl=en&rclk=1
NOGS SOUVENIR SHOP,General Luna,luggage storage,INCORRECT,high,souvenir store,type 'souvenir store' is not a luggage storage,drop from 'luggage storage'  (true type: souvenir store — reclassify there if wanted),Souvenir store,3.8,(13),"Tourism Rd, Brgy. 5, General Luna, Surigao del Norte",https://www.google.com/maps/place/NOGS+SOUVENIR+SHOP/data=!4m7!3m6!1s0x3303f7c0e2e34881:0xa88e5353c8a6409c!8m2!3d9.7878229!4d126.162424!16s%2Fg%2F11r8hzqm3h!19sChIJgUjj4sD3AzMRnECmyFNTjqg?authuser=0&hl=en&rclk=1
Panpinoy Bakeshop,General Luna,luggage storage,INCORRECT,high,bakery,type 'bakery' is not a luggage storage,drop from 'luggage storage'  (true type: bakery — reclassify there if wanted),Bakery,4.8,(28),"Q5Q6+HW6, Tourism Rd, General Luna, Surigao del Norte",https://www.google.com/maps/place/Panpinoy+Bakeshop/data=!4m7!3m6!1s0x3303f73e33ebcb45:0xd762acf6f8bb2bbc!8m2!3d9.7889079!4d126.1622557!16s%2Fg%2F11j8m6b0g5!19sChIJRcvrMz73AzMRvCu7-PasYtc?authuser=0&hl=en&rclk=1
NALU.IAO SOUVENIR,General Luna,luggage storage,INCORRECT,high,souvenir store,type 'souvenir store' is not a luggage storage,drop from 'luggage storage'  (true type: souvenir store — reclassify there if wanted),Souvenir store,4.3,(6),"Brgy Pob.5, General Luna, 8419 Surigao del Norte",https://www.google.com/maps/place/NALU.IAO+SOUVENIR/data=!4m7!3m6!1s0x3303f7622e43ab45:0x5913bea8382a6c0c!8m2!3d9.7850529!4d126.1560943!16s%2Fg%2F11wy5b8zmv!19sChIJRatDLmL3AzMRDGwqOKi-E1k?authuser=0&hl=en&rclk=1
Catangnan Bridge,General Luna,luggage storage,INCORRECT,high,bridge,type 'bridge' is not a luggage storage,drop from 'luggage storage'  (true type: bridge — reclassify there if wanted),Bridge,4.5,(83),"R554+RC8, General Luna, Surigao del Norte",https://www.google.com/maps/place/Catangnan+Bridge/data=!4m7!3m6!1s0x330409004e42b999:0x233cd3add4d5743e!8m2!3d9.8106471!4d126.1548059!16s%2Fg%2F11ynd031x_!19sChIJmblCTgAJBDMRPnTV1K3TPCM?authuser=0&hl=en&rclk=1
MARCO SUITES SIARGAO,General Luna,luggage storage,INCORRECT,high,serviced apartment,type 'serviced apartment' is not a luggage storage,drop from 'luggage storage'  (true type: serviced apartment — reclassify there if wanted),Serviced apartment,4.3,(13),"Q5P6+44Q, 3 Tourism Rd, General Luna, 8419 Surigao del Norte",https://www.google.com/maps/place/MARCO+SUITES+SIARGAO/data=!4m7!3m6!1s0x3303f610d142965f:0x73c3cd02b2756935!8m2!3d9.785299!4d126.160359!16s%2Fg%2F11xclzzltt!19sChIJX5ZC0RD2AzMRNWl1sgLNw3M?authuser=0&hl=en&rclk=1
KMJ suites,General Luna,luggage storage,INCORRECT,high,hotel,type 'hotel' is not a luggage storage,drop from 'luggage storage'  (true type: hotel — reclassify there if wanted),Hotel,4.2,(10),"siargao Island, Tourism Rd, General Luna, 8419 Surigao del Norte",https://www.google.com/maps/place/KMJ+suites/data=!4m11!3m10!1s0x3303f7001eaa5e1d:0x5ec9712fca0aa2bc!5m3!1s2026-10-31!4m1!1i2!8m2!3d9.7949065!4d126.1597418!16s%2Fg%2F11vzbgn0n7!19sChIJHV6qHgD3AzMRvKIKyi9xyV4?authuser=0&hl=en&rclk=1
Raba Motorbike Rental,General Luna,luggage storage,INCORRECT,high,motorcycle rental agency,type 'motorcycle rental agency' is not a luggage storage,drop from 'luggage storage'  (true type: motorcycle rental agency — reclassify there if wanted),Motorcycle rental agency,5.0,(238),"Poblacion IV, General Luna, 8419 Surigao del Norte",https://www.google.com/maps/place/Raba+Motorbike+Rental/data=!4m7!3m6!1s0x3303f79163ea3873:0x73c6cba53a7cffe7!8m2!3d9.7837791!4d126.154788!16s%2Fg%2F11md176wbn!19sChIJczjqY5H3AzMR5_98OqXLxnM?authuser=0&hl=en&rclk=1
Tropa Store Siargao,General Luna,luggage storage,INCORRECT,high,clothing store,type 'clothing store' is not a luggage storage,drop from 'luggage storage'  (true type: clothing store — reclassify there if wanted),Clothing store,4.4,(5),"Tourism Rd, General Luna, Surigao del Norte",https://www.google.com/maps/place/Tropa+Store+Siargao/data=!4m7!3m6!1s0x3303f7456d95712f:0xe05e991bca5f78e!8m2!3d9.787278!4d126.162086!16s%2Fg%2F11rbkm1l2r!19sChIJL3GVbUX3AzMRjvelvJHpBQ4?authuser=0&hl=en&rclk=1
Kobe's Bite Dessert House,General Luna,luggage storage,INCORRECT,high,restaurant,type 'restaurant' is not a luggage storage,drop from 'luggage storage'  (true type: restaurant — reclassify there if wanted),Restaurant,4.7,(65),"Q5Q6+4XM, General Luna, Surigao del Norte",https://www.google.com/maps/place/Kobe%27s+Bite+Dessert+House/data=!4m7!3m6!1s0x3303f7dd3cd62923:0x24a6826132dc4ceb!8m2!3d9.787831!4d126.1624089!16s%2Fg%2F11fd70yp57!19sChIJIynWPN33AzMR60zcMmGCpiQ?authuser=0&hl=en&rclk=1
Don Remegio Villas,General Luna,luggage storage,INCORRECT,high,3-star hotel,type '3-star hotel' is not a luggage storage,drop from 'luggage storage'  (true type: 3-star hotel — reclassify there if wanted),3-star hotel,4.6,(56),"Forcadilla St, General Luna, Surigao del Norte",https://www.google.com/maps/place/Don+Remegio+Villas/data=!4m11!3m10!1s0x3303f71d77676cb9:0xac3990b5fb0e1def!5m3!1s2026-10-31!4m1!1i2!8m2!3d9.7842943!4d126.1534521!16s%2Fg%2F11fb3n_8_b!19sChIJuWxndx33AzMR7x0O-7WQOaw?authuser=0&hl=en&rclk=1
Bayay Esteria,General Luna,luggage storage,REVIEW,low,,Industry blank — cannot judge,human review — no type signal,,4.9,(13),"Q5V6+J54, General Luna, Surigao del Norte",https://www.google.com/maps/place/Bayay+Esteria/data=!4m11!3m10!1s0x3303f72268d2fa49:0x2fbdd0f84ce592a6!5m3!1s2026-10-31!4m1!1i2!8m2!3d9.7942933!4d126.159709!16s%2Fg%2F11tmr9l0cf!19sChIJSfrSaCL3AzMRppLlTPjQvS8?authuser=0&hl=en&rclk=1
Siargao Events,General Luna,luggage storage,INCORRECT,high,marketing agency,type 'marketing agency' is not a luggage storage,drop from 'luggage storage'  (true type: marketing agency — reclassify there if wanted),Marketing agency,3.7,(3),"Lot 1955 Poblacion 5, General Luna, 8419 Surigao del Norte",https://www.google.com/maps/place/Siargao+Events/data=!4m7!3m6!1s0x3303f7b14344cf23:0xa5d5a8d3c6ed155e!8m2!3d9.7925471!4d126.1525947!16s%2Fg%2F11x15v4grx!19sChIJI89EQ7H3AzMRXhXtxtOo1aU?authuser=0&hl=en&rclk=1
Shuttle Siargao,General Luna,transportation,CORRECT,high,airport shuttle service,type 'airport shuttle service' matches transportation,keep in 'transportation',Airport shuttle service,5.0,(49),"Bayubudhan, Poblacion 5, General Luna, 8419 Surigao del Norte",https://www.google.com/maps/place/Shuttle+Siargao/data=!4m7!3m6!1s0x3303f745efa1ab51:0x621ab173e1e2e9b4!8m2!3d9.7942096!4d126.1525027!16s%2Fg%2F11x78z74f0!19sChIJUauh70X3AzMRtOni4XOxGmI?authuser=0&hl=en&rclk=1
General Luna Integrated Terminal,General Luna,transportation,CORRECT,medium,transportation service,name reads as transportation,keep in 'transportation',Transportation service,4.5,(2),"Q5R3+VMW, General Luna, Surigao del Norte",https://www.google.com/maps/place/General+Luna+Integrated+Terminal/data=!4m7!3m6!1s0x3303f7006ed3c911:0x7d1d32bb5234b0c8!8m2!3d9.7928154!4d126.1553263!16s%2Fg%2F11x81pw68y!19sChIJEcnTbgD3AzMRyLA0UrsyHX0?authuser=0&hl=en&rclk=1
Island MOVER tuktuk service,General Luna,transportation,CORRECT,high,transportation service,type 'transportation service' matches transportation,keep in 'transportation',Transportation service,5.0,(27),"Purok 3 Sta fe, General Luna, 8419 Surigao del Norte",https://www.google.com/maps/place/Island+MOVER+tuktuk+service/data=!4m7!3m6!1s0x3304098666b66f7b:0x79a78ac5ee488377!8m2!3d9.8397196!4d126.1351547!16s%2Fg%2F11nc03hmx2!19sChIJe2-2ZoYJBDMRd4NI7sWKp3k?authuser=0&hl=en&rclk=1
Santos Van for Hire (Siargao Transport Service Cooperative),General Luna,transportation,CORRECT,medium,van rental agency,name reads as transportation,keep in 'transportation',Van rental agency,5.0,(7),"Brgy, Catangnan, General Luna, 8419 Surigao del Norte",https://www.google.com/maps/place/Santos+Van+for+Hire+%28Siargao+Transport+Service+Cooperative%29/data=!4m7!3m6!1s0x3304094c853b1f1d:0x1ea803e2aaf8ecec!8m2!3d9.812604!4d126.1620361!16s%2Fg%2F11y579r190!19sChIJHR87hUwJBDMR7Oz4quIDqB4?authuser=0&hl=en&rclk=1
Siakay,General Luna,transportation,CORRECT,high,transportation service,type 'transportation service' matches transportation,keep in 'transportation',Transportation service,5.0,(6),"R535+WJQ, General Luna, Surigao del Norte",https://www.google.com/maps/place/Siakay/data=!4m7!3m6!1s0x33040900563bfd13:0x737fcb3623bf0!8m2!3d9.8046356!4d126.1594354!16s%2Fg%2F11w44h3_v0!19sChIJE_07VgAJBDMR8Dtis_w3BwA?authuser=0&hl=en&rclk=1
Janoyoy island,General Luna,transportation,CORRECT,high,transportation service,type 'transportation service' matches transportation,keep in 'transportation',Transportation service,5.0,(1),"Q43J+VM, General Luna, Surigao del Norte",https://www.google.com/maps/place/Janoyoy+island/data=!4m7!3m6!1s0x3303f70000652747:0x2c9d70de088ae4e1!8m2!3d9.7547264!4d126.1316729!16s%2Fg%2F11yz0z24hf!19sChIJRydlAAD3AzMR4eSKCN5wnSw?authuser=0&hl=en&rclk=1
KENJIE'S MOTORBIKE RENTALS,General Luna,transportation,INCORRECT,medium,transportation service,name implies not a real transportation,drop from 'transportation'  (true type: transportation service — reclassify there if wanted),Transportation service,5.0,(1),"poblacion 5 Poblacion V, General Luna, 8419 Surigao del Norte",https://www.google.com/maps/place/KENJIE%27S+MOTORBIKE+RENTALS/data=!4m7!3m6!1s0x3303f700006d9e8d:0xafdd1fff667ad67b!8m2!3d9.7917132!4d126.1563838!16s%2Fg%2F11lds0nz71!19sChIJjZ5tAAD3AzMRe9Z6Zv8f3a8?authuser=0&hl=en&rclk=1
Dodong's Van Transpo,General Luna,transportation,CORRECT,medium,van rental agency,name reads as transportation,keep in 'transportation',Van rental agency,5.0,(3),"Q5M3+7QV, General Luna, Surigao del Norte",https://www.google.com/maps/place/Dodong%27s+Van+Transpo/data=!4m7!3m6!1s0x3303f700263c7f9f:0x91dee798727d6dbf!8m2!3d9.7832419!4d126.1543868!16s%2Fg%2F11y4hb5_gk!19sChIJn388JgD3AzMRv219cpjn3pE?authuser=0&hl=en&rclk=1
Thalata Motorbike Rental,General Luna,transportation,INCORRECT,medium,transportation service,name implies not a real transportation,drop from 'transportation'  (true type: transportation service — reclassify there if wanted),Transportation service,4.4,(7),"General Luna, 8419 Surigao del Norte",https://www.google.com/maps/place/Thalata+Motorbike+Rental/data=!4m7!3m6!1s0x3303f7c8a24442ad:0x5d6baa47fbedce84!8m2!3d9.7841875!4d126.1550625!16s%2Fg%2F11l34_p53v!19sChIJrUJEosj3AzMRhM7t-0eqa10?authuser=0&hl=en&rclk=1
Dapa-Consuelo-General Luna Tricycle Operators And Drivers Cooperative,General Luna,transportation,CORRECT,medium,government office,name reads as transportation,keep in 'transportation',Government office,5.0,(1),"Q5J2+483, National Road, Consuelo, General Luna, 8419 Surigao del Norte",https://www.google.com/maps/place/Dapa-Consuelo-General+Luna+Tricycle+Operators+And+Drivers+Cooperative/data=!4m7!3m6!1s0x3303f63f13561e3f:0xeed1264b190fdca2!8m2!3d9.7802733!4d126.1508068!16s%2Fg%2F11bzvzs4ck!19sChIJPx5WEz_2AzMRotwPGUsm0e4?authuser=0&hl=en&rclk=1
Kermit parking,General Luna,transportation,INCORRECT,high,parking lot for motorcycles,type 'parking lot for motorcycles' is not a transportation,drop from 'transportation'  (true type: parking lot for motorcycles — reclassify there if wanted),Parking lot for motorcycles,4.3,(4),"Q5Q5+5X5, General Luna, Surigao del Norte",https://www.google.com/maps/place/Kermit+parking/data=!4m7!3m6!1s0x3303f70b1cd1f80f:0x24f90adffbc0b945!8m2!3d9.7878919!4d126.159998!16s%2Fg%2F11gmf1s6zp!19sChIJD_jRHAv3AzMRRbnA-98K-SQ?authuser=0&hl=en&rclk=1
Ebikes Siargao,General Luna,transportation,INCORRECT,high,car rental agency,type 'car rental agency' is not a transportation,drop from 'transportation'  (true type: car rental agency — reclassify there if wanted),Car rental agency,4.4,(21),"Back Road at Shapeshifter, General Luna, 8419 Surigao del Norte",https://www.google.com/maps/place/Ebikes+Siargao/data=!4m7!3m6!1s0x3304094119ced2db:0xa75f9977d2de7f54!8m2!3d9.8013312!4d126.158598!16s%2Fg%2F11lf389dj4!19sChIJ29LOGUEJBDMRVH_e0neZX6c?authuser=0&hl=en&rclk=1
Surf and Chill - Siargao,General Luna,transportation,INCORRECT,high,hotel,type 'hotel' is not a transportation,drop from 'transportation'  (true type: hotel — reclassify there if wanted),Hotel,4.9,(22),"R525+P92 Sta.Ines, General Luna, Surigao del Norte",https://www.google.com/maps/place/Surf+and+Chill+-+Siargao/data=!4m7!3m6!1s0x330409003379f9a1:0x74c4d89f58f5fbb8!8m2!3d9.8016549!4d126.158328!16s%2Fg%2F11vrfqny3y!19sChIJofl5MwAJBDMRuPv1WJ_YxHQ?authuser=0&hl=en&rclk=1
Happy Feet Siargao and Bike Rental,General Luna,transportation,INCORRECT,medium,motorcycle rental agency,name implies not a real transportation,drop from 'transportation'  (true type: motorcycle rental agency — reclassify there if wanted),Motorcycle rental agency,5.0,(29),"Siargao City, 8419 Surigao del Norte",https://www.google.com/maps/place/Happy+Feet+Siargao+and+Bike+Rental/data=!4m7!3m6!1s0x3304096d1f5f69a1:0xf9408175b6730e14!8m2!3d9.8100445!4d126.1591099!16s%2Fg%2F11x2tx7d06!19sChIJoWlfH20JBDMRFA5ztnWBQPk?authuser=0&hl=en&rclk=1
K3 Motorbikes Rental,General Luna,transportation,INCORRECT,medium,transportation service,name implies not a real transportation,drop from 'transportation'  (true type: transportation service — reclassify there if wanted),Transportation service,5.0,(10),"Santa Fe, General Luna, Surigao del Norte",https://www.google.com/maps/place/K3+Motorbikes+Rental/data=!4m7!3m6!1s0x3303f7ccbc3b6ecb:0x76d174f088e95cec!8m2!3d9.8401554!4d126.1375334!16s%2Fg%2F11kb8dry8f!19sChIJy247vMz3AzMR7FzpiPB00XY?authuser=0&hl=en&rclk=1
Cee Moto Rentals,General Luna,transportation,INCORRECT,medium,scooter rental service,name implies not a real transportation,drop from 'transportation'  (true type: scooter rental service — reclassify there if wanted),Scooter rental service,4.9,(176),"CeeMoto Rental, Beside of Sparaiso Massage, Pangpang backroad, Siargao, 8419 Surigao del Norte",https://www.google.com/maps/place/Cee+Moto+Rentals/data=!4m7!3m6!1s0x3303f79f853c2acf:0x83c4216db52bd867!8m2!3d9.796865!4d126.1572679!16s%2Fg%2F11x2z22d00!19sChIJzyo8hZ_3AzMRZ9grtW0hxIM?authuser=0&hl=en&rclk=1
Siargao Motorbike Rentals,General Luna,scooter rental,CORRECT,high,scooter rental service,type 'scooter rental service' matches scooter rental,keep in 'scooter rental',Scooter rental service,4.6,(90),"Q5Q4+442, General Luna, Surigao del Norte",https://www.google.com/maps/place/Siargao+Motorbike+Rentals/data=!4m7!3m6!1s0x3303f700547f6f13:0xca3ef2330dc85ea0!8m2!3d9.787806!4d126.15529!16s%2Fg%2F11w3cjlbw3!19sChIJE29_VAD3AzMRoF7IDTPyPso?authuser=0&hl=en&rclk=1
Renta Gao (SIARGAO MOTORCYCLE RENTAL),General Luna,scooter rental,CORRECT,high,motorcycle rental agency,type 'motorcycle rental agency' matches scooter rental,keep in 'scooter rental',Motorcycle rental agency,4.8,(257),"Old Road (Pang-Pang Back Road) Near Sparaiso Massage and Spa, Tourism Rd, Siargao, General Luna, Surigao del Norte",https://www.google.com/maps/place/Renta+Gao+%28SIARGAO+MOTORCYCLE+RENTAL%29/data=!4m7!3m6!1s0x3303f791c0b88aa3:0x82ab802e838ac45f!8m2!3d9.7969061!4d126.157284!16s%2Fg%2F11shxl90qs!19sChIJo4q4wJH3AzMRX8SKgy6Aq4I?authuser=0&hl=en&rclk=1
La Cuacheros,General Luna,scooter rental,CORRECT,high,motorcycle rental agency,type 'motorcycle rental agency' matches scooter rental,keep in 'scooter rental',Motorcycle rental agency,5.0,(17),"General Luna, Surigao del Norte",https://www.google.com/maps/place/La+Cuacheros/data=!4m7!3m6!1s0x3303f70024a0341d:0xf5bd7746cdb0aa1b!8m2!3d9.7894371!4d126.1390747!16s%2Fg%2F11z0z3vsq8!19sChIJHTSgJAD3AzMRG6qwzUZ3vfU?authuser=0&hl=en&rclk=1
KanTwo-Wheels Zone Motorbike Rental,General Luna,scooter rental,CORRECT,high,motorcycle rental agency,type 'motorcycle rental agency' matches scooter rental,keep in 'scooter rental',Motorcycle rental agency,4.9,(86),"Poblacion 2, General Luna, 8419 Surigao del Norte",https://www.google.com/maps/place/KanTwo-Wheels+Zone+Motorbike+Rental/data=!4m7!3m6!1s0x3303f7000af4ef17:0xd193250d053b5968!8m2!3d9.7826336!4d126.1559883!16s%2Fg%2F11vws7gdtr!19sChIJF-_0CgD3AzMRaFk7BQ0lk9E?authuser=0&hl=en&rclk=1
Cookie's Scooter Rentals,General Luna,scooter rental,CORRECT,high,motorcycle rental agency,type 'motorcycle rental agency' matches scooter rental,keep in 'scooter rental',Motorcycle rental agency,5.0,(3),"Saging Saging Siargao Island, General Luna, 8419 Surigao del Norte",https://www.google.com/maps/place/Cookie%27s+Scooter+Rentals/data=!4m7!3m6!1s0x3304097dd49d31e7:0xb97c0092ce82b86f!8m2!3d9.8055702!4d126.1602396!16s%2Fg%2F11yrwstqjz!19sChIJ5zGd1H0JBDMRb7iCzpIAfLk?authuser=0&hl=en&rclk=1
Angelito's Car & Bike Rentals Siargao,General Luna,scooter rental,CORRECT,high,car rental agency,type 'car rental agency' matches scooter rental,keep in 'scooter rental',Car rental agency,4.9,(116),"Tourism Rd, General Luna, Surigao del Norte",https://www.google.com/maps/place/Angelito%27s+Car+%26+Bike+Rentals+Siargao/data=!4m7!3m6!1s0x3303f7003610415d:0x3879796c02e4cb0c!8m2!3d9.780212!4d126.1501284!16s%2Fg%2F11y3nqr_q4!19sChIJXUEQNgD3AzMRDMvkAmx5eTg?authuser=0&hl=en&rclk=1
Palm Riders,General Luna,scooter rental,CORRECT,high,scooter rental service,type 'scooter rental service' matches scooter rental,keep in 'scooter rental',Scooter rental service,5.0,(31),"Blue Corner House, Barangay Pablacion 5, General Luna, 8419 Surigao del Norte",https://www.google.com/maps/place/Palm+Riders/data=!4m7!3m6!1s0x3303f7ffee172df7:0x9d6acb6f603b2468!8m2!3d9.7852406!4d126.1573893!16s%2Fg%2F11x8qmrnk2!19sChIJ9y0X7v_3AzMRaCQ7YG_Lap0?authuser=0&hl=en&rclk=1
Bridgestone Siargao (Motorbike and Car Rental),General Luna,scooter rental,CORRECT,high,car rental agency,type 'car rental agency' matches scooter rental,keep in 'scooter rental',Car rental agency,4.7,(46),"Purok 5, Siargao, General Luna, Surigao del Norte",https://www.google.com/maps/place/Bridgestone+Siargao+%28Motorbike+and+Car+Rental%29/data=!4m7!3m6!1s0x3303f7bb4b67b3b5:0x47750cffb532dbd1!8m2!3d9.7860897!4d126.1555031!16s%2Fg%2F11tdnwb2w3!19sChIJtbNnS7v3AzMR0dsytf8MdUc?authuser=0&hl=en&rclk=1
Siargao Nomad Wheels,General Luna,scooter rental,CORRECT,high,motorcycle rental agency,type 'motorcycle rental agency' matches scooter rental,keep in 'scooter rental',Motorcycle rental agency,5.0,(2),"Tourism Rd, General Luna, 8419 Surigao del Norte",https://www.google.com/maps/place/Siargao+Nomad+Wheels/data=!4m7!3m6!1s0x3303f720f9e1ba0d:0xa617d6ef4e03fce!8m2!3d9.7911257!4d126.1618581!16s%2Fg%2F11zbgxfd1n!19sChIJDbrh-SD3AzMRzj_g9G59YQo?authuser=0&hl=en&rclk=1
TP Siargao Island Motorbike Rental,General Luna,scooter rental,CORRECT,high,scooter rental service,type 'scooter rental service' matches scooter rental,keep in 'scooter rental',Scooter rental service,5.0,(4),"Near gymnasium Purok 1, General Luna, 8419 Surigao del Norte",https://www.google.com/maps/place/TP+Siargao+Island+Motorbike+Rental/data=!4m7!3m6!1s0x3303f736e0f2e56f:0x3ac18ee3f75d2094!8m2!3d9.7815261!4d126.156154!16s%2Fg%2F11t_tm4dqj!19sChIJb-Xy4Db3AzMRlCBd9-OOwTo?authuser=0&hl=en&rclk=1
Surf & Ride Siargao - Motorbike Rental,General Luna,scooter rental,CORRECT,high,motorcycle rental agency,type 'motorcycle rental agency' matches scooter rental,keep in 'scooter rental',Motorcycle rental agency,5.0,(8),"Pob. 3 Tourism Rd, General Luna, Surigao del Norte",https://www.google.com/maps/place/Surf+%26+Ride+Siargao+-+Motorbike+Rental/data=!4m7!3m6!1s0x3303f70002afb74d:0x2ed00dc70b259604!8m2!3d9.7848208!4d126.159032!16s%2Fg%2F11lylcxhvw!19sChIJTbevAgD3AzMRBJYlC8cN0C4?authuser=0&hl=en&rclk=1
Dapyakan RENTAL,General Luna,scooter rental,CORRECT,high,motorcycle rental agency,type 'motorcycle rental agency' matches scooter rental,keep in 'scooter rental',Motorcycle rental agency,5.0,(3),"Brgy, Catangnan, General Luna, 8419 Surigao del Norte",https://www.google.com/maps/place/Dapyakan+RENTAL/data=!4m7!3m6!1s0x3304096226ec63b7:0x2b1293f25abed720!8m2!3d9.799774!4d126.1577823!16s%2Fg%2F11vsvrz5dy!19sChIJt2PsJmIJBDMRINe-WvKTEis?authuser=0&hl=en&rclk=1
Siargao Rides Hub (Car & Motorcycle Rentals),General Luna,scooter rental,CORRECT,high,motorcycle rental agency,type 'motorcycle rental agency' matches scooter rental,keep in 'scooter rental',Motorcycle rental agency,5.0,(4),"Siargao Island, Purok 3 Tourism Rd, General Luna, 8419 Surigao del Norte",https://www.google.com/maps/place/Siargao+Rides+Hub+%28Car+%26+Motorcycle+Rentals%29/data=!4m7!3m6!1s0x3303f784c63aa11f:0xab289f99e1e862f6!8m2!3d9.7870134!4d126.1620581!16s%2Fg%2F11x1g6ssrr!19sChIJH6E6xoT3AzMR9mLo4ZmfKKs?authuser=0&hl=en&rclk=1
Suroy Motorbike Rental,General Luna,scooter rental,CORRECT,high,motorcycle rental agency,type 'motorcycle rental agency' matches scooter rental,keep in 'scooter rental',Motorcycle rental agency,5.0,(1),"Q5J3+W92, General Luna, Surigao del Norte",https://www.google.com/maps/place/Suroy+Motorbike+Rental/data=!4m7!3m6!1s0x3303f7007957c6ad:0x7e0402ac70ba417b!8m2!3d9.782264!4d126.153405!16s%2Fg%2F11wjmgffj6!19sChIJrcZXeQD3AzMRe0G6cKwCBH4?authuser=0&hl=en&rclk=1
Firefly Siargao,General Luna,scooter rental,CORRECT,high,scooter rental service,type 'scooter rental service' matches scooter rental,keep in 'scooter rental',Scooter rental service,5.0,(5),"Malinao Rd, Purok 3, General Luna, 8419 Surigao del Norte",https://www.google.com/maps/place/Firefly+Siargao/data=!4m7!3m6!1s0x3303f7ad83c97abd:0xd6cd5d34b3324a4b!8m2!3d9.7719013!4d126.1258228!16s%2Fg%2F11lnhhg_sg!19sChIJvXrJg633AzMRS0oyszRdzdY?authuser=0&hl=en&rclk=1
D&V Scooter Rentals IAO,General Luna,scooter rental,CORRECT,high,scooter rental service,type 'scooter rental service' matches scooter rental,keep in 'scooter rental',Scooter rental service,5.0,(2),"Tourism Rd, Bry Catangnan, General Luna Surigao, 8419 Surigao del Norte",https://www.google.com/maps/place/D%26V+Scooter+Rentals+IAO/data=!4m7!3m6!1s0x330409e513e505f7:0x19770743fc545f09!8m2!3d9.7966569!4d126.1603034!16s%2Fg%2F11njbvfgjh!19sChIJ9wXlE-UJBDMRCV9U_EMHdxk?authuser=0&hl=en&rclk=1
Bonjoi Motorbike Rentals,General Luna,scooter rental,CORRECT,high,motorcycle rental agency,type 'motorcycle rental agency' matches scooter rental,keep in 'scooter rental',Motorcycle rental agency,5.0,(2),"Q5R5+JCP, Poblacion V (Purok V), General Luna, Surigao del Norte",https://www.google.com/maps/place/Bonjoi+Motorbike+Rentals/data=!4m7!3m6!1s0x3303f7448359869b:0x1c8e566dc088fdd3!8m2!3d9.7915916!4d126.1585714!16s%2Fg%2F11y23k5s5d!19sChIJm4ZZg0T3AzMR0_2IwG1Wjhw?authuser=0&hl=en&rclk=1
DS Scooter motorbike rentals,General Luna,scooter rental,CORRECT,high,scooter rental service,type 'scooter rental service' matches scooter rental,keep in 'scooter rental',Scooter rental service,5.0,(2),"Tourism Rd, Brgy 5, General Luna, 8419 Surigao del Norte",https://www.google.com/maps/place/DS+Scooter+motorbike+rentals/data=!4m7!3m6!1s0x3303f799e91cc8a1:0xcc613b8fa0d44961!8m2!3d9.7898405!4d126.1617836!16s%2Fg%2F11zhpn2d_y!19sChIJocgc6Zn3AzMRYUnUoI87Ycw?authuser=0&hl=en&rclk=1
VroomVroom Ni Dondon,General Luna,scooter rental,CORRECT,high,scooter rental service,type 'scooter rental service' matches scooter rental,keep in 'scooter rental',Scooter rental service,5.0,(78),"Backroad Barangay Catangnan near Tropical Temple, General Luna, 8419 Surigao del Norte",https://www.google.com/maps/place/VroomVroom+Ni+Dondon/data=!4m7!3m6!1s0x3304095df7a38819:0x9e1f791953498fd8!8m2!3d9.8015372!4d126.1586809!16s%2Fg%2F11yd7xk6vs!19sChIJGYij910JBDMR2I9JUxl5H54?authuser=0&hl=en&rclk=1
Siargao Motorbike Rental-sayak,General Luna,scooter rental,CORRECT,high,motorcycle dealer,"type 'motorcycle dealer', but name reads as scooter rental",keep in 'scooter rental',Motorcycle dealer,5.0,(2),"Poblacion V (Purok V), General Luna, 8418 Surigao del Norte",https://www.google.com/maps/place/Siargao+Motorbike+Rental-sayak/data=!4m7!3m6!1s0x3303f7393a6b357f:0x8cf94e7c694431f4!8m2!3d9.7889652!4d126.1609628!16s%2Fg%2F11l1y1g3kh!19sChIJfzVrOjn3AzMR9DFEaXxO-Yw?authuser=0&hl=en&rclk=1
Rom's Motor Rental,General Luna,scooter rental,CORRECT,high,motorcycle rental agency,type 'motorcycle rental agency' matches scooter rental,keep in 'scooter rental',Motorcycle rental agency,4.7,(14),"Beside Mad Monkey, Tourism Rd, General Luna, 8419 Surigao del Norte",https://www.google.com/maps/place/Rom%27s+Motor+Rental/data=!4m7!3m6!1s0x330409bb1dd4888f:0x4510316a7a9949b2!8m2!3d9.810105!4d126.1589507!16s%2Fg%2F11v_8r5zgh!19sChIJj4jUHbsJBDMRskmZemoxEEU?authuser=0&hl=en&rclk=1
Gwyn Motorbike Rental Siargao (Registered),General Luna,scooter rental,CORRECT,high,car rental agency,type 'car rental agency' matches scooter rental,keep in 'scooter rental',Car rental agency,4.5,(20),"General Luna, Surigao del Norte",https://www.google.com/maps/place/Gwyn+Motorbike+Rental+Siargao+%28Registered%29/data=!4m7!3m6!1s0x33040900139a6761:0xcbd590522256b621!8m2!3d9.8072823!4d126.1600627!16s%2Fg%2F11lw2brs7k!19sChIJYWeaEwAJBDMRIbZWIlKQ1cs?authuser=0&hl=en&rclk=1
Back Road Motorbike Rental-GL,General Luna,scooter rental,CORRECT,high,scooter rental service,type 'scooter rental service' matches scooter rental,keep in 'scooter rental',Scooter rental service,4.9,(17),"Sta. Ines, Tourism Rd, Surigao City, 8419 Surigao del Norte",https://www.google.com/maps/place/Back+Road+Motorbike+Rental-GL/data=!4m7!3m6!1s0x330409084b86b37f:0x65b288f0057577bc!8m2!3d9.7920741!4d126.1544998!16s%2Fg%2F11vpvdkyg6!19sChIJf7OGSwgJBDMRvHd1BfCIsmU?authuser=0&hl=en&rclk=1
Pangpang scooter rental,General Luna,scooter rental,CORRECT,high,scooter rental service,type 'scooter rental service' matches scooter rental,keep in 'scooter rental',Scooter rental service,4.2,(21),"General Luna, Surigao del Norte",https://www.google.com/maps/place/Pangpang+scooter+rental/data=!4m7!3m6!1s0x3304090047d34a39:0x8971ff94844ccbbf!8m2!3d9.7990625!4d126.1575625!16s%2Fg%2F11vy6j5h1w!19sChIJOUrTRwAJBDMRv8tMhJT_cYk?authuser=0&hl=en&rclk=1
Vagabond Rentals,General Luna,scooter rental,CORRECT,high,scooter rental service,type 'scooter rental service' matches scooter rental,keep in 'scooter rental',Scooter rental service,5.0,(13),"Tourism Rd, General Luna, 8419 Surigao del Norte",https://www.google.com/maps/place/Vagabond+Rentals/data=!4m7!3m6!1s0x3303f7450a5c10f3:0x8b03b258dcbf5b9a!8m2!3d9.8081244!4d126.1631318!16s%2Fg%2F11xs87h85m!19sChIJ8xBcCkX3AzMRmlu_3FiyA4s?authuser=0&hl=en&rclk=1
Paolo Motorbike Rental,General Luna,scooter rental,CORRECT,high,motorcycle rental agency,type 'motorcycle rental agency' matches scooter rental,keep in 'scooter rental',Motorcycle rental agency,5.0,(5),"Across old Building Of MDMC, Brgy. 4, General Luna, 8419 Surigao del Norte",https://www.google.com/maps/place/Paolo+Motorbike+Rental/data=!4m7!3m6!1s0x330409ae91b187f7:0x5c5bc1e4c1962a4d!8m2!3d9.7842676!4d126.1558963!16s%2Fg%2F11y3d5vmqp!19sChIJ94exka4JBDMRTSqWweTBW1w?authuser=0&hl=en&rclk=1
Meckoy Motorbikes/Bikes Rental And Tours,General Luna,scooter rental,CORRECT,high,motorcycle rental agency,type 'motorcycle rental agency' matches scooter rental,keep in 'scooter rental',Motorcycle rental agency,5.0,(7),"Purok 5, General Luna, 8419 Surigao del Norte",https://www.google.com/maps/place/Meckoy+Motorbikes%2FBikes+Rental+And+Tours/data=!4m7!3m6!1s0x3303f61b987e37ef:0x9b111c70f184e093!8m2!3d9.7906626!4d126.161705!16s%2Fg%2F11f3qx1gn4!19sChIJ7zd-mBv2AzMRk-CE8XAcEZs?authuser=0&hl=en&rclk=1
Furiousa Scooter rent,General Luna,scooter rental,CORRECT,high,scooter rental service,type 'scooter rental service' matches scooter rental,keep in 'scooter rental',Scooter rental service,5.0,(2),"Besides Suyog Space suites, Poblacion 5, General Luna, Siargao, Siargao Island, 8419 Surigao del Norte",https://www.google.com/maps/place/Furiousa+Scooter+rent/data=!4m7!3m6!1s0x3303f7dd50e5aba3:0xced7400ad8b69190!8m2!3d9.7868164!4d126.1568896!16s%2Fg%2F11mf6w1y61!19sChIJo6vlUN33AzMRkJG22ApA184?authuser=0&hl=en&rclk=1
CJG Motorcycle Rental,General Luna,scooter rental,CORRECT,high,motorcycle rental agency,type 'motorcycle rental agency' matches scooter rental,keep in 'scooter rental',Motorcycle rental agency,5.0,(2),"Poblacion 05, General Luna, 8419 Surigao del Norte",https://www.google.com/maps/place/CJG+Motorcycle+Rental/data=!4m7!3m6!1s0x330409a485939eab:0x8fbdd95fe8ff4727!8m2!3d9.7892358!4d126.1596623!16s%2Fg%2F11vyvn3hgk!19sChIJq56ThaQJBDMRJ0f_6F_ZvY8?authuser=0&hl=en&rclk=1
Joyridesiargao,General Luna,scooter rental,CORRECT,high,scooter rental service,type 'scooter rental service' matches scooter rental,keep in 'scooter rental',Scooter rental service,5.0,(1),"R534+JWC Siargao, Riptide, Catangnan, General Luna, 8419 Surigao del Norte",https://www.google.com/maps/place/Joyridesiargao/data=!4m7!3m6!1s0x33040988cab17feb:0x7e1c2c53f180698c!8m2!3d9.8040509!4d126.1572559!16s%2Fg%2F11k9szcjdy!19sChIJ63-xyogJBDMRjGmA8VMsHH4?authuser=0&hl=en&rclk=1
Conte motorbike rental,General Luna,scooter rental,CORRECT,high,motorcycle rental agency,type 'motorcycle rental agency' matches scooter rental,keep in 'scooter rental',Motorcycle rental agency,5.0,(1),"Q5M3+5PJ, General Luna, Surigao del Norte",https://www.google.com/maps/place/Conte+motorbike+rental/data=!4m7!3m6!1s0x3303f77e274d90d5:0x4401b510c0050851!8m2!3d9.7829653!4d126.154254!16s%2Fg%2F11mqwklfp4!19sChIJ1ZBNJ373AzMRUQgFwBC1AUQ?authuser=0&hl=en&rclk=1
Wenden motor bike rental,General Luna,scooter rental,CORRECT,high,scooter rental service,type 'scooter rental service' matches scooter rental,keep in 'scooter rental',Scooter rental service,4.0,(4),"Q5J4+XCV, General Luna, Surigao del Norte",https://www.google.com/maps/place/Wenden+motor+bike+rental/data=!4m7!3m6!1s0x3303f7005ce003f3:0xdd40c0d6918c3708!8m2!3d9.7824925!4d126.1559143!16s%2Fg%2F11vsbjgcg9!19sChIJ8wPgXAD3AzMRCDeMkdbAQN0?authuser=0&hl=en&rclk=1
RideWise Moto Rentals,General Luna,scooter rental,CORRECT,high,motorcycle rental agency,type 'motorcycle rental agency' matches scooter rental,keep in 'scooter rental',Motorcycle rental agency,5.0,(1),"san sebastian St, Purok 1, General Luna, 8419 Surigao del Norte",https://www.google.com/maps/place/RideWise+Moto+Rentals/data=!4m7!3m6!1s0x3303f763fbd21b1b:0x73c80b29367a3f6!8m2!3d9.7826779!4d126.1543765!16s%2Fg%2F11lf4g2qk4!19sChIJGxvS-2P3AzMR9qNnk7KAPAc?authuser=0&hl=en&rclk=1
L'Sevilla Vehicle Rental Siargao,General Luna,scooter rental,CORRECT,high,car rental agency,type 'car rental agency' matches scooter rental,keep in 'scooter rental',Car rental agency,5.0,(2),"Purok 5, Poblacion, General Luna, 8419 Surigao del Norte",https://www.google.com/maps/place/L%27Sevilla+Vehicle+Rental+Siargao/data=!4m7!3m6!1s0x3303f71506021b83:0x4d1100766acb681c!8m2!3d9.7875313!4d126.1563911!16s%2Fg%2F11n4481sy7!19sChIJgxsCBhX3AzMRHGjLanYAEU0?authuser=0&hl=en&rclk=1
Refer Me Siargao | Diqueco,General Luna,scooter rental,INCORRECT,high,travel agency,type 'travel agency' is excluded from scooter rental,drop from 'scooter rental'  (true type: travel agency — reclassify there if wanted),Travel agency,5.0,(14),"Poblacion 2, General Luna",https://www.google.com/maps/place/Refer+Me+Siargao+%7C+Diqueco/data=!4m7!3m6!1s0x3303f700632a9255:0xe8222de2cf423fa5!8m2!3d9.7826724!4d126.1559442!16s%2Fg%2F11zk6y05k2!19sChIJVZIqYwD3AzMRpT9Cz-ItIug?authuser=0&hl=en&rclk=1
Ride away motorbike rental,General Luna,scooter rental,CORRECT,high,scooter rental service,type 'scooter rental service' matches scooter rental,keep in 'scooter rental',Scooter rental service,5.0,(125),"purok 4 sta. fe, General Luna, 8419 Surigao del Norte",https://www.google.com/maps/place/Ride+away+motorbike+rental/data=!4m7!3m6!1s0x330409c4981a29bd:0x24416d2912ce68ce!8m2!3d9.8393765!4d126.1315868!16s%2Fg%2F11vq66hmrt!19sChIJvSkamMQJBDMRzmjOEiltQSQ?authuser=0&hl=en&rclk=1
E-Scooters by Tawhay,General Luna,scooter rental,INCORRECT,high,electric bicycle store,type 'electric bicycle store' is not a scooter rental,drop from 'scooter rental'  (true type: electric bicycle store — reclassify there if wanted),Electric bicycle store,4.0,(3),"Sitio Sta. Ines, Old Tourism Rd, Catangnan, General Luna, 8419 Surigao del Norte",https://www.google.com/maps/place/E-Scooters+by+Tawhay/data=!4m7!3m6!1s0x330409ad60498b8d:0x9d786021f477181c!8m2!3d9.8020364!4d126.1582539!16s%2Fg%2F11y30_rvfq!19sChIJjYtJYK0JBDMRHBh39CFgeJ0?authuser=0&hl=en&rclk=1
Island Balay,General Luna,scooter rental,INCORRECT,high,guest house,type 'guest house' is not a scooter rental,drop from 'scooter rental'  (true type: guest house — reclassify there if wanted),Guest house,5.0,(26),"Purok 2 Siargao, Purok 2 Forcadilla street, General Luna, 8419 Surigao del Norte",https://www.google.com/maps/place/Island+Balay/data=!4m7!3m6!1s0x3303f7290e272f69:0x8b0a8ddbf6528f6d!8m2!3d9.7830505!4d126.1531119!16s%2Fg%2F11ln7jvc_8!19sChIJaS8nDin3AzMRbY9S9tuNCos?authuser=0&hl=en&rclk=1
TLShaw Homestay,General Luna,scooter rental,REVIEW,low,,Industry blank — cannot judge,human review — no type signal,,5.0,(92),"Q5P4+P8W, Tourism Rd, General Luna, Surigao del Norte",https://www.google.com/maps/place/TLShaw+Homestay/data=!4m7!3m6!1s0x3303f7f6ef5e5877:0x295ec32bccd1e8ae!8m2!3d9.786865!4d126.155827!16s%2Fg%2F11j1fhf8kk!19sChIJd1he7_b3AzMRrujRzCvDXik?authuser=0&hl=en&rclk=1
Gen Luna Municipal Hall,General Luna,embassy,INCORRECT,high,district government office,type 'district government office' is not a embassy,drop from 'embassy'  (true type: district government office — reclassify there if wanted),District government office,5.0,(3),"Q5J4+WM3 Town hall, General Luna, Surigao del Norte",https://www.google.com/maps/place/Gen+Luna+Municipal+Hall/data=!4m7!3m6!1s0x3303f7e06be8a04b:0xe8b48f7712d43857!8m2!3d9.7822632!4d126.156685!16s%2Fg%2F11gh4lzr6l!19sChIJS6Doa-D3AzMRVzjUEnePtOg?authuser=0&hl=en&rclk=1
Iglesia Ni Cristo [Surigao del Norte] - Gen. Luna EXT.,General Luna,embassy,INCORRECT,high,place of worship,type 'place of worship' is not a embassy,drop from 'embassy'  (true type: place of worship — reclassify there if wanted),Place of worship,5.0,(15),"Q5Q7+P24, General Luna, Surigao del Norte",https://www.google.com/maps/place/Iglesia+Ni+Cristo+%5BSurigao+del+Norte%5D+-+Gen.+Luna+EXT./data=!4m7!3m6!1s0x3303f769a3af94d1:0xe68d885f54bd2a6d!8m2!3d9.789253!4d126.1625936!16s%2Fg%2F11j2xs15wn!19sChIJ0ZSvo2n3AzMRbSq9VF-IjeY?authuser=0&hl=en&rclk=1
Marajaw Jungle,General Luna,embassy,INCORRECT,high,hotel,type 'hotel' is not a embassy,drop from 'embassy'  (true type: hotel — reclassify there if wanted),Hotel,4.6,(16),"Q5Q5+VR3, Unnamed Road, General Luna, Surigao del Norte",https://www.google.com/maps/place/Marajaw+Jungle/data=!4m7!3m6!1s0x3303f78414e51b81:0x1fc5346f2682e0a!8m2!3d9.7896391!4d126.1595447!16s%2Fg%2F11fstpq6j0!19sChIJgRvlFIT3AzMRCi5o8kZT_AE?authuser=0&hl=en&rclk=1
Petron General Luna,General Luna,gas station,CORRECT,high,gas station,type 'gas station' matches gas station,keep in 'gas station',Gas station  Q5P4+R46Closed  Opens 6 AM,3.9,(56),0929 453 5621,https://www.google.com/maps/place/Petron+General+Luna/data=!4m7!3m6!1s0x3303f617ef4e0129:0x10bee17fbf15b403!8m2!3d9.7870424!4d126.1552629!16s%2Fg%2F11ggh6_0_2!19sChIJKQFO7xf2AzMRA7QVv3_hvhA?authuser=0&hl=en&rclk=1
nissi 24h gas station,General Luna,gas station,CORRECT,medium,,name reads as gas station,keep in 'gas station',,4.9,(7),,https://www.google.com/maps/place/nissi+24h+gas+station/data=!4m7!3m6!1s0x3303f7002dd1220d:0x5d985c49cd3d9510!8m2!3d9.7893988!4d126.1542718!16s%2Fg%2F11vz53cmwk!19sChIJDSLRLQD3AzMREJU9zUlcmF0?authuser=0&hl=en&rclk=1
Full Tank Fuel Station,General Luna,gas station,CORRECT,medium,,name reads as gas station,keep in 'gas station',,4.3,(6),,https://www.google.com/maps/place/Full+Tank+Fuel+Station/data=!4m7!3m6!1s0x330409314cb812fb:0xe877c6bcbb32b3ca!8m2!3d9.8106861!4d126.165298!16s%2Fg%2F11k3pjk96w!19sChIJ-xK4TDEJBDMRyrMyu7zGd-g?authuser=0&hl=en&rclk=1
Asmara Siargao,General Luna,tourist information,INCORRECT,high,resort hotel,type 'resort hotel' is not a tourist information,drop from 'tourist information'  (true type: resort hotel — reclassify there if wanted),Resort hotel,4.1,(8),"R548+G8M, Unnamed Road, General Luna, Surigao del Norte",https://www.google.com/maps/place/Asmara+Siargao/data=!4m7!3m6!1s0x330409578d28eb8d:0x5a6c1a0f3f40ba6c!8m2!3d9.8063466!4d126.1657902!16s%2Fg%2F11h3v6pg14!19sChIJjesojVcJBDMRbLpAPw8abFo?authuser=0&hl=en&rclk=1
Euronet ATM,Siargao,atm,CORRECT,high,atm,type 'atm' matches atm,keep in 'atm',ATM  Siargao Airport LunaOpen,5.0,(1),,https://www.google.com/maps/place/Euronet+ATM/data=!4m7!3m6!1s0x330407002b250297:0x7d6f0eef47ef1792!8m2!3d9.857175!4d126.015442!16s%2Fg%2F11y8gqmz6w!19sChIJlwIlKwAHBDMRkhfvR-8Ob30?authuser=0&hl=en&rclk=1
BDO ATM,Siargao,atm,CORRECT,high,atm,type 'atm' matches atm,keep in 'atm',ATM  Q3HF+FM3Open,5.0,(1),,https://www.google.com/maps/place/BDO+ATM/data=!4m7!3m6!1s0x3303f90076066705:0x979039e3182b71d!8m2!3d9.7786331!4d126.0740748!16s%2Fg%2F11x8vtbztj!19sChIJBWcGdgD5AzMRHbeCMZ4DeQk?authuser=0&hl=en&rclk=1
ATM DBP,Siargao,atm,CORRECT,high,atm,type 'atm' matches atm,keep in 'atm',ATM  Q352+3F2Open,4.0,(2),,https://www.google.com/maps/place/ATM+DBP/data=!4m7!3m6!1s0x3303f9a158de5bf7:0x38a7ae62af6c84ad!8m2!3d9.7576292!4d126.0511268!16s%2Fg%2F11c0rgp7db!19sChIJ91veWKH5AzMRrYRsr2Kupzg?authuser=0&hl=en&rclk=1
ATM Easwest Rural Bank,Siargao,atm,CORRECT,medium,,name reads as atm,keep in 'atm',,4.0,(1),,https://www.google.com/maps/place/ATM+Easwest+Rural+Bank/data=!4m7!3m6!1s0x3303f9a19fb269fb:0x600494a280a5ce8f!8m2!3d9.7561282!4d126.0500617!16s%2Fg%2F11c0rc0ryl!19sChIJ-2myn6H5AzMRj86lgKKUBGA?authuser=0&hl=en&rclk=1
Siargao Town Center,Siargao,atm,INCORRECT,high,community center,type 'community center' is not a atm,drop from 'atm'  (true type: community center — reclassify there if wanted),Community center  Siargao Island Barangay,4.7,(11),0956 869 0032,https://www.google.com/maps/place/Siargao+Town+Center/data=!4m7!3m6!1s0x3303f98e82c7ce13:0xa709bccdadcf77ef!8m2!3d9.77872!4d126.0744594!16s%2Fg%2F11snrrf2qx!19sChIJE87Hgo75AzMR73fPrc28Cac?authuser=0&hl=en&rclk=1
Siargao Airport,Siargao,atm,INCORRECT,high,airport,type 'airport' is not a atm,drop from 'atm'  (true type: airport — reclassify there if wanted),Airport    Barangay Sayak 8418 Siargao Circumferential Rd,3.5,(659),0912 997 2777,https://www.google.com/maps/place/Siargao+Airport/data=!4m7!3m6!1s0x330406da7cad4d5b:0x85711d19a145d9d!8m2!3d9.8567271!4d126.0159734!16zL20vMGYyODNk!19sChIJW02tfNoGBDMRnV0UmtERVwg?authuser=0&hl=en&rclk=1
Development Bank of the Philippines ATM,Siargao,atm,CORRECT,medium,,name reads as atm,keep in 'atm',,4.0,(1),,https://www.google.com/maps/place/Development+Bank+of+the+Philippines+ATM/data=!4m7!3m6!1s0x330136bb432946d5:0x3abfe9a327d48c08!8m2!3d9.791697!4d125.493913!16s%2Fg%2F1pzq007k2!19sChIJ1UYpQ7s2ATMRCIzUJ6Ppvzo?authuser=0&hl=en&rclk=1
DBP Siargao,Siargao,bank,REVIEW,low,,Industry blank — cannot judge,human review — no type signal,,5.0,(2),,https://www.google.com/maps/place/DBP+Siargao/data=!4m7!3m6!1s0x3303f9a15beb0281:0x44cdc21c3cc883c4!8m2!3d9.7576596!4d126.0508659!16s%2Fg%2F11c6cwtm0q!19sChIJgQLrW6H5AzMRxIPIPBzCzUQ?authuser=0&hl=en&rclk=1
JM Siargao Motorbike Rental Airport,Siargao,currency exchange,INCORRECT,high,motorcycle rental agency,type 'motorcycle rental agency' is excluded from currency exchange,drop from 'currency exchange'  (true type: motorcycle rental agency — reclassify there if wanted),Motorcycle rental agency  BrgyOpen,4.9,(38),,https://www.google.com/maps/place/JM+Siargao+Motorbike+Rental+Airport/data=!4m7!3m6!1s0x330407884ff29ac7:0xb1d0fd90afee1a02!8m2!3d9.8574546!4d126.0163548!16s%2Fg%2F11z2k9vtrw!19sChIJx5ryT4gHBDMRAhrur5D90LE?authuser=0&hl=en&rclk=1
Siargao rose bike & car rental,Siargao,currency exchange,INCORRECT,high,motorcycle rental agency,type 'motorcycle rental agency' is excluded from currency exchange,drop from 'currency exchange'  (true type: motorcycle rental agency — reclassify there if wanted),Motorcycle rental agency    Sayak AirportOpen,4.9,(610),,https://www.google.com/maps/place/Siargao+rose+bike+%26+car+rental/data=!4m7!3m6!1s0x3304070034accfc3:0xd3b8d5fe7a8b8001!8m2!3d9.8577643!4d126.016879!16s%2Fg%2F11vs4x6l9p!19sChIJw8-sNAAHBDMRAYCLev7VuNM?authuser=0&hl=en&rclk=1
M Lhuillier - Del Carmen,Siargao,currency exchange,CORRECT,high,financial institution,type 'financial institution' matches currency exchange,keep in 'currency exchange',Financial institution    Siargao Circumferential RdClosed  Opens 8 AM,4.0,(3),0947 999 0337,https://www.google.com/maps/place/M+Lhuillier+-+Del+Carmen/data=!4m7!3m6!1s0x330406a61bcbdd77:0x7ce27377fd2cc5b6!8m2!3d9.8857168!4d126.0136363!16s%2Fg%2F11b6c5qxb1!19sChIJd93LG6YGBDMRtsUs_Xdz4nw?authuser=0&hl=en&rclk=1
Isla Satori Massage,Siargao,massage spa,CORRECT,high,spa,type 'spa' matches massage spa,keep in 'massage spa',Spa,5.0,(8),"Purok 1, Pacifico, San Isidro, 8421 Surigao del Norte",https://www.google.com/maps/place/Isla+Satori+Massage/data=!4m7!3m6!1s0x33040f94505b6a4b:0x32f3323648d90440!8m2!3d9.9475699!4d126.1014919!16s%2Fg%2F11z6mmw_nb!19sChIJS2pbUJQPBDMRQATZSDYy8zI?authuser=0&hl=en&rclk=1
Lilo Massage & Beauty,Siargao,massage spa,CORRECT,high,massage spa,type 'massage spa' matches massage spa,keep in 'massage spa',Massage spa,4.2,(22),"W3XX+XR7, Barangay Pacifico Rd, San Isidro, Surigao del Norte",https://www.google.com/maps/place/Lilo+Massage+%26+Beauty/data=!4m7!3m6!1s0x33040f002e1ff067:0x4122cdf122988c8c!8m2!3d9.9499212!4d126.0995578!16s%2Fg%2F11wh2792qm!19sChIJZ_AfLgAPBDMRjIyYIvHNIkE?authuser=0&hl=en&rclk=1
Calm Cove Massage & Spa North Siargao,Siargao,massage spa,CORRECT,high,massage spa,type 'massage spa' matches massage spa,keep in 'massage spa',Massage spa,4.8,(46),"Purok 2, Garcia, Santa Monica (Sapao), 8422 Surigao del Norte",https://www.google.com/maps/place/Calm+Cove+Massage+%26+Spa+North+Siargao/data=!4m7!3m6!1s0x33041948b591a1d5:0xc60b7e90421bc866!8m2!3d10.041196!4d126.0704464!16s%2Fg%2F11vys7xw__!19sChIJ1aGRtUgZBDMRZsgbQpB-C8Y?authuser=0&hl=en&rclk=1
"Yoga, Ice Bath and Wellness at Happiness Siargao",Siargao,massage spa,CORRECT,high,wellness center,type 'wellness center' matches massage spa,keep in 'massage spa',Wellness center,5.0,(25),"Happiness Hostel, Siargao, Tourism Rd, General Luna, 8419 Surigao del Norte","https://www.google.com/maps/place/Yoga,+Ice+Bath+and+Wellness+at+Happiness+Siargao/data=!4m7!3m6!1s0x330409517c09be09:0xfbe192ca9036d7b!8m2!3d9.8017693!4d126.1595929!16s%2Fg%2F11wxkkq9yx!19sChIJCb4JfFEJBDMRe20DqSwZvg8?authuser=0&hl=en&rclk=1"
LIYOLI Sport Physiotherapy Clinic & Spa,Siargao,massage spa,CORRECT,high,physical therapy clinic,type 'physical therapy clinic' matches massage spa,keep in 'massage spa',Physical therapy clinic,5.0,(56),"Purok 5, General Luna, 8419 Surigao del Norte",https://www.google.com/maps/place/LIYOLI+Sport+Physiotherapy+Clinic+%26+Spa/data=!4m7!3m6!1s0x3303f74cc4e70ab9:0x3d3de5e47dffbf53!8m2!3d9.7900355!4d126.1617359!16s%2Fg%2F11wjmb2vzq!19sChIJuQrnxEz3AzMRU7__feTlPT0?authuser=0&hl=en&rclk=1
Aibrow Beauty,Siargao,massage spa,CORRECT,high,nail salon,type 'nail salon' matches massage spa,keep in 'massage spa',Nail salon,4.6,(406),"Purok 3, Siargao Island, General Luna, 8419 Surigao del Norte",https://www.google.com/maps/place/Aibrow+Beauty/data=!4m7!3m6!1s0x3303f753b106158d:0xf5eb389c8736a59!8m2!3d9.7870725!4d126.1620556!16s%2Fg%2F11kb6_lrr3!19sChIJjRUGsVP3AzMRWWpzyImzXg8?authuser=0&hl=en&rclk=1
Awake Siargao Retreats,Siargao,massage spa,CORRECT,high,retreat center,type 'retreat center' matches massage spa,keep in 'massage spa',Retreat center,4.9,(67),"Tourism Rd, General Luna, 8419 Surigao del Norte",https://www.google.com/maps/place/Awake+Siargao+Retreats/data=!4m7!3m6!1s0x33040937aa5a2e2d:0x8988c8d57f2f8ad!8m2!3d9.8100987!4d126.1591049!16s%2Fg%2F11v3lz4n_b!19sChIJLS5aqjcJBDMRrfjyV42MmAg?authuser=0&hl=en&rclk=1
"The Island Aesthetics – Nail, Lash, Brow & Hair Studio Siargao",Siargao,massage spa,CORRECT,high,nail salon,type 'nail salon' matches massage spa,keep in 'massage spa',Nail salon,4.6,(186),"General Luna, 8419 Surigao del Norte","https://www.google.com/maps/place/The+Island+Aesthetics+%E2%80%93+Nail,+Lash,+Brow+%26+Hair+Studio+Siargao/data=!4m7!3m6!1s0x3304095e31c54677:0xbecd34b63d4df4ee!8m2!3d9.811727!4d126.1630547!16s%2Fg%2F11y55ssnn0!19sChIJd0bFMV4JBDMR7vRNPbY0zb4?authuser=0&hl=en&rclk=1"
AMORE BEAUTY LOUNGE (HOME BASED NAIL STUDIO),Siargao,massage spa,CORRECT,high,nail salon,type 'nail salon' matches massage spa,keep in 'massage spa',Nail salon,5.0,(35),"Purok 5, Poblacion, General Luna, 8419 Surigao del Norte",https://www.google.com/maps/place/AMORE+BEAUTY+LOUNGE+%28HOME+BASED+NAIL+STUDIO%29/data=!4m7!3m6!1s0x3303f7fbd128a3af:0xde5d9e85ba061bf4!8m2!3d9.7929022!4d126.1525851!16s%2Fg%2F11y9d1r_q3!19sChIJr6Mo0fv3AzMR9BsGuoWeXd4?authuser=0&hl=en&rclk=1
PrimeFit Gym Dapa,Siargao,gym,CORRECT,high,gym,type 'gym' matches gym,keep in 'gym',Gym,4.9,(51),"Q342+RPJ, Dapa, 8417 Surigao del Norte",https://www.google.com/maps/place/PrimeFit+Gym+Dapa/data=!4m7!3m6!1s0x3303f9004d40eee3:0xafb5dc1439975542!8m2!3d9.757189!4d126.051797!16s%2Fg%2F11xkg31ncg!19sChIJ4-5ATQD5AzMRQlWXORTcta8?authuser=0&hl=en&rclk=1
Ocean Brew Siargao,Siargao,public wifi,CORRECT,high,cafe,type 'cafe' matches public wifi,keep in 'public wifi',₱200–400Cafe  Q342+XJ4 Lopez Jaena StClosed  Opens 9 AM,4.3,(20),0963 927 1591,https://www.google.com/maps/place/Ocean+Brew+Siargao/data=!4m7!3m6!1s0x3303f9a98df66e43:0x246371090f3603a5!8m2!3d9.7573755!4d126.0515727!16s%2Fg%2F11fpr0qp_q!19sChIJQ272jan5AzMRpQM2DwlxYyQ?authuser=0&hl=en&rclk=1
Aulea Siargao,Siargao,public wifi,INCORRECT,high,hotel,type 'hotel' is excluded from public wifi,drop from 'public wifi'  (true type: hotel — reclassify there if wanted),Hotel,4.8,(16),0954 384 5909,https://www.google.com/maps/place/Aulea+Siargao/data=!4m7!3m6!1s0x3304090008d909af:0x6a7ae6cc18c6b511!8m2!3d9.8374221!4d126.139227!16s%2Fg%2F11yrg94h2n!19sChIJrwnZCAAJBDMREbXGGMzmemo?authuser=0&hl=en&rclk=1
Pacifico Beach Resort,Siargao,sim card,INCORRECT,high,resort hoteldirections,type 'resort hoteldirections' is not a sim card,drop from 'sim card'  (true type: resort hoteldirections — reclassify there if wanted),"Resort hotelDirections   Free parking Beach access Wi-Fi Airport shuttle  ""next to Cloud",4.6,(361),9 the best surfing spot in Siargao,https://www.google.com/maps/place/Pacifico+Beach+Resort/data=!4m11!3m10!1s0x33040fef7934b4eb:0xace7b535d0380b3c!5m3!1s2026-10-31!4m1!1i2!8m2!3d9.9446496!4d126.102951!16s%2Fg%2F11c603rz_5!19sChIJ67Q0ee8PBDMRPAs40DW156w?authuser=0&hl=en&rclk=1
Puregold Siargao,Siargao,convenience store,CORRECT,high,supermarket,type 'supermarket' matches convenience store,keep in 'convenience store',Supermarket,4.0,(221),"Q3HF+FM3, Dapa, Surigao del Norte",https://www.google.com/maps/place/Puregold+Siargao/data=!4m7!3m6!1s0x3303f914ca25403b:0x1f722a8ef11191fb!8m2!3d9.7786417!4d126.0741586!16s%2Fg%2F11nrtwry0_!19sChIJO0AlyhT5AzMR-5ER8Y4qch8?authuser=0&hl=en&rclk=1
La's Isla Kristina Convenience Store,Siargao,convenience store,CORRECT,high,convenience store,type 'convenience store' matches convenience store,keep in 'convenience store',Convenience store,4.0,(1),"Del Carmen Municipal Road Seaside at Numancia Center Mall Numancia Center Mall Del Carmen Siargao Islands Surigao del Norte Surigao del Norte PH, 8418",https://www.google.com/maps/place/La%27s+Isla+Kristina+Convenience+Store/data=!4m7!3m6!1s0x330401fa75ebe459:0x933b2eb51a4a323d!8m2!3d9.868496!4d125.9690292!16s%2Fg%2F11gkwlxxh7!19sChIJWeTrdfoBBDMRPTJKGrUuO5M?authuser=0&hl=en&rclk=1
Prince Hypermart Siargao,Siargao,convenience store,CORRECT,high,supermarket,type 'supermarket' matches convenience store,keep in 'convenience store',Supermarket,4.1,(23),"Poblacion 12, Dapa, 8417 Surigao del Norte",https://www.google.com/maps/place/Prince+Hypermart+Siargao/data=!4m7!3m6!1s0x3303f91b3cf14f47:0x658e5aaf20b9c8ab!8m2!3d9.7612747!4d126.046843!16s%2Fg%2F11w_hybprk!19sChIJR0_xPBv5AzMRq8i5IK9ajmU?authuser=0&hl=en&rclk=1
Juan & Juanita,Siargao,convenience store,INCORRECT,high,ice cream shop,type 'ice cream shop' is excluded from convenience store,drop from 'convenience store'  (true type: ice cream shop — reclassify there if wanted),Ice cream shop,5.0,(215),"Siargao Town Center : Brgy. Osmeña Dapa, Siargao Island, 8417 Surigao del Norte",https://www.google.com/maps/place/Juan+%26+Juanita/data=!4m7!3m6!1s0x3303f9fe43469c2f:0x1995ef88a7ab13ee!8m2!3d9.7786576!4d126.0739492!16s%2Fg%2F11nb4m5t9y!19sChIJL5xGQ_75AzMR7hOrp4jvlRk?authuser=0&hl=en&rclk=1
Kriscarl General Merchandise,Siargao,convenience store,CORRECT,high,supermarket,type 'supermarket' matches convenience store,keep in 'convenience store',Supermarket,5.0,(1),"VXC9+WPV, Del Carmen, Surigao del Norte",https://www.google.com/maps/place/Kriscarl+General+Merchandise/data=!4m7!3m6!1s0x3304010df7348dff:0xc6a7745a882b4287!8m2!3d9.8723669!4d125.9692936!16s%2Fg%2F11g9q1hdx6!19sChIJ_4009w0BBDMRh0IriFp0p8Y?authuser=0&hl=en&rclk=1
Sapporo Swirl Siargao,Siargao,convenience store,INCORRECT,high,ice cream shop,type 'ice cream shop' is excluded from convenience store,drop from 'convenience store'  (true type: ice cream shop — reclassify there if wanted),Ice cream shop,4.1,(24),"Tourism Rd, General Luna, 8419 Surigao del Norte",https://www.google.com/maps/place/Sapporo+Swirl+Siargao/data=!4m7!3m6!1s0x3303f72ea980f223:0x3ed2bafb67a6d443!8m2!3d9.7890888!4d126.1619134!16s%2Fg%2F11yjv5d5yk!19sChIJI_KAqS73AzMRQ9SmZ_u60j4?authuser=0&hl=en&rclk=1
WHITE BEARD COFFEE SHOP ( SIARGAO TOWN CENTER BRANCH ),Siargao,convenience store,INCORRECT,high,coffee shop,type 'coffee shop' is excluded from convenience store,drop from 'convenience store'  (true type: coffee shop — reclassify there if wanted),Coffee shop,4.7,(44),"Siargao Town Center, Osmeña, Dapa, 8417 Surigao del Norte",https://www.google.com/maps/place/WHITE+BEARD+COFFEE+SHOP+%28+SIARGAO+TOWN+CENTER+BRANCH+%29/data=!4m7!3m6!1s0x3303f9002ae08273:0x2a3dc8321945338f!8m2!3d9.7785621!4d126.0738455!16s%2Fg%2F11y3vwwy_b!19sChIJc4LgKgD5AzMRjzNFGTLIPSo?authuser=0&hl=en&rclk=1
Meraki Bakery and Coffee,Siargao,convenience store,INCORRECT,high,coffee shop,type 'coffee shop' is excluded from convenience store,drop from 'convenience store'  (true type: coffee shop — reclassify there if wanted),Coffee shop,5.0,(135),"W3QR+X3, San Isidro, Surigao del Norte",https://www.google.com/maps/place/Meraki+Bakery+and+Coffee/data=!4m7!3m6!1s0x33040f0070b76087:0xa70a1558fad4b9dc!8m2!3d9.939982!4d126.09021!16s%2Fg%2F11mt65ghj1!19sChIJh2C3cAAPBDMR3LnU-lgVCqc?authuser=0&hl=en&rclk=1
Siargao local bread,Siargao,convenience store,INCORRECT,high,bakery,type 'bakery' is excluded from convenience store,drop from 'convenience store'  (true type: bakery — reclassify there if wanted),Bakery,4.5,(4),"W2GV+96, San Isidro, Surigao del Norte",https://www.google.com/maps/place/Siargao+local+bread/data=!4m7!3m6!1s0x3304054133886523:0x8a63d2302be67d24!8m2!3d9.9143468!4d126.0438875!16s%2Fg%2F11v9s52dxh!19sChIJI2WIM0EFBDMRJH3mKzDSY4o?authuser=0&hl=en&rclk=1
DT General Merchandise,Siargao,convenience store,CORRECT,high,supermarket,type 'supermarket' matches convenience store,keep in 'convenience store',Supermarket,4.3,(3),"Burgos, Corner Jacinto Zamora St, Dapa, Surigao del Norte",https://www.google.com/maps/place/DT+General+Merchandise/data=!4m7!3m6!1s0x3303f9b768ace61b:0x21cda88b2fe60f65!8m2!3d9.7582031!4d126.0513572!16s%2Fg%2F11j8dzjcnb!19sChIJG-asaLf5AzMRZQ_mL4uozSE?authuser=0&hl=en&rclk=1
Timpla Siargao Coffee Shop,Siargao,convenience store,INCORRECT,high,coffee shop,type 'coffee shop' is excluded from convenience store,drop from 'convenience store'  (true type: coffee shop — reclassify there if wanted),Coffee shop,4.8,(25),"Poblacion 12 National Highway, Dapa, 8419 Surigao del Norte",https://www.google.com/maps/place/Timpla+Siargao+Coffee+Shop/data=!4m7!3m6!1s0x3304096c241093ab:0x70f23931edc5be1f!8m2!3d9.7604412!4d126.047335!16s%2Fg%2F11y3b8cwwm!19sChIJq5MQJGwJBDMRH77F7TE58nA?authuser=0&hl=en&rclk=1
Carretera Surf & Café,Siargao,convenience store,INCORRECT,high,coffee shop,type 'coffee shop' is excluded from convenience store,drop from 'convenience store'  (true type: coffee shop — reclassify there if wanted),Coffee shop,5.0,(36),"Paradise surf spot, Union Rd, Dapa, 8417 Surigao del Norte",https://www.google.com/maps/place/Carretera+Surf+%26+Caf%C3%A9/data=!4m7!3m6!1s0x3303f78a3a50ae7d:0x1fa22ead0c9f20d3!8m2!3d9.7508449!4d126.099988!16s%2Fg%2F11yrdpzyzc!19sChIJfa5QOor3AzMR0yCfDK0uoh8?authuser=0&hl=en&rclk=1
"KenZen Trading - Dapa, SIARGAO",Siargao,convenience store,CORRECT,high,food products supplier,type 'food products supplier' matches convenience store,keep in 'convenience store',Food products supplier,5.0,(1),"Barangay 12 Rizal St, Dapa, 8417 Surigao del Norte","https://www.google.com/maps/place/KenZen+Trading+-+Dapa,+SIARGAO/data=!4m7!3m6!1s0x3303f98eafae395d:0x8f92ba90a32f3bbf!8m2!3d9.7589252!4d126.0501014!16s%2Fg%2F11scbmrx35!19sChIJXTmur475AzMRvzsvo5C6ko8?authuser=0&hl=en&rclk=1"
HomeBreak Cafe Siargao,Siargao,convenience store,INCORRECT,high,coffee shop,type 'coffee shop' is excluded from convenience store,drop from 'convenience store'  (true type: coffee shop — reclassify there if wanted),Coffee shop,5.0,(16),"Purok 4 Santa Fe, General Luna, 8419 Surigao del Norte",https://www.google.com/maps/place/HomeBreak+Cafe+Siargao/data=!4m7!3m6!1s0x3304095ed3bdcf27:0xdedc6884099f45c9!8m2!3d9.8396246!4d126.1334287!16s%2Fg%2F11m6kgsb_m!19sChIJJ8-9014JBDMRyUWfCYRo3N4?authuser=0&hl=en&rclk=1
Asuncion’s Purple Hub - Siargao,Siargao,convenience store,INCORRECT,high,cake shop,type 'cake shop' is excluded from convenience store,drop from 'convenience store'  (true type: cake shop — reclassify there if wanted),Cake shop,5.0,(1),"Apolinario Mabini St, Dapa, 8417 Surigao del Norte",https://www.google.com/maps/place/Asuncion%E2%80%99s+Purple+Hub+-+Siargao/data=!4m7!3m6!1s0x3303f9ad0fdc38a5:0xfe337b1ceb3a610e!8m2!3d9.7568293!4d126.0504114!16s%2Fg%2F11tx_sz0v6!19sChIJpTjcD635AzMRDmE66xx7M_4?authuser=0&hl=en&rclk=1
Shelves Siargao Convenience Store,Siargao,convenience store,INCORRECT,medium,convenience store,business not operating,drop from 'convenience store'  (true type: convenience store — reclassify there if wanted),Convenience store  Across Bed & brew Dapa - General Luna RdPermanently closed,3.7,(12),"Across Bed & brew, Dapa - General Luna Rd, General Luna, 8419 Surigao del Norte",https://www.google.com/maps/place/Shelves+Siargao+Convenience+Store/data=!4m7!3m6!1s0x3303f7338d2ba4d3:0x2680763f37f9ddac!8m2!3d9.7931779!4d126.1611891!16s%2Fg%2F11y49jz8pp!19sChIJ06QrjTP3AzMRrN35Nz92gCY?authuser=0&hl=en&rclk=1
Nearby Coffee Siargao,Siargao,convenience store,INCORRECT,high,coffee shop,type 'coffee shop' is excluded from convenience store,drop from 'convenience store'  (true type: coffee shop — reclassify there if wanted),Coffee shop,5.0,(35),"Purok 3 Tourism Rd, General Luna, 8419 Surigao del Norte",https://www.google.com/maps/place/Nearby+Coffee+Siargao/data=!4m7!3m6!1s0x3303f7df88d12beb:0x61683e9da35332c3!8m2!3d9.784885!4d126.1596036!16s%2Fg%2F11vdq51tct!19sChIJ6yvRiN_3AzMRwzJTo50-aGE?authuser=0&hl=en&rclk=1
Current Siargao,Siargao,convenience store,INCORRECT,high,coffee shop,type 'coffee shop' is excluded from convenience store,drop from 'convenience store'  (true type: coffee shop — reclassify there if wanted),Coffee shop,5.0,(9),"Barangay, Tourism Rd, Catangnan, General Luna, 8419 Surigao del Norte",https://www.google.com/maps/place/Current+Siargao/data=!4m7!3m6!1s0x33040953814389d3:0xc6ec5d3c26b52610!8m2!3d9.7971606!4d126.1611488!16s%2Fg%2F11tnh_1pmz!19sChIJ04lDgVMJBDMRECa1Jjxd7MY?authuser=0&hl=en&rclk=1
"Passenger Comfort Room, Dapa Port",Siargao,public restroom,CORRECT,medium,,name reads as public restroom,keep in 'public restroom',,4.7,(3),,"https://www.google.com/maps/place/Passenger+Comfort+Room,+Dapa+Port/data=!4m7!3m6!1s0x3303f9a18b8b4a93:0xa16b9d460b0574be!8m2!3d9.7551676!4d126.0509585!16s%2Fg%2F11c4ydz50z!19sChIJk0qLi6H5AzMRvnQFC0ada6E?authuser=0&hl=en&rclk=1"
Tropical Nomad Siargao,Siargao,luggage storage,CORRECT,high,luggage store,type 'luggage store' matches luggage storage,keep in 'luggage storage',Luggage store,5.0,(10),"Q5P6+6FH, General Luna, Surigao del Norte",https://www.google.com/maps/place/Tropical+Nomad+Siargao/data=!4m7!3m6!1s0x3303f7006eb9a427:0x29aee009b403d347!8m2!3d9.7855637!4d126.1612369!16s%2Fg%2F11mrkw09c4!19sChIJJ6S5bgD3AzMRR9MDtAngrik?authuser=0&hl=en&rclk=1
Siargao Car Rental Services,Siargao,transportation,INCORRECT,medium,car rental agency,name implies not a real transportation,drop from 'transportation'  (true type: car rental agency — reclassify there if wanted),Car rental agency,5.0,(5),"purok 3, Del Carmen, poblacion, Del Carmen, 8418 Surigao del Norte",https://www.google.com/maps/place/Siargao+Car+Rental+Services/data=!4m7!3m6!1s0x330401ffbb207095:0xcf2e0c632c692d09!8m2!3d9.8692747!4d125.9710084!16s%2Fg%2F11y4b060zy!19sChIJlXAgu_8BBDMRCS1pLGMMLs8?authuser=0&hl=en&rclk=1
Port of Caub,Siargao,transportation,CORRECT,medium,cruise terminal,name reads as transportation,keep in 'transportation',Cruise terminal,5.0,(1),"VVVW+V53, Del Carmen, Surigao del Norte",https://www.google.com/maps/place/Port+of+Caub/data=!4m7!3m6!1s0x3306aa17889b4787:0x9dcd28ab29d96047!8m2!3d9.8946264!4d125.8954304!16s%2Fg%2F11f1rr6l1x!19sChIJh0ebiBeqBjMRR2DZKasozZ0?authuser=0&hl=en&rclk=1
Isla Siargao Motorbike Rental,Siargao,transportation,INCORRECT,medium,motorcycle rental agency,name implies not a real transportation,drop from 'transportation'  (true type: motorcycle rental agency — reclassify there if wanted),Motorcycle rental agency,4.7,(52),"Siargao Airport Siargao Island, Brgy Sayak, Del Carmen, 8418 Surigao del Norte",https://www.google.com/maps/place/Isla+Siargao+Motorbike+Rental/data=!4m7!3m6!1s0x330407f7b769656b:0x86be29e0ae17f84f!8m2!3d9.8577972!4d126.0167634!16s%2Fg%2F11trrg1jgs!19sChIJa2Vpt_cHBDMRT_gXruApvoY?authuser=0&hl=en&rclk=1
Siargao Van For Hire,Siargao,transportation,CORRECT,medium,tour operator,name reads as transportation,keep in 'transportation',Tour operator,4.5,(8),"3349+526, Santa Monica (Sapao), Surigao del Norte",https://www.google.com/maps/place/Siargao+Van+For+Hire/data=!4m7!3m6!1s0x3304192e920aa1c9:0xed2f62e206b394a5!8m2!3d10.0554075!4d126.0675269!16s%2Fg%2F11h07xvg_3!19sChIJyaEKki4ZBDMRpZSzBuJiL-0?authuser=0&hl=en&rclk=1
San Isidro Bridge,Siargao,transportation,INCORRECT,high,bridge,type 'bridge' is not a transportation,drop from 'transportation'  (true type: bridge — reclassify there if wanted),Bridge,4.8,(6),"W3QQ+4R2, Siargao Circumferential Rd, San Isidro, Surigao del Norte",https://www.google.com/maps/place/San+Isidro+Bridge/data=!4m7!3m6!1s0x33040f383ac5307f:0x1c186d33e859a92d!8m2!3d9.9377529!4d126.0895179!16s%2Fg%2F11rglwgj0x!19sChIJfzDFOjgPBDMRLalZ6DNtGBw?authuser=0&hl=en&rclk=1
Camiel Sulima Motor Bike Rental,Siargao,scooter rental,CORRECT,high,motorcycle rental agency,type 'motorcycle rental agency' matches scooter rental,keep in 'scooter rental',Motorcycle rental agency,5.0,(104),"sayak, Sayak Airport, Del Carmen, 8418 Surigao del Norte",https://www.google.com/maps/place/Camiel+Sulima+Motor+Bike+Rental/data=!4m7!3m6!1s0x3304078c2e659ae3:0xf631df4b186a0af1!8m2!3d9.8575918!4d126.0164351!16s%2Fg%2F11wfvk5kc1!19sChIJ45plLowHBDMR8QpqGEvfMfY?authuser=0&hl=en&rclk=1
Teban Sayak Siargao Airport Motor and Car Rental,Siargao,scooter rental,CORRECT,high,transportation service,"type 'transportation service', but name reads as scooter rental",keep in 'scooter rental',Transportation service,4.9,(54),"sayak, Siargao Circumferential Rd, Del Carmen, 8418 Surigao del Norte",https://www.google.com/maps/place/Teban+Sayak+Siargao+Airport+Motor+and+Car+Rental/data=!4m7!3m6!1s0x3304074da68356a7:0xbdc3d94196e0b189!8m2!3d9.8576934!4d126.0168475!16s%2Fg%2F11x0mtzq1l!19sChIJp1aDpk0HBDMRibHglkHZw70?authuser=0&hl=en&rclk=1
Dave motorbike rental siargao,Siargao,scooter rental,CORRECT,high,car rental agency,type 'car rental agency' matches scooter rental,keep in 'scooter rental',Car rental agency,5.0,(52),"Brgy, Del Carmen, 8418 Surigao del Norte",https://www.google.com/maps/place/Dave+motorbike+rental+siargao/data=!4m7!3m6!1s0x3304078f1ad9f877:0xed51e44944ad557b!8m2!3d9.8576404!4d126.0166108!16s%2Fg%2F11z2t2105m!19sChIJd_jZGo8HBDMRe1WtREnkUe0?authuser=0&hl=en&rclk=1
Touchdown Siargao Moto Rentals,Siargao,scooter rental,CORRECT,high,rideshare pickup location,"type 'rideshare pickup location', but name reads as scooter rental",keep in 'scooter rental',Rideshare pickup location,5.0,(35),"Sayak Airport, Del Carmen, Surigao del Norte",https://www.google.com/maps/place/Touchdown+Siargao+Moto+Rentals/data=!4m7!3m6!1s0x3304070036c5f4fd:0xafc01a3c32d26298!8m2!3d9.8576774!4d126.0165528!16s%2Fg%2F11z2lvwxg0!19sChIJ_fTFNgAHBDMRmGLSMjwawK8?authuser=0&hl=en&rclk=1
Triple Rock Motorcycle Rental,Siargao,scooter rental,CORRECT,high,motorcycle rental agency,type 'motorcycle rental agency' matches scooter rental,keep in 'scooter rental',Motorcycle rental agency,5.0,(2),"Barangay Sayak Siargao Airport, Del Carmen, 8418 Surigao del Norte",https://www.google.com/maps/place/Triple+Rock+Motorcycle+Rental/data=!4m7!3m6!1s0x33041b836ad66c81:0xbe5bf00827073371!8m2!3d9.8576804!4d126.0162403!16s%2Fg%2F11x2snsrzb!19sChIJgWzWaoMbBDMRcTMHJwjwW74?authuser=0&hl=en&rclk=1
Siargao Airport Rent-to-Go,Siargao,scooter rental,CORRECT,high,motorcycle rental agency,type 'motorcycle rental agency' matches scooter rental,keep in 'scooter rental',Motorcycle rental agency,5.0,(3),"V258+6QW, Sayak Airport, Del Carmen, Surigao del Norte",https://www.google.com/maps/place/Siargao+Airport+Rent-to-Go/data=!4m7!3m6!1s0x330407001719b5b7:0x6b0650f0dfeb0213!8m2!3d9.8581031!4d126.0169508!16s%2Fg%2F11x63d252g!19sChIJt7UZFwAHBDMREwLr3_BQBms?authuser=0&hl=en&rclk=1
Siargao Neil Motor-Bike Rental,Siargao,scooter rental,CORRECT,high,motorcycle rental agency,type 'motorcycle rental agency' matches scooter rental,keep in 'scooter rental',Motorcycle rental agency,5.0,(1),"Brgy, Del Carmen, 8418 Surigao del Norte",https://www.google.com/maps/place/Siargao+Neil+Motor-Bike+Rental/data=!4m7!3m6!1s0x330407fd84543c9b:0x27ec00aa7a648cb3!8m2!3d9.8577305!4d126.0168453!16s%2Fg%2F11xth3pqjr!19sChIJmzxUhP0HBDMRs4xkeqoA7Cc?authuser=0&hl=en&rclk=1
Ronnie's Motorbike Rental,Siargao,scooter rental,CORRECT,high,rental car return location,type 'rental car return location' matches scooter rental,keep in 'scooter rental',Rental car return location,3.9,(7),"Siargao, Ronie Sulapas, Sayak Airport, Del Carmen, 8418 Surigao del Norte",https://www.google.com/maps/place/Ronnie%27s+Motorbike+Rental/data=!4m7!3m6!1s0x3304010f65b6ce6b:0x96182804cd3c7b0a!8m2!3d9.878348!4d126.0104846!16s%2Fg%2F11wfqjs2h6!19sChIJa862ZQ8BBDMRCns8zQQoGJY?authuser=0&hl=en&rclk=1
Sayak Motor Bike Rent,Siargao,scooter rental,CORRECT,high,motorcycle rental agency,type 'motorcycle rental agency' matches scooter rental,keep in 'scooter rental',Motorcycle rental agency,3.5,(15),"Sayak Airport, Del Carmen, 8418 Surigao del Norte",https://www.google.com/maps/place/Sayak+Motor+Bike+Rent/data=!4m7!3m6!1s0x33040712b6808f1b:0x1e695fa9d2a824c2!8m2!3d9.8652839!4d126.0158113!16s%2Fg%2F11jmwdx0gd!19sChIJG4-AthIHBDMRwiSo0qlfaR4?authuser=0&hl=en&rclk=1
Ilihan ATV Rental in Siargao,Siargao,scooter rental,INCORRECT,high,adventure sports center,type 'adventure sports center' is not a scooter rental,drop from 'scooter rental'  (true type: adventure sports center — reclassify there if wanted),Adventure sports center,4.7,(24),"Del Carmen, 8418 Surigao del Norte",https://www.google.com/maps/place/Ilihan+ATV+Rental+in+Siargao/data=!4m7!3m6!1s0x330407c2cfb94c63:0x7faa47d0181c9a09!8m2!3d9.8910665!4d126.0195174!16s%2Fg%2F11qsbg48rn!19sChIJY0y5z8IHBDMRCZocGNBHqn8?authuser=0&hl=en&rclk=1
Offroad Motor shop Siargao Ph.,Siargao,scooter rental,INCORRECT,high,motorcycle repair shop,type 'motorcycle repair shop' is not a scooter rental,drop from 'scooter rental'  (true type: motorcycle repair shop — reclassify there if wanted),Motorcycle repair shop,4.2,(10),"San Isidro, 8421 Surigao del Norte",https://www.google.com/maps/place/Offroad+Motor+shop+Siargao+Ph./data=!4m7!3m6!1s0x33040f006e86dbdd:0xa75152755746c792!8m2!3d9.9386138!4d126.0949226!16s%2Fg%2F11vsbnd412!19sChIJ3duGbgAPBDMRksdGV3VSUac?authuser=0&hl=en&rclk=1
Bureau of Immigration - Surigao Immigration Field Office,Siargao,embassy,INCORRECT,high,government office,type 'government office' is not a embassy,drop from 'embassy'  (true type: government office — reclassify there if wanted),Government office,4.5,(21),"Luna, Surigao, 8400 Surigao del Norte",https://www.google.com/maps/place/Bureau+of+Immigration+-+Surigao+Immigration+Field+Office/data=!4m7!3m6!1s0x33013729860575bb:0x497fb9fb152af807!8m2!3d9.7639379!4d125.4840402!16s%2Fg%2F11c5b1g530!19sChIJu3UFhik3ATMRB_gqFfu5f0k?authuser=0&hl=en&rclk=1
Eco-Oil Siargao,Siargao,gas station,CORRECT,high,gas station,type 'gas station' matches gas station,keep in 'gas station',Gas station  Q3F9+226 Siargao Circumferential RdOpen  Closes 9 PM,4.5,(2),0985 031 3105,https://www.google.com/maps/place/Eco-Oil+Siargao/data=!4m7!3m6!1s0x3303f914812f592b:0x4145e59eb4cda9!8m2!3d9.7725297!4d126.0675273!16s%2Fg%2F11j33836xf!19sChIJK1kvgRT5AzMRqc20nuVFQQA?authuser=0&hl=en&rclk=1
Prince Fuel Station,Siargao,gas station,CORRECT,high,gas station,type 'gas station' matches gas station,keep in 'gas station',Gas station  R2X9+2QM brgyOpen  Closes 6:37 PM,5.0,(3),0909 626 1256,https://www.google.com/maps/place/Prince+Fuel+Station/data=!4m7!3m6!1s0x330407ae55d1d7ef:0xb418c28ebff8a1c4!8m2!3d9.84759!4d126.0194183!16s%2Fg%2F11k35t4mcq!19sChIJ79fRVa4HBDMRxKH4v47CGLQ?authuser=0&hl=en&rclk=1
Nier Gasoline Station,Siargao,gas station,CORRECT,high,gas station,type 'gas station' matches gas station,keep in 'gas station',Gas station  Siargao Circumferential RdOpens soon  5:30 AM,4.3,(3),0977 137 3013,https://www.google.com/maps/place/Nier+Gasoline+Station/data=!4m7!3m6!1s0x330409f2507f0231:0x421ee14b12b26c56!8m2!3d9.8662535!4d126.0977999!16s%2Fg%2F11v0b9l6q0!19sChIJMQJ_UPIJBDMRVmyyEkvhHkI?authuser=0&hl=en&rclk=1
National Book Store - Siargao,Siargao,post office,INCORRECT,high,book store,type 'book store' is not a post office,drop from 'post office'  (true type: book store — reclassify there if wanted),Book store,3.8,(5),"Siargao Island, Dapa - Gen. Luna Road National Highway 2nd Floor Siargao Town Center Brgy, Osmeña, Dapa, 8419 Surigao del Norte",https://www.google.com/maps/place/National+Book+Store+-+Siargao/data=!4m7!3m6!1s0x3303f9002a60841b:0x7ca286dff42563ab!8m2!3d9.7783244!4d126.074796!16s%2Fg%2F11vqyd2wn_!19sChIJG4RgKgD5AzMRq2Ml9N-Gonw?authuser=0&hl=en&rclk=1
Numancia Tourism Center,Siargao,tourist information,INCORRECT,medium,tourist information center,name implies not a real tourist information,drop from 'tourist information'  (true type: tourist information center — reclassify there if wanted),Tourist information center,3.9,(49),"VX99+75M, Del Carmen, Surigao del Norte",https://www.google.com/maps/place/Numancia+Tourism+Center/data=!4m7!3m6!1s0x3304010f9671e795:0x1d17d3cf35949f96!8m2!3d9.8682226!4d125.9679119!16s%2Fg%2F11f0ksmntg!19sChIJledxlg8BBDMRlp-UNc_TFx0?authuser=0&hl=en&rclk=1
Sapa sa Maasin River,Siargao,tourist information,INCORRECT,high,tourist attraction,type 'tourist attraction' is not a tourist information,drop from 'tourist information'  (true type: tourist attraction — reclassify there if wanted),Tourist attraction,4.3,(110),"R3C4+MF6, Pilar, Surigao del Norte",https://www.google.com/maps/place/Sapa+sa+Maasin+River/data=!4m7!3m6!1s0x330407bf19e6ab0b:0x9f1f65dca83eb477!8m2!3d9.8216504!4d126.0561258!16s%2Fg%2F11h1ywm682!19sChIJC6vmGb8HBDMRd7Q-qNxlH58?authuser=0&hl=en&rclk=1
Kangkangon Island,Siargao,tourist information,INCORRECT,high,tourist attraction,type 'tourist attraction' is not a tourist information,drop from 'tourist information'  (true type: tourist attraction — reclassify there if wanted),Tourist attraction,4.7,(9),"XX9F+RF3, San Benito",https://www.google.com/maps/place/Kangkangon+Island/data=!4m7!3m6!1s0x33040373e964cba1:0xe03a95db6ea8005c!8m2!3d9.9695074!4d125.9736787!16s%2Fg%2F11pxhwt5kq!19sChIJoctk6XMDBDMRXACobtuVOuA?authuser=0&hl=en&rclk=1
Litik Maasin River- Siargao,Siargao,tourist information,REVIEW,low,,Industry blank — cannot judge,human review — no type signal,,4.9,(9),"R3C4+HFW, Siargao Circumferential Rd, Pilar, Surigao del Norte",https://www.google.com/maps/place/Litik+Maasin+River-+Siargao/data=!4m7!3m6!1s0x33040720ad30956d:0xa1d9f1fafc57c5db!8m2!3d9.8214908!4d126.0562069!16s%2Fg%2F11scj6_3v7!19sChIJbZUwrSAHBDMR28VX_Prx2aE?authuser=0&hl=en&rclk=1
Sugba Blue Lagoon,Siargao,tourist information,INCORRECT,high,reef growth,type 'reef growth' is not a tourist information,drop from 'tourist information'  (true type: reef growth — reclassify there if wanted),Reef growth,4.2,(81),"Del Carmen, Surigao del Norte",https://www.google.com/maps/place/Sugba+Blue+Lagoon/data=!4m7!3m6!1s0x3306a9f6f2859a41:0x95b6130663b3c3c0!8m2!3d9.9065266!4d125.9003021!16s%2Fg%2F1pv0bcv5z!19sChIJQZqF8vapBjMRwMOzYwYTtpU?authuser=0&hl=en&rclk=1
Del Carmen Mangrove Sanctuary,Siargao,tourist information,INCORRECT,high,nature preserve,type 'nature preserve' is not a tourist information,drop from 'tourist information'  (true type: nature preserve — reclassify there if wanted),Nature preserve,4.5,(2),"VWVX+RJH, Del Carmen, Surigao del Norte",https://www.google.com/maps/place/Del+Carmen+Mangrove+Sanctuary/data=!4m7!3m6!1s0x330401d95b65a759:0xeb7fe8dde44e1df8!8m2!3d9.8945548!4d125.9490966!16s%2Fg%2F11t9wp9hfz!19sChIJWadlW9kBBDMR-B1O5N3of-s?authuser=0&hl=en&rclk=1
Quadro,Sugba Lagoon,gym,CORRECT,high,fitness center,type 'fitness center' matches gym,keep in 'gym',Fitness center,5.0,(10),"VXCC+W8Q, Del Carmen, Surigao del Norte",https://www.google.com/maps/place/Quadro/data=!4m7!3m6!1s0x330401f579343e17:0xc4f771fc9f04fc9e!8m2!3d9.872338!4d125.9708666!16s%2Fg%2F11llc9p6sl!19sChIJFz40efUBBDMRnvwEn_xx98Q?authuser=0&hl=en&rclk=1
Sugba Lagoon Gift Shop & General Store,Sugba Lagoon,convenience store,CORRECT,high,souvenir store,type 'souvenir store' matches convenience store,keep in 'convenience store',Souvenir store,4.0,(5),"VX99+87C, Del Carmen, Surigao del Norte",https://www.google.com/maps/place/Sugba+Lagoon+Gift+Shop+%26+General+Store/data=!4m7!3m6!1s0x33040176a293550f:0x4a6a1056a0fd050c!8m2!3d9.8683168!4d125.968127!16s%2Fg%2F11fctvc97y!19sChIJD1WTonYBBDMRDAX9oFYQako?authuser=0&hl=en&rclk=1
