Title,City,Filed As,Verdict,Action,Re-filed To,Reason,Note
Greenfalls Leisure Farm and Resort,Britania Islands,hotels,REVIEW,keep,hotels,no rule for amenity 'hotels',uncertain — kept by default
Elena Hostel & Hostel Cafe,Bucas Grande,hostels,REVIEW,keep,hostels,no rule for amenity 'hostels',uncertain — kept by default
Sohoton Bay Resort,Bucas Grande,hostels,REVIEW,keep,hostels,no rule for amenity 'hostels',uncertain — kept by default
Enchanted Cove Resort,Bucas Grande,hotels,REVIEW,keep,hotels,no rule for amenity 'hotels',uncertain — kept by default
Mpire Resort,Bucas Grande,hotels,REVIEW,keep,hotels,no rule for amenity 'hotels',uncertain — kept by default
Club Tara Resort,Bucas Grande,hotels,REVIEW,keep,hotels,no rule for amenity 'hotels',uncertain — kept by default
Hidden Island Resort,Bucas Grande,hotels,REVIEW,keep,hotels,no rule for amenity 'hotels',uncertain — kept by default
Serenity Oceanside Guest House,Bucas Grande,hotels,REVIEW,keep,hotels,no rule for amenity 'hotels',uncertain — kept by default
Isla Bucas Grande Resort,Bucas Grande,guesthouses,REVIEW,keep,guesthouses,no rule for amenity 'guesthouses',uncertain — kept by default
GREEN BEACH RESORT - Bucas Grande Island,Bucas Grande,guesthouses,REVIEW,keep,guesthouses,no rule for amenity 'guesthouses',uncertain — kept by default
Bucas Grande Balanghai Hotel,Bucas Grande,guesthouses,REVIEW,keep,guesthouses,no rule for amenity 'guesthouses',uncertain — kept by default
Sohoton Island Paradise Resort,Bucas Grande,guesthouses,REVIEW,keep,guesthouses,no rule for amenity 'guesthouses',uncertain — kept by default
Anthony's Seaside Guesthouse,Bucas Grande,guesthouses,REVIEW,keep,guesthouses,no rule for amenity 'guesthouses',uncertain — kept by default
Sohoton Cove,Bucas Grande,guesthouses,REVIEW,keep,guesthouses,no rule for amenity 'guesthouses',uncertain — kept by default
Leeter Island,Bucas Grande,guesthouses,REVIEW,keep,guesthouses,no rule for amenity 'guesthouses',uncertain — kept by default
Dagatan Sifai Resort,Bucas Grande,guesthouses,REVIEW,keep,guesthouses,no rule for amenity 'guesthouses',uncertain — kept by default
Tiktikan Lagoon Cottages,Bucas Grande,guesthouses,REVIEW,keep,guesthouses,no rule for amenity 'guesthouses',uncertain — kept by default
Bucas Grande Tour Company,Bucas Grande,guesthouses,REVIEW,keep,guesthouses,no rule for amenity 'guesthouses',uncertain — kept by default
Island Vacations Country Inn,Bucas Grande,guesthouses,REVIEW,keep,guesthouses,no rule for amenity 'guesthouses',uncertain — kept by default
Happy-Place Resort,Bucas Grande,guesthouses,REVIEW,keep,guesthouses,no rule for amenity 'guesthouses',uncertain — kept by default
Villa Harkrisha Resort,Bucas Grande,guesthouses,REVIEW,keep,guesthouses,no rule for amenity 'guesthouses',uncertain — kept by default
Czarelle Native Garden Inn,Bucas Grande,guesthouses,REVIEW,keep,guesthouses,no rule for amenity 'guesthouses',uncertain — kept by default
Camp and Swim at Paraiso De Jubang,Bucas Grande,guesthouses,REVIEW,keep,guesthouses,no rule for amenity 'guesthouses',uncertain — kept by default
Magkukuob Cave,Bucas Grande,guesthouses,REVIEW,keep,guesthouses,no rule for amenity 'guesthouses',uncertain — kept by default
Puyangi Beach Paradise,Bucas Grande,guesthouses,REVIEW,keep,guesthouses,no rule for amenity 'guesthouses',uncertain — kept by default
Sohoton Nakiauit Resort,Bucas Grande,guesthouses,REVIEW,keep,guesthouses,no rule for amenity 'guesthouses',uncertain — kept by default
Jellyfish Sanctuary,Bucas Grande,guesthouses,REVIEW,keep,guesthouses,no rule for amenity 'guesthouses',uncertain — kept by default
Crystal and Bolitas Cave,Bucas Grande,guesthouses,REVIEW,keep,guesthouses,no rule for amenity 'guesthouses',uncertain — kept by default
Sohoton Cove Tourist Information Center,Bucas Grande,guesthouses,REVIEW,keep,guesthouses,no rule for amenity 'guesthouses',uncertain — kept by default
Tami Private Cove,Bucas Grande,guesthouses,REVIEW,keep,guesthouses,no rule for amenity 'guesthouses',uncertain — kept by default
Oyay's Seafood Grill & Restaurant,Bucas Grande,restaurants,REVIEW,keep,restaurants,no rule for amenity 'restaurants',uncertain — kept by default
Babes Grill & BBQ,Bucas Grande,restaurants,REVIEW,keep,restaurants,no rule for amenity 'restaurants',uncertain — kept by default
"Gusla Restaurant, Bar, and Cafe",Bucas Grande,restaurants,REVIEW,keep,restaurants,no rule for amenity 'restaurants',uncertain — kept by default
Tagpuan,Bucas Grande,restaurants,REVIEW,keep,restaurants,no rule for amenity 'restaurants',uncertain — kept by default
Soling's Eatery,Bucas Grande,restaurants,REVIEW,keep,restaurants,no rule for amenity 'restaurants',uncertain — kept by default
Mad House,Bucas Grande,restaurants,REVIEW,keep,restaurants,no rule for amenity 'restaurants',uncertain — kept by default
Jayra's Pensionne House and Restaurants,Bucas Grande,restaurants,REVIEW,keep,restaurants,no rule for amenity 'restaurants',uncertain — kept by default
Timo-Timo Siargao,Bucas Grande,restaurants,REVIEW,keep,restaurants,no rule for amenity 'restaurants',uncertain — kept by default
Simu-simu,Bucas Grande,restaurants,REVIEW,keep,restaurants,no rule for amenity 'restaurants',uncertain — kept by default
AC Grill & Resto Bar,Bucas Grande,restaurants,REVIEW,keep,restaurants,no rule for amenity 'restaurants',uncertain — kept by default
NAVARRO BBQ Hauz,Bucas Grande,restaurants,REVIEW,keep,restaurants,no rule for amenity 'restaurants',uncertain — kept by default
Liwanne's Barbecue And Eatery,Bucas Grande,restaurants,REVIEW,keep,restaurants,no rule for amenity 'restaurants',uncertain — kept by default
Dapa Barbecue Park,Bucas Grande,restaurants,REVIEW,keep,restaurants,no rule for amenity 'restaurants',uncertain — kept by default
Pizzaleria de Drew,Bucas Grande,restaurants,REVIEW,keep,restaurants,no rule for amenity 'restaurants',uncertain — kept by default
Bucas Grande Island,Bucas Grande,things to do,REVIEW,keep,things to do,no rule for amenity 'things to do',uncertain — kept by default
Hidden Lagoon,Bucas Grande,things to do,REVIEW,keep,things to do,no rule for amenity 'things to do',uncertain — kept by default
Bucas Grande Island,Bucas Grande,things to do,REVIEW,keep,things to do,no rule for amenity 'things to do',uncertain — kept by default
Dapa Boulevard Park,Bucas Grande,bars,REVIEW,keep,bars,no rule for amenity 'bars',uncertain — kept by default
BGFC - Graphics and Multimedia Club,Bucas Grande,nightlife,REVIEW,keep,nightlife,no rule for amenity 'nightlife',uncertain — kept by default
Cinnamon Island,Bucas Grande,nightlife,REVIEW,keep,nightlife,no rule for amenity 'nightlife',uncertain — kept by default
Bucas Grande,Bucas Grande,nightlife,REVIEW,keep,nightlife,no rule for amenity 'nightlife',uncertain — kept by default
Green Cove,Bucas Grande,nightlife,REVIEW,keep,nightlife,no rule for amenity 'nightlife',uncertain — kept by default
Port of Dapa,Bucas Grande,nightlife,REVIEW,keep,nightlife,no rule for amenity 'nightlife',uncertain — kept by default
Romantic Beach Villas,Cloud 9,hostels,REVIEW,keep,hostels,no rule for amenity 'hostels',uncertain — kept by default
Payag Suites,Cloud 9,hostels,REVIEW,keep,hostels,no rule for amenity 'hostels',uncertain — kept by default
Dormitelsph Cloud 9,Cloud 9,hostels,REVIEW,keep,hostels,no rule for amenity 'hostels',uncertain — kept by default
Nine Clouds Homestyle Accomodation And Restaurants,Cloud 9,hostels,REVIEW,keep,hostels,no rule for amenity 'hostels',uncertain — kept by default
Aloha Hostel Siargao,Cloud 9,hostels,REVIEW,keep,hostels,no rule for amenity 'hostels',uncertain — kept by default
Dhelta Hostel Siargao,Cloud 9,hostels,REVIEW,keep,hostels,no rule for amenity 'hostels',uncertain — kept by default
Hang Loose Siargao,Cloud 9,hostels,REVIEW,keep,hostels,no rule for amenity 'hostels',uncertain — kept by default
Soffta Surf Ranch,Cloud 9,hostels,REVIEW,keep,hostels,no rule for amenity 'hostels',uncertain — kept by default
Bearby's Homestay Siargao,Cloud 9,hostels,REVIEW,keep,hostels,no rule for amenity 'hostels',uncertain — kept by default
Happiness Hostel Siargao,Cloud 9,hostels,REVIEW,keep,hostels,no rule for amenity 'hostels',uncertain — kept by default
Kamurayaw Siargao Homestay,Cloud 9,hostels,REVIEW,keep,hostels,no rule for amenity 'hostels',uncertain — kept by default
おはよう Siargao,Cloud 9,hostels,REVIEW,keep,hostels,no rule for amenity 'hostels',uncertain — kept by default
Sharegao Guesthouse,Cloud 9,hostels,REVIEW,keep,hostels,no rule for amenity 'hostels',uncertain — kept by default
Slomo • Siargao,Cloud 9,hostels,REVIEW,keep,hostels,no rule for amenity 'hostels',uncertain — kept by default
1308 Siargao GL,Cloud 9,hostels,REVIEW,keep,hostels,no rule for amenity 'hostels',uncertain — kept by default
Kāpena Siargao,Cloud 9,hostels,REVIEW,keep,hostels,no rule for amenity 'hostels',uncertain — kept by default
Foxtail Guest House Siargao,Cloud 9,hostels,REVIEW,keep,hostels,no rule for amenity 'hostels',uncertain — kept by default
Siesta Siargao,Cloud 9,hostels,REVIEW,keep,hostels,no rule for amenity 'hostels',uncertain — kept by default
Higala Hostel,Cloud 9,hostels,REVIEW,keep,hostels,no rule for amenity 'hostels',uncertain — kept by default
Yellow Banana Siargao,Cloud 9,hostels,REVIEW,keep,hostels,no rule for amenity 'hostels',uncertain — kept by default
Casavia Siargao Hostel,Cloud 9,hostels,REVIEW,keep,hostels,no rule for amenity 'hostels',uncertain — kept by default
Big 9 Hostel and Bar,Cloud 9,hostels,REVIEW,keep,hostels,no rule for amenity 'hostels',uncertain — kept by default
Goodlife Siargao Hostel,Cloud 9,hostels,REVIEW,keep,hostels,no rule for amenity 'hostels',uncertain — kept by default
Siargao Surfers Lodge,Cloud 9,hostels,REVIEW,keep,hostels,no rule for amenity 'hostels',uncertain — kept by default
The Blue Door - Siargao,Cloud 9,hostels,REVIEW,keep,hostels,no rule for amenity 'hostels',uncertain — kept by default
Siargao Happynest,Cloud 9,hostels,REVIEW,keep,hostels,no rule for amenity 'hostels',uncertain — kept by default
Hygge Siargao,Cloud 9,hostels,REVIEW,keep,hostels,no rule for amenity 'hostels',uncertain — kept by default
isla. Siargao Stays,Cloud 9,hostels,REVIEW,keep,hostels,no rule for amenity 'hostels',uncertain — kept by default
Dawn Patrol Siargao,Cloud 9,hostels,REVIEW,keep,hostels,no rule for amenity 'hostels',uncertain — kept by default
Isla Stays via Cohoots,Cloud 9,hostels,REVIEW,keep,hostels,no rule for amenity 'hostels',uncertain — kept by default
Yellow House Siargao Homestay,Cloud 9,hostels,REVIEW,keep,hostels,no rule for amenity 'hostels',uncertain — kept by default
Siargao Bunkbeds,Cloud 9,hostels,REVIEW,keep,hostels,no rule for amenity 'hostels',uncertain — kept by default
Kasadjah Siargao Native House,Cloud 9,hostels,REVIEW,keep,hostels,no rule for amenity 'hostels',uncertain — kept by default
Buyod Homestay,Cloud 9,hostels,REVIEW,keep,hostels,no rule for amenity 'hostels',uncertain — kept by default
JJ Siargao Homestay,Cloud 9,hostels,REVIEW,keep,hostels,no rule for amenity 'hostels',uncertain — kept by default
Ameeza Houze Homestay - Siargao,Cloud 9,hostels,REVIEW,keep,hostels,no rule for amenity 'hostels',uncertain — kept by default
The Hangout,Cloud 9,hostels,REVIEW,keep,hostels,no rule for amenity 'hostels',uncertain — kept by default
RGJA's Homestay,Cloud 9,hostels,REVIEW,keep,hostels,no rule for amenity 'hostels',uncertain — kept by default
Hamogaway Homestay Siargao,Cloud 9,hostels,REVIEW,keep,hostels,no rule for amenity 'hostels',uncertain — kept by default
Aela's Home,Cloud 9,hostels,REVIEW,keep,hostels,no rule for amenity 'hostels',uncertain — kept by default
Pamana Homestay(Hostel),Cloud 9,hostels,REVIEW,keep,hostels,no rule for amenity 'hostels',uncertain — kept by default
The Courtyard Siargao,Cloud 9,hostels,REVIEW,keep,hostels,no rule for amenity 'hostels',uncertain — kept by default
Bubble Siargao,Cloud 9,hotels,REVIEW,keep,hotels,no rule for amenity 'hotels',uncertain — kept by default
Marahuyo Siargao,Cloud 9,hotels,REVIEW,keep,hotels,no rule for amenity 'hotels',uncertain — kept by default
Siargao Bleu Resort & Spa,Cloud 9,hotels,REVIEW,keep,hotels,no rule for amenity 'hotels',uncertain — kept by default
The Ohm Siargao Resort,Cloud 9,hotels,REVIEW,keep,hotels,no rule for amenity 'hotels',uncertain — kept by default
Siargao Sunflower Suites,Cloud 9,hotels,REVIEW,keep,hotels,no rule for amenity 'hotels',uncertain — kept by default
Suyog Life Siargao,Cloud 9,hotels,REVIEW,keep,hotels,no rule for amenity 'hotels',uncertain — kept by default
Isla Cabana Resort,Cloud 9,hotels,REVIEW,keep,hotels,no rule for amenity 'hotels',uncertain — kept by default
Surfing Temple,Cloud 9,hotels,REVIEW,keep,hotels,no rule for amenity 'hotels',uncertain — kept by default
Siargao Zita's Garden Inn,Cloud 9,hotels,REVIEW,keep,hotels,no rule for amenity 'hotels',uncertain — kept by default
Katig Siargao Boutique Hotel,Cloud 9,hotels,REVIEW,keep,hotels,no rule for amenity 'hotels',uncertain — kept by default
Shat's Guest House,Cloud 9,hotels,REVIEW,keep,hotels,no rule for amenity 'hotels',uncertain — kept by default
Wayfarer Cloud 9 Resort,Cloud 9,hotels,REVIEW,keep,hotels,no rule for amenity 'hotels',uncertain — kept by default
Siargao Seasky Resort,Cloud 9,hotels,REVIEW,keep,hotels,no rule for amenity 'hotels',uncertain — kept by default
Siargao Inn Beach Resort,Cloud 9,hotels,REVIEW,keep,hotels,no rule for amenity 'hotels',uncertain — kept by default
Lux Boutique Resort and Restaurant Siargao,Cloud 9,hotels,REVIEW,keep,hotels,no rule for amenity 'hotels',uncertain — kept by default
"Kawayan Villa, Siargao",Cloud 9,hotels,REVIEW,keep,hotels,no rule for amenity 'hotels',uncertain — kept by default
Banakod Siargao,Cloud 9,hotels,REVIEW,keep,hotels,no rule for amenity 'hotels',uncertain — kept by default
Kaimana Resort Siargao,Cloud 9,hotels,REVIEW,keep,hotels,no rule for amenity 'hotels',uncertain — kept by default
Zahara House Siargao,Cloud 9,hotels,REVIEW,keep,hotels,no rule for amenity 'hotels',uncertain — kept by default
Makulay Siargao Resort,Cloud 9,hotels,REVIEW,keep,hotels,no rule for amenity 'hotels',uncertain — kept by default
Kajali,Cloud 9,hotels,REVIEW,keep,hotels,no rule for amenity 'hotels',uncertain — kept by default
Hotspot Resort Siargao,Cloud 9,hotels,REVIEW,keep,hotels,no rule for amenity 'hotels',uncertain — kept by default
SOLANA SIARGAO,Cloud 9,hotels,REVIEW,keep,hotels,no rule for amenity 'hotels',uncertain — kept by default
Sentro Suites | Siargao,Cloud 9,hotels,REVIEW,keep,hotels,no rule for amenity 'hotels',uncertain — kept by default
Siargao Pacific View Lodge (Homestay),Cloud 9,hotels,REVIEW,keep,hotels,no rule for amenity 'hotels',uncertain — kept by default
Kesa Cloud 9 Resort,Cloud 9,resorts,REVIEW,keep,resorts,no rule for amenity 'resorts',uncertain — kept by default
Point 303 Resort,Cloud 9,resorts,REVIEW,keep,resorts,no rule for amenity 'resorts',uncertain — kept by default
M-resort Siargao,Cloud 9,resorts,REVIEW,keep,resorts,no rule for amenity 'resorts',uncertain — kept by default
Ohana Resort Siargao,Cloud 9,resorts,REVIEW,keep,resorts,no rule for amenity 'resorts',uncertain — kept by default
Yes Surf Siargao,Cloud 9,resorts,REVIEW,keep,resorts,no rule for amenity 'resorts',uncertain — kept by default
NYLA Boutique Resort Siargao,Cloud 9,resorts,REVIEW,keep,resorts,no rule for amenity 'resorts',uncertain — kept by default
Alon Cloud9 Resort,Cloud 9,resorts,REVIEW,keep,resorts,no rule for amenity 'resorts',uncertain — kept by default
Villa Maya Siargao Island Cloud 9.,Cloud 9,resorts,REVIEW,keep,resorts,no rule for amenity 'resorts',uncertain — kept by default
Siago Beach Resort,Cloud 9,resorts,REVIEW,keep,resorts,no rule for amenity 'resorts',uncertain — kept by default
Kalinaw Resort,Cloud 9,resorts,REVIEW,keep,resorts,no rule for amenity 'resorts',uncertain — kept by default
Kermit Surf Resort and Restaurant Siargao,Cloud 9,resorts,REVIEW,keep,resorts,no rule for amenity 'resorts',uncertain — kept by default
Gana Siargao Island Resort,Cloud 9,resorts,REVIEW,keep,resorts,no rule for amenity 'resorts',uncertain — kept by default
Kokai Resort,Cloud 9,resorts,REVIEW,keep,resorts,no rule for amenity 'resorts',uncertain — kept by default
Coracasa Siargao Bed & Breakfast,Cloud 9,bed and breakfast,REVIEW,keep,bed and breakfast,no rule for amenity 'bed and breakfast',uncertain — kept by default
Sadhana Siargao,Cloud 9,bed and breakfast,REVIEW,keep,bed and breakfast,no rule for amenity 'bed and breakfast',uncertain — kept by default
Bidlisiw Siargao,Cloud 9,bed and breakfast,REVIEW,keep,bed and breakfast,no rule for amenity 'bed and breakfast',uncertain — kept by default
Siargao Swell - The Island's Local Surf Shack,Cloud 9,bed and breakfast,REVIEW,keep,bed and breakfast,no rule for amenity 'bed and breakfast',uncertain — kept by default
Pukaw Bistro,Cloud 9,bed and breakfast,REVIEW,keep,bed and breakfast,no rule for amenity 'bed and breakfast',uncertain — kept by default
Marhay Villa Siargao,Cloud 9,bed and breakfast,REVIEW,keep,bed and breakfast,no rule for amenity 'bed and breakfast',uncertain — kept by default
Easy Does It Guesthouse Siargao,Cloud 9,guesthouses,REVIEW,keep,guesthouses,no rule for amenity 'guesthouses',uncertain — kept by default
Cloud 9 Beach Club Siargao,Cloud 9,guesthouses,REVIEW,keep,guesthouses,no rule for amenity 'guesthouses',uncertain — kept by default
Cloud 9 Surfing Area,Cloud 9,guesthouses,REVIEW,keep,guesthouses,no rule for amenity 'guesthouses',uncertain — kept by default
Mad Monkey Siargao,Cloud 9,guesthouses,REVIEW,keep,guesthouses,no rule for amenity 'guesthouses',uncertain — kept by default
Rucksack Inn Siargao - Biggest Hostel in Siargao with Co-Working Space,Cloud 9,guesthouses,REVIEW,keep,guesthouses,no rule for amenity 'guesthouses',uncertain — kept by default
Payag Suites,Cloud 9,guesthouses,REVIEW,keep,guesthouses,no rule for amenity 'guesthouses',uncertain — kept by default
The Boardwalk at Cloud 9 Resort,Cloud 9,guesthouses,REVIEW,keep,guesthouses,no rule for amenity 'guesthouses',uncertain — kept by default
Sunny Cloud Siargao,Cloud 9,guesthouses,REVIEW,keep,guesthouses,no rule for amenity 'guesthouses',uncertain — kept by default
Ocean 101 Beach Resort,Cloud 9,guesthouses,REVIEW,keep,guesthouses,no rule for amenity 'guesthouses',uncertain — kept by default
Felicitas Guest House - Siargao,Cloud 9,guesthouses,REVIEW,keep,guesthouses,no rule for amenity 'guesthouses',uncertain — kept by default
Greenhouse Siargao,Cloud 9,guesthouses,REVIEW,keep,guesthouses,no rule for amenity 'guesthouses',uncertain — kept by default
Emerald House,Cloud 9,guesthouses,REVIEW,keep,guesthouses,no rule for amenity 'guesthouses',uncertain — kept by default
Fat Lips Surf Lodge,Cloud 9,guesthouses,REVIEW,keep,guesthouses,no rule for amenity 'guesthouses',uncertain — kept by default
Sheandys Siargao,Cloud 9,guesthouses,REVIEW,keep,guesthouses,no rule for amenity 'guesthouses',uncertain — kept by default
Hiraya surf hostel,Cloud 9,guesthouses,REVIEW,keep,guesthouses,no rule for amenity 'guesthouses',uncertain — kept by default
Balay Yuhom - Siargao,Cloud 9,guesthouses,REVIEW,keep,guesthouses,no rule for amenity 'guesthouses',uncertain — kept by default
Reside Siargao,Cloud 9,guesthouses,REVIEW,keep,guesthouses,no rule for amenity 'guesthouses',uncertain — kept by default
Villa Consolacion Cloud 9,Cloud 9,guesthouses,REVIEW,keep,guesthouses,no rule for amenity 'guesthouses',uncertain — kept by default
"Kalaw Hideaway Siargao, Private Guesthouse (James and Marja’s place)",Cloud 9,guesthouses,REVIEW,keep,guesthouses,no rule for amenity 'guesthouses',uncertain — kept by default
Kiking's Guest House,Cloud 9,guesthouses,REVIEW,keep,guesthouses,no rule for amenity 'guesthouses',uncertain — kept by default
Hue Hotels and Resorts Siargao (On Soft-Opening),Cloud 9,guesthouses,REVIEW,keep,guesthouses,no rule for amenity 'guesthouses',uncertain — kept by default
Hanigad Homestay,Cloud 9,guesthouses,REVIEW,keep,guesthouses,no rule for amenity 'guesthouses',uncertain — kept by default
Hidden Grove Guest House,Cloud 9,guesthouses,REVIEW,keep,guesthouses,no rule for amenity 'guesthouses',uncertain — kept by default
Munimuni Villas Siargao,Cloud 9,guesthouses,REVIEW,keep,guesthouses,no rule for amenity 'guesthouses',uncertain — kept by default
Gardenview Homestay,Cloud 9,guesthouses,REVIEW,keep,guesthouses,no rule for amenity 'guesthouses',uncertain — kept by default
Harana Surf Resort,Cloud 9,guesthouses,REVIEW,keep,guesthouses,no rule for amenity 'guesthouses',uncertain — kept by default
Bamboo Bliss Siargao,Cloud 9,guesthouses,REVIEW,keep,guesthouses,no rule for amenity 'guesthouses',uncertain — kept by default
Punta Punta Surf Retreat,Cloud 9,guesthouses,REVIEW,keep,guesthouses,no rule for amenity 'guesthouses',uncertain — kept by default
Sinag Hostel,Cloud 9,guesthouses,REVIEW,keep,guesthouses,no rule for amenity 'guesthouses',uncertain — kept by default
Woody's Place Siargao,Cloud 9,guesthouses,REVIEW,keep,guesthouses,no rule for amenity 'guesthouses',uncertain — kept by default
Cloud 9,Cloud 9,guesthouses,REVIEW,keep,guesthouses,no rule for amenity 'guesthouses',uncertain — kept by default
La Fuga Siargao,Cloud 9,guesthouses,REVIEW,keep,guesthouses,no rule for amenity 'guesthouses',uncertain — kept by default
Anemos Surf hostel & Homestay,Cloud 9,guesthouses,REVIEW,keep,guesthouses,no rule for amenity 'guesthouses',uncertain — kept by default
Villa Peray Siargao,Cloud 9,guesthouses,REVIEW,keep,guesthouses,no rule for amenity 'guesthouses',uncertain — kept by default
Tropical Temple Siargao,Cloud 9,guesthouses,REVIEW,keep,guesthouses,no rule for amenity 'guesthouses',uncertain — kept by default
Tres Islas Hostel,Cloud 9,guesthouses,REVIEW,keep,guesthouses,no rule for amenity 'guesthouses',uncertain — kept by default
Kalipay Resort Siargao,Cloud 9,guesthouses,REVIEW,keep,guesthouses,no rule for amenity 'guesthouses',uncertain — kept by default
"Nutmeg Cottage, Siargao",Cloud 9,guesthouses,REVIEW,keep,guesthouses,no rule for amenity 'guesthouses',uncertain — kept by default
La Bohème Siargao Boutique Hotel,Cloud 9,guesthouses,REVIEW,keep,guesthouses,no rule for amenity 'guesthouses',uncertain — kept by default
Coco Pod Siargao,Cloud 9,guesthouses,REVIEW,keep,guesthouses,no rule for amenity 'guesthouses',uncertain — kept by default
Ocean 9,Cloud 9,guesthouses,REVIEW,keep,guesthouses,no rule for amenity 'guesthouses',uncertain — kept by default
Good Balance Siargao,Cloud 9,guesthouses,REVIEW,keep,guesthouses,no rule for amenity 'guesthouses',uncertain — kept by default
Whipsy Villa Siargao,Cloud 9,guesthouses,REVIEW,keep,guesthouses,no rule for amenity 'guesthouses',uncertain — kept by default
Sunset bay beach villas Siargao,Cloud 9,guesthouses,REVIEW,keep,guesthouses,no rule for amenity 'guesthouses',uncertain — kept by default
Guyangan Homestay-Siargao,Cloud 9,guesthouses,REVIEW,keep,guesthouses,no rule for amenity 'guesthouses',uncertain — kept by default
Mantara Hostel Siargao,Cloud 9,guesthouses,REVIEW,keep,guesthouses,no rule for amenity 'guesthouses',uncertain — kept by default
KOKOMO SIARGAO,Cloud 9,guesthouses,REVIEW,keep,guesthouses,no rule for amenity 'guesthouses',uncertain — kept by default
Nawá House,Cloud 9,guesthouses,REVIEW,keep,guesthouses,no rule for amenity 'guesthouses',uncertain — kept by default
Panawan Guest House,Cloud 9,guesthouses,REVIEW,keep,guesthouses,no rule for amenity 'guesthouses',uncertain — kept by default
The Boardrooms,Cloud 9,guesthouses,REVIEW,keep,guesthouses,no rule for amenity 'guesthouses',uncertain — kept by default
Reef Beach Resort,Cloud 9,guesthouses,REVIEW,keep,guesthouses,no rule for amenity 'guesthouses',uncertain — kept by default
Privada Villa Siargao,Cloud 9,guesthouses,REVIEW,keep,guesthouses,no rule for amenity 'guesthouses',uncertain — kept by default
Ilakai Hostel,Cloud 9,guesthouses,REVIEW,keep,guesthouses,no rule for amenity 'guesthouses',uncertain — kept by default
Siargao Bed and Brew,Cloud 9,guesthouses,REVIEW,keep,guesthouses,no rule for amenity 'guesthouses',uncertain — kept by default
MI CASA SIARGAO,Cloud 9,guesthouses,REVIEW,keep,guesthouses,no rule for amenity 'guesthouses',uncertain — kept by default
Siargao Island Villas,Cloud 9,guesthouses,REVIEW,keep,guesthouses,no rule for amenity 'guesthouses',uncertain — kept by default
Riad Masaya,Cloud 9,guesthouses,REVIEW,keep,guesthouses,no rule for amenity 'guesthouses',uncertain — kept by default
Villa Pura Vida Apartments Siargao,Cloud 9,guesthouses,REVIEW,keep,guesthouses,no rule for amenity 'guesthouses',uncertain — kept by default
Pawikan Siargao,Cloud 9,guesthouses,REVIEW,keep,guesthouses,no rule for amenity 'guesthouses',uncertain — kept by default
Siargao Hostel,Cloud 9,guesthouses,REVIEW,keep,guesthouses,no rule for amenity 'guesthouses',uncertain — kept by default
Zy -An Homestay siargao,Cloud 9,guesthouses,REVIEW,keep,guesthouses,no rule for amenity 'guesthouses',uncertain — kept by default
Himaya Siargao,Cloud 9,guesthouses,REVIEW,keep,guesthouses,no rule for amenity 'guesthouses',uncertain — kept by default
Jonas & Twins Resort,Cloud 9,guesthouses,REVIEW,keep,guesthouses,no rule for amenity 'guesthouses',uncertain — kept by default
Ocean Pacific Inn and Restaurant,Cloud 9,guesthouses,REVIEW,keep,guesthouses,no rule for amenity 'guesthouses',uncertain — kept by default
SEACLUB Siargao,Cloud 9,guesthouses,REVIEW,keep,guesthouses,no rule for amenity 'guesthouses',uncertain — kept by default
Helmina's Villas,Cloud 9,guesthouses,REVIEW,keep,guesthouses,no rule for amenity 'guesthouses',uncertain — kept by default
Apsaras Tribe,Cloud 9,guesthouses,REVIEW,keep,guesthouses,no rule for amenity 'guesthouses',uncertain — kept by default
Eddie`s Beach Resort Siargao,Cloud 9,guesthouses,REVIEW,keep,guesthouses,no rule for amenity 'guesthouses',uncertain — kept by default
Daluyong Beach Resort,Cloud 9,guesthouses,REVIEW,keep,guesthouses,no rule for amenity 'guesthouses',uncertain — kept by default
ALTER SPACE Siargao Workspace and Coliving,Cloud 9,guesthouses,REVIEW,keep,guesthouses,no rule for amenity 'guesthouses',uncertain — kept by default
G VILLAS SIARGAO,Cloud 9,guesthouses,REVIEW,keep,guesthouses,no rule for amenity 'guesthouses',uncertain — kept by default
Villa Solaria Surf Resort,Cloud 9,guesthouses,REVIEW,keep,guesthouses,no rule for amenity 'guesthouses',uncertain — kept by default
"Loka Siargao Restaurant, Bar, & Shop",Cloud 9,restaurants,REVIEW,keep,restaurants,no rule for amenity 'restaurants',uncertain — kept by default
CLOUD8.Siargao Taiwanese Restaurant,Cloud 9,restaurants,REVIEW,keep,restaurants,no rule for amenity 'restaurants',uncertain — kept by default
SHAKA Siargao,Cloud 9,restaurants,REVIEW,keep,restaurants,no rule for amenity 'restaurants',uncertain — kept by default
Ver De Siargao,Cloud 9,restaurants,REVIEW,keep,restaurants,no rule for amenity 'restaurants',uncertain — kept by default
Siargao Hawker,Cloud 9,restaurants,REVIEW,keep,restaurants,no rule for amenity 'restaurants',uncertain — kept by default
X Pizza - Siargao,Cloud 9,restaurants,REVIEW,keep,restaurants,no rule for amenity 'restaurants',uncertain — kept by default
Bella Crosta Siargao,Cloud 9,restaurants,REVIEW,keep,restaurants,no rule for amenity 'restaurants',uncertain — kept by default
Cloud 9 Barbecue,Cloud 9,restaurants,REVIEW,keep,restaurants,no rule for amenity 'restaurants',uncertain — kept by default
Neverland Siargao,Cloud 9,restaurants,REVIEW,keep,restaurants,no rule for amenity 'restaurants',uncertain — kept by default
Sunday Siargao (Cafe and Pool),Cloud 9,restaurants,REVIEW,keep,restaurants,no rule for amenity 'restaurants',uncertain — kept by default
Cafe Kokomo,Cloud 9,restaurants,REVIEW,keep,restaurants,no rule for amenity 'restaurants',uncertain — kept by default
Masala Siargao,Cloud 9,restaurants,REVIEW,keep,restaurants,no rule for amenity 'restaurants',uncertain — kept by default
Fin & Fin Beach Shack,Cloud 9,restaurants,REVIEW,keep,restaurants,no rule for amenity 'restaurants',uncertain — kept by default
"Goodies - Cafe, Restaurant Bar & Eco Shop",Cloud 9,restaurants,REVIEW,keep,restaurants,no rule for amenity 'restaurants',uncertain — kept by default
/WEEK ·END/ Café,Cloud 9,restaurants,REVIEW,keep,restaurants,no rule for amenity 'restaurants',uncertain — kept by default
CEV: Ceviche & Kinilaw Shack,Cloud 9,restaurants,REVIEW,keep,restaurants,no rule for amenity 'restaurants',uncertain — kept by default
Mr. Turtle Siargao,Cloud 9,restaurants,REVIEW,keep,restaurants,no rule for amenity 'restaurants',uncertain — kept by default
Happiness Beach Bar Siargao,Cloud 9,restaurants,REVIEW,keep,restaurants,no rule for amenity 'restaurants',uncertain — kept by default
Las Barricas Siargao,Cloud 9,restaurants,REVIEW,keep,restaurants,no rule for amenity 'restaurants',uncertain — kept by default
Munchies @ Jacking Horse Trail Gen. Luna Siargao,Cloud 9,restaurants,REVIEW,keep,restaurants,no rule for amenity 'restaurants',uncertain — kept by default
Coastal Grounds Coffee Siargao,Cloud 9,restaurants,REVIEW,keep,restaurants,no rule for amenity 'restaurants',uncertain — kept by default
Kayaha Grill Siargao,Cloud 9,restaurants,REVIEW,keep,restaurants,no rule for amenity 'restaurants',uncertain — kept by default
Wave Cafe,Cloud 9,restaurants,REVIEW,keep,restaurants,no rule for amenity 'restaurants',uncertain — kept by default
Al's Beach Pizza Siargao,Cloud 9,restaurants,REVIEW,keep,restaurants,no rule for amenity 'restaurants',uncertain — kept by default
Bravo Restaurant,Cloud 9,restaurants,REVIEW,keep,restaurants,no rule for amenity 'restaurants',uncertain — kept by default
The Ohm Café: All-Day Dining & Poolside Cocktails,Cloud 9,restaurants,REVIEW,keep,restaurants,no rule for amenity 'restaurants',uncertain — kept by default
Outer Cafe,Cloud 9,restaurants,REVIEW,keep,restaurants,no rule for amenity 'restaurants',uncertain — kept by default
Kurvada,Cloud 9,restaurants,REVIEW,keep,restaurants,no rule for amenity 'restaurants',uncertain — kept by default
Kawayan Gourmand French Bakery,Cloud 9,restaurants,REVIEW,keep,restaurants,no rule for amenity 'restaurants',uncertain — kept by default
Bawud Cafe Siargao,Cloud 9,restaurants,REVIEW,keep,restaurants,no rule for amenity 'restaurants',uncertain — kept by default
POP UP BAR SIARGAO,Cloud 9,restaurants,REVIEW,keep,restaurants,no rule for amenity 'restaurants',uncertain — kept by default
Lamari Siargao Boutique Hotel,Cloud 9,restaurants,REVIEW,keep,restaurants,no rule for amenity 'restaurants',uncertain — kept by default
Subay Burger,Cloud 9,restaurants,REVIEW,keep,restaurants,no rule for amenity 'restaurants',uncertain — kept by default
Nami,Cloud 9,restaurants,REVIEW,keep,restaurants,no rule for amenity 'restaurants',uncertain — kept by default
Nohara Beach Resort,Cloud 9,restaurants,REVIEW,keep,restaurants,no rule for amenity 'restaurants',uncertain — kept by default
Surf Coach Siargao SPF All levels,Cloud 9,restaurants,REVIEW,keep,restaurants,no rule for amenity 'restaurants',uncertain — kept by default
Warung Siargao Indonesian Restaurant,Cloud 9,restaurants,REVIEW,keep,restaurants,no rule for amenity 'restaurants',uncertain — kept by default
Mama Coco Siargao,Cloud 9,restaurants,REVIEW,keep,restaurants,no rule for amenity 'restaurants',uncertain — kept by default
Hakata Ramen,Cloud 9,restaurants,REVIEW,keep,restaurants,no rule for amenity 'restaurants',uncertain — kept by default
Secreto Restaurant & Cocktails Siargao,Cloud 9,restaurants,REVIEW,keep,restaurants,no rule for amenity 'restaurants',uncertain — kept by default
Hey Babe BBQ,Cloud 9,restaurants,REVIEW,keep,restaurants,no rule for amenity 'restaurants',uncertain — kept by default
Greenhouse Cafe and Restaurant,Cloud 9,restaurants,REVIEW,keep,restaurants,no rule for amenity 'restaurants',uncertain — kept by default
Coffee Stroll Siargao,Cloud 9,cafes,REVIEW,keep,cafes,no rule for amenity 'cafes',uncertain — kept by default
Vedya Siargao,Cloud 9,cafes,REVIEW,keep,cafes,no rule for amenity 'cafes',uncertain — kept by default
Saint Thomas Coffee,Cloud 9,cafes,REVIEW,keep,cafes,no rule for amenity 'cafes',uncertain — kept by default
Kanaway Snack Bar,Cloud 9,cafes,REVIEW,keep,cafes,no rule for amenity 'cafes',uncertain — kept by default
Siargao Books Cafe,Cloud 9,cafes,REVIEW,keep,cafes,no rule for amenity 'cafes',uncertain — kept by default
Spotted Pig Cafe,Cloud 9,cafes,REVIEW,keep,cafes,no rule for amenity 'cafes',uncertain — kept by default
Cocomo and Wave - Siargao,Cloud 9,cafes,REVIEW,keep,cafes,no rule for amenity 'cafes',uncertain — kept by default
The Soul Shack,Cloud 9,cafes,REVIEW,keep,cafes,no rule for amenity 'cafes',uncertain — kept by default
WHITE BEARD COFFEE SHOP GENERAL LUNA BRANCH,Cloud 9,cafes,REVIEW,keep,cafes,no rule for amenity 'cafes',uncertain — kept by default
Siargao Corner Cafe,Cloud 9,cafes,REVIEW,keep,cafes,no rule for amenity 'cafes',uncertain — kept by default
Yogi - Siargao Yogurt House,Cloud 9,cafes,REVIEW,keep,cafes,no rule for amenity 'cafes',uncertain — kept by default
MUJO Ice Bath,Cloud 9,cafes,REVIEW,keep,cafes,no rule for amenity 'cafes',uncertain — kept by default
Tom N Toms Coffee - Siargao,Cloud 9,cafes,REVIEW,keep,cafes,no rule for amenity 'cafes',uncertain — kept by default
Shava Smoothie Bowls,Cloud 9,cafes,REVIEW,keep,cafes,no rule for amenity 'cafes',uncertain — kept by default
Siargao Surf Academy,Cloud 9,cafes,REVIEW,keep,cafes,no rule for amenity 'cafes',uncertain — kept by default
KS Boardriders Surf Shop,Cloud 9,cafes,REVIEW,keep,cafes,no rule for amenity 'cafes',uncertain — kept by default
Coco Space | Siargao Coworking Space & Community,Cloud 9,cafes,REVIEW,keep,cafes,no rule for amenity 'cafes',uncertain — kept by default
CFC,Cloud 9,cafes,REVIEW,keep,cafes,no rule for amenity 'cafes',uncertain — kept by default
Amihan Siargao Bungalows,Cloud 9,cafes,REVIEW,keep,cafes,no rule for amenity 'cafes',uncertain — kept by default
JT's Manukan Grille General Luna,Cloud 9,cafes,REVIEW,keep,cafes,no rule for amenity 'cafes',uncertain — kept by default
L'Osteria Ristorante Italiano - Luxe B&B,Cloud 9,cafes,REVIEW,keep,cafes,no rule for amenity 'cafes',uncertain — kept by default
Island Tattoo & Piercing Studio,Cloud 9,cafes,REVIEW,keep,cafes,no rule for amenity 'cafes',uncertain — kept by default
Siargao Villa Bamboo House,Cloud 9,cafes,REVIEW,keep,cafes,no rule for amenity 'cafes',uncertain — kept by default
Tatea,Cloud 9,cafes,REVIEW,keep,cafes,no rule for amenity 'cafes',uncertain — kept by default
The Smoking Joint BBQ Siargao,Cloud 9,cafes,REVIEW,keep,cafes,no rule for amenity 'cafes',uncertain — kept by default
Colz Travel & Tours - Siargao,Cloud 9,tours,REVIEW,keep,tours,no rule for amenity 'tours',uncertain — kept by default
Kiangel's Surf Siargao Travel and Tours,Cloud 9,tours,REVIEW,keep,tours,no rule for amenity 'tours',uncertain — kept by default
Siargao Island Hopping,Cloud 9,tours,REVIEW,keep,tours,no rule for amenity 'tours',uncertain — kept by default
My Siargao Guide -Tour Operator - Island Hopping / Land Tours / Private and Joiners tours,Cloud 9,tours,REVIEW,keep,tours,no rule for amenity 'tours',uncertain — kept by default
Ocean Tribe Dive Center,Cloud 9,dive shops,REVIEW,keep,dive shops,no rule for amenity 'dive shops',uncertain — kept by default
OZEN Freediving Siargao,Cloud 9,dive shops,REVIEW,keep,dive shops,no rule for amenity 'dive shops',uncertain — kept by default
Palaka Siargao Dive Center,Cloud 9,dive shops,REVIEW,keep,dive shops,no rule for amenity 'dive shops',uncertain — kept by default
"Vultun Massage Spa and Home Service, Pilates, & Surf",Cloud 9,dive shops,REVIEW,keep,dive shops,no rule for amenity 'dive shops',uncertain — kept by default
eMotion Siargao,Cloud 9,dive shops,REVIEW,keep,dive shops,no rule for amenity 'dive shops',uncertain — kept by default
Siargao Divers Club,Cloud 9,dive shops,REVIEW,keep,dive shops,no rule for amenity 'dive shops',uncertain — kept by default
Last Chance,Cloud 9,bars,REVIEW,keep,bars,no rule for amenity 'bars',uncertain — kept by default
BARREL: Beachfront Sports Bar (Siargao),Cloud 9,bars,REVIEW,keep,bars,no rule for amenity 'bars',uncertain — kept by default
Siargao Beach Club,Cloud 9,bars,REVIEW,keep,bars,no rule for amenity 'bars',uncertain — kept by default
Barbosa Siargao,Cloud 9,bars,REVIEW,keep,bars,no rule for amenity 'bars',uncertain — kept by default
Fayeyeh Bar,Cloud 9,bars,REVIEW,keep,bars,no rule for amenity 'bars',uncertain — kept by default
Manu,Cloud 9,bars,REVIEW,keep,bars,no rule for amenity 'bars',uncertain — kept by default
Hightide Restobar Siargao,Cloud 9,bars,REVIEW,keep,bars,no rule for amenity 'bars',uncertain — kept by default
El Lobo Siargao,Cloud 9,nightlife,REVIEW,keep,nightlife,no rule for amenity 'nightlife',uncertain — kept by default
Zicatela Siargao,Cloud 9,nightlife,REVIEW,keep,nightlife,no rule for amenity 'nightlife',uncertain — kept by default
Kansilad Beach Resort,Enchanted River,guesthouses,REVIEW,keep,guesthouses,no rule for amenity 'guesthouses',uncertain — kept by default
Bao-bao Falls,Enchanted River,cafes,REVIEW,keep,cafes,no rule for amenity 'cafes',uncertain — kept by default
MyLove Siargao Village,General Luna,hostels,REVIEW,keep,hostels,no rule for amenity 'hostels',uncertain — kept by default
Sunset Surf Hostel Siargao,General Luna,hostels,REVIEW,keep,hostels,no rule for amenity 'hostels',uncertain — kept by default
Siargao Tropic Hostel,General Luna,hostels,REVIEW,keep,hostels,no rule for amenity 'hostels',uncertain — kept by default
Cuadro Inn,General Luna,hostels,REVIEW,keep,hostels,no rule for amenity 'hostels',uncertain — kept by default
Matcha Hostel,General Luna,hostels,REVIEW,keep,hostels,no rule for amenity 'hostels',uncertain — kept by default
Kawayan Hostel,General Luna,hostels,REVIEW,keep,hostels,no rule for amenity 'hostels',uncertain — kept by default
Dream Catcher Nipas,General Luna,hostels,REVIEW,keep,hostels,no rule for amenity 'hostels',uncertain — kept by default
Tropico Inn Siargao (Hotel),General Luna,hostels,REVIEW,keep,hostels,no rule for amenity 'hostels',uncertain — kept by default
Strangers Inn&Bar,General Luna,hostels,REVIEW,keep,hostels,no rule for amenity 'hostels',uncertain — kept by default
Kayan Siargao,General Luna,hostels,REVIEW,keep,hostels,no rule for amenity 'hostels',uncertain — kept by default
Alpas Siargao,General Luna,hostels,REVIEW,keep,hostels,no rule for amenity 'hostels',uncertain — kept by default
Mazawa Siargao,General Luna,hostels,REVIEW,keep,hostels,no rule for amenity 'hostels',uncertain — kept by default
Smith Inn and Restaurant,General Luna,hostels,REVIEW,keep,hostels,no rule for amenity 'hostels',uncertain — kept by default
Pangandoy Homestay,General Luna,hostels,REVIEW,keep,hostels,no rule for amenity 'hostels',uncertain — kept by default
Balay Hayahay,General Luna,hostels,REVIEW,keep,hostels,no rule for amenity 'hostels',uncertain — kept by default
Katana Private Residence,General Luna,hostels,REVIEW,keep,hostels,no rule for amenity 'hostels',uncertain — kept by default
Location of Alcove Verde,General Luna,hostels,REVIEW,keep,hostels,no rule for amenity 'hostels',uncertain — kept by default
Vivo Inn Siargao,General Luna,hostels,REVIEW,keep,hostels,no rule for amenity 'hostels',uncertain — kept by default
Araw Boutique,General Luna,hostels,REVIEW,keep,hostels,no rule for amenity 'hostels',uncertain — kept by default
Tranquil Villa Siargao,General Luna,hostels,REVIEW,keep,hostels,no rule for amenity 'hostels',uncertain — kept by default
Anantha Wellness Sanctuary,General Luna,hostels,REVIEW,keep,hostels,no rule for amenity 'hostels',uncertain — kept by default
Surfer's Hostel,General Luna,hostels,REVIEW,keep,hostels,no rule for amenity 'hostels',uncertain — kept by default
Butang Hostel Siargao,General Luna,hostels,REVIEW,keep,hostels,no rule for amenity 'hostels',uncertain — kept by default
Barrio Francisco Hostel Siargao,General Luna,hostels,REVIEW,keep,hostels,no rule for amenity 'hostels',uncertain — kept by default
Angelica's Hostel,General Luna,hostels,REVIEW,keep,hostels,no rule for amenity 'hostels',uncertain — kept by default
Malayah Siargao,General Luna,hostels,REVIEW,keep,hostels,no rule for amenity 'hostels',uncertain — kept by default
Bed and Bunk Siargao,General Luna,hostels,REVIEW,keep,hostels,no rule for amenity 'hostels',uncertain — kept by default
Paglaom Hostel,General Luna,hostels,REVIEW,keep,hostels,no rule for amenity 'hostels',uncertain — kept by default
Jaydy Hostel,General Luna,hostels,REVIEW,keep,hostels,no rule for amenity 'hostels',uncertain — kept by default
Kanto Hostel,General Luna,hostels,REVIEW,keep,hostels,no rule for amenity 'hostels',uncertain — kept by default
Sudla Siargao Hostel,General Luna,hostels,REVIEW,keep,hostels,no rule for amenity 'hostels',uncertain — kept by default
Little Mirrors Backpackers,General Luna,hostels,REVIEW,keep,hostels,no rule for amenity 'hostels',uncertain — kept by default
Paradiso Hostel,General Luna,hostels,REVIEW,keep,hostels,no rule for amenity 'hostels',uncertain — kept by default
Pungko Homestay Siargao,General Luna,hostels,REVIEW,keep,hostels,no rule for amenity 'hostels',uncertain — kept by default
Hostel Bajala Siargao,General Luna,hostels,REVIEW,keep,hostels,no rule for amenity 'hostels',uncertain — kept by default
Three Little Birds - Surf Hostel,General Luna,hostels,REVIEW,keep,hostels,no rule for amenity 'hostels',uncertain — kept by default
Pointbreak Homestay,General Luna,hostels,REVIEW,keep,hostels,no rule for amenity 'hostels',uncertain — kept by default
Presko Siargao,General Luna,hostels,REVIEW,keep,hostels,no rule for amenity 'hostels',uncertain — kept by default
El Lobo Hostel,General Luna,hostels,REVIEW,keep,hostels,no rule for amenity 'hostels',uncertain — kept by default
Point F Siargao,General Luna,hostels,REVIEW,keep,hostels,no rule for amenity 'hostels',uncertain — kept by default
Casa Kaya Hostel,General Luna,hostels,REVIEW,keep,hostels,no rule for amenity 'hostels',uncertain — kept by default
Rembert Homestay,General Luna,hostels,REVIEW,keep,hostels,no rule for amenity 'hostels',uncertain — kept by default
May Ann Homestay,General Luna,hostels,REVIEW,keep,hostels,no rule for amenity 'hostels',uncertain — kept by default
Isla Casita Siargao Homestay,General Luna,hostels,REVIEW,keep,hostels,no rule for amenity 'hostels',uncertain — kept by default
DODONG HOMESTAY 2,General Luna,hostels,REVIEW,keep,hostels,no rule for amenity 'hostels',uncertain — kept by default
The Smiling Pig Hostel,General Luna,hostels,REVIEW,keep,hostels,no rule for amenity 'hostels',uncertain — kept by default
Communal Coliving | Siargao Coliving for Digital Nomads,General Luna,hostels,REVIEW,keep,hostels,no rule for amenity 'hostels',uncertain — kept by default
PREMIERE HAVEN HOSTEL SIARGAO,General Luna,hostels,REVIEW,keep,hostels,no rule for amenity 'hostels',uncertain — kept by default
Kysia Beach Inn Siargao,General Luna,hostels,REVIEW,keep,hostels,no rule for amenity 'hostels',uncertain — kept by default
Yara Homestay Siargao,General Luna,hostels,REVIEW,keep,hostels,no rule for amenity 'hostels',uncertain — kept by default
Moringa Private Room,General Luna,hostels,REVIEW,keep,hostels,no rule for amenity 'hostels',uncertain — kept by default
Theresa.Siargao,General Luna,hostels,REVIEW,keep,hostels,no rule for amenity 'hostels',uncertain — kept by default
Drift Siargao,General Luna,hostels,REVIEW,keep,hostels,no rule for amenity 'hostels',uncertain — kept by default
Diwa Siargao,General Luna,hotels,REVIEW,keep,hotels,no rule for amenity 'hotels',uncertain — kept by default
Patrick's on the Beach Resort & Restaurant Siargao,General Luna,hotels,REVIEW,keep,hotels,no rule for amenity 'hotels',uncertain — kept by default
Romantic Beach Villas,General Luna,hotels,REVIEW,keep,hotels,no rule for amenity 'hotels',uncertain — kept by default
Bravo Beach Resort Siargao,General Luna,hotels,REVIEW,keep,hotels,no rule for amenity 'hotels',uncertain — kept by default
Flo Island Home,General Luna,hotels,REVIEW,keep,hotels,no rule for amenity 'hotels',uncertain — kept by default
Dahun Villas Siargao,General Luna,hotels,REVIEW,keep,hotels,no rule for amenity 'hotels',uncertain — kept by default
Big Waves Boutique Hotel,General Luna,hotels,REVIEW,keep,hotels,no rule for amenity 'hotels',uncertain — kept by default
Mera's Garden Siargao,General Luna,hotels,REVIEW,keep,hotels,no rule for amenity 'hotels',uncertain — kept by default
3Kid’s Homestay,General Luna,hotels,REVIEW,keep,hotels,no rule for amenity 'hotels',uncertain — kept by default
Secret Spot Siargao Eco-Homestay,General Luna,hotels,REVIEW,keep,hotels,no rule for amenity 'hotels',uncertain — kept by default
Journeyy INN,General Luna,hotels,REVIEW,keep,hotels,no rule for amenity 'hotels',uncertain — kept by default
Fazzah de Siargao,General Luna,hotels,REVIEW,keep,hotels,no rule for amenity 'hotels',uncertain — kept by default
Copacabana Siargao | Boutique Hotel + Artcafé,General Luna,hotels,REVIEW,keep,hotels,no rule for amenity 'hotels',uncertain — kept by default
Ronaldo's Inn Siargao by Cocotel,General Luna,hotels,REVIEW,keep,hotels,no rule for amenity 'hotels',uncertain — kept by default
LOVE BK siargao tourist inn,General Luna,hotels,REVIEW,keep,hotels,no rule for amenity 'hotels',uncertain — kept by default
Little Nap Inn,General Luna,hotels,REVIEW,keep,hotels,no rule for amenity 'hotels',uncertain — kept by default
Malipaya,General Luna,hotels,REVIEW,keep,hotels,no rule for amenity 'hotels',uncertain — kept by default
Buddha Resort,General Luna,hotels,REVIEW,keep,hotels,no rule for amenity 'hotels',uncertain — kept by default
Purok 5 Tourism Road Siargao,General Luna,hotels,REVIEW,keep,hotels,no rule for amenity 'hotels',uncertain — kept by default
KASIKAS Homestay,General Luna,hotels,REVIEW,keep,hotels,no rule for amenity 'hotels',uncertain — kept by default
PEPAYEN Homestay,General Luna,hotels,REVIEW,keep,hotels,no rule for amenity 'hotels',uncertain — kept by default
Matam-is Cafe & Homestay,General Luna,hotels,REVIEW,keep,hotels,no rule for amenity 'hotels',uncertain — kept by default
Yay Lodge & Spa,General Luna,hotels,REVIEW,keep,hotels,no rule for amenity 'hotels',uncertain — kept by default
Forever Siargao,General Luna,hotels,REVIEW,keep,hotels,no rule for amenity 'hotels',uncertain — kept by default
Siargao Sunrise Villa,General Luna,hotels,REVIEW,keep,hotels,no rule for amenity 'hotels',uncertain — kept by default
Soeliana Resort,General Luna,hotels,REVIEW,keep,hotels,no rule for amenity 'hotels',uncertain — kept by default
Lisuga Hotel,General Luna,hotels,REVIEW,keep,hotels,no rule for amenity 'hotels',uncertain — kept by default
Wayans Siargao Homestay,General Luna,hotels,REVIEW,keep,hotels,no rule for amenity 'hotels',uncertain — kept by default
Single Fin Siargao,General Luna,hotels,REVIEW,keep,hotels,no rule for amenity 'hotels',uncertain — kept by default
MAHAJAB Homestay SIARGAO,General Luna,hotels,REVIEW,keep,hotels,no rule for amenity 'hotels',uncertain — kept by default
Retreat Siargao Resort Corp.,General Luna,hotels,REVIEW,keep,hotels,no rule for amenity 'hotels',uncertain — kept by default
Terra Siargao,General Luna,hotels,REVIEW,keep,hotels,no rule for amenity 'hotels',uncertain — kept by default
Isola Del Sole Villas And Resort,General Luna,hotels,REVIEW,keep,hotels,no rule for amenity 'hotels',uncertain — kept by default
Tavace Retreat Homestay,General Luna,hotels,REVIEW,keep,hotels,no rule for amenity 'hotels',uncertain — kept by default
General’s Hideout Siargao,General Luna,hotels,REVIEW,keep,hotels,no rule for amenity 'hotels',uncertain — kept by default
Villa Gumamela Siargao,General Luna,hotels,REVIEW,keep,hotels,no rule for amenity 'hotels',uncertain — kept by default
Puyo Suites,General Luna,hotels,REVIEW,keep,hotels,no rule for amenity 'hotels',uncertain — kept by default
Cherinicole Beach Resort,General Luna,hotels,REVIEW,keep,hotels,no rule for amenity 'hotels',uncertain — kept by default
Alapaap Siargao,General Luna,hotels,REVIEW,keep,hotels,no rule for amenity 'hotels',uncertain — kept by default
Casetta HomeStay,General Luna,hotels,REVIEW,keep,hotels,no rule for amenity 'hotels',uncertain — kept by default
DG's HOMESTAY,General Luna,hotels,REVIEW,keep,hotels,no rule for amenity 'hotels',uncertain — kept by default
DRB Siargao Room Apartments Homestay,General Luna,hotels,REVIEW,keep,hotels,no rule for amenity 'hotels',uncertain — kept by default
Bahandi Hotel,General Luna,hotels,REVIEW,keep,hotels,no rule for amenity 'hotels',uncertain — kept by default
Big Papa Surf Homestay,General Luna,hotels,REVIEW,keep,hotels,no rule for amenity 'hotels',uncertain — kept by default
Angelito's Beach House,General Luna,resorts,REVIEW,keep,resorts,no rule for amenity 'resorts',uncertain — kept by default
Villa Cali Siargao,General Luna,resorts,REVIEW,keep,resorts,no rule for amenity 'resorts',uncertain — kept by default
Las Palmas Villas and Casitas,General Luna,resorts,REVIEW,keep,resorts,no rule for amenity 'resorts',uncertain — kept by default
Cogon Tropical Resort,General Luna,resorts,REVIEW,keep,resorts,no rule for amenity 'resorts',uncertain — kept by default
CARACOA,General Luna,resorts,REVIEW,keep,resorts,no rule for amenity 'resorts',uncertain — kept by default
Bulan Villas,General Luna,resorts,REVIEW,keep,resorts,no rule for amenity 'resorts',uncertain — kept by default
The Henry Resort at Kermit Siargao,General Luna,resorts,REVIEW,keep,resorts,no rule for amenity 'resorts',uncertain — kept by default
Happiness Beach Resort Siargao,General Luna,resorts,REVIEW,keep,resorts,no rule for amenity 'resorts',uncertain — kept by default
Soultribe Beach Retreat,General Luna,resorts,REVIEW,keep,resorts,no rule for amenity 'resorts',uncertain — kept by default
Inbox Siargao Resort,General Luna,resorts,REVIEW,keep,resorts,no rule for amenity 'resorts',uncertain — kept by default
Casa de Loren,General Luna,resorts,REVIEW,keep,resorts,no rule for amenity 'resorts',uncertain — kept by default
Blauset Two,General Luna,resorts,REVIEW,keep,resorts,no rule for amenity 'resorts',uncertain — kept by default
"INARA SIARGAO, BEACH RESORT",General Luna,resorts,REVIEW,keep,resorts,no rule for amenity 'resorts',uncertain — kept by default
Sunlit Hostel Siargao,General Luna,resorts,REVIEW,keep,resorts,no rule for amenity 'resorts',uncertain — kept by default
EME's APARTELLE,General Luna,resorts,REVIEW,keep,resorts,no rule for amenity 'resorts',uncertain — kept by default
Nay Palad Hideaway,General Luna,resorts,REVIEW,keep,resorts,no rule for amenity 'resorts',uncertain — kept by default
La Luna Island Resort,General Luna,resorts,REVIEW,keep,resorts,no rule for amenity 'resorts',uncertain — kept by default
Mango Tree Siargao,General Luna,resorts,REVIEW,keep,resorts,no rule for amenity 'resorts',uncertain — kept by default
Palaka Resort,General Luna,resorts,REVIEW,keep,resorts,no rule for amenity 'resorts',uncertain — kept by default
EPBliss Resort,General Luna,resorts,REVIEW,keep,resorts,no rule for amenity 'resorts',uncertain — kept by default
Arka Hayahay Surf and Beach Resort,General Luna,resorts,REVIEW,keep,resorts,no rule for amenity 'resorts',uncertain — kept by default
Haven Suites Siargao,General Luna,resorts,REVIEW,keep,resorts,no rule for amenity 'resorts',uncertain — kept by default
Sea Green Boutique Rooms,General Luna,resorts,REVIEW,keep,resorts,no rule for amenity 'resorts',uncertain — kept by default
Ferra Resort Siargao,General Luna,resorts,REVIEW,keep,resorts,no rule for amenity 'resorts',uncertain — kept by default
Malinao View Beach Resort,General Luna,resorts,REVIEW,keep,resorts,no rule for amenity 'resorts',uncertain — kept by default
Lagkaw Siargao Villas Beach Resort,General Luna,resorts,REVIEW,keep,resorts,no rule for amenity 'resorts',uncertain — kept by default
Prana Siargao Resort,General Luna,resorts,REVIEW,keep,resorts,no rule for amenity 'resorts',uncertain — kept by default
L'Osteria Oceanfront Designer Suite,General Luna,resorts,REVIEW,keep,resorts,no rule for amenity 'resorts',uncertain — kept by default
Luna Tres Homestay Siargao,General Luna,resorts,REVIEW,keep,resorts,no rule for amenity 'resorts',uncertain — kept by default
Sandy Feet Siargao,General Luna,resorts,REVIEW,keep,resorts,no rule for amenity 'resorts',uncertain — kept by default
Island Pacific Villas,General Luna,resorts,REVIEW,keep,resorts,no rule for amenity 'resorts',uncertain — kept by default
Takbo Beach Resort,General Luna,resorts,REVIEW,keep,resorts,no rule for amenity 'resorts',uncertain — kept by default
Villa Felicisima Beach Resort,General Luna,resorts,REVIEW,keep,resorts,no rule for amenity 'resorts',uncertain — kept by default
The Village Siargao,General Luna,resorts,REVIEW,keep,resorts,no rule for amenity 'resorts',uncertain — kept by default
Bayud Boutique Resort,General Luna,resorts,REVIEW,keep,resorts,no rule for amenity 'resorts',uncertain — kept by default
Mantaray Siargao Villa,General Luna,resorts,REVIEW,keep,resorts,no rule for amenity 'resorts',uncertain — kept by default
Dahun Villas Siargao,General Luna,bed and breakfast,REVIEW,keep,bed and breakfast,no rule for amenity 'bed and breakfast',uncertain — kept by default
Manoy's Lair IAO,General Luna,bed and breakfast,REVIEW,keep,bed and breakfast,no rule for amenity 'bed and breakfast',uncertain — kept by default
WADI Huts,General Luna,bed and breakfast,REVIEW,keep,bed and breakfast,no rule for amenity 'bed and breakfast',uncertain — kept by default
Verde Bungalows,General Luna,bed and breakfast,REVIEW,keep,bed and breakfast,no rule for amenity 'bed and breakfast',uncertain — kept by default
Jacking Horse Homestay,General Luna,bed and breakfast,REVIEW,keep,bed and breakfast,no rule for amenity 'bed and breakfast',uncertain — kept by default
Lubihan Siargao,General Luna,bed and breakfast,REVIEW,keep,bed and breakfast,no rule for amenity 'bed and breakfast',uncertain — kept by default
Casa Basa Siargao,General Luna,bed and breakfast,REVIEW,keep,bed and breakfast,no rule for amenity 'bed and breakfast',uncertain — kept by default
Aggehanan Beach Resort,General Luna,bed and breakfast,REVIEW,keep,bed and breakfast,no rule for amenity 'bed and breakfast',uncertain — kept by default
The Kaza Siargao Boutique Hotel,General Luna,bed and breakfast,REVIEW,keep,bed and breakfast,no rule for amenity 'bed and breakfast',uncertain — kept by default
Charms Angels Homestay by RedDoorz,General Luna,bed and breakfast,REVIEW,keep,bed and breakfast,no rule for amenity 'bed and breakfast',uncertain — kept by default
Hapitanan Siargao,General Luna,bed and breakfast,REVIEW,keep,bed and breakfast,no rule for amenity 'bed and breakfast',uncertain — kept by default
Schönhouse Villa Siargao,General Luna,bed and breakfast,REVIEW,keep,bed and breakfast,no rule for amenity 'bed and breakfast',uncertain — kept by default
UNLTD Siargao,General Luna,bed and breakfast,REVIEW,keep,bed and breakfast,no rule for amenity 'bed and breakfast',uncertain — kept by default
Siargao Residency,General Luna,bed and breakfast,REVIEW,keep,bed and breakfast,no rule for amenity 'bed and breakfast',uncertain — kept by default
Kalo Villa Siargao,General Luna,bed and breakfast,REVIEW,keep,bed and breakfast,no rule for amenity 'bed and breakfast',uncertain — kept by default
Auntie’s Place aka Takbo Fab Guest House,General Luna,bed and breakfast,REVIEW,keep,bed and breakfast,no rule for amenity 'bed and breakfast',uncertain — kept by default
MaverickK Inn Siargao,General Luna,bed and breakfast,REVIEW,keep,bed and breakfast,no rule for amenity 'bed and breakfast',uncertain — kept by default
OHANA Guesthouse,General Luna,bed and breakfast,REVIEW,keep,bed and breakfast,no rule for amenity 'bed and breakfast',uncertain — kept by default
TOBY HOUSE SIARGAO,General Luna,bed and breakfast,REVIEW,keep,bed and breakfast,no rule for amenity 'bed and breakfast',uncertain — kept by default
Maharlika Siargao,General Luna,bed and breakfast,REVIEW,keep,bed and breakfast,no rule for amenity 'bed and breakfast',uncertain — kept by default
JML homestay,General Luna,bed and breakfast,REVIEW,keep,bed and breakfast,no rule for amenity 'bed and breakfast',uncertain — kept by default
Latagaw Residential Homestay,General Luna,bed and breakfast,REVIEW,keep,bed and breakfast,no rule for amenity 'bed and breakfast',uncertain — kept by default
Meraki,General Luna,bed and breakfast,REVIEW,keep,bed and breakfast,no rule for amenity 'bed and breakfast',uncertain — kept by default
The Rover Siargao,General Luna,bed and breakfast,REVIEW,keep,bed and breakfast,no rule for amenity 'bed and breakfast',uncertain — kept by default
Isla Linaw Siargao,General Luna,bed and breakfast,REVIEW,keep,bed and breakfast,no rule for amenity 'bed and breakfast',uncertain — kept by default
Lavillas Homestay,General Luna,bed and breakfast,REVIEW,keep,bed and breakfast,no rule for amenity 'bed and breakfast',uncertain — kept by default
Blue Gate Homestay,General Luna,bed and breakfast,REVIEW,keep,bed and breakfast,no rule for amenity 'bed and breakfast',uncertain — kept by default
La Luna Villa Siargao,General Luna,bed and breakfast,REVIEW,keep,bed and breakfast,no rule for amenity 'bed and breakfast',uncertain — kept by default
Edward Patrecia Pension House,General Luna,bed and breakfast,REVIEW,keep,bed and breakfast,no rule for amenity 'bed and breakfast',uncertain — kept by default
Dean's Homestay Siargao,General Luna,bed and breakfast,REVIEW,keep,bed and breakfast,no rule for amenity 'bed and breakfast',uncertain — kept by default
NAYÀNAYÀ VILLAS SIARGAO,General Luna,bed and breakfast,REVIEW,keep,bed and breakfast,no rule for amenity 'bed and breakfast',uncertain — kept by default
ROMLEN HOMESTAY,General Luna,bed and breakfast,REVIEW,keep,bed and breakfast,no rule for amenity 'bed and breakfast',uncertain — kept by default
Casa Luna Siargao,General Luna,bed and breakfast,REVIEW,keep,bed and breakfast,no rule for amenity 'bed and breakfast',uncertain — kept by default
DRB Siargao Room Apartments Homestay,General Luna,guesthouses,REVIEW,keep,guesthouses,no rule for amenity 'guesthouses',uncertain — kept by default
Ayman's Guest House,General Luna,guesthouses,REVIEW,keep,guesthouses,no rule for amenity 'guesthouses',uncertain — kept by default
The Living Room Siargao,General Luna,guesthouses,REVIEW,keep,guesthouses,no rule for amenity 'guesthouses',uncertain — kept by default
Siargao Serene Guest House,General Luna,guesthouses,REVIEW,keep,guesthouses,no rule for amenity 'guesthouses',uncertain — kept by default
Moonlight Homestay,General Luna,guesthouses,REVIEW,keep,guesthouses,no rule for amenity 'guesthouses',uncertain — kept by default
Tahanan Homestay,General Luna,guesthouses,REVIEW,keep,guesthouses,no rule for amenity 'guesthouses',uncertain — kept by default
Matanjak Guesthouse Siargao,General Luna,guesthouses,REVIEW,keep,guesthouses,no rule for amenity 'guesthouses',uncertain — kept by default
Lubunacos VillaLunaSiargao,General Luna,guesthouses,REVIEW,keep,guesthouses,no rule for amenity 'guesthouses',uncertain — kept by default
The Triangles Siargao,General Luna,guesthouses,REVIEW,keep,guesthouses,no rule for amenity 'guesthouses',uncertain — kept by default
Happy Feet Siargao Homestay - General Luna,General Luna,guesthouses,REVIEW,keep,guesthouses,no rule for amenity 'guesthouses',uncertain — kept by default
Sing Siargao,General Luna,guesthouses,REVIEW,keep,guesthouses,no rule for amenity 'guesthouses',uncertain — kept by default
LAGKAW SIARGAO GUESTHOUSE,General Luna,guesthouses,REVIEW,keep,guesthouses,no rule for amenity 'guesthouses',uncertain — kept by default
Camanolo Homestay,General Luna,guesthouses,REVIEW,keep,guesthouses,no rule for amenity 'guesthouses',uncertain — kept by default
Yayay Homestay,General Luna,guesthouses,REVIEW,keep,guesthouses,no rule for amenity 'guesthouses',uncertain — kept by default
Salig Inn (with Starlink Wi-Fi!),General Luna,guesthouses,REVIEW,keep,guesthouses,no rule for amenity 'guesthouses',uncertain — kept by default
Mango Tango Villas,General Luna,guesthouses,REVIEW,keep,guesthouses,no rule for amenity 'guesthouses',uncertain — kept by default
Domu Mia villa,General Luna,guesthouses,REVIEW,keep,guesthouses,no rule for amenity 'guesthouses',uncertain — kept by default
Jing's Place Homestay siargao,General Luna,guesthouses,REVIEW,keep,guesthouses,no rule for amenity 'guesthouses',uncertain — kept by default
Abby Homestay Siargao,General Luna,guesthouses,REVIEW,keep,guesthouses,no rule for amenity 'guesthouses',uncertain — kept by default
Alma Siargao,General Luna,restaurants,REVIEW,keep,restaurants,no rule for amenity 'restaurants',uncertain — kept by default
Happiness Restaurant Siargao,General Luna,restaurants,REVIEW,keep,restaurants,no rule for amenity 'restaurants',uncertain — kept by default
Sagana Restaurant Siargao,General Luna,restaurants,REVIEW,keep,restaurants,no rule for amenity 'restaurants',uncertain — kept by default
NĀGA Siargao,General Luna,restaurants,REVIEW,keep,restaurants,no rule for amenity 'restaurants',uncertain — kept by default
Big Belly Siargao,General Luna,restaurants,REVIEW,keep,restaurants,no rule for amenity 'restaurants',uncertain — kept by default
Lyma Siargao,General Luna,restaurants,REVIEW,keep,restaurants,no rule for amenity 'restaurants',uncertain — kept by default
La Mesa,General Luna,restaurants,REVIEW,keep,restaurants,no rule for amenity 'restaurants',uncertain — kept by default
Cabuntog Surf Shop & Café,General Luna,restaurants,REVIEW,keep,restaurants,no rule for amenity 'restaurants',uncertain — kept by default
Little Rotti Siargao,General Luna,restaurants,REVIEW,keep,restaurants,no rule for amenity 'restaurants',uncertain — kept by default
Cumin Siargao,General Luna,restaurants,REVIEW,keep,restaurants,no rule for amenity 'restaurants',uncertain — kept by default
Yugto Siargao,General Luna,restaurants,REVIEW,keep,restaurants,no rule for amenity 'restaurants',uncertain — kept by default
Isla Panciteria Siargao,General Luna,restaurants,REVIEW,keep,restaurants,no rule for amenity 'restaurants',uncertain — kept by default
YOLKED SIARGAO,General Luna,restaurants,REVIEW,keep,restaurants,no rule for amenity 'restaurants',uncertain — kept by default
Wild Siargao Restaurant,General Luna,restaurants,REVIEW,keep,restaurants,no rule for amenity 'restaurants',uncertain — kept by default
Dao Chow Siargao,General Luna,restaurants,REVIEW,keep,restaurants,no rule for amenity 'restaurants',uncertain — kept by default
Borracho Siargao,General Luna,restaurants,REVIEW,keep,restaurants,no rule for amenity 'restaurants',uncertain — kept by default
The Hub by Lokal Lab- General Luna,General Luna,restaurants,REVIEW,keep,restaurants,no rule for amenity 'restaurants',uncertain — kept by default
Prana Garden Restaurant,General Luna,restaurants,REVIEW,keep,restaurants,no rule for amenity 'restaurants',uncertain — kept by default
CARINDELIA siargao,General Luna,restaurants,REVIEW,keep,restaurants,no rule for amenity 'restaurants',uncertain — kept by default
Green Waves Café,General Luna,restaurants,REVIEW,keep,restaurants,no rule for amenity 'restaurants',uncertain — kept by default
La Playa Siargao,General Luna,restaurants,REVIEW,keep,restaurants,no rule for amenity 'restaurants',uncertain — kept by default
Ferns Siargao,General Luna,restaurants,REVIEW,keep,restaurants,no rule for amenity 'restaurants',uncertain — kept by default
Romantic Beach Villas Restaurant & Bar,General Luna,restaurants,REVIEW,keep,restaurants,no rule for amenity 'restaurants',uncertain — kept by default
Anju Rinna Pastry & Resto Cafe Siargao,General Luna,restaurants,REVIEW,keep,restaurants,no rule for amenity 'restaurants',uncertain — kept by default
Salami Karajaw Siargao,General Luna,restaurants,REVIEW,keep,restaurants,no rule for amenity 'restaurants',uncertain — kept by default
TP’s food house,General Luna,restaurants,REVIEW,keep,restaurants,no rule for amenity 'restaurants',uncertain — kept by default
Inbox Siargao Restaurant,General Luna,restaurants,REVIEW,keep,restaurants,no rule for amenity 'restaurants',uncertain — kept by default
La Carinderia,General Luna,restaurants,REVIEW,keep,restaurants,no rule for amenity 'restaurants',uncertain — kept by default
Nattribu Siargao,General Luna,restaurants,REVIEW,keep,restaurants,no rule for amenity 'restaurants',uncertain — kept by default
Meze Grill Siargao,General Luna,restaurants,REVIEW,keep,restaurants,no rule for amenity 'restaurants',uncertain — kept by default
Hapag Siargao,General Luna,restaurants,REVIEW,keep,restaurants,no rule for amenity 'restaurants',uncertain — kept by default
Tiki Hut Siargao,General Luna,restaurants,REVIEW,keep,restaurants,no rule for amenity 'restaurants',uncertain — kept by default
Maniaca Pizza & Esquina,General Luna,restaurants,REVIEW,keep,restaurants,no rule for amenity 'restaurants',uncertain — kept by default
Sibol Siargao,General Luna,restaurants,REVIEW,keep,restaurants,no rule for amenity 'restaurants',uncertain — kept by default
Cabrones Siargao,General Luna,restaurants,REVIEW,keep,restaurants,no rule for amenity 'restaurants',uncertain — kept by default
Pangpang Sizzling House,General Luna,restaurants,REVIEW,keep,restaurants,no rule for amenity 'restaurants',uncertain — kept by default
Noods Wok Bar,General Luna,restaurants,REVIEW,keep,restaurants,no rule for amenity 'restaurants',uncertain — kept by default
"My Greek Taverna, The Best Mediterranean Greek Restaurant, Siargao",General Luna,restaurants,REVIEW,keep,restaurants,no rule for amenity 'restaurants',uncertain — kept by default
Alya Cafe,General Luna,restaurants,REVIEW,keep,restaurants,no rule for amenity 'restaurants',uncertain — kept by default
Daluyong Restaurant,General Luna,restaurants,REVIEW,keep,restaurants,no rule for amenity 'restaurants',uncertain — kept by default
Silk Road,General Luna,restaurants,REVIEW,keep,restaurants,no rule for amenity 'restaurants',uncertain — kept by default
Basilyo Seafoods Restaurant,General Luna,restaurants,REVIEW,keep,restaurants,no rule for amenity 'restaurants',uncertain — kept by default
LangLangBao,General Luna,restaurants,REVIEW,keep,restaurants,no rule for amenity 'restaurants',uncertain — kept by default
Neng's Eatery,General Luna,restaurants,REVIEW,keep,restaurants,no rule for amenity 'restaurants',uncertain — kept by default
The Beachbaby Cafe,General Luna,restaurants,REVIEW,keep,restaurants,no rule for amenity 'restaurants',uncertain — kept by default
Senona’s Siargao,General Luna,restaurants,REVIEW,keep,restaurants,no rule for amenity 'restaurants',uncertain — kept by default
Las Palmas Restaurant,General Luna,restaurants,REVIEW,keep,restaurants,no rule for amenity 'restaurants',uncertain — kept by default
amore.,General Luna,restaurants,REVIEW,keep,restaurants,no rule for amenity 'restaurants',uncertain — kept by default
Catangnan BBQ,General Luna,restaurants,REVIEW,keep,restaurants,no rule for amenity 'restaurants',uncertain — kept by default
Backside Burger,General Luna,restaurants,REVIEW,keep,restaurants,no rule for amenity 'restaurants',uncertain — kept by default
Pore’s Restobar/Carenderia/siargao,General Luna,restaurants,REVIEW,keep,restaurants,no rule for amenity 'restaurants',uncertain — kept by default
Nanay Elsie’s food Services (branch 1),General Luna,restaurants,REVIEW,keep,restaurants,no rule for amenity 'restaurants',uncertain — kept by default
The Cat & Gun,General Luna,restaurants,REVIEW,keep,restaurants,no rule for amenity 'restaurants',uncertain — kept by default
Alegreya Homestay + Cafe,General Luna,restaurants,REVIEW,keep,restaurants,no rule for amenity 'restaurants',uncertain — kept by default
SURFING TEMPLE RESTO,General Luna,restaurants,REVIEW,keep,restaurants,no rule for amenity 'restaurants',uncertain — kept by default
Buonana,General Luna,restaurants,REVIEW,keep,restaurants,no rule for amenity 'restaurants',uncertain — kept by default
Broncos Siargao,General Luna,restaurants,REVIEW,keep,restaurants,no rule for amenity 'restaurants',uncertain — kept by default
Jorene's Homemade Ice Cream,General Luna,restaurants,REVIEW,keep,restaurants,no rule for amenity 'restaurants',uncertain — kept by default
Isla Cusina Restaurant,General Luna,restaurants,REVIEW,keep,restaurants,no rule for amenity 'restaurants',uncertain — kept by default
COCO FRÍO,General Luna,restaurants,REVIEW,keep,restaurants,no rule for amenity 'restaurants',uncertain — kept by default
Trattoria Altrove Siargao,General Luna,restaurants,REVIEW,keep,restaurants,no rule for amenity 'restaurants',uncertain — kept by default
Secret Garden Siargao,General Luna,restaurants,REVIEW,keep,restaurants,no rule for amenity 'restaurants',uncertain — kept by default
Derecho,General Luna,restaurants,REVIEW,keep,restaurants,no rule for amenity 'restaurants',uncertain — kept by default
Mama's Grill,General Luna,restaurants,REVIEW,keep,restaurants,no rule for amenity 'restaurants',uncertain — kept by default
Nanay Nalyn's Food Hauz,General Luna,restaurants,REVIEW,keep,restaurants,no rule for amenity 'restaurants',uncertain — kept by default
Miguel's Taqueria,General Luna,restaurants,REVIEW,keep,restaurants,no rule for amenity 'restaurants',uncertain — kept by default
Chef Marquin Burgers Siargao,General Luna,restaurants,REVIEW,keep,restaurants,no rule for amenity 'restaurants',uncertain — kept by default
Emelia's Restobar & Seafoods Paluto,General Luna,restaurants,REVIEW,keep,restaurants,no rule for amenity 'restaurants',uncertain — kept by default
MASA Seafood Bar & Grill,General Luna,restaurants,REVIEW,keep,restaurants,no rule for amenity 'restaurants',uncertain — kept by default
Yassi's Siargao,General Luna,restaurants,REVIEW,keep,restaurants,no rule for amenity 'restaurants',uncertain — kept by default
Sidlakan Siargao,General Luna,restaurants,REVIEW,keep,restaurants,no rule for amenity 'restaurants',uncertain — kept by default
Annattos,General Luna,restaurants,REVIEW,keep,restaurants,no rule for amenity 'restaurants',uncertain — kept by default
Sus Comfort Food,General Luna,restaurants,REVIEW,keep,restaurants,no rule for amenity 'restaurants',uncertain — kept by default
Drunken Sushi Siargao,General Luna,restaurants,REVIEW,keep,restaurants,no rule for amenity 'restaurants',uncertain — kept by default
Isla Cabana Seafood Restaurant,General Luna,restaurants,REVIEW,keep,restaurants,no rule for amenity 'restaurants',uncertain — kept by default
Nattribu by the sea,General Luna,restaurants,REVIEW,keep,restaurants,no rule for amenity 'restaurants',uncertain — kept by default
AJ Eatery,General Luna,restaurants,REVIEW,keep,restaurants,no rule for amenity 'restaurants',uncertain — kept by default
Kanin Baboy,General Luna,restaurants,REVIEW,keep,restaurants,no rule for amenity 'restaurants',uncertain — kept by default
Doner shawarma and kebabs my falafel-siargao islandحلال,General Luna,restaurants,REVIEW,keep,restaurants,no rule for amenity 'restaurants',uncertain — kept by default
Tagpuan,General Luna,restaurants,REVIEW,keep,restaurants,no rule for amenity 'restaurants',uncertain — kept by default
Ronaldo's Inn & Restaurant,General Luna,restaurants,REVIEW,keep,restaurants,no rule for amenity 'restaurants',uncertain — kept by default
"Herbivore's Cafe Siargao ( Vegan Food, Vegan Cakes and Pastries, vegan breakfast and meals, vegan smoothie)",General Luna,restaurants,REVIEW,keep,restaurants,no rule for amenity 'restaurants',uncertain — kept by default
BINGWIT-KUSINA DE SIARGAO,General Luna,restaurants,REVIEW,keep,restaurants,no rule for amenity 'restaurants',uncertain — kept by default
Tuna Road Carenderia,General Luna,restaurants,REVIEW,keep,restaurants,no rule for amenity 'restaurants',uncertain — kept by default
Sunset Coffee Roasters,General Luna,cafes,REVIEW,keep,cafes,no rule for amenity 'cafes',uncertain — kept by default
Shanti Shanty Café Siargao,General Luna,cafes,REVIEW,keep,cafes,no rule for amenity 'cafes',uncertain — kept by default
Amon Cafe,General Luna,cafes,REVIEW,keep,cafes,no rule for amenity 'cafes',uncertain — kept by default
mondayyy's siargao cafe,General Luna,cafes,REVIEW,keep,cafes,no rule for amenity 'cafes',uncertain — kept by default
Sanabowl Superfood Café,General Luna,cafes,REVIEW,keep,cafes,no rule for amenity 'cafes',uncertain — kept by default
Gaya Rooftop Space,General Luna,cafes,REVIEW,keep,cafes,no rule for amenity 'cafes',uncertain — kept by default
Coco Cafe,General Luna,cafes,REVIEW,keep,cafes,no rule for amenity 'cafes',uncertain — kept by default
This is Siargao Café,General Luna,cafes,REVIEW,keep,cafes,no rule for amenity 'cafes',uncertain — kept by default
Brunch Spot,General Luna,cafes,REVIEW,keep,cafes,no rule for amenity 'cafes',uncertain — kept by default
Takam Cafe & Bistro,General Luna,cafes,REVIEW,keep,cafes,no rule for amenity 'cafes',uncertain — kept by default
Good Times Coffee,General Luna,cafes,REVIEW,keep,cafes,no rule for amenity 'cafes',uncertain — kept by default
Lujo Cafe Siargao,General Luna,cafes,REVIEW,keep,cafes,no rule for amenity 'cafes',uncertain — kept by default
Sea Green Cafe,General Luna,cafes,REVIEW,keep,cafes,no rule for amenity 'cafes',uncertain — kept by default
Lunares cafe,General Luna,cafes,REVIEW,keep,cafes,no rule for amenity 'cafes',uncertain — kept by default
Love Coco Cafe,General Luna,cafes,REVIEW,keep,cafes,no rule for amenity 'cafes',uncertain — kept by default
MILKY START SIARGAO,General Luna,cafes,REVIEW,keep,cafes,no rule for amenity 'cafes',uncertain — kept by default
Mellows Café Siargao,General Luna,cafes,REVIEW,keep,cafes,no rule for amenity 'cafes',uncertain — kept by default
Big Mama Café • Siargao,General Luna,cafes,REVIEW,keep,cafes,no rule for amenity 'cafes',uncertain — kept by default
Bum Brew,General Luna,cafes,REVIEW,keep,cafes,no rule for amenity 'cafes',uncertain — kept by default
Strum Music Cafe,General Luna,cafes,REVIEW,keep,cafes,no rule for amenity 'cafes',uncertain — kept by default
Bànay Bakery + Cafe,General Luna,cafes,REVIEW,keep,cafes,no rule for amenity 'cafes',uncertain — kept by default
Grwnd Siargao,General Luna,cafes,REVIEW,keep,cafes,no rule for amenity 'cafes',uncertain — kept by default
Don Macchiatos - Siargao,General Luna,cafes,REVIEW,keep,cafes,no rule for amenity 'cafes',uncertain — kept by default
Seijaku - Coffee and Matcha Bar Siargao,General Luna,cafes,REVIEW,keep,cafes,no rule for amenity 'cafes',uncertain — kept by default
Good Cup Siargao (Formerly Kahatea Siargao),General Luna,cafes,REVIEW,keep,cafes,no rule for amenity 'cafes',uncertain — kept by default
James Cafe,General Luna,cafes,REVIEW,keep,cafes,no rule for amenity 'cafes',uncertain — kept by default
Sinag Snack Bar,General Luna,cafes,REVIEW,keep,cafes,no rule for amenity 'cafes',uncertain — kept by default
Dayō Cafe Siargao,General Luna,cafes,REVIEW,keep,cafes,no rule for amenity 'cafes',uncertain — kept by default
CFS CAFE,General Luna,cafes,REVIEW,keep,cafes,no rule for amenity 'cafes',uncertain — kept by default
MARMALADE,General Luna,cafes,REVIEW,keep,cafes,no rule for amenity 'cafes',uncertain — kept by default
Halika Siargao,General Luna,cafes,REVIEW,keep,cafes,no rule for amenity 'cafes',uncertain — kept by default
Lawod Café,General Luna,cafes,REVIEW,keep,cafes,no rule for amenity 'cafes',uncertain — kept by default
Surf Cycles Surf and Bike Cafe,General Luna,cafes,REVIEW,keep,cafes,no rule for amenity 'cafes',uncertain — kept by default
RAD Tattoo & Cafe Siargao,General Luna,cafes,REVIEW,keep,cafes,no rule for amenity 'cafes',uncertain — kept by default
The Boardwalk @ The Boulevard,General Luna,things to do,REVIEW,keep,things to do,no rule for amenity 'things to do',uncertain — kept by default
Love Beach,General Luna,things to do,REVIEW,keep,things to do,no rule for amenity 'things to do',uncertain — kept by default
Discover Siargao,General Luna,things to do,REVIEW,keep,things to do,no rule for amenity 'things to do',uncertain — kept by default
Malinao Beach,General Luna,things to do,REVIEW,keep,things to do,no rule for amenity 'things to do',uncertain — kept by default
Big Goose Sightseeing Spot,General Luna,things to do,REVIEW,keep,things to do,no rule for amenity 'things to do',uncertain — kept by default
Secret Beach,General Luna,things to do,REVIEW,keep,things to do,no rule for amenity 'things to do',uncertain — kept by default
Bugak Cold Spring,General Luna,things to do,REVIEW,keep,things to do,no rule for amenity 'things to do',uncertain — kept by default
Secret sand bar near Guyam island,General Luna,things to do,REVIEW,keep,things to do,no rule for amenity 'things to do',uncertain — kept by default
Siargao Wakepark,General Luna,things to do,REVIEW,keep,things to do,no rule for amenity 'things to do',uncertain — kept by default
General Luna Port,General Luna,things to do,REVIEW,keep,things to do,no rule for amenity 'things to do',uncertain — kept by default
Guyam Island,General Luna,things to do,REVIEW,keep,things to do,no rule for amenity 'things to do',uncertain — kept by default
Siargao Watersports Kitesurfing & Wingfoiling,General Luna,things to do,REVIEW,keep,things to do,no rule for amenity 'things to do',uncertain — kept by default
Mahaybo,General Luna,things to do,REVIEW,keep,things to do,no rule for amenity 'things to do',uncertain — kept by default
Naked Island,General Luna,things to do,REVIEW,keep,things to do,no rule for amenity 'things to do',uncertain — kept by default
Catangnan Beach,General Luna,things to do,REVIEW,keep,things to do,no rule for amenity 'things to do',uncertain — kept by default
Malinao Paradise,General Luna,things to do,REVIEW,keep,things to do,no rule for amenity 'things to do',uncertain — kept by default
Beto Cold Spring,General Luna,things to do,REVIEW,keep,things to do,no rule for amenity 'things to do',uncertain — kept by default
General Luna Local Market,General Luna,things to do,REVIEW,keep,things to do,no rule for amenity 'things to do',uncertain — kept by default
The River Hideaway,General Luna,things to do,REVIEW,keep,things to do,no rule for amenity 'things to do',uncertain — kept by default
Guyam Is. Beachscape,General Luna,things to do,REVIEW,keep,things to do,no rule for amenity 'things to do',uncertain — kept by default
Jose and Lumen Minglana Park,General Luna,things to do,REVIEW,keep,things to do,no rule for amenity 'things to do',uncertain — kept by default
Fat Lips Surfshop,General Luna,things to do,REVIEW,keep,things to do,no rule for amenity 'things to do',uncertain — kept by default
Ulap Surf,General Luna,things to do,REVIEW,keep,things to do,no rule for amenity 'things to do',uncertain — kept by default
MUJO Ice Bath x Juicery,General Luna,things to do,REVIEW,keep,things to do,no rule for amenity 'things to do',uncertain — kept by default
FIREFLY WATCHING - DONDON BUNGA,General Luna,things to do,REVIEW,keep,things to do,no rule for amenity 'things to do',uncertain — kept by default
Uya Mina Homestay,General Luna,things to do,REVIEW,keep,things to do,no rule for amenity 'things to do',uncertain — kept by default
Pangitlogan,General Luna,things to do,REVIEW,keep,things to do,no rule for amenity 'things to do',uncertain — kept by default
Siargao Island Tours PH,General Luna,things to do,REVIEW,keep,things to do,no rule for amenity 'things to do',uncertain — kept by default
Travel Essentials Siargao,General Luna,tours,REVIEW,keep,tours,no rule for amenity 'tours',uncertain — kept by default
siargaoislandtour,General Luna,tours,REVIEW,keep,tours,no rule for amenity 'tours',uncertain — kept by default
GL Siargao International Travel and Tours Corp.,General Luna,tours,REVIEW,keep,tours,no rule for amenity 'tours',uncertain — kept by default
Shapeshifter Tours,General Luna,tours,REVIEW,keep,tours,no rule for amenity 'tours',uncertain — kept by default
MC Travel & Tour Siargao,General Luna,tours,REVIEW,keep,tours,no rule for amenity 'tours',uncertain — kept by default
Maricel Tours,General Luna,tours,REVIEW,keep,tours,no rule for amenity 'tours',uncertain — kept by default
Galatea Tours Siargao,General Luna,tours,REVIEW,keep,tours,no rule for amenity 'tours',uncertain — kept by default
Boozey Tour Services,General Luna,tours,REVIEW,keep,tours,no rule for amenity 'tours',uncertain — kept by default
Paradise Tours Philippines,General Luna,tours,REVIEW,keep,tours,no rule for amenity 'tours',uncertain — kept by default
"Marthon Travel & Tours Services, Siargao",General Luna,tours,REVIEW,keep,tours,no rule for amenity 'tours',uncertain — kept by default
Coastal Reef Adventure,General Luna,tours,REVIEW,keep,tours,no rule for amenity 'tours',uncertain — kept by default
Xargao Travel and Tours,General Luna,tours,REVIEW,keep,tours,no rule for amenity 'tours',uncertain — kept by default
I'm Here Travels,General Luna,tours,REVIEW,keep,tours,no rule for amenity 'tours',uncertain — kept by default
Javalava Tours,General Luna,tours,REVIEW,keep,tours,no rule for amenity 'tours',uncertain — kept by default
Siargao Wonders Travel & Tours,General Luna,tours,REVIEW,keep,tours,no rule for amenity 'tours',uncertain — kept by default
Coconut Cruisers Siargao,General Luna,tours,REVIEW,keep,tours,no rule for amenity 'tours',uncertain — kept by default
Siargao Island Getaway,General Luna,tours,REVIEW,keep,tours,no rule for amenity 'tours',uncertain — kept by default
DJR Siargao travel & tours,General Luna,tours,REVIEW,keep,tours,no rule for amenity 'tours',uncertain — kept by default
LoghousePh / Surflogs Private Tour Siargao,General Luna,tours,REVIEW,keep,tours,no rule for amenity 'tours',uncertain — kept by default
General Luna Tourism Office,General Luna,tours,REVIEW,keep,tours,no rule for amenity 'tours',uncertain — kept by default
Suroy' Gao Travel & Tours,General Luna,tours,REVIEW,keep,tours,no rule for amenity 'tours',uncertain — kept by default
Arman - Holmes Siargao Tour Organizer and Accommodation Packages,General Luna,tours,REVIEW,keep,tours,no rule for amenity 'tours',uncertain — kept by default
ISLA TURON DELUXE SIARGAO,General Luna,tours,REVIEW,keep,tours,no rule for amenity 'tours',uncertain — kept by default
Mao Mao surf,General Luna,tours,REVIEW,keep,tours,no rule for amenity 'tours',uncertain — kept by default
Daltans Home Stay Siargao,General Luna,tours,REVIEW,keep,tours,no rule for amenity 'tours',uncertain — kept by default
Secret Villa Siargao,General Luna,tours,REVIEW,keep,tours,no rule for amenity 'tours',uncertain — kept by default
Siargao Siren,General Luna,tours,REVIEW,keep,tours,no rule for amenity 'tours',uncertain — kept by default
CRA Car Rental,General Luna,tours,REVIEW,keep,tours,no rule for amenity 'tours',uncertain — kept by default
IAO Surf Camp,General Luna,tours,REVIEW,keep,tours,no rule for amenity 'tours',uncertain — kept by default
Siargao Car Rentals,General Luna,tours,REVIEW,keep,tours,no rule for amenity 'tours',uncertain — kept by default
Sun and Sand Siargao,General Luna,tours,REVIEW,keep,tours,no rule for amenity 'tours',uncertain — kept by default
Harana Surf School - Siargao,General Luna,tours,REVIEW,keep,tours,no rule for amenity 'tours',uncertain — kept by default
Maximum Freediving Siargao,General Luna,dive shops,REVIEW,keep,dive shops,no rule for amenity 'dive shops',uncertain — kept by default
Sea Serenity Diving Center,General Luna,dive shops,REVIEW,keep,dive shops,no rule for amenity 'dive shops',uncertain — kept by default
Balaka,General Luna,dive shops,REVIEW,keep,dive shops,no rule for amenity 'dive shops',uncertain — kept by default
Green Room Wine Bar & Bistro Siargao,General Luna,bars,REVIEW,keep,bars,no rule for amenity 'bars',uncertain — kept by default
Hideaway,General Luna,bars,REVIEW,keep,bars,no rule for amenity 'bars',uncertain — kept by default
Brow,General Luna,bars,REVIEW,keep,bars,no rule for amenity 'bars',uncertain — kept by default
Bar Ciao IAO,General Luna,bars,REVIEW,keep,bars,no rule for amenity 'bars',uncertain — kept by default
Lagkaw Beach Bar,General Luna,bars,REVIEW,keep,bars,no rule for amenity 'bars',uncertain — kept by default
Coco Dingo,General Luna,bars,REVIEW,keep,bars,no rule for amenity 'bars',uncertain — kept by default
Tiki Bar,General Luna,bars,REVIEW,keep,bars,no rule for amenity 'bars',uncertain — kept by default
Paraluman Gin Parlour,General Luna,bars,REVIEW,keep,bars,no rule for amenity 'bars',uncertain — kept by default
Extension,General Luna,bars,REVIEW,keep,bars,no rule for amenity 'bars',uncertain — kept by default
Two Brown Boys Siargao - Sports Bar,General Luna,bars,REVIEW,keep,bars,no rule for amenity 'bars',uncertain — kept by default
Siargao Bakhaw Grill and Restobar,General Luna,bars,REVIEW,keep,bars,no rule for amenity 'bars',uncertain — kept by default
Matcha Bar - Siargao,General Luna,bars,REVIEW,keep,bars,no rule for amenity 'bars',uncertain — kept by default
Kanaloa,General Luna,bars,REVIEW,keep,bars,no rule for amenity 'bars',uncertain — kept by default
Bar 150 Siargao,General Luna,bars,REVIEW,keep,bars,no rule for amenity 'bars',uncertain — kept by default
Boom's Siargao,General Luna,bars,REVIEW,keep,bars,no rule for amenity 'bars',uncertain — kept by default
NOOK Bar Siargao,General Luna,bars,REVIEW,keep,bars,no rule for amenity 'bars',uncertain — kept by default
Baile Restobar,General Luna,bars,REVIEW,keep,bars,no rule for amenity 'bars',uncertain — kept by default
Bonnie Siargao,General Luna,bars,REVIEW,keep,bars,no rule for amenity 'bars',uncertain — kept by default
Luca Restobar,General Luna,bars,REVIEW,keep,bars,no rule for amenity 'bars',uncertain — kept by default
La Sola Sunset Bar & Lounge,General Luna,nightlife,REVIEW,keep,nightlife,no rule for amenity 'nightlife',uncertain — kept by default
Lost In Siargao,General Luna,nightlife,REVIEW,keep,nightlife,no rule for amenity 'nightlife',uncertain — kept by default
Violegre Gastropub,General Luna,nightlife,REVIEW,keep,nightlife,no rule for amenity 'nightlife',uncertain — kept by default
Mekeni backroad,General Luna,nightlife,REVIEW,keep,nightlife,no rule for amenity 'nightlife',uncertain — kept by default
Happy Islanders Surf Club,General Luna,nightlife,REVIEW,keep,nightlife,no rule for amenity 'nightlife',uncertain — kept by default
NhamNham Food & Beverage Siargao,General Luna,nightlife,REVIEW,keep,nightlife,no rule for amenity 'nightlife',uncertain — kept by default
Seabreeze Kite Club,General Luna,nightlife,REVIEW,keep,nightlife,no rule for amenity 'nightlife',uncertain — kept by default
Sinag Surf Club,General Luna,nightlife,REVIEW,keep,nightlife,no rule for amenity 'nightlife',uncertain — kept by default
Hale Aloha and Siargao Yacht and Foiling Club,General Luna,nightlife,REVIEW,keep,nightlife,no rule for amenity 'nightlife',uncertain — kept by default
Dre's Place,General Luna,nightlife,REVIEW,keep,nightlife,no rule for amenity 'nightlife',uncertain — kept by default
The Siargao Tennis Club,General Luna,nightlife,REVIEW,keep,nightlife,no rule for amenity 'nightlife',uncertain — kept by default
ShakaBrah Siargao,General Luna,nightlife,REVIEW,keep,nightlife,no rule for amenity 'nightlife',uncertain — kept by default
Felix surf club 肥力冲浪俱乐部,General Luna,nightlife,REVIEW,keep,nightlife,no rule for amenity 'nightlife',uncertain — kept by default
Ronin Siargao Jiujitsu,General Luna,nightlife,REVIEW,keep,nightlife,no rule for amenity 'nightlife',uncertain — kept by default
Kalipay Restaurant Siargao,General Luna,nightlife,REVIEW,keep,nightlife,no rule for amenity 'nightlife',uncertain — kept by default
Viento Del Mar - Siargao Resort - Surf & Kitesurf School,General Luna,nightlife,REVIEW,keep,nightlife,no rule for amenity 'nightlife',uncertain — kept by default
Tigasao Coast,Pacifico,things to do,REVIEW,keep,things to do,no rule for amenity 'things to do',uncertain — kept by default
"Katre Hostel, Pacifico, Siargao",Siargao,hostels,REVIEW,keep,hostels,no rule for amenity 'hostels',uncertain — kept by default
Hotel Tavern Surigao,Siargao,hotels,REVIEW,keep,hotels,no rule for amenity 'hotels',uncertain — kept by default
Lix Hotel,Siargao,hotels,REVIEW,keep,hotels,no rule for amenity 'hotels',uncertain — kept by default
Pier La Casa Homestay Building,Siargao,hotels,REVIEW,keep,hotels,no rule for amenity 'hotels',uncertain — kept by default
Mt. Bagarabon Beach Hotel,Siargao,hotels,REVIEW,keep,hotels,no rule for amenity 'hotels',uncertain — kept by default
Almont Beach Resort,Siargao,hotels,REVIEW,keep,hotels,no rule for amenity 'hotels',uncertain — kept by default
The Grande Suites,Siargao,hotels,REVIEW,keep,hotels,no rule for amenity 'hotels',uncertain — kept by default
Surigao Dream Beach Resort,Siargao,hotels,REVIEW,keep,hotels,no rule for amenity 'hotels',uncertain — kept by default
The Annex Hotel Tavern,Siargao,hotels,REVIEW,keep,hotels,no rule for amenity 'hotels',uncertain — kept by default
Pebble Peninsula Resort,Siargao,hotels,REVIEW,keep,hotels,no rule for amenity 'hotels',uncertain — kept by default
Surigao Royal Regency Suites,Siargao,hotels,REVIEW,keep,hotels,no rule for amenity 'hotels',uncertain — kept by default
M and M Apartment in Surigao City,Siargao,hotels,REVIEW,keep,hotels,no rule for amenity 'hotels',uncertain — kept by default
MW UrbanTerrace 1,Siargao,hotels,REVIEW,keep,hotels,no rule for amenity 'hotels',uncertain — kept by default
ISLAND VIEW SUITES,Siargao,hotels,REVIEW,keep,hotels,no rule for amenity 'hotels',uncertain — kept by default
Eco Pension,Siargao,hotels,REVIEW,keep,hotels,no rule for amenity 'hotels',uncertain — kept by default
Manatad Transient House,Siargao,hotels,REVIEW,keep,hotels,no rule for amenity 'hotels',uncertain — kept by default
D & G Transient House,Siargao,hotels,REVIEW,keep,hotels,no rule for amenity 'hotels',uncertain — kept by default
Pintuyan Dive Resort,Siargao,hotels,REVIEW,keep,hotels,no rule for amenity 'hotels',uncertain — kept by default
Philippine Gateway Hotel,Siargao,hotels,REVIEW,keep,hotels,no rule for amenity 'hotels',uncertain — kept by default
Parkway Hotel,Siargao,hotels,REVIEW,keep,hotels,no rule for amenity 'hotels',uncertain — kept by default
Bay View Inn,Siargao,hotels,REVIEW,keep,hotels,no rule for amenity 'hotels',uncertain — kept by default
Casa Domingo de Surigao Hotel & Suites,Siargao,hotels,REVIEW,keep,hotels,no rule for amenity 'hotels',uncertain — kept by default
One Hive Hotel and Suites,Siargao,hotels,REVIEW,keep,hotels,no rule for amenity 'hotels',uncertain — kept by default
Miwa Beach Resort,Siargao,hotels,REVIEW,keep,hotels,no rule for amenity 'hotels',uncertain — kept by default
Villa Torre Suites,Siargao,hotels,REVIEW,keep,hotels,no rule for amenity 'hotels',uncertain — kept by default
Fiesta Dive Resort,Siargao,hotels,REVIEW,keep,hotels,no rule for amenity 'hotels',uncertain — kept by default
Hotel Solibao,Siargao,hotels,REVIEW,keep,hotels,no rule for amenity 'hotels',uncertain — kept by default
Le Chard PlaceTourist Inn,Siargao,hotels,REVIEW,keep,hotels,no rule for amenity 'hotels',uncertain — kept by default
JCV Rooms,Siargao,hotels,REVIEW,keep,hotels,no rule for amenity 'hotels',uncertain — kept by default
Miami City Suites,Siargao,hotels,REVIEW,keep,hotels,no rule for amenity 'hotels',uncertain — kept by default
Vmo Hotel,Siargao,hotels,REVIEW,keep,hotels,no rule for amenity 'hotels',uncertain — kept by default
E.Y. Miner Suites - Borromeo,Siargao,hotels,REVIEW,keep,hotels,no rule for amenity 'hotels',uncertain — kept by default
La Casa Sofia,Siargao,hotels,REVIEW,keep,hotels,no rule for amenity 'hotels',uncertain — kept by default
Kahayahay Inn,Siargao,hotels,REVIEW,keep,hotels,no rule for amenity 'hotels',uncertain — kept by default
Surigao tourist inn annex 2,Siargao,hotels,REVIEW,keep,hotels,no rule for amenity 'hotels',uncertain — kept by default
Green Pod - Surigao City,Siargao,hotels,REVIEW,keep,hotels,no rule for amenity 'hotels',uncertain — kept by default
Surigao Tourist Inn,Siargao,hotels,REVIEW,keep,hotels,no rule for amenity 'hotels',uncertain — kept by default
Leila Pension House,Siargao,hotels,REVIEW,keep,hotels,no rule for amenity 'hotels',uncertain — kept by default
Mt. Carmel Spring Resort,Siargao,hotels,REVIEW,keep,hotels,no rule for amenity 'hotels',uncertain — kept by default
EY Suites,Siargao,hotels,REVIEW,keep,hotels,no rule for amenity 'hotels',uncertain — kept by default
Kasili Lakeside Resort and Hotel,Siargao,hotels,REVIEW,keep,hotels,no rule for amenity 'hotels',uncertain — kept by default
Thj Homes,Siargao,hotels,REVIEW,keep,hotels,no rule for amenity 'hotels',uncertain — kept by default
The Barnhaus @ Perral's Waterplaza,Siargao,hotels,REVIEW,keep,hotels,no rule for amenity 'hotels',uncertain — kept by default
Metro Pension Plaza,Siargao,hotels,REVIEW,keep,hotels,no rule for amenity 'hotels',uncertain — kept by default
"Azure,Tranquility Bay Beach",Siargao,hotels,REVIEW,keep,hotels,no rule for amenity 'hotels',uncertain — kept by default
Cape Seaductive,Siargao,hotels,REVIEW,keep,hotels,no rule for amenity 'hotels',uncertain — kept by default
ROEXCIN Tourist Inn,Siargao,hotels,REVIEW,keep,hotels,no rule for amenity 'hotels',uncertain — kept by default
Jmalls Island Tourist Inn,Siargao,hotels,REVIEW,keep,hotels,no rule for amenity 'hotels',uncertain — kept by default
Rose Pink Lodge,Siargao,hotels,REVIEW,keep,hotels,no rule for amenity 'hotels',uncertain — kept by default
CM TOURIST INN,Siargao,hotels,REVIEW,keep,hotels,no rule for amenity 'hotels',uncertain — kept by default
La Guerta Lodging House - Uno,Siargao,hotels,REVIEW,keep,hotels,no rule for amenity 'hotels',uncertain — kept by default
La - Guerta Lodging House - Tres,Siargao,hotels,REVIEW,keep,hotels,no rule for amenity 'hotels',uncertain — kept by default
Jannex Pensionne,Siargao,hotels,REVIEW,keep,hotels,no rule for amenity 'hotels',uncertain — kept by default
Freedom Society,Siargao,resorts,REVIEW,keep,resorts,no rule for amenity 'resorts',uncertain — kept by default
Paasaw Living Siargao,Siargao,resorts,REVIEW,keep,resorts,no rule for amenity 'resorts',uncertain — kept by default
Surfing Temple,Siargao,bed and breakfast,REVIEW,keep,bed and breakfast,no rule for amenity 'bed and breakfast',uncertain — kept by default
Coleto Siargao,Siargao,bed and breakfast,REVIEW,keep,bed and breakfast,no rule for amenity 'bed and breakfast',uncertain — kept by default
Mangrove Breeze Country Inn by RedDoorz,Siargao,bed and breakfast,REVIEW,keep,bed and breakfast,no rule for amenity 'bed and breakfast',uncertain — kept by default
Nog's Homestay,Siargao,bed and breakfast,REVIEW,keep,bed and breakfast,no rule for amenity 'bed and breakfast',uncertain — kept by default
Islandersville Pension House 2.0,Siargao,bed and breakfast,REVIEW,keep,bed and breakfast,no rule for amenity 'bed and breakfast',uncertain — kept by default
IAO Boutique Hotel,Siargao,bed and breakfast,REVIEW,keep,bed and breakfast,no rule for amenity 'bed and breakfast',uncertain — kept by default
CRIS & MAR HOMESTAY,Siargao,bed and breakfast,REVIEW,keep,bed and breakfast,no rule for amenity 'bed and breakfast',uncertain — kept by default
RedDoorz @ Kopinos Tourist Inn Hotel,Siargao,bed and breakfast,REVIEW,keep,bed and breakfast,no rule for amenity 'bed and breakfast',uncertain — kept by default
Querencia Siargao,Siargao,bed and breakfast,REVIEW,keep,bed and breakfast,no rule for amenity 'bed and breakfast',uncertain — kept by default
Izustarri,Siargao,bed and breakfast,REVIEW,keep,bed and breakfast,no rule for amenity 'bed and breakfast',uncertain — kept by default
Estefania Homestay,Siargao,bed and breakfast,REVIEW,keep,bed and breakfast,no rule for amenity 'bed and breakfast',uncertain — kept by default
Bakhaw Bed and Breakfast,Siargao,bed and breakfast,REVIEW,keep,bed and breakfast,no rule for amenity 'bed and breakfast',uncertain — kept by default
Mariden Resort & Homestay Siargao,Siargao,bed and breakfast,REVIEW,keep,bed and breakfast,no rule for amenity 'bed and breakfast',uncertain — kept by default
Pacifico River House,Siargao,bed and breakfast,REVIEW,keep,bed and breakfast,no rule for amenity 'bed and breakfast',uncertain — kept by default
ZM Residence Siargao,Siargao,bed and breakfast,REVIEW,keep,bed and breakfast,no rule for amenity 'bed and breakfast',uncertain — kept by default
Kalani River Villas,Siargao,bed and breakfast,REVIEW,keep,bed and breakfast,no rule for amenity 'bed and breakfast',uncertain — kept by default
Byahero siargao,Siargao,bed and breakfast,REVIEW,keep,bed and breakfast,no rule for amenity 'bed and breakfast',uncertain — kept by default
La Résidence Siargao,Siargao,bed and breakfast,REVIEW,keep,bed and breakfast,no rule for amenity 'bed and breakfast',uncertain — kept by default
Casa Felipe Guesthouse Siargao,Siargao,guesthouses,REVIEW,keep,guesthouses,no rule for amenity 'guesthouses',uncertain — kept by default
La Finca Boutique Hostel,Siargao,guesthouses,REVIEW,keep,guesthouses,no rule for amenity 'guesthouses',uncertain — kept by default
Weeroona Huts Homestay Pacifico,Siargao,guesthouses,REVIEW,keep,guesthouses,no rule for amenity 'guesthouses',uncertain — kept by default
Mannaka Haven Hotel - Siargao,Siargao,guesthouses,REVIEW,keep,guesthouses,no rule for amenity 'guesthouses',uncertain — kept by default
RSK Beach and Accommodation,Siargao,guesthouses,REVIEW,keep,guesthouses,no rule for amenity 'guesthouses',uncertain — kept by default
RedDoorz @ Lao Singuan Homestay,Siargao,guesthouses,REVIEW,keep,guesthouses,no rule for amenity 'guesthouses',uncertain — kept by default
Bamboo Surf Beach Resort,Siargao,guesthouses,REVIEW,keep,guesthouses,no rule for amenity 'guesthouses',uncertain — kept by default
Yapak Beach Villas Siargao,Siargao,guesthouses,REVIEW,keep,guesthouses,no rule for amenity 'guesthouses',uncertain — kept by default
Dèjà Homestay,Siargao,guesthouses,REVIEW,keep,guesthouses,no rule for amenity 'guesthouses',uncertain — kept by default
El Carabao Siargao,Siargao,restaurants,REVIEW,keep,restaurants,no rule for amenity 'restaurants',uncertain — kept by default
El Chapo’s Siargao,Siargao,restaurants,REVIEW,keep,restaurants,no rule for amenity 'restaurants',uncertain — kept by default
OPPA Kitchen,Siargao,restaurants,REVIEW,keep,restaurants,no rule for amenity 'restaurants',uncertain — kept by default
Basta Siargao,Siargao,restaurants,REVIEW,keep,restaurants,no rule for amenity 'restaurants',uncertain — kept by default
Tradicion Siargao,Siargao,restaurants,REVIEW,keep,restaurants,no rule for amenity 'restaurants',uncertain — kept by default
Phin & Pho Siargao,Siargao,restaurants,REVIEW,keep,restaurants,no rule for amenity 'restaurants',uncertain — kept by default
Hangout Alley Siargao,Siargao,restaurants,REVIEW,keep,restaurants,no rule for amenity 'restaurants',uncertain — kept by default
RASA Siargao: Malaysian Kitchen,Siargao,restaurants,REVIEW,keep,restaurants,no rule for amenity 'restaurants',uncertain — kept by default
Swell Cafe and Bar Pacifico Siargao,Siargao,restaurants,REVIEW,keep,restaurants,no rule for amenity 'restaurants',uncertain — kept by default
Fantasia Siargao,Siargao,restaurants,REVIEW,keep,restaurants,no rule for amenity 'restaurants',uncertain — kept by default
Isla Comida Siargao,Siargao,restaurants,REVIEW,keep,restaurants,no rule for amenity 'restaurants',uncertain — kept by default
HAMÁL iao,Siargao,restaurants,REVIEW,keep,restaurants,no rule for amenity 'restaurants',uncertain — kept by default
Roots,Siargao,restaurants,REVIEW,keep,restaurants,no rule for amenity 'restaurants',uncertain — kept by default
Paaso Grill and Restaurant,Siargao,restaurants,REVIEW,keep,restaurants,no rule for amenity 'restaurants',uncertain — kept by default
Matahari Siargao,Siargao,restaurants,REVIEW,keep,restaurants,no rule for amenity 'restaurants',uncertain — kept by default
Lebron & Dwayne Tapsihan,Siargao,restaurants,REVIEW,keep,restaurants,no rule for amenity 'restaurants',uncertain — kept by default
Curry Spoon Indian Cuisine Siargao,Siargao,restaurants,REVIEW,keep,restaurants,no rule for amenity 'restaurants',uncertain — kept by default
Trogon's Perch Resort,Siargao,restaurants,REVIEW,keep,restaurants,no rule for amenity 'restaurants',uncertain — kept by default
Ad Astra Cafe Siargao,Siargao,restaurants,REVIEW,keep,restaurants,no rule for amenity 'restaurants',uncertain — kept by default
Kabayan-Siargao,Siargao,restaurants,REVIEW,keep,restaurants,no rule for amenity 'restaurants',uncertain — kept by default
Cabanas Grill and Restaurant - Siargao,Siargao,restaurants,REVIEW,keep,restaurants,no rule for amenity 'restaurants',uncertain — kept by default
Canijugan Peak Retreat and Campsite,Siargao,restaurants,REVIEW,keep,restaurants,no rule for amenity 'restaurants',uncertain — kept by default
Manu Brew Siargao,Siargao,cafes,REVIEW,keep,cafes,no rule for amenity 'cafes',uncertain — kept by default
Siargao Human Drones Mountain View,Siargao,things to do,REVIEW,keep,things to do,no rule for amenity 'things to do',uncertain — kept by default
Siargao Firefly watching,Siargao,things to do,REVIEW,keep,things to do,no rule for amenity 'things to do',uncertain — kept by default
Tayangban Cave Pool,Siargao,things to do,REVIEW,keep,things to do,no rule for amenity 'things to do',uncertain — kept by default
Coconut Plantation View Point,Siargao,things to do,REVIEW,keep,things to do,no rule for amenity 'things to do',uncertain — kept by default
Pacifico Beach,Siargao,things to do,REVIEW,keep,things to do,no rule for amenity 'things to do',uncertain — kept by default
Alegria Beach,Siargao,things to do,REVIEW,keep,things to do,no rule for amenity 'things to do',uncertain — kept by default
Pasikon Beach,Siargao,things to do,REVIEW,keep,things to do,no rule for amenity 'things to do',uncertain — kept by default
Siargao Island,Siargao,things to do,REVIEW,keep,things to do,no rule for amenity 'things to do',uncertain — kept by default
The Marvelous Somyot Cave,Siargao,things to do,REVIEW,keep,things to do,no rule for amenity 'things to do',uncertain — kept by default
Sugba Lagoon Tour,Siargao,things to do,REVIEW,keep,things to do,no rule for amenity 'things to do',uncertain — kept by default
Sunshine On Tour Siargao,Siargao,tours,REVIEW,keep,tours,no rule for amenity 'tours',uncertain — kept by default
Siargao Loop & Island Tour,Siargao,tours,REVIEW,keep,tours,no rule for amenity 'tours',uncertain — kept by default
Siargao Surf Tours,Siargao,tours,REVIEW,keep,tours,no rule for amenity 'tours',uncertain — kept by default
Kahuna Siargao Travel and Tours,Siargao,tours,REVIEW,keep,tours,no rule for amenity 'tours',uncertain — kept by default
Jimmyboy Siargao tour services,Siargao,tours,REVIEW,keep,tours,no rule for amenity 'tours',uncertain — kept by default
Yonder in Siargao,Siargao,tours,REVIEW,keep,tours,no rule for amenity 'tours',uncertain — kept by default
Siargao Buddy,Siargao,tours,REVIEW,keep,tours,no rule for amenity 'tours',uncertain — kept by default
KingKing Siargao Travel & Tours,Siargao,tours,REVIEW,keep,tours,no rule for amenity 'tours',uncertain — kept by default
Ubani Siargao,Siargao,tours,REVIEW,keep,tours,no rule for amenity 'tours',uncertain — kept by default
Siargao ATV Adventure,Siargao,tours,REVIEW,keep,tours,no rule for amenity 'tours',uncertain — kept by default
"Seahorse - Surf Trips, Fishing & Spearfishing Trips Siargao",Siargao,tours,REVIEW,keep,tours,no rule for amenity 'tours',uncertain — kept by default
Coconut Road,Siargao,tours,REVIEW,keep,tours,no rule for amenity 'tours',uncertain — kept by default
Port of Sugba Lagoon,Siargao,tours,REVIEW,keep,tours,no rule for amenity 'tours',uncertain — kept by default
LAKBAYSIARGAO tour services,Siargao,tours,REVIEW,keep,tours,no rule for amenity 'tours',uncertain — kept by default
The Orchid Siargao,Siargao,tours,REVIEW,keep,tours,no rule for amenity 'tours',uncertain — kept by default
Siargao Kayaks House,Siargao,tours,REVIEW,keep,tours,no rule for amenity 'tours',uncertain — kept by default
Coconut Plantation,Siargao,tours,REVIEW,keep,tours,no rule for amenity 'tours',uncertain — kept by default
Foxtail Travel & Tours,Siargao,tours,REVIEW,keep,tours,no rule for amenity 'tours',uncertain — kept by default
WildSiargao,Siargao,tours,REVIEW,keep,tours,no rule for amenity 'tours',uncertain — kept by default
Maasin River Bridge,Siargao,tours,REVIEW,keep,tours,no rule for amenity 'tours',uncertain — kept by default
Magpupungko Tidal Pool,Siargao,tours,REVIEW,keep,tours,no rule for amenity 'tours',uncertain — kept by default
Pamomoan Beach,Siargao,tours,REVIEW,keep,tours,no rule for amenity 'tours',uncertain — kept by default
Right Travel and Tours Siargao,Siargao,tours,REVIEW,keep,tours,no rule for amenity 'tours',uncertain — kept by default
Siargao Mermaid,Siargao,dive shops,REVIEW,keep,dive shops,no rule for amenity 'dive shops',uncertain — kept by default
Kawhagan Island,Siargao,dive shops,REVIEW,keep,dive shops,no rule for amenity 'dive shops',uncertain — kept by default
Beyond Freediving Siargao,Siargao,dive shops,INCORRECT,remove,,business not operating,fits no amenity — removed
CHEERS N' SHOTS ISLAND RESTOBAR,Siargao,bars,REVIEW,keep,bars,no rule for amenity 'bars',uncertain — kept by default
Resto Bar Magpupungko,Siargao,bars,REVIEW,keep,bars,no rule for amenity 'bars',uncertain — kept by default
Kwai Siargao,Siargao,bars,REVIEW,keep,bars,no rule for amenity 'bars',uncertain — kept by default
Centro sa Dayan Resto Bar,Siargao,bars,REVIEW,keep,bars,no rule for amenity 'bars',uncertain — kept by default
"Ocean 101 Bar , Restaurant & Resort",Siargao,bars,REVIEW,keep,bars,no rule for amenity 'bars',uncertain — kept by default
DAYOH Café/Bar,Siargao,bars,REVIEW,keep,bars,no rule for amenity 'bars',uncertain — kept by default
Tiburon Siargao,Siargao,bars,REVIEW,keep,bars,no rule for amenity 'bars',uncertain — kept by default
Global Food Café Siargao,Siargao,bars,REVIEW,keep,bars,no rule for amenity 'bars',uncertain — kept by default
Michael's Restaurant Siargao,Siargao,bars,REVIEW,keep,bars,no rule for amenity 'bars',uncertain — kept by default
Thai Foon,Siargao,bars,REVIEW,keep,bars,no rule for amenity 'bars',uncertain — kept by default
Amazing beach siargao,Siargao,nightclubs,REVIEW,keep,nightclubs,no rule for amenity 'nightclubs',uncertain — kept by default
Secret Surf Spot of the south,Siargao,nightclubs,REVIEW,keep,nightclubs,no rule for amenity 'nightclubs',uncertain — kept by default
Bake X Siargao/Siram Siargao,Siargao,nightclubs,REVIEW,keep,nightclubs,no rule for amenity 'nightclubs',uncertain — kept by default
RedDoorz @ Kopinos Tourist Inn Hotel,Sugba Lagoon,hostels,REVIEW,keep,hostels,no rule for amenity 'hostels',uncertain — kept by default
Andrea's Homestay Siargao for Backpacker,Sugba Lagoon,hostels,REVIEW,keep,hostels,no rule for amenity 'hostels',uncertain — kept by default
Hang Loose hostel,Sugba Lagoon,bed and breakfast,REVIEW,keep,bed and breakfast,no rule for amenity 'bed and breakfast',uncertain — kept by default
Zira’s milktea and takoyaki,Sugba Lagoon,restaurants,REVIEW,keep,restaurants,no rule for amenity 'restaurants',uncertain — kept by default
Sulima Eatery,Sugba Lagoon,restaurants,REVIEW,keep,restaurants,no rule for amenity 'restaurants',uncertain — kept by default
Esing-Garden BBQ Hauz & Catering Services,Sugba Lagoon,restaurants,REVIEW,keep,restaurants,no rule for amenity 'restaurants',uncertain — kept by default
Deja Brew Siargao Cafe,Sugba Lagoon,restaurants,REVIEW,keep,restaurants,no rule for amenity 'restaurants',uncertain — kept by default
De Palmera Inn a.k.a Chillin Bar and Grill,Sugba Lagoon,restaurants,REVIEW,keep,restaurants,no rule for amenity 'restaurants',uncertain — kept by default
SEA BREEZE EATTERY,Sugba Lagoon,restaurants,REVIEW,keep,restaurants,no rule for amenity 'restaurants',uncertain — kept by default
